data;mm
1935-01-01;2.0
1935-01-02;0.0
1935-01-03;0.0
1935-01-04;0.0
1935-01-05;0.0
1935-01-06;1.5
1935-01-07;2.2
1935-01-08;0.0
1935-01-09;0.3
1935-01-10;0.0
1935-01-11;0.0
1935-01-12;0.0
1935-01-13;1.5
1935-01-14;0.0
1935-01-15;0.0
1935-01-16;0.0
1935-01-17;0.0
1935-01-18;0.0
1935-01-19;0.0
1935-01-20;0.0
1935-01-21;0.2
1935-01-22;0.5
1935-01-23;0.0
1935-01-24;0.0
1935-01-25;0.0
1935-01-26;12.5
1935-01-27;49.0
1935-01-28;35.0
1935-01-29;0.0
1935-01-30;0.0
1935-01-31;0.0
1935-02-01;0.0
1935-02-02;0.5
1935-02-03;0.0
1935-02-04;0.0
1935-02-05;0.3
1935-02-06;0.0
1935-02-07;0.0
1935-02-08;5.5
1935-02-09;15.5
1935-02-10;0.0
1935-02-11;0.0
1935-02-12;0.0
1935-02-13;0.0
1935-02-14;0.6
1935-02-15;0.2
1935-02-16;0.0
1935-02-17;0.0
1935-02-18;0.0
1935-02-19;0.0
1935-02-20;0.0
1935-02-21;0.0
1935-02-22;0.0
1935-02-23;26.0
1935-02-24;2.5
1935-02-25;0.0
1935-02-26;3.5
1935-02-27;1.5
1935-02-28;6.5
1935-03-01;55.0
1935-03-02;6.0
1935-03-03;0.0
1935-03-04;0.0
1935-03-05;0.0
1935-03-06;0.0
1935-03-07;0.0
1935-03-08;0.2
1935-03-09;0.0
1935-03-10;0.0
1935-03-11;0.0
1935-03-12;0.0
1935-03-13;0.0
1935-03-14;0.0
1935-03-15;0.0
1935-03-16;0.0
1935-03-17;0.0
1935-03-18;0.0
1935-03-19;0.0
1935-03-20;0.0
1935-03-21;0.0
1935-03-22;0.0
1935-03-23;1.2
1935-03-24;5.5
1935-03-25;0.0
1935-03-26;0.0
1935-03-27;0.0
1935-03-28;0.0
1935-03-29;0.0
1935-03-30;0.0
1935-03-31;0.0
1935-04-01;0.0
1935-04-02;0.0
1935-04-03;2.0
1935-04-04;5.5
1935-04-05;2.0
1935-04-06;10.0
1935-04-07;2.5
1935-04-08;0.0
1935-04-09;0.0
1935-04-10;0.0
1935-04-11;0.0
1935-04-12;0.0
1935-04-13;2.0
1935-04-14;0.5
1935-04-15;6.0
1935-04-16;0.0
1935-04-17;0.0
1935-04-18;15.0
1935-04-19;0.0
1935-04-20;0.0
1935-04-21;0.0
1935-04-22;0.0
1935-04-23;2.5
1935-04-24;24.5
1935-04-25;3.5
1935-04-26;2.0
1935-04-27;0.0
1935-04-28;0.0
1935-04-29;0.5
1935-04-30;0.0
1935-05-01;0.0
1935-05-02;0.0
1935-05-03;0.0
1935-05-04;0.0
1935-05-05;0.0
1935-05-06;0.4
1935-05-07;2.6
1935-05-08;0.0
1935-05-09;0.4
1935-05-10;0.6
1935-05-11;0.0
1935-05-12;0.0
1935-05-13;0.2
1935-05-14;1.6
1935-05-15;0.2
1935-05-16;5.4
1935-05-17;5.2
1935-05-18;2.6
1935-05-19;3.0
1935-05-20;0.0
1935-05-21;0.0
1935-05-22;0.0
1935-05-23;16.4
1935-05-24;22.6
1935-05-25;0.0
1935-05-26;0.2
1935-05-27;0.0
1935-05-28;0.0
1935-05-29;1.4
1935-05-30;14.8
1935-05-31;33.8
1935-06-01;0.0
1935-06-02;28.0
1935-06-03;0.0
1935-06-04;0.0
1935-06-05;0.0
1935-06-06;0.0
1935-06-07;0.0
1935-06-08;0.0
1935-06-09;0.0
1935-06-10;0.0
1935-06-11;0.0
1935-06-12;0.0
1935-06-13;0.0
1935-06-14;0.0
1935-06-15;0.0
1935-06-16;0.0
1935-06-17;0.0
1935-06-18;0.0
1935-06-19;0.0
1935-06-20;0.0
1935-06-21;0.0
1935-06-22;0.0
1935-06-23;0.0
1935-06-24;0.0
1935-06-25;0.0
1935-06-26;0.0
1935-06-27;0.0
1935-06-28;0.0
1935-06-29;0.0
1935-06-30;0.0
1935-07-01;0.0
1935-07-02;0.0
1935-07-03;0.0
1935-07-04;0.0
1935-07-05;3.0
1935-07-06;0.0
1935-07-07;0.0
1935-07-08;0.0
1935-07-09;0.0
1935-07-10;0.0
1935-07-11;0.0
1935-07-12;0.0
1935-07-13;0.0
1935-07-14;0.0
1935-07-15;0.0
1935-07-16;0.0
1935-07-17;0.0
1935-07-18;0.0
1935-07-19;0.0
1935-07-20;0.0
1935-07-21;0.0
1935-07-22;0.0
1935-07-23;0.0
1935-07-24;0.0
1935-07-25;0.0
1935-07-26;0.0
1935-07-27;0.0
1935-07-28;0.0
1935-07-29;0.0
1935-07-30;0.0
1935-07-31;0.0
1935-08-01;0.0
1935-08-02;0.0
1935-08-03;0.0
1935-08-04;0.0
1935-08-05;0.2
1935-08-06;0.0
1935-08-07;0.0
1935-08-08;0.0
1935-08-09;0.0
1935-08-10;0.0
1935-08-11;0.0
1935-08-12;0.0
1935-08-13;0.0
1935-08-14;31.5
1935-08-15;35.0
1935-08-16;3.0
1935-08-17;0.0
1935-08-18;0.0
1935-08-19;0.0
1935-08-20;0.0
1935-08-21;0.2
1935-08-22;0.0
1935-08-23;0.0
1935-08-24;0.0
1935-08-25;0.0
1935-08-26;20.0
1935-08-27;0.0
1935-08-28;30.5
1935-08-29;0.0
1935-08-30;0.0
1935-08-31;0.0
1935-09-01;0.0
1935-09-02;0.0
1935-09-03;0.0
1935-09-04;0.2
1935-09-05;0.2
1935-09-06;0.0
1935-09-07;0.0
1935-09-08;0.0
1935-09-09;0.0
1935-09-10;2.0
1935-09-11;15.6
1935-09-12;0.0
1935-09-13;0.0
1935-09-14;0.0
1935-09-15;0.0
1935-09-16;16.0
1935-09-17;2.0
1935-09-18;0.0
1935-09-19;0.0
1935-09-20;0.0
1935-09-21;0.0
1935-09-22;0.0
1935-09-23;0.0
1935-09-24;0.0
1935-09-25;0.0
1935-09-26;0.0
1935-09-27;0.0
1935-09-28;0.0
1935-09-29;0.0
1935-09-30;0.0
1935-10-01;0.0
1935-10-02;80.0
1935-10-03;18.0
1935-10-04;1.0
1935-10-05;38.0
1935-10-06;37.0
1935-10-07;27.0
1935-10-08;0.0
1935-10-09;13.0
1935-10-10;0.0
1935-10-11;0.0
1935-10-12;0.0
1935-10-13;1.0
1935-10-14;0.0
1935-10-15;7.0
1935-10-16;0.0
1935-10-17;0.0
1935-10-18;0.0
1935-10-19;0.0
1935-10-20;18.0
1935-10-21;40.0
1935-10-22;38.0
1935-10-23;19.0
1935-10-24;7.0
1935-10-25;13.0
1935-10-26;17.0
1935-10-27;0.0
1935-10-28;0.0
1935-10-29;0.0
1935-10-30;0.0
1935-10-31;1.0
1935-11-01;0.5
1935-11-02;0.5
1935-11-03;0.0
1935-11-04;0.0
1935-11-05;12.0
1935-11-06;2.5
1935-11-07;1.0
1935-11-08;3.0
1935-11-09;18.5
1935-11-10;2.0
1935-11-11;21.0
1935-11-12;0.0
1935-11-13;0.0
1935-11-14;0.0
1935-11-15;0.0
1935-11-16;6.0
1935-11-17;2.0
1935-11-18;45.0
1935-11-19;8.5
1935-11-20;0.0
1935-11-21;24.0
1935-11-22;0.0
1935-11-23;11.5
1935-11-24;5.5
1935-11-25;18.0
1935-11-26;2.5
1935-11-27;0.0
1935-11-28;0.0
1935-11-29;0.0
1935-11-30;2.0
1935-12-01;13.0
1935-12-02;25.0
1935-12-03;13.0
1935-12-04;15.0
1935-12-05;1.5
1935-12-06;5.0
1935-12-07;18.0
1935-12-08;0.0
1935-12-09;0.0
1935-12-10;4.0
1935-12-11;4.0
1935-12-12;0.0
1935-12-13;0.0
1935-12-14;2.0
1935-12-15;12.5
1935-12-16;2.0
1935-12-17;7.0
1935-12-18;52.0
1935-12-19;5.0
1935-12-20;9.0
1935-12-21;8.0
1935-12-22;2.0
1935-12-23;1.5
1935-12-24;21.5
1935-12-25;5.0
1935-12-26;14.0
1935-12-27;16.5
1935-12-28;0.0
1935-12-29;0.0
1935-12-30;0.0
1935-12-31;6.0
1936-01-01;0.0
1936-01-02;15.5
1936-01-03;15.0
1936-01-04;35.5
1936-01-05;9.0
1936-01-06;0.0
1936-01-07;0.0
1936-01-08;22.0
1936-01-09;0.0
1936-01-10;5.0
1936-01-11;3.0
1936-01-12;3.0
1936-01-13;1.5
1936-01-14;5.0
1936-01-15;0.0
1936-01-16;0.0
1936-01-17;3.0
1936-01-18;11.0
1936-01-19;23.0
1936-01-20;0.0
1936-01-21;31.0
1936-01-22;7.5
1936-01-23;22.0
1936-01-24;0.0
1936-01-25;4.5
1936-01-26;0.0
1936-01-27;15.0
1936-01-28;12.0
1936-01-29;0.0
1936-01-30;6.0
1936-01-31;0.0
1936-02-01;0.0
1936-02-02;19.0
1936-02-03;7.0
1936-02-04;0.0
1936-02-05;0.0
1936-02-06;0.0
1936-02-07;0.0
1936-02-08;0.0
1936-02-09;0.0
1936-02-10;0.0
1936-02-11;4.5
1936-02-12;2.0
1936-02-13;0.0
1936-02-14;0.0
1936-02-15;8.0
1936-02-16;2.5
1936-02-17;7.5
1936-02-18;19.0
1936-02-19;2.0
1936-02-20;9.0
1936-02-21;0.0
1936-02-22;6.0
1936-02-23;0.0
1936-02-24;5.5
1936-02-25;9.0
1936-02-26;2.0
1936-02-27;0.0
1936-02-28;32.5
1936-02-29;7.0
1936-03-01;10.0
1936-03-02;8.5
1936-03-03;12.0
1936-03-04;0.0
1936-03-05;0.0
1936-03-06;7.5
1936-03-07;6.0
1936-03-08;0.0
1936-03-09;0.0
1936-03-10;0.0
1936-03-11;0.0
1936-03-12;0.0
1936-03-13;2.0
1936-03-14;0.0
1936-03-15;0.0
1936-03-16;6.0
1936-03-17;0.0
1936-03-18;0.0
1936-03-19;0.0
1936-03-20;0.0
1936-03-21;0.0
1936-03-22;0.0
1936-03-23;3.0
1936-03-24;9.0
1936-03-25;1.5
1936-03-26;4.0
1936-03-27;16.0
1936-03-28;8.0
1936-03-29;0.0
1936-03-30;0.0
1936-03-31;0.5
1936-04-01;0.0
1936-04-02;0.0
1936-04-03;2.0
1936-04-04;0.5
1936-04-05;13.0
1936-04-06;0.0
1936-04-07;0.0
1936-04-08;9.5
1936-04-09;6.5
1936-04-10;0.0
1936-04-11;0.0
1936-04-12;0.0
1936-04-13;1.0
1936-04-14;15.0
1936-04-15;1.0
1936-04-16;9.0
1936-04-17;19.0
1936-04-18;7.5
1936-04-19;3.0
1936-04-20;0.0
1936-04-21;7.5
1936-04-22;0.0
1936-04-23;8.0
1936-04-24;3.0
1936-04-25;3.0
1936-04-26;0.0
1936-04-27;0.0
1936-04-28;0.0
1936-04-29;31.0
1936-04-30;8.5
1936-05-01;6.0
1936-05-02;0.0
1936-05-03;1.5
1936-05-04;3.0
1936-05-05;0.0
1936-05-06;0.0
1936-05-07;0.0
1936-05-08;0.0
1936-05-09;0.0
1936-05-10;1.0
1936-05-11;0.0
1936-05-12;0.0
1936-05-13;1.0
1936-05-14;0.0
1936-05-15;0.0
1936-05-16;0.5
1936-05-17;0.0
1936-05-18;0.0
1936-05-19;0.0
1936-05-20;10.0
1936-05-21;3.0
1936-05-22;20.0
1936-05-23;10.0
1936-05-24;4.0
1936-05-25;0.0
1936-05-26;0.0
1936-05-27;0.0
1936-05-28;7.0
1936-05-29;0.0
1936-05-30;0.0
1936-05-31;6.0
1936-06-01;4.2
1936-06-02;0.0
1936-06-03;0.0
1936-06-04;13.0
1936-06-05;11.5
1936-06-06;0.0
1936-06-07;0.0
1936-06-08;0.0
1936-06-09;0.0
1936-06-10;4.0
1936-06-11;1.0
1936-06-12;23.0
1936-06-13;0.0
1936-06-14;0.0
1936-06-15;0.0
1936-06-16;0.0
1936-06-17;0.0
1936-06-18;0.0
1936-06-19;0.0
1936-06-20;0.0
1936-06-21;0.0
1936-06-22;0.0
1936-06-23;0.0
1936-06-24;0.0
1936-06-25;30.0
1936-06-26;1.0
1936-06-27;0.0
1936-06-28;8.0
1936-06-29;3.0
1936-06-30;0.0
1936-07-01;0.0
1936-07-02;0.0
1936-07-03;28.0
1936-07-04;3.5
1936-07-05;0.0
1936-07-06;0.0
1936-07-07;0.0
1936-07-08;0.0
1936-07-09;0.0
1936-07-10;0.0
1936-07-11;0.0
1936-07-12;0.0
1936-07-13;0.0
1936-07-14;0.0
1936-07-15;0.0
1936-07-16;0.0
1936-07-17;0.0
1936-07-18;0.0
1936-07-19;0.0
1936-07-20;0.0
1936-07-21;0.0
1936-07-22;0.0
1936-07-23;0.0
1936-07-24;0.0
1936-07-25;0.0
1936-07-26;0.0
1936-07-27;0.0
1936-07-28;0.0
1936-07-29;0.0
1936-07-30;0.0
1936-07-31;0.0
1936-08-01;0.0
1936-08-02;0.0
1936-08-03;0.0
1936-08-04;0.0
1936-08-05;0.0
1936-08-06;0.0
1936-08-07;0.0
1936-08-08;0.0
1936-08-09;0.0
1936-08-10;0.0
1936-08-11;0.0
1936-08-12;0.5
1936-08-13;0.0
1936-08-14;0.0
1936-08-15;0.0
1936-08-16;0.0
1936-08-17;0.0
1936-08-18;0.0
1936-08-19;0.0
1936-08-20;0.0
1936-08-21;0.0
1936-08-22;0.0
1936-08-23;0.0
1936-08-24;1.5
1936-08-25;0.0
1936-08-26;0.0
1936-08-27;0.0
1936-08-28;0.0
1936-08-29;0.0
1936-08-30;0.0
1936-08-31;0.0
1936-09-01;0.0
1936-09-02;0.0
1936-09-03;0.0
1936-09-04;0.0
1936-09-05;0.0
1936-09-06;0.2
1936-09-07;0.8
1936-09-08;0.0
1936-09-09;0.0
1936-09-10;0.0
1936-09-11;0.0
1936-09-12;11.6
1936-09-13;0.0
1936-09-14;0.0
1936-09-15;0.0
1936-09-16;0.0
1936-09-17;11.0
1936-09-18;25.0
1936-09-19;1.4
1936-09-20;0.0
1936-09-21;0.0
1936-09-22;0.0
1936-09-23;0.0
1936-09-24;0.0
1936-09-25;0.0
1936-09-26;8.0
1936-09-27;0.0
1936-09-28;17.5
1936-09-29;20.0
1936-09-30;1.0
1936-10-01;0.0
1936-10-02;0.0
1936-10-03;10.0
1936-10-04;0.0
1936-10-05;1.5
1936-10-06;8.0
1936-10-07;133.0
1936-10-08;43.0
1936-10-09;14.0
1936-10-10;13.0
1936-10-11;12.0
1936-10-12;0.0
1936-10-13;0.0
1936-10-14;5.4
1936-10-15;0.0
1936-10-16;0.0
1936-10-17;0.0
1936-10-18;0.0
1936-10-19;0.0
1936-10-20;1.4
1936-10-21;6.4
1936-10-22;0.0
1936-10-23;0.0
1936-10-24;0.0
1936-10-25;0.0
1936-10-26;0.0
1936-10-27;0.0
1936-10-28;1.0
1936-10-29;2.5
1936-10-30;0.0
1936-10-31;0.0
1936-11-01;0.0
1936-11-02;0.0
1936-11-03;0.0
1936-11-04;0.0
1936-11-05;0.0
1936-11-06;0.0
1936-11-07;1.5
1936-11-08;25.5
1936-11-09;0.5
1936-11-10;7.5
1936-11-11;0.0
1936-11-12;0.5
1936-11-13;1.5
1936-11-14;8.5
1936-11-15;9.5
1936-11-16;0.0
1936-11-17;0.0
1936-11-18;0.0
1936-11-19;0.0
1936-11-20;0.0
1936-11-21;0.0
1936-11-22;0.0
1936-11-23;0.0
1936-11-24;0.0
1936-11-25;0.0
1936-11-26;0.0
1936-11-27;0.0
1936-11-28;0.0
1936-11-29;0.0
1936-11-30;0.0
1936-12-01;0.0
1936-12-02;0.0
1936-12-03;0.0
1936-12-04;0.0
1936-12-05;0.0
1936-12-06;5.0
1936-12-07;2.5
1936-12-08;9.0
1936-12-09;0.0
1936-12-10;0.0
1936-12-11;4.0
1936-12-12;0.0
1936-12-13;0.0
1936-12-14;2.5
1936-12-15;13.5
1936-12-16;1.0
1936-12-17;2.0
1936-12-18;0.0
1936-12-19;0.0
1936-12-20;0.0
1936-12-21;0.0
1936-12-22;0.0
1936-12-23;0.0
1936-12-24;0.0
1936-12-25;0.0
1936-12-26;0.0
1936-12-27;0.0
1936-12-28;0.0
1936-12-29;0.0
1936-12-30;1.0
1936-12-31;0.0
1937-01-01;6.2
1937-01-02;0.0
1937-01-03;0.8
1937-01-04;0.2
1937-01-05;0.0
1937-01-06;5.8
1937-01-07;2.2
1937-01-08;0.0
1937-01-09;0.0
1937-01-10;0.0
1937-01-11;0.0
1937-01-12;0.0
1937-01-13;0.0
1937-01-14;0.0
1937-01-15;0.0
1937-01-16;16.5
1937-01-17;2.2
1937-01-18;5.8
1937-01-19;4.5
1937-01-20;5.8
1937-01-21;0.4
1937-01-22;0.4
1937-01-23;0.0
1937-01-24;0.0
1937-01-25;8.6
1937-01-26;27.0
1937-01-27;29.2
1937-01-28;12.2
1937-01-29;29.6
1937-01-30;3.8
1937-01-31;4.4
1937-02-01;0.6
1937-02-02;0.0
1937-02-03;0.0
1937-02-04;0.0
1937-02-05;0.0
1937-02-06;11.6
1937-02-07;0.0
1937-02-08;9.0
1937-02-09;9.8
1937-02-10;1.4
1937-02-11;20.0
1937-02-12;2.8
1937-02-13;0.0
1937-02-14;0.0
1937-02-15;0.4
1937-02-16;0.0
1937-02-17;1.6
1937-02-18;1.4
1937-02-19;0.0
1937-02-20;0.0
1937-02-21;0.0
1937-02-22;0.0
1937-02-23;41.4
1937-02-24;5.0
1937-02-25;2.2
1937-02-26;0.0
1937-02-27;0.4
1937-02-28;0.6
1937-03-01;3.8
1937-03-02;4.7
1937-03-03;0.0
1937-03-04;2.0
1937-03-05;14.2
1937-03-06;28.8
1937-03-07;0.2
1937-03-08;3.0
1937-03-09;14.5
1937-03-10;34.5
1937-03-11;5.0
1937-03-12;0.5
1937-03-13;19.3
1937-03-14;7.2
1937-03-15;14.5
1937-03-16;0.0
1937-03-17;0.0
1937-03-18;1.4
1937-03-19;0.0
1937-03-20;0.0
1937-03-21;14.2
1937-03-22;7.5
1937-03-23;11.0
1937-03-24;10.5
1937-03-25;2.5
1937-03-26;2.9
1937-03-27;5.1
1937-03-28;0.0
1937-03-29;28.5
1937-03-30;0.0
1937-03-31;0.0
1937-04-01;0.0
1937-04-02;0.0
1937-04-03;0.0
1937-04-04;29.3
1937-04-05;5.6
1937-04-06;0.0
1937-04-07;0.5
1937-04-08;0.0
1937-04-09;7.1
1937-04-10;0.0
1937-04-11;4.1
1937-04-12;0.2
1937-04-13;1.2
1937-04-14;10.7
1937-04-15;1.6
1937-04-16;0.0
1937-04-17;0.7
1937-04-18;1.6
1937-04-19;1.0
1937-04-20;2.6
1937-04-21;1.9
1937-04-22;13.6
1937-04-23;0.0
1937-04-24;0.0
1937-04-25;1.9
1937-04-26;1.0
1937-04-27;0.0
1937-04-28;0.2
1937-04-29;0.7
1937-04-30;0.0
1937-05-01;0.0
1937-05-02;1.6
1937-05-03;13.0
1937-05-04;0.0
1937-05-05;28.5
1937-05-06;2.0
1937-05-07;0.0
1937-05-08;0.0
1937-05-09;0.0
1937-05-10;0.0
1937-05-11;0.0
1937-05-12;0.2
1937-05-13;26.5
1937-05-14;10.5
1937-05-15;0.0
1937-05-16;0.0
1937-05-17;0.0
1937-05-18;0.2
1937-05-19;0.8
1937-05-20;0.0
1937-05-21;0.0
1937-05-22;8.2
1937-05-23;0.0
1937-05-24;0.0
1937-05-25;0.0
1937-05-26;7.5
1937-05-27;0.0
1937-05-28;0.0
1937-05-29;0.0
1937-05-30;8.5
1937-05-31;0.0
1937-06-01;0.0
1937-06-02;0.0
1937-06-03;0.0
1937-06-04;0.0
1937-06-05;0.0
1937-06-06;0.4
1937-06-07;4.8
1937-06-08;0.0
1937-06-09;0.0
1937-06-10;0.0
1937-06-11;0.0
1937-06-12;0.0
1937-06-13;0.0
1937-06-14;0.0
1937-06-15;4.4
1937-06-16;1.8
1937-06-17;11.2
1937-06-18;0.0
1937-06-19;1.6
1937-06-20;20.8
1937-06-21;0.0
1937-06-22;0.0
1937-06-23;0.0
1937-06-24;4.2
1937-06-25;26.6
1937-06-26;0.0
1937-06-27;0.0
1937-06-28;0.0
1937-06-29;9.6
1937-06-30;0.0
1937-07-01;2.0
1937-07-02;0.0
1937-07-03;0.0
1937-07-04;0.0
1937-07-05;0.0
1937-07-06;5.4
1937-07-07;0.0
1937-07-08;0.0
1937-07-09;0.0
1937-07-10;0.0
1937-07-11;0.0
1937-07-12;0.0
1937-07-13;0.0
1937-07-14;0.0
1937-07-15;0.0
1937-07-16;0.0
1937-07-17;21.4
1937-07-18;49.5
1937-07-19;4.4
1937-07-20;0.0
1937-07-21;0.0
1937-07-22;0.0
1937-07-23;0.0
1937-07-24;0.0
1937-07-25;0.0
1937-07-26;0.0
1937-07-27;0.0
1937-07-28;0.0
1937-07-29;0.0
1937-07-30;0.0
1937-07-31;0.0
1937-08-01;34.6
1937-08-02;5.8
1937-08-03;4.2
1937-08-04;0.0
1937-08-05;0.2
1937-08-06;0.0
1937-08-07;0.0
1937-08-08;0.0
1937-08-09;0.2
1937-08-10;0.0
1937-08-11;0.0
1937-08-12;0.0
1937-08-13;0.0
1937-08-14;0.0
1937-08-15;0.0
1937-08-16;0.0
1937-08-17;0.0
1937-08-18;0.0
1937-08-19;0.0
1937-08-20;0.0
1937-08-21;0.2
1937-08-22;0.2
1937-08-23;0.0
1937-08-24;0.0
1937-08-25;0.0
1937-08-26;6.2
1937-08-27;0.0
1937-08-28;0.0
1937-08-29;23.4
1937-08-30;10.0
1937-08-31;28.0
1937-09-01;0.4
1937-09-02;0.0
1937-09-03;0.0
1937-09-04;0.0
1937-09-05;0.0
1937-09-06;0.0
1937-09-07;0.0
1937-09-08;0.0
1937-09-09;0.0
1937-09-10;0.0
1937-09-11;43.4
1937-09-12;25.4
1937-09-13;0.0
1937-09-14;0.0
1937-09-15;7.4
1937-09-16;0.0
1937-09-17;0.0
1937-09-18;10.6
1937-09-19;68.4
1937-09-20;7.6
1937-09-21;0.2
1937-09-22;9.4
1937-09-23;16.8
1937-09-24;23.8
1937-09-25;0.0
1937-09-26;0.0
1937-09-27;0.0
1937-09-28;0.0
1937-09-29;0.0
1937-09-30;0.0
1937-10-01;9.2
1937-10-02;0.0
1937-10-03;0.0
1937-10-04;0.0
1937-10-05;75.8
1937-10-06;10.4
1937-10-07;9.4
1937-10-08;36.6
1937-10-09;0.8
1937-10-10;0.8
1937-10-11;0.0
1937-10-12;0.0
1937-10-13;0.0
1937-10-14;0.0
1937-10-15;0.0
1937-10-16;0.0
1937-10-17;0.0
1937-10-18;0.0
1937-10-19;0.0
1937-10-20;0.0
1937-10-21;0.0
1937-10-22;13.6
1937-10-23;23.6
1937-10-24;10.4
1937-10-25;8.4
1937-10-26;0.0
1937-10-27;0.0
1937-10-28;0.0
1937-10-29;7.2
1937-10-30;0.8
1937-10-31;0.6
1937-11-01;0.0
1937-11-02;0.2
1937-11-03;0.6
1937-11-04;0.0
1937-11-05;0.0
1937-11-06;7.2
1937-11-07;12.0
1937-11-08;0.0
1937-11-09;11.0
1937-11-10;12.2
1937-11-11;46.8
1937-11-12;0.2
1937-11-13;0.0
1937-11-14;3.6
1937-11-15;48.2
1937-11-16;0.0
1937-11-17;1.0
1937-11-18;45.6
1937-11-19;8.0
1937-11-20;44.2
1937-11-21;1.6
1937-11-22;6.2
1937-11-23;4.8
1937-11-24;1.4
1937-11-25;6.4
1937-11-26;5.8
1937-11-27;0.0
1937-11-28;0.0
1937-11-29;1.2
1937-11-30;0.0
1937-12-01;0.0
1937-12-02;29.0
1937-12-03;21.0
1937-12-04;27.4
1937-12-05;0.6
1937-12-06;9.2
1937-12-07;19.8
1937-12-08;13.8
1937-12-09;16.6
1937-12-10;20.4
1937-12-11;8.6
1937-12-12;25.0
1937-12-13;4.2
1937-12-14;4.2
1937-12-15;9.4
1937-12-16;10.2
1937-12-17;3.2
1937-12-18;8.6
1937-12-19;0.0
1937-12-20;1.0
1937-12-21;0.0
1937-12-22;0.0
1937-12-23;0.0
1937-12-24;0.0
1937-12-25;0.0
1937-12-26;0.0
1937-12-27;0.0
1937-12-28;0.0
1937-12-29;0.0
1937-12-30;0.0
1937-12-31;0.0
1938-01-01;0.0
1938-01-02;0.0
1938-01-03;0.0
1938-01-04;0.0
1938-01-05;0.0
1938-01-06;0.0
1938-01-07;0.0
1938-01-08;0.0
1938-01-09;10.2
1938-01-10;33.2
1938-01-11;20.2
1938-01-12;2.6
1938-01-13;0.8
1938-01-14;0.4
1938-01-15;1.8
1938-01-16;11.4
1938-01-17;0.2
1938-01-18;2.4
1938-01-19;0.0
1938-01-20;2.2
1938-01-21;0.0
1938-01-22;0.0
1938-01-23;0.0
1938-01-24;0.0
1938-01-25;0.0
1938-01-26;0.0
1938-01-27;4.0
1938-01-28;8.4
1938-01-29;0.0
1938-01-30;9.4
1938-01-31;4.4
1938-02-01;0.4
1938-02-02;3.8
1938-02-03;1.6
1938-02-04;4.6
1938-02-05;0.0
1938-02-06;0.0
1938-02-07;0.0
1938-02-08;0.0
1938-02-09;0.0
1938-02-10;0.0
1938-02-11;1.4
1938-02-12;1.0
1938-02-13;0.0
1938-02-14;0.0
1938-02-15;0.0
1938-02-16;0.0
1938-02-17;0.2
1938-02-18;5.4
1938-02-19;3.6
1938-02-20;0.0
1938-02-21;0.0
1938-02-22;0.0
1938-02-23;0.0
1938-02-24;0.0
1938-02-25;0.0
1938-02-26;0.0
1938-02-27;0.0
1938-02-28;0.0
1938-03-01;0.0
1938-03-02;0.2
1938-03-03;1.4
1938-03-04;0.0
1938-03-05;0.0
1938-03-06;0.0
1938-03-07;0.0
1938-03-08;0.0
1938-03-09;0.0
1938-03-10;0.0
1938-03-11;0.0
1938-03-12;0.0
1938-03-13;0.0
1938-03-14;0.0
1938-03-15;0.0
1938-03-16;0.0
1938-03-17;0.0
1938-03-18;0.0
1938-03-19;0.0
1938-03-20;0.0
1938-03-21;0.0
1938-03-22;0.0
1938-03-23;0.4
1938-03-24;0.0
1938-03-25;0.0
1938-03-26;1.6
1938-03-27;6.4
1938-03-28;0.0
1938-03-29;0.0
1938-03-30;0.0
1938-03-31;0.0
1938-04-01;0.0
1938-04-02;0.0
1938-04-03;0.0
1938-04-04;5.2
1938-04-05;0.0
1938-04-06;0.0
1938-04-07;0.0
1938-04-08;0.0
1938-04-09;0.0
1938-04-10;0.0
1938-04-11;0.0
1938-04-12;0.0
1938-04-13;0.0
1938-04-14;0.0
1938-04-15;0.0
1938-04-16;0.0
1938-04-17;0.0
1938-04-18;0.0
1938-04-19;0.0
1938-04-20;0.0
1938-04-21;0.0
1938-04-22;1.4
1938-04-23;0.2
1938-04-24;0.0
1938-04-25;0.0
1938-04-26;1.8
1938-04-27;26.2
1938-04-28;11.2
1938-04-29;19.6
1938-04-30;33.0
1938-05-01;0.0
1938-05-02;1.6
1938-05-03;0.0
1938-05-04;1.0
1938-05-05;1.8
1938-05-06;4.2
1938-05-07;13.0
1938-05-08;6.2
1938-05-09;0.0
1938-05-10;6.0
1938-05-11;3.8
1938-05-12;0.0
1938-05-13;0.0
1938-05-14;0.0
1938-05-15;0.0
1938-05-16;0.0
1938-05-17;1.4
1938-05-18;6.0
1938-05-19;0.0
1938-05-20;15.8
1938-05-21;13.4
1938-05-22;24.8
1938-05-23;4.2
1938-05-24;0.8
1938-05-25;0.8
1938-05-26;0.4
1938-05-27;2.4
1938-05-28;5.6
1938-05-29;6.0
1938-05-30;0.0
1938-05-31;0.0
1938-06-01;0.0
1938-06-02;0.0
1938-06-03;0.0
1938-06-04;0.0
1938-06-05;0.0
1938-06-06;0.0
1938-06-07;0.0
1938-06-08;0.0
1938-06-09;0.0
1938-06-10;0.0
1938-06-11;0.0
1938-06-12;0.0
1938-06-13;35.8
1938-06-14;0.2
1938-06-15;2.2
1938-06-16;2.2
1938-06-17;0.0
1938-06-18;0.0
1938-06-19;0.0
1938-06-20;0.0
1938-06-21;0.0
1938-06-22;0.0
1938-06-23;0.0
1938-06-24;0.0
1938-06-25;0.0
1938-06-26;0.0
1938-06-27;0.0
1938-06-28;0.0
1938-06-29;0.0
1938-06-30;0.0
1938-07-01;0.0
1938-07-02;0.0
1938-07-03;3.4
1938-07-04;2.6
1938-07-05;0.0
1938-07-06;0.0
1938-07-07;0.0
1938-07-08;0.0
1938-07-09;0.0
1938-07-10;0.0
1938-07-11;0.0
1938-07-12;0.0
1938-07-13;0.0
1938-07-14;0.0
1938-07-15;0.0
1938-07-16;0.0
1938-07-17;0.0
1938-07-18;0.0
1938-07-19;0.0
1938-07-20;0.0
1938-07-21;0.0
1938-07-22;0.0
1938-07-23;0.0
1938-07-24;0.0
1938-07-25;0.0
1938-07-26;0.0
1938-07-27;0.0
1938-07-28;0.0
1938-07-29;0.0
1938-07-30;0.0
1938-07-31;0.0
1938-08-01;0.0
1938-08-02;0.3
1938-08-03;0.0
1938-08-04;0.2
1938-08-05;0.0
1938-08-06;0.0
1938-08-07;0.0
1938-08-08;0.2
1938-08-09;0.0
1938-08-10;0.0
1938-08-11;11.0
1938-08-12;0.0
1938-08-13;0.0
1938-08-14;4.5
1938-08-15;0.0
1938-08-16;0.0
1938-08-17;0.0
1938-08-18;0.0
1938-08-19;0.0
1938-08-20;0.0
1938-08-21;0.0
1938-08-22;10.2
1938-08-23;0.0
1938-08-24;0.0
1938-08-25;0.5
1938-08-26;0.0
1938-08-27;0.0
1938-08-28;6.5
1938-08-29;11.0
1938-08-30;0.5
1938-08-31;10.2
1938-09-01;7.2
1938-09-02;0.0
1938-09-03;0.0
1938-09-04;0.0
1938-09-05;11.8
1938-09-06;1.0
1938-09-07;0.2
1938-09-08;0.0
1938-09-09;2.8
1938-09-10;6.8
1938-09-11;2.2
1938-09-12;0.0
1938-09-13;0.0
1938-09-14;0.0
1938-09-15;1.8
1938-09-16;9.8
1938-09-17;0.0
1938-09-18;0.0
1938-09-19;0.0
1938-09-20;0.0
1938-09-21;0.2
1938-09-22;0.0
1938-09-23;0.0
1938-09-24;0.0
1938-09-25;0.0
1938-09-26;0.0
1938-09-27;0.0
1938-09-28;3.4
1938-09-29;4.0
1938-09-30;0.2
1938-10-01;9.4
1938-10-02;6.8
1938-10-03;0.0
1938-10-04;1.8
1938-10-05;45.4
1938-10-06;9.0
1938-10-07;0.0
1938-10-08;0.0
1938-10-09;2.0
1938-10-10;0.0
1938-10-11;0.0
1938-10-12;0.0
1938-10-13;0.0
1938-10-14;0.0
1938-10-15;0.0
1938-10-16;0.0
1938-10-17;0.0
1938-10-18;0.0
1938-10-19;0.0
1938-10-20;0.0
1938-10-21;0.0
1938-10-22;0.0
1938-10-23;0.0
1938-10-24;0.0
1938-10-25;0.0
1938-10-26;10.4
1938-10-27;10.6
1938-10-28;8.2
1938-10-29;11.4
1938-10-30;14.2
1938-10-31;4.4
1938-11-01;0.0
1938-11-02;0.0
1938-11-03;0.0
1938-11-04;0.0
1938-11-05;0.0
1938-11-06;0.0
1938-11-07;0.0
1938-11-08;0.0
1938-11-09;0.0
1938-11-10;1.6
1938-11-11;0.2
1938-11-12;0.0
1938-11-13;0.0
1938-11-14;0.0
1938-11-15;0.0
1938-11-16;0.0
1938-11-17;0.0
1938-11-18;0.0
1938-11-19;0.0
1938-11-20;3.8
1938-11-21;21.0
1938-11-22;38.0
1938-11-23;3.0
1938-11-24;1.6
1938-11-25;1.2
1938-11-26;0.0
1938-11-27;2.4
1938-11-28;35.0
1938-11-29;1.6
1938-11-30;1.0
1938-12-01;3.6
1938-12-02;0.2
1938-12-03;0.0
1938-12-04;0.0
1938-12-05;0.0
1938-12-06;0.0
1938-12-07;6.2
1938-12-08;0.0
1938-12-09;0.8
1938-12-10;1.8
1938-12-11;0.0
1938-12-12;0.0
1938-12-13;0.0
1938-12-14;0.0
1938-12-15;0.0
1938-12-16;0.0
1938-12-17;0.0
1938-12-18;0.0
1938-12-19;0.2
1938-12-20;0.2
1938-12-21;14.6
1938-12-22;2.4
1938-12-23;0.0
1938-12-24;0.0
1938-12-25;1.8
1938-12-26;0.0
1938-12-27;2.0
1938-12-28;0.0
1938-12-29;0.0
1938-12-30;0.0
1938-12-31;0.0
1939-01-01;0.4
1939-01-02;0.4
1939-01-03;22.2
1939-01-04;4.0
1939-01-05;0.0
1939-01-06;2.4
1939-01-07;0.0
1939-01-08;0.0
1939-01-09;1.2
1939-01-10;1.0
1939-01-11;1.0
1939-01-12;7.6
1939-01-13;22.2
1939-01-14;1.6
1939-01-15;0.2
1939-01-16;0.8
1939-01-17;1.2
1939-01-18;0.0
1939-01-19;0.0
1939-01-20;0.2
1939-01-21;0.0
1939-01-22;0.0
1939-01-23;16.2
1939-01-24;21.4
1939-01-25;0.2
1939-01-26;0.0
1939-01-27;13.0
1939-01-28;3.8
1939-01-29;0.8
1939-01-30;0.0
1939-01-31;0.0
1939-02-01;0.0
1939-02-02;0.2
1939-02-03;0.0
1939-02-04;0.0
1939-02-05;0.0
1939-02-06;0.0
1939-02-07;0.0
1939-02-08;0.0
1939-02-09;0.0
1939-02-10;0.0
1939-02-11;0.0
1939-02-12;0.0
1939-02-13;0.0
1939-02-14;3.6
1939-02-15;0.0
1939-02-16;0.0
1939-02-17;0.0
1939-02-18;0.0
1939-02-19;0.0
1939-02-20;0.0
1939-02-21;0.0
1939-02-22;0.0
1939-02-23;0.0
1939-02-24;7.6
1939-02-25;4.6
1939-02-26;0.0
1939-02-27;2.0
1939-02-28;0.0
1939-03-01;3.8
1939-03-02;6.6
1939-03-03;0.0
1939-03-04;0.0
1939-03-05;0.0
1939-03-06;0.0
1939-03-07;0.2
1939-03-08;8.8
1939-03-09;0.2
1939-03-10;1.2
1939-03-11;0.0
1939-03-12;0.0
1939-03-13;0.0
1939-03-14;0.0
1939-03-15;0.0
1939-03-16;0.0
1939-03-17;0.0
1939-03-18;2.4
1939-03-19;5.0
1939-03-20;0.0
1939-03-21;8.4
1939-03-22;1.4
1939-03-23;0.0
1939-03-24;1.0
1939-03-25;3.2
1939-03-26;12.0
1939-03-27;0.4
1939-03-28;8.4
1939-03-29;1.0
1939-03-30;3.2
1939-03-31;0.2
1939-04-01;1.2
1939-04-02;0.0
1939-04-03;0.0
1939-04-04;0.0
1939-04-05;0.0
1939-04-06;0.0
1939-04-07;0.0
1939-04-08;0.0
1939-04-09;0.0
1939-04-10;0.0
1939-04-11;0.0
1939-04-12;0.0
1939-04-13;0.0
1939-04-14;0.0
1939-04-15;0.0
1939-04-16;0.0
1939-04-17;0.0
1939-04-18;0.0
1939-04-19;9.2
1939-04-20;4.0
1939-04-21;0.0
1939-04-22;0.0
1939-04-23;0.0
1939-04-24;0.2
1939-04-25;0.0
1939-04-26;0.0
1939-04-27;0.0
1939-04-28;4.6
1939-04-29;5.0
1939-04-30;8.6
1939-05-01;1.6
1939-05-02;5.8
1939-05-03;10.6
1939-05-04;9.4
1939-05-05;7.8
1939-05-06;0.4
1939-05-07;3.6
1939-05-08;0.8
1939-05-09;1.0
1939-05-10;0.2
1939-05-11;0.4
1939-05-12;4.0
1939-05-13;17.6
1939-05-14;35.0
1939-05-15;2.0
1939-05-16;0.0
1939-05-17;0.0
1939-05-18;0.0
1939-05-19;1.8
1939-05-20;2.0
1939-05-21;3.4
1939-05-22;15.6
1939-05-23;5.6
1939-05-24;0.0
1939-05-25;0.0
1939-05-26;9.8
1939-05-27;19.4
1939-05-28;0.0
1939-05-29;10.6
1939-05-30;6.0
1939-05-31;24.6
1939-06-01;8.2
1939-06-02;6.0
1939-06-03;0.0
1939-06-04;0.0
1939-06-05;0.0
1939-06-06;0.0
1939-06-07;0.0
1939-06-08;0.0
1939-06-09;0.0
1939-06-10;0.0
1939-06-11;0.0
1939-06-12;0.0
1939-06-13;26.4
1939-06-14;16.2
1939-06-15;20.6
1939-06-16;1.2
1939-06-17;0.0
1939-06-18;0.0
1939-06-19;0.0
1939-06-20;0.0
1939-06-21;36.4
1939-06-22;0.0
1939-06-23;0.0
1939-06-24;0.0
1939-06-25;1.2
1939-06-26;1.8
1939-06-27;0.0
1939-06-28;0.0
1939-06-29;0.0
1939-06-30;0.0
1939-07-01;0.0
1939-07-02;0.0
1939-07-03;0.0
1939-07-04;0.0
1939-07-05;0.0
1939-07-06;0.0
1939-07-07;0.0
1939-07-08;0.0
1939-07-09;0.0
1939-07-10;0.0
1939-07-11;0.0
1939-07-12;0.0
1939-07-13;0.0
1939-07-14;0.0
1939-07-15;0.0
1939-07-16;0.0
1939-07-17;0.0
1939-07-18;0.0
1939-07-19;0.0
1939-07-20;0.0
1939-07-21;0.0
1939-07-22;0.0
1939-07-23;0.3
1939-07-24;0.0
1939-07-25;0.0
1939-07-26;0.8
1939-07-27;0.0
1939-07-28;5.6
1939-07-29;0.0
1939-07-30;0.0
1939-07-31;0.0
1939-08-01;0.0
1939-08-02;0.0
1939-08-03;0.0
1939-08-04;0.0
1939-08-05;0.0
1939-08-06;8.4
1939-08-07;0.0
1939-08-08;0.0
1939-08-09;0.0
1939-08-10;0.0
1939-08-11;0.0
1939-08-12;0.0
1939-08-13;0.0
1939-08-14;0.0
1939-08-15;0.0
1939-08-16;0.0
1939-08-17;0.0
1939-08-18;0.0
1939-08-19;0.0
1939-08-20;0.0
1939-08-21;26.8
1939-08-22;0.4
1939-08-23;1.6
1939-08-24;3.4
1939-08-25;14.0
1939-08-26;6.0
1939-08-27;0.0
1939-08-28;0.0
1939-08-29;0.0
1939-08-30;0.0
1939-08-31;0.0
1939-09-01;0.0
1939-09-02;0.0
1939-09-03;0.0
1939-09-04;0.0
1939-09-05;19.6
1939-09-06;2.0
1939-09-07;6.4
1939-09-08;0.0
1939-09-09;0.0
1939-09-10;0.0
1939-09-11;0.0
1939-09-12;0.0
1939-09-13;0.0
1939-09-14;25.6
1939-09-15;26.8
1939-09-16;6.4
1939-09-17;3.4
1939-09-18;1.6
1939-09-19;2.2
1939-09-20;0.4
1939-09-21;0.0
1939-09-22;2.4
1939-09-23;11.6
1939-09-24;1.0
1939-09-25;0.0
1939-09-26;0.0
1939-09-27;0.0
1939-09-28;0.6
1939-09-29;0.2
1939-09-30;5.2
1939-10-01;5.4
1939-10-02;22.6
1939-10-03;10.8
1939-10-04;30.6
1939-10-05;2.4
1939-10-06;3.2
1939-10-07;13.0
1939-10-08;6.2
1939-10-09;0.0
1939-10-10;2.4
1939-10-11;0.4
1939-10-12;4.6
1939-10-13;17.2
1939-10-14;0.2
1939-10-15;0.0
1939-10-16;0.0
1939-10-17;0.0
1939-10-18;0.0
1939-10-19;0.0
1939-10-20;0.0
1939-10-21;0.0
1939-10-22;0.0
1939-10-23;34.8
1939-10-24;1.6
1939-10-25;0.0
1939-10-26;11.6
1939-10-27;24.0
1939-10-28;13.2
1939-10-29;2.2
1939-10-30;3.3
1939-10-31;2.6
1939-11-01;9.8
1939-11-02;3.7
1939-11-03;0.0
1939-11-04;0.2
1939-11-05;28.0
1939-11-06;8.5
1939-11-07;0.0
1939-11-08;0.0
1939-11-09;0.0
1939-11-10;0.0
1939-11-11;0.2
1939-11-12;0.0
1939-11-13;0.0
1939-11-14;0.0
1939-11-15;0.0
1939-11-16;36.2
1939-11-17;0.0
1939-11-18;0.0
1939-11-19;0.0
1939-11-20;2.4
1939-11-21;0.0
1939-11-22;0.0
1939-11-23;0.0
1939-11-24;0.0
1939-11-25;0.0
1939-11-26;0.4
1939-11-27;0.0
1939-11-28;0.2
1939-11-29;0.4
1939-11-30;0.2
1939-12-01;0.0
1939-12-02;0.0
1939-12-03;1.2
1939-12-04;18.8
1939-12-05;35.4
1939-12-06;25.2
1939-12-07;0.2
1939-12-08;10.2
1939-12-09;2.6
1939-12-10;0.6
1939-12-11;5.6
1939-12-12;9.0
1939-12-13;0.2
1939-12-14;0.0
1939-12-15;2.4
1939-12-16;28.6
1939-12-17;17.0
1939-12-18;1.0
1939-12-19;0.0
1939-12-20;2.0
1939-12-21;13.6
1939-12-22;1.6
1939-12-23;9.8
1939-12-24;15.0
1939-12-25;7.4
1939-12-26;8.0
1939-12-27;5.0
1939-12-28;0.0
1939-12-29;0.6
1939-12-30;0.0
1939-12-31;1.5
1940-01-01;0.0
1940-01-02;0.2
1940-01-03;0.0
1940-01-04;3.4
1940-01-05;1.4
1940-01-06;0.0
1940-01-07;0.0
1940-01-08;0.0
1940-01-09;0.0
1940-01-10;0.0
1940-01-11;1.2
1940-01-12;0.0
1940-01-13;0.0
1940-01-14;1.0
1940-01-15;0.0
1940-01-16;0.0
1940-01-17;1.4
1940-01-18;1.6
1940-01-19;11.2
1940-01-20;1.8
1940-01-21;4.0
1940-01-22;14.8
1940-01-23;14.4
1940-01-24;9.2
1940-01-25;0.0
1940-01-26;0.0
1940-01-27;0.0
1940-01-28;0.0
1940-01-29;0.0
1940-01-30;4.8
1940-01-31;14.6
1940-02-01;5.0
1940-02-02;16.2
1940-02-03;5.0
1940-02-04;0.2
1940-02-05;2.2
1940-02-06;1.0
1940-02-07;7.6
1940-02-08;0.2
1940-02-09;4.6
1940-02-10;13.6
1940-02-11;0.0
1940-02-12;2.8
1940-02-13;12.0
1940-02-14;0.8
1940-02-15;0.4
1940-02-16;0.0
1940-02-17;0.8
1940-02-18;6.6
1940-02-19;2.2
1940-02-20;0.0
1940-02-21;0.0
1940-02-22;0.0
1940-02-23;0.0
1940-02-24;0.0
1940-02-25;0.0
1940-02-26;0.4
1940-02-27;0.2
1940-02-28;0.0
1940-02-29;0.0
1940-03-01;0.2
1940-03-02;0.0
1940-03-03;0.0
1940-03-04;0.0
1940-03-05;0.2
1940-03-06;0.0
1940-03-07;0.0
1940-03-08;0.0
1940-03-09;0.0
1940-03-10;0.0
1940-03-11;1.2
1940-03-12;2.0
1940-03-13;7.6
1940-03-14;18.0
1940-03-15;3.4
1940-03-16;0.0
1940-03-17;0.0
1940-03-18;0.0
1940-03-19;0.4
1940-03-20;0.0
1940-03-21;0.0
1940-03-22;0.0
1940-03-23;0.0
1940-03-24;6.2
1940-03-25;0.0
1940-03-26;0.8
1940-03-27;4.4
1940-03-29;2.0
1940-03-30;0.0
1940-03-31;0.0
1940-04-01;0.0
1940-04-02;0.0
1940-04-03;0.0
1940-04-04;0.8
1940-04-05;6.2
1940-04-06;5.2
1940-04-07;3.8
1940-04-08;0.0
1940-04-09;0.0
1940-04-10;0.0
1940-04-11;0.0
1940-04-12;0.0
1940-04-13;0.0
1940-04-14;0.0
1940-04-15;0.2
1940-04-16;0.0
1940-04-17;0.0
1940-04-18;0.0
1940-04-19;0.0
1940-04-20;0.0
1940-04-21;0.0
1940-04-22;0.0
1940-04-23;0.0
1940-04-24;0.0
1940-04-25;1.8
1940-04-26;0.6
1940-04-27;6.4
1940-04-28;0.8
1940-04-29;5.6
1940-04-30;3.0
1940-05-01;13.8
1940-05-02;1.4
1940-05-03;13.4
1940-05-04;6.4
1940-05-05;0.0
1940-05-06;0.0
1940-05-07;0.8
1940-05-08;0.0
1940-05-09;0.0
1940-05-10;0.0
1940-05-11;0.0
1940-05-12;0.0
1940-05-13;0.0
1940-05-14;0.0
1940-05-15;6.4
1940-05-16;19.4
1940-05-17;2.0
1940-05-18;9.8
1940-05-19;0.2
1940-05-20;0.0
1940-05-21;0.0
1940-05-22;0.0
1940-05-23;0.0
1940-05-24;0.8
1940-05-25;0.0
1940-05-26;0.0
1940-05-27;0.0
1940-05-28;0.0
1940-05-29;1.2
1940-05-30;37.8
1940-05-31;1.0
1940-06-01;0.0
1940-06-02;0.2
1940-06-03;0.0
1940-06-04;0.0
1940-06-05;0.0
1940-06-06;0.0
1940-06-07;0.0
1940-06-08;0.0
1940-06-09;0.0
1940-06-10;0.0
1940-06-11;0.0
1940-06-12;0.0
1940-06-13;0.0
1940-06-14;0.8
1940-06-15;10.4
1940-06-16;34.2
1940-06-17;0.0
1940-06-18;5.8
1940-06-19;0.8
1940-06-20;2.6
1940-06-21;0.0
1940-06-22;0.4
1940-06-23;20.8
1940-06-24;7.4
1940-06-25;21.4
1940-06-26;1.2
1940-06-27;0.0
1940-06-28;6.0
1940-06-29;0.0
1940-06-30;0.0
1940-07-01;0.0
1940-07-02;5.0
1940-07-03;0.0
1940-07-04;0.0
1940-07-05;3.4
1940-07-06;0.0
1940-07-07;0.0
1940-07-08;22.4
1940-07-09;2.6
1940-07-10;0.0
1940-07-11;0.0
1940-07-12;0.0
1940-07-13;0.0
1940-07-14;0.0
1940-07-15;0.0
1940-07-16;0.0
1940-07-17;1.4
1940-07-18;1.2
1940-07-19;0.0
1940-07-20;0.0
1940-07-21;0.0
1940-07-22;0.0
1940-07-23;0.0
1940-07-24;0.0
1940-07-25;0.0
1940-07-26;0.0
1940-07-27;0.0
1940-07-28;0.0
1940-07-29;0.0
1940-07-30;0.0
1940-07-31;0.4
1940-08-01;0.0
1940-08-02;0.0
1940-08-03;0.2
1940-08-04;0.0
1940-08-05;0.0
1940-08-06;0.0
1940-08-07;33.2
1940-08-08;3.2
1940-08-09;0.0
1940-08-10;0.0
1940-08-11;0.0
1940-08-12;0.0
1940-08-13;0.0
1940-08-14;0.0
1940-08-15;0.0
1940-08-16;0.0
1940-08-17;0.0
1940-08-18;0.0
1940-08-19;0.0
1940-08-20;0.0
1940-08-21;35.2
1940-08-22;1.8
1940-08-23;22.6
1940-08-24;0.0
1940-08-25;0.0
1940-08-26;0.0
1940-08-27;0.0
1940-08-28;0.0
1940-08-29;0.0
1940-08-30;0.0
1940-08-31;0.0
1940-09-01;0.0
1940-09-02;0.0
1940-09-03;0.0
1940-09-04;0.0
1940-09-05;0.0
1940-09-06;0.0
1940-09-07;0.0
1940-09-08;0.0
1940-09-09;0.0
1940-09-10;16.8
1940-09-11;10.8
1940-09-12;0.0
1940-09-13;0.0
1940-09-14;1.0
1940-09-15;4.0
1940-09-16;27.2
1940-09-17;0.0
1940-09-18;0.0
1940-09-19;0.0
1940-09-20;0.0
1940-09-21;0.0
1940-09-22;0.0
1940-09-23;0.0
1940-09-24;0.0
1940-09-25;0.0
1940-09-26;0.0
1940-09-27;0.0
1940-09-28;0.0
1940-09-29;0.0
1940-09-30;0.0
1940-10-01;5.4
1940-10-02;32.0
1940-10-03;8.4
1940-10-04;16.2
1940-10-05;13.4
1940-10-06;3.8
1940-10-07;0.0
1940-10-08;0.0
1940-10-09;0.0
1940-10-10;0.0
1940-10-11;8.6
1940-10-12;26.2
1940-10-13;19.2
1940-10-14;11.0
1940-10-15;0.0
1940-10-16;0.0
1940-10-17;0.0
1940-10-18;0.0
1940-10-19;0.0
1940-10-20;0.0
1940-10-21;0.0
1940-10-22;0.4
1940-10-23;0.0
1940-10-24;4.4
1940-10-25;17.6
1940-10-26;38.4
1940-10-27;15.2
1940-10-28;14.4
1940-10-29;2.8
1940-10-30;6.2
1940-10-31;2.0
1940-11-01;0.0
1940-11-02;6.2
1940-11-03;0.0
1940-11-04;0.0
1940-11-05;0.0
1940-11-06;0.0
1940-11-07;0.0
1940-11-08;1.0
1940-11-09;0.6
1940-11-10;0.0
1940-11-11;3.2
1940-11-12;4.0
1940-11-13;28.8
1940-11-14;0.8
1940-11-15;6.4
1940-11-16;49.2
1940-11-17;17.0
1940-11-18;18.4
1940-11-19;7.4
1940-11-20;1.4
1940-11-21;0.0
1940-11-22;0.0
1940-11-23;0.0
1940-11-24;1.2
1940-11-25;0.2
1940-11-26;0.0
1940-11-27;0.0
1940-11-28;0.0
1940-11-29;9.0
1940-11-30;2.4
1940-12-01;0.4
1940-12-02;0.2
1940-12-03;0.0
1940-12-04;0.2
1940-12-05;1.0
1940-12-06;0.0
1940-12-07;2.0
1940-12-08;7.0
1940-12-09;0.0
1940-12-10;0.0
1940-12-11;0.0
1940-12-12;1.2
1940-12-13;0.4
1940-12-14;0.0
1940-12-15;0.0
1940-12-16;0.0
1940-12-17;0.0
1940-12-18;0.0
1940-12-19;0.0
1940-12-20;0.0
1940-12-21;0.0
1940-12-22;0.0
1940-12-23;2.6
1940-12-24;1.6
1940-12-25;5.2
1940-12-26;2.0
1940-12-27;0.0
1940-12-28;0.0
1940-12-29;0.0
1940-12-30;0.0
1940-12-31;1.4
1941-01-01;6.8
1941-01-02;2.4
1941-01-03;12.2
1941-01-04;4.2
1941-01-05;2.6
1941-01-06;0.0
1941-01-07;0.0
1941-01-08;0.0
1941-01-09;0.0
1941-01-10;10.2
1941-01-11;0.0
1941-01-12;0.0
1941-01-13;0.0
1941-01-14;0.0
1941-01-15;0.0
1941-01-16;0.8
1941-01-17;31.0
1941-01-18;12.8
1941-01-19;0.8
1941-01-20;14.6
1941-01-21;2.8
1941-01-22;13.4
1941-01-23;15.8
1941-01-24;11.0
1941-01-25;8.4
1941-01-26;4.0
1941-01-27;0.4
1941-01-28;0.0
1941-01-29;0.2
1941-01-30;0.0
1941-01-31;1.0
1941-02-01;21.6
1941-02-02;6.6
1941-02-03;2.2
1941-02-04;9.0
1941-02-05;8.0
1941-02-06;3.8
1941-02-07;0.0
1941-02-08;0.0
1941-02-09;0.0
1941-02-10;0.0
1941-02-11;0.0
1941-02-12;0.0
1941-02-13;2.0
1941-02-14;49.0
1941-02-15;42.8
1941-02-16;17.0
1941-02-17;10.6
1941-02-18;40.0
1941-02-19;9.0
1941-02-20;12.8
1941-02-21;18.6
1941-02-22;39.4
1941-02-23;0.0
1941-02-24;2.0
1941-02-25;0.0
1941-02-26;4.0
1941-02-27;2.8
1941-02-28;0.0
1941-03-01;0.0
1941-03-02;0.0
1941-03-03;0.0
1941-03-04;3.0
1941-03-05;19.0
1941-03-06;2.8
1941-03-07;0.0
1941-03-08;2.4
1941-03-09;19.0
1941-03-10;0.0
1941-03-11;0.8
1941-03-12;0.0
1941-03-13;0.0
1941-03-14;0.0
1941-03-15;0.0
1941-03-16;0.0
1941-03-17;0.0
1941-03-18;3.6
1941-03-19;0.0
1941-03-20;0.0
1941-03-21;0.0
1941-03-22;0.0
1941-03-23;1.4
1941-03-24;0.0
1941-03-25;2.4
1941-03-26;0.0
1941-03-27;0.0
1941-03-28;0.6
1941-03-29;3.0
1941-03-30;0.0
1941-03-31;11.6
1941-04-01;1.0
1941-04-02;9.8
1941-04-03;5.8
1941-04-04;1.4
1941-04-05;3.0
1941-04-06;4.4
1941-04-07;16.6
1941-04-08;35.6
1941-04-09;1.2
1941-04-10;0.0
1941-04-11;0.0
1941-04-12;0.0
1941-04-13;0.0
1941-04-14;0.0
1941-04-15;0.0
1941-04-16;0.0
1941-04-17;0.0
1941-04-18;0.0
1941-04-19;0.0
1941-04-20;0.0
1941-04-21;0.0
1941-04-22;0.0
1941-04-23;0.0
1941-04-24;0.0
1941-04-25;25.0
1941-04-26;27.6
1941-04-27;0.6
1941-04-28;12.4
1941-04-29;16.8
1941-04-30;1.6
1941-05-01;22.4
1941-05-02;6.0
1941-05-03;1.4
1941-05-04;7.0
1941-05-05;11.0
1941-05-06;0.0
1941-05-07;0.0
1941-05-08;0.8
1941-05-09;0.2
1941-05-10;0.0
1941-05-11;19.6
1941-05-12;10.4
1941-05-13;3.6
1941-05-14;0.0
1941-05-15;0.0
1941-05-16;0.0
1941-05-17;0.0
1941-05-18;0.0
1941-05-19;0.4
1941-05-20;11.4
1941-05-21;3.0
1941-05-22;1.8
1941-05-23;0.0
1941-05-24;0.0
1941-05-25;12.0
1941-05-26;0.0
1941-05-27;5.6
1941-05-28;6.6
1941-05-29;0.8
1941-05-30;0.0
1941-05-31;0.4
1941-06-01;0.0
1941-06-02;0.0
1941-06-03;0.0
1941-06-04;0.0
1941-06-05;0.0
1941-06-06;0.0
1941-06-07;0.0
1941-06-08;0.0
1941-06-09;0.0
1941-06-10;19.6
1941-06-11;6.0
1941-06-12;0.0
1941-06-13;0.0
1941-06-14;27.2
1941-06-15;3.2
1941-06-16;0.0
1941-06-17;0.0
1941-06-18;0.0
1941-06-19;0.0
1941-06-20;0.0
1941-06-21;0.0
1941-06-22;0.0
1941-06-23;0.0
1941-06-24;0.0
1941-06-25;0.0
1941-06-26;0.0
1941-06-27;0.0
1941-06-28;0.0
1941-06-29;0.0
1941-06-30;4.6
1941-07-01;14.6
1941-07-02;0.0
1941-07-03;0.0
1941-07-04;0.0
1941-07-05;0.0
1941-07-06;0.0
1941-07-07;0.0
1941-07-08;0.0
1941-07-09;0.0
1941-07-10;0.0
1941-07-11;0.0
1941-07-12;0.0
1941-07-13;0.0
1941-07-14;0.0
1941-07-15;0.0
1941-07-16;0.0
1941-07-17;0.0
1941-07-18;0.0
1941-07-19;0.0
1941-07-20;0.0
1941-07-21;0.0
1941-07-22;0.0
1941-07-23;0.0
1941-07-24;0.0
1941-07-25;0.0
1941-07-26;0.0
1941-07-27;0.0
1941-07-28;5.0
1941-07-29;0.0
1941-07-30;0.0
1941-07-31;0.0
1941-08-01;0.0
1941-08-02;0.8
1941-08-03;3.4
1941-08-04;0.6
1941-08-05;0.0
1941-08-06;0.0
1941-08-07;0.0
1941-08-08;0.0
1941-08-09;0.0
1941-08-10;0.0
1941-08-11;0.0
1941-08-12;0.0
1941-08-13;0.0
1941-08-14;0.0
1941-08-15;0.0
1941-08-16;0.0
1941-08-17;0.0
1941-08-18;0.0
1941-08-19;0.0
1941-08-20;0.0
1941-08-21;0.0
1941-08-22;1.6
1941-08-23;0.0
1941-08-24;0.0
1941-08-25;0.0
1941-08-26;0.0
1941-08-27;0.0
1941-08-28;16.4
1941-08-29;0.2
1941-08-30;0.0
1941-08-31;1.0
1941-09-01;0.0
1941-09-02;0.0
1941-09-03;0.0
1941-09-04;0.0
1941-09-05;0.0
1941-09-06;0.0
1941-09-07;0.0
1941-09-08;0.0
1941-09-09;6.8
1941-09-10;0.0
1941-09-11;0.0
1941-09-12;0.0
1941-09-13;0.0
1941-09-14;0.0
1941-09-15;0.0
1941-09-16;0.0
1941-09-17;0.0
1941-09-18;0.0
1941-09-19;0.0
1941-09-20;0.0
1941-09-21;0.0
1941-09-22;0.0
1941-09-23;0.0
1941-09-24;0.0
1941-09-25;0.0
1941-09-26;0.0
1941-09-27;0.0
1941-09-28;0.0
1941-09-29;0.0
1941-09-30;11.8
1941-10-01;0.0
1941-10-02;0.0
1941-10-03;12.8
1941-10-04;2.4
1941-10-05;0.0
1941-10-06;0.0
1941-10-07;0.0
1941-10-08;0.0
1941-10-09;0.0
1941-10-10;0.0
1941-10-11;0.0
1941-10-12;13.2
1941-10-13;0.0
1941-10-14;0.0
1941-10-15;12.2
1941-10-16;0.0
1941-10-17;0.0
1941-10-18;0.0
1941-10-19;0.0
1941-10-20;0.0
1941-10-21;0.0
1941-10-22;0.0
1941-10-23;10.2
1941-10-24;12.6
1941-10-25;7.0
1941-10-26;0.2
1941-10-27;0.0
1941-10-28;0.0
1941-10-29;0.4
1941-10-30;8.8
1941-10-31;0.8
1941-11-01;16.0
1941-11-02;4.2
1941-11-03;0.0
1941-11-04;21.0
1941-11-05;3.8
1941-11-06;5.4
1941-11-07;0.0
1941-11-08;0.0
1941-11-09;0.8
1941-11-10;5.2
1941-11-11;34.2
1941-11-12;3.8
1941-11-13;0.0
1941-11-14;11.2
1941-11-15;3.2
1941-11-16;1.8
1941-11-17;0.0
1941-11-18;16.2
1941-11-19;0.0
1941-11-20;3.2
1941-11-21;1.9
1941-11-22;3.4
1941-11-23;13.6
1941-11-24;1.0
1941-11-25;0.0
1941-11-26;0.0
1941-11-27;0.0
1941-11-28;0.0
1941-11-29;0.0
1941-11-30;0.0
1941-12-01;0.0
1941-12-02;0.0
1941-12-03;0.0
1941-12-04;0.0
1941-12-05;0.0
1941-12-06;0.0
1941-12-07;9.2
1941-12-08;33.2
1941-12-09;3.2
1941-12-10;0.0
1941-12-11;4.0
1941-12-12;3.0
1941-12-13;0.2
1941-12-14;0.0
1941-12-15;0.0
1941-12-16;22.0
1941-12-17;1.6
1941-12-18;16.6
1941-12-19;0.0
1941-12-20;0.4
1941-12-21;0.0
1941-12-22;1.4
1941-12-23;0.0
1941-12-24;0.4
1941-12-25;0.0
1941-12-26;0.0
1941-12-27;0.0
1941-12-28;2.0
1941-12-29;0.0
1941-12-30;0.0
1941-12-31;0.0
1951-01-01;1.2
1951-01-02;15.2
1951-01-03;32.0
1951-01-04;1.4
1951-01-05;0.0
1951-01-06;0.0
1951-01-07;0.0
1951-01-08;1.6
1951-01-09;2.2
1951-01-10;3.2
1951-01-11;0.0
1951-01-12;8.0
1951-01-13;11.8
1951-01-14;0.0
1951-01-15;0.0
1951-01-16;2.8
1951-01-17;0.6
1951-01-18;0.0
1951-01-19;0.0
1951-01-20;0.0
1951-01-21;0.0
1951-01-22;0.0
1951-01-23;1.0
1951-01-24;2.8
1951-01-25;2.4
1951-01-26;13.8
1951-01-27;5.6
1951-01-28;13.8
1951-01-29;1.2
1951-01-30;0.4
1951-01-31;0.0
1951-02-01;0.6
1951-02-02;1.0
1951-02-03;0.0
1951-02-04;0.0
1951-02-05;19.6
1951-02-06;67.4
1951-02-07;21.6
1951-02-08;2.4
1951-02-09;0.0
1951-02-10;0.0
1951-02-11;0.0
1951-02-12;0.0
1951-02-13;18.2
1951-02-14;22.4
1951-02-15;2.0
1951-02-16;6.8
1951-02-17;0.0
1951-02-18;1.0
1951-02-19;12.2
1951-02-20;25.0
1951-02-21;5.0
1951-02-22;10.4
1951-02-23;0.0
1951-02-24;1.8
1951-02-25;21.4
1951-02-26;4.6
1951-02-27;1.6
1951-02-28;5.6
1951-03-01;0.2
1951-03-02;0.0
1951-03-03;0.0
1951-03-04;0.0
1951-03-05;1.6
1951-03-06;0.4
1951-03-07;35.6
1951-03-08;0.2
1951-03-09;5.8
1951-03-10;0.8
1951-03-11;4.8
1951-03-12;11.4
1951-03-13;0.2
1951-03-14;12.8
1951-03-15;0.0
1951-03-16;0.0
1951-03-17;0.0
1951-03-18;8.6
1951-03-19;3.4
1951-03-20;0.8
1951-03-21;0.0
1951-03-22;0.2
1951-03-23;0.0
1951-03-24;0.0
1951-03-25;22.6
1951-03-26;0.4
1951-03-27;0.0
1951-03-28;0.0
1951-03-29;0.4
1951-03-30;0.4
1951-03-31;8.8
1951-04-01;8.8
1951-04-02;0.0
1951-04-03;0.0
1951-04-04;22.6
1951-04-05;0.0
1951-04-06;0.0
1951-04-07;0.0
1951-04-08;0.2
1951-04-09;7.6
1951-04-10;0.0
1951-04-11;0.2
1951-04-12;6.6
1951-04-13;3.6
1951-04-14;0.2
1951-04-15;0.0
1951-04-16;0.0
1951-04-17;0.0
1951-04-18;0.0
1951-04-19;0.0
1951-04-20;0.0
1951-04-21;0.0
1951-04-22;0.2
1951-04-23;0.0
1951-04-24;0.0
1951-04-25;0.0
1951-04-26;0.0
1951-04-27;0.0
1951-04-28;0.0
1951-04-29;18.0
1951-04-30;0.0
1951-05-01;10.4
1951-05-02;10.0
1951-05-03;0.0
1951-05-04;0.0
1951-05-05;2.0
1951-05-06;0.0
1951-05-07;1.2
1951-05-08;13.0
1951-05-09;27.5
1951-05-10;16.2
1951-05-11;6.3
1951-05-12;0.0
1951-05-13;0.0
1951-05-14;0.0
1951-05-15;11.6
1951-05-16;14.2
1951-05-17;0.0
1951-05-18;4.5
1951-05-19;10.2
1951-05-20;14.7
1951-05-21;0.0
1951-05-22;0.0
1951-05-23;0.0
1951-05-24;0.0
1951-05-25;0.0
1951-05-26;0.0
1951-05-27;0.0
1951-05-28;0.0
1951-05-29;0.0
1951-05-30;0.0
1951-05-31;0.0
1951-06-01;0.0
1951-06-02;3.8
1951-06-03;6.6
1951-06-04;0.4
1951-06-05;22.8
1951-06-06;0.2
1951-06-07;0.0
1951-06-08;0.0
1951-06-09;16.0
1951-06-10;2.4
1951-06-11;0.0
1951-06-12;0.0
1951-06-13;0.0
1951-06-14;0.0
1951-06-15;0.0
1951-06-16;0.0
1951-06-17;0.0
1951-06-18;0.0
1951-06-19;0.0
1951-06-20;0.0
1951-06-21;0.0
1951-06-22;0.0
1951-06-23;0.0
1951-06-24;5.8
1951-06-25;0.0
1951-06-26;4.0
1951-06-27;0.0
1951-06-28;0.0
1951-06-29;0.0
1951-06-30;0.0
1951-07-01;0.2
1951-07-02;0.0
1951-07-03;0.0
1951-07-04;0.0
1951-07-05;0.0
1951-07-06;0.0
1951-07-07;0.0
1951-07-08;0.0
1951-07-09;1.8
1951-07-10;6.4
1951-07-11;0.0
1951-07-12;0.0
1951-07-13;0.0
1951-07-14;0.0
1951-07-15;3.8
1951-07-16;0.0
1951-07-17;0.0
1951-07-18;1.8
1951-07-19;1.8
1951-07-20;0.0
1951-07-21;0.0
1951-07-22;0.0
1951-07-23;0.0
1951-07-24;0.0
1951-07-25;8.6
1951-07-26;0.2
1951-07-27;0.0
1951-07-28;0.0
1951-07-29;0.0
1951-07-30;0.0
1951-07-31;0.0
1951-08-01;0.0
1951-08-02;0.0
1951-08-03;0.0
1951-08-04;0.8
1951-08-05;0.0
1951-08-06;0.0
1951-08-07;0.0
1951-08-08;0.0
1951-08-09;3.2
1951-08-10;0.2
1951-08-11;0.6
1951-08-12;6.4
1951-08-13;0.0
1951-08-14;0.0
1951-08-15;0.0
1951-08-16;0.0
1951-08-17;0.4
1951-08-18;0.0
1951-08-19;0.0
1951-08-20;0.0
1951-08-21;0.0
1951-08-22;2.4
1951-08-23;1.4
1951-08-24;0.0
1951-08-25;0.0
1951-08-26;0.0
1951-08-27;0.0
1951-08-28;0.0
1951-08-29;0.0
1951-08-30;0.0
1951-08-31;0.0
1951-09-01;0.0
1951-09-02;0.0
1951-09-03;3.6
1951-09-04;3.8
1951-09-05;0.0
1951-09-06;0.8
1951-09-07;1.4
1951-09-08;0.0
1951-09-09;0.0
1951-09-10;0.0
1951-09-11;0.0
1951-09-12;0.0
1951-09-13;0.0
1951-09-14;0.6
1951-09-15;1.6
1951-09-16;0.0
1951-09-17;0.0
1951-09-18;31.6
1951-09-19;9.4
1951-09-20;0.0
1951-09-21;0.0
1951-09-22;0.0
1951-09-23;0.0
1951-09-24;0.0
1951-09-25;71.2
1951-09-26;2.8
1951-09-27;0.0
1951-09-28;0.0
1951-09-29;0.0
1951-09-30;2.8
1951-10-01;11.6
1951-10-02;0.0
1951-10-03;0.0
1951-10-04;0.0
1951-10-05;0.0
1951-10-06;0.0
1951-10-07;0.0
1951-10-08;0.0
1951-10-09;0.6
1951-10-10;0.2
1951-10-11;0.0
1951-10-12;0.0
1951-10-13;0.0
1951-10-14;0.0
1951-10-15;0.0
1951-10-16;0.0
1951-10-17;0.0
1951-10-18;0.6
1951-10-19;9.0
1951-10-20;3.2
1951-10-21;0.0
1951-10-22;0.0
1951-10-23;0.4
1951-10-24;7.2
1951-10-25;39.4
1951-10-26;4.0
1951-10-27;0.0
1951-10-28;0.0
1951-10-29;0.0
1951-10-30;0.0
1951-10-31;0.0
1951-11-01;41.0
1951-11-02;6.4
1951-11-03;0.0
1951-11-04;7.2
1951-11-05;0.4
1951-11-06;0.8
1951-11-07;0.0
1951-11-08;21.6
1951-11-09;34.6
1951-11-10;0.2
1951-11-11;0.4
1951-11-12;9.8
1951-11-13;16.4
1951-11-14;14.4
1951-11-15;2.6
1951-11-16;0.0
1951-11-17;0.0
1951-11-18;0.0
1951-11-19;0.0
1951-11-20;0.2
1951-11-21;19.4
1951-11-22;0.6
1951-11-23;1.4
1951-11-24;0.0
1951-11-25;0.2
1951-11-26;0.0
1951-11-27;0.0
1951-11-28;0.0
1951-11-29;0.0
1951-11-30;0.0
1951-12-01;0.0
1951-12-02;0.0
1951-12-03;1.6
1951-12-04;20.4
1951-12-05;0.0
1951-12-06;0.0
1951-12-07;3.0
1951-12-08;20.8
1951-12-09;0.0
1951-12-10;3.0
1951-12-11;4.4
1951-12-12;0.0
1951-12-13;0.0
1951-12-14;0.0
1951-12-15;0.0
1951-12-16;0.0
1951-12-17;0.0
1951-12-18;0.0
1951-12-19;0.0
1951-12-20;0.0
1951-12-21;0.0
1951-12-22;0.0
1951-12-23;0.0
1951-12-24;0.0
1951-12-25;0.0
1951-12-26;1.0
1951-12-27;4.4
1951-12-28;14.0
1951-12-29;1.6
1951-12-30;0.4
1951-12-31;0.0
1952-01-01;0.0
1952-01-02;2.6
1952-01-03;0.2
1952-01-04;19.4
1952-01-05;0.0
1952-01-06;0.0
1952-01-07;0.0
1952-01-08;0.0
1952-01-09;0.0
1952-01-10;4.2
1952-01-11;8.0
1952-01-12;13.0
1952-01-13;28.6
1952-01-14;1.2
1952-01-15;0.0
1952-01-16;0.0
1952-01-17;2.8
1952-01-18;24.8
1952-01-19;0.2
1952-01-20;0.0
1952-01-21;0.0
1952-01-22;0.0
1952-01-23;0.0
1952-01-24;0.0
1952-01-25;4.8
1952-01-26;19.2
1952-01-27;19.4
1952-01-28;42.0
1952-01-29;3.2
1952-01-30;1.2
1952-01-31;0.0
1952-02-01;15.0
1952-02-02;18.6
1952-02-03;0.0
1952-02-04;0.0
1952-02-05;0.0
1952-02-06;0.0
1952-02-07;0.0
1952-02-08;0.0
1952-02-09;0.4
1952-02-10;0.0
1952-02-11;0.4
1952-02-12;9.6
1952-02-13;16.6
1952-02-14;34.8
1952-02-15;20.4
1952-02-16;9.8
1952-02-17;7.4
1952-02-18;0.0
1952-02-19;0.0
1952-02-20;0.0
1952-02-21;0.0
1952-02-22;0.0
1952-02-23;0.0
1952-02-24;0.0
1952-02-25;0.0
1952-02-26;0.0
1952-02-27;0.0
1952-02-28;0.0
1952-02-29;0.0
1952-03-01;0.0
1952-03-02;0.0
1952-03-03;0.0
1952-03-04;0.4
1952-03-05;0.0
1952-03-06;0.8
1952-03-07;0.0
1952-03-08;0.0
1952-03-09;0.0
1952-03-10;0.0
1952-03-11;0.0
1952-03-12;0.0
1952-03-13;0.0
1952-03-14;0.0
1952-03-15;0.0
1952-03-16;0.0
1952-03-17;0.0
1952-03-18;0.0
1952-03-19;0.0
1952-03-20;0.0
1952-03-21;0.0
1952-03-22;0.0
1952-03-23;0.0
1952-03-24;0.0
1952-03-25;1.0
1952-03-26;3.6
1952-03-27;0.0
1952-03-28;2.4
1952-03-29;0.0
1952-03-30;0.0
1952-03-31;11.8
1952-04-01;5.4
1952-04-02;28.0
1952-04-03;3.0
1952-04-04;0.0
1952-04-05;0.0
1952-04-06;1.6
1952-04-07;5.0
1952-04-08;0.0
1952-04-09;0.0
1952-04-10;0.0
1952-04-11;0.0
1952-04-12;0.0
1952-04-13;0.0
1952-04-14;0.0
1952-04-15;0.0
1952-04-16;0.0
1952-04-17;0.0
1952-04-18;0.0
1952-04-19;0.0
1952-04-20;0.0
1952-04-21;0.0
1952-04-22;0.0
1952-04-23;5.2
1952-04-24;2.6
1952-04-25;7.2
1952-04-26;0.0
1952-04-27;1.6
1952-04-28;0.0
1952-04-29;0.0
1952-04-30;0.0
1952-05-01;0.0
1952-05-02;0.0
1952-05-03;9.0
1952-05-04;9.6
1952-05-05;9.0
1952-05-06;0.0
1952-05-07;0.8
1952-05-08;0.0
1952-05-09;0.0
1952-05-10;0.0
1952-05-11;0.0
1952-05-12;0.0
1952-05-13;0.0
1952-05-14;0.0
1952-05-15;0.0
1952-05-16;0.0
1952-05-17;0.0
1952-05-18;0.0
1952-05-19;0.0
1952-05-20;0.0
1952-05-21;45.0
1952-05-22;0.0
1952-05-23;0.0
1952-05-24;0.0
1952-05-25;0.0
1952-05-26;0.0
1952-05-27;2.0
1952-05-28;0.0
1952-05-29;0.0
1952-05-30;0.0
1952-05-31;0.0
1952-06-01;0.0
1952-06-02;0.0
1952-06-03;0.0
1952-06-04;0.0
1952-06-05;0.0
1952-06-06;0.0
1952-06-07;0.0
1952-06-08;0.0
1952-06-09;3.5
1952-06-10;5.5
1952-06-11;7.0
1952-06-12;0.0
1952-06-13;0.0
1952-06-14;0.0
1952-06-15;0.0
1952-06-16;0.0
1952-06-17;0.0
1952-06-18;0.0
1952-06-19;0.0
1952-06-20;0.0
1952-06-21;0.0
1952-06-22;0.0
1952-06-23;0.0
1952-06-24;0.0
1952-06-25;0.0
1952-06-26;0.0
1952-06-27;0.0
1952-06-28;0.0
1952-06-29;0.0
1952-06-30;0.0
1952-07-01;0.0
1952-07-02;0.0
1952-07-03;0.0
1952-07-04;0.0
1952-07-05;0.0
1952-07-06;0.0
1952-07-07;0.0
1952-07-08;0.0
1952-07-09;0.0
1952-07-10;0.0
1952-07-11;0.0
1952-07-12;0.0
1952-07-13;0.0
1952-07-14;0.0
1952-07-15;0.0
1952-07-16;0.0
1952-07-17;0.0
1952-07-18;0.0
1952-07-19;0.0
1952-07-20;0.0
1952-07-21;0.0
1952-07-22;19.0
1952-07-23;4.0
1952-07-24;9.0
1952-07-25;0.5
1952-07-26;0.0
1952-07-27;0.0
1952-07-28;12.0
1952-07-29;25.0
1952-07-30;0.0
1952-07-31;0.0
1952-08-01;0.0
1952-08-02;0.0
1952-08-03;0.0
1952-08-04;0.0
1952-08-05;0.0
1952-08-06;0.0
1952-08-07;0.0
1952-08-08;2.0
1952-08-09;0.0
1952-08-10;12.7
1952-08-11;6.0
1952-08-12;0.0
1952-08-13;0.0
1952-08-14;0.0
1952-08-15;0.0
1952-08-16;0.0
1952-08-17;0.0
1952-08-18;2.3
1952-08-19;0.0
1952-08-20;18.0
1952-08-21;0.0
1952-08-22;4.0
1952-08-23;0.0
1952-08-24;8.0
1952-08-25;15.0
1952-08-26;0.0
1952-08-27;0.0
1952-08-28;0.0
1952-08-29;0.0
1952-08-30;0.0
1952-08-31;0.0
1952-09-01;0.0
1952-09-02;0.0
1952-09-03;0.0
1952-09-04;0.0
1952-09-05;0.0
1952-09-06;0.0
1952-09-07;8.0
1952-09-08;0.4
1952-09-09;4.8
1952-09-10;0.0
1952-09-11;2.4
1952-09-12;8.4
1952-09-13;0.0
1952-09-14;0.0
1952-09-15;0.0
1952-09-16;0.6
1952-09-17;0.0
1952-09-18;90.0
1952-09-19;5.6
1952-09-20;0.8
1952-09-21;0.0
1952-09-22;0.0
1952-09-23;0.0
1952-09-24;0.0
1952-09-25;0.0
1952-09-26;19.4
1952-09-27;8.8
1952-09-28;7.2
1952-09-29;0.4
1952-09-30;19.6
1952-10-01;1.0
1952-10-02;17.2
1952-10-03;0.0
1952-10-04;1.0
1952-10-05;3.0
1952-10-06;0.6
1952-10-07;0.0
1952-10-08;1.6
1952-10-09;0.4
1952-10-10;0.0
1952-10-11;1.4
1952-10-12;6.2
1952-10-13;0.0
1952-10-14;22.8
1952-10-15;0.4
1952-10-16;0.0
1952-10-17;0.0
1952-10-18;0.0
1952-10-19;1.2
1952-10-20;2.2
1952-10-21;1.6
1952-10-22;45.2
1952-10-23;11.4
1952-10-24;4.8
1952-10-25;7.8
1952-10-26;1.8
1952-10-27;5.0
1952-10-28;0.0
1952-10-29;0.4
1952-10-30;3.0
1952-10-31;11.6
1952-11-01;21.6
1952-11-02;0.0
1952-11-03;0.0
1952-11-04;0.0
1952-11-05;0.0
1952-11-06;0.0
1952-11-07;1.2
1952-11-08;5.2
1952-11-09;0.0
1952-11-10;0.0
1952-11-11;0.0
1952-11-12;0.0
1952-11-13;0.0
1952-11-14;0.0
1952-11-15;0.0
1952-11-16;0.2
1952-11-17;0.0
1952-11-18;6.0
1952-11-19;6.8
1952-11-20;42.0
1952-11-21;0.0
1952-11-22;2.6
1952-11-23;11.4
1952-11-24;8.6
1952-11-25;3.6
1952-11-26;39.4
1952-11-27;7.0
1952-11-28;0.0
1952-11-29;0.0
1952-11-30;3.2
1952-12-01;4.2
1952-12-02;8.0
1952-12-03;12.0
1952-12-04;41.0
1952-12-05;0.0
1952-12-06;0.0
1952-12-07;0.0
1952-12-08;0.0
1952-12-09;0.0
1952-12-10;0.0
1952-12-11;0.0
1952-12-12;2.2
1952-12-13;20.0
1952-12-14;24.6
1952-12-15;7.8
1952-12-16;2.8
1952-12-17;28.0
1952-12-18;24.8
1952-12-19;3.6
1952-12-20;0.0
1952-12-21;0.0
1952-12-22;0.0
1952-12-23;0.0
1952-12-24;0.0
1952-12-25;0.0
1952-12-26;0.0
1952-12-27;0.0
1952-12-28;11.6
1952-12-29;7.0
1952-12-30;33.0
1952-12-31;10.4
1953-01-01;12.4
1953-01-02;11.0
1953-01-03;0.0
1953-01-04;0.0
1953-01-05;0.0
1953-01-06;0.2
1953-01-07;0.0
1953-01-08;0.0
1953-01-09;2.0
1953-01-10;0.0
1953-01-11;1.2
1953-01-12;2.0
1953-01-13;0.0
1953-01-14;0.0
1953-01-15;0.0
1953-01-16;0.0
1953-01-17;0.0
1953-01-18;0.0
1953-01-19;0.0
1953-01-20;0.0
1953-01-21;0.0
1953-01-22;0.0
1953-01-23;2.4
1953-01-24;0.0
1953-01-25;0.2
1953-01-26;0.6
1953-01-27;2.0
1953-01-28;3.6
1953-01-29;11.2
1953-01-30;1.2
1953-01-31;0.0
1953-02-01;1.2
1953-02-02;0.8
1953-02-03;0.0
1953-02-04;0.0
1953-02-05;0.0
1953-02-06;0.0
1953-02-07;10.4
1953-02-08;0.0
1953-02-09;0.0
1953-02-10;0.0
1953-02-11;4.8
1953-02-12;0.0
1953-02-13;1.2
1953-02-14;6.0
1953-02-15;2.8
1953-02-16;0.0
1953-02-17;0.0
1953-02-18;0.0
1953-02-19;6.8
1953-02-20;2.4
1953-02-21;0.0
1953-02-22;0.0
1953-02-23;0.0
1953-02-24;0.0
1953-02-25;0.0
1953-02-26;0.0
1953-02-27;0.0
1953-02-28;0.0
1953-03-01;0.0
1953-03-02;0.0
1953-03-03;0.0
1953-03-04;0.0
1953-03-05;0.0
1953-03-06;0.0
1953-03-07;0.0
1953-03-08;1.4
1953-03-09;0.0
1953-03-10;0.0
1953-03-11;0.0
1953-03-12;0.0
1953-03-13;0.0
1953-03-14;0.0
1953-03-15;0.0
1953-03-16;0.0
1953-03-17;0.0
1953-03-18;0.0
1953-03-19;0.0
1953-03-20;0.0
1953-03-21;0.0
1953-03-22;0.0
1953-03-23;0.0
1953-03-24;0.0
1953-03-25;0.0
1953-03-26;0.0
1953-03-27;0.0
1953-03-28;0.0
1953-03-29;0.0
1953-03-30;0.0
1953-03-31;0.0
1953-04-01;0.0
1953-04-02;0.0
1953-04-03;0.0
1953-04-04;0.0
1953-04-05;0.4
1953-04-06;0.0
1953-04-07;0.0
1953-04-08;0.0
1953-04-09;0.0
1953-04-10;4.2
1953-04-11;0.4
1953-04-12;0.2
1953-04-13;0.0
1953-04-14;0.0
1953-04-15;9.4
1953-04-16;11.0
1953-04-17;7.4
1953-04-18;0.0
1953-04-19;0.0
1953-04-20;0.0
1953-04-21;0.0
1953-04-22;0.0
1953-04-23;0.0
1953-04-24;0.0
1953-04-25;20.0
1953-04-26;0.2
1953-04-27;7.0
1953-04-28;36.6
1953-04-29;0.0
1953-04-30;0.8
1953-05-01;0.0
1953-05-02;0.0
1953-05-03;0.0
1953-05-04;0.0
1953-05-05;0.0
1953-05-06;0.0
1953-05-07;0.0
1953-05-08;3.6
1953-05-09;0.0
1953-05-10;0.0
1953-05-11;0.0
1953-05-12;9.0
1953-05-13;8.6
1953-05-14;0.8
1953-05-15;15.2
1953-05-16;0.0
1953-05-17;0.0
1953-05-18;0.0
1953-05-19;0.0
1953-05-20;0.0
1953-05-21;0.0
1953-05-22;1.2
1953-05-23;0.0
1953-05-24;0.0
1953-05-25;0.0
1953-05-26;0.0
1953-05-27;0.0
1953-05-28;0.0
1953-05-29;13.4
1953-05-30;0.0
1953-05-31;0.2
1953-06-01;3.4
1953-06-02;0.0
1953-06-03;8.2
1953-06-04;0.0
1953-06-05;0.0
1953-06-06;0.4
1953-06-07;0.0
1953-06-08;11.0
1953-06-09;39.4
1953-06-10;1.8
1953-06-11;1.0
1953-06-12;1.0
1953-06-13;0.0
1953-06-14;0.0
1953-06-15;0.6
1953-06-16;0.0
1953-06-17;0.0
1953-06-18;0.0
1953-06-19;4.0
1953-06-20;0.0
1953-06-21;0.0
1953-06-22;1.8
1953-06-23;0.0
1953-06-24;0.0
1953-06-25;0.0
1953-06-26;0.0
1953-06-27;0.0
1953-06-28;0.0
1953-06-29;0.0
1953-06-30;1.2
1953-07-01;0.0
1953-07-02;0.2
1953-07-03;1.2
1953-07-04;0.0
1953-07-05;1.0
1953-07-06;0.0
1953-07-07;0.0
1953-07-08;0.0
1953-07-09;0.0
1953-07-10;0.0
1953-07-11;2.0
1953-07-12;0.0
1953-07-13;8.6
1953-07-14;14.0
1953-07-15;0.0
1953-07-16;0.0
1953-07-17;0.0
1953-07-18;0.0
1953-07-19;0.0
1953-07-20;0.0
1953-07-21;0.0
1953-07-22;0.0
1953-07-23;0.0
1953-07-24;0.0
1953-07-25;0.0
1953-07-26;0.0
1953-07-27;0.0
1953-07-28;0.0
1953-07-29;0.0
1953-07-30;0.0
1953-07-31;0.0
1953-08-01;0.0
1953-08-02;0.0
1953-08-03;0.0
1953-08-04;1.6
1953-08-05;0.0
1953-08-06;0.0
1953-08-07;0.0
1953-08-08;0.0
1953-08-09;0.0
1953-08-10;2.4
1953-08-11;0.0
1953-08-12;0.0
1953-08-13;0.0
1953-08-14;0.0
1953-08-15;0.0
1953-08-16;0.0
1953-08-17;0.0
1953-08-18;0.0
1953-08-19;0.0
1953-08-20;0.0
1953-08-21;0.0
1953-08-22;1.2
1953-08-23;0.0
1953-08-24;0.0
1953-08-25;0.0
1953-08-26;0.0
1953-08-27;10.6
1953-08-28;4.2
1953-08-29;0.0
1953-08-30;0.0
1953-08-31;0.0
1953-09-01;0.0
1953-09-02;0.0
1953-09-03;0.0
1953-09-04;0.0
1953-09-05;0.0
1953-09-06;0.0
1953-09-07;0.0
1953-09-08;0.0
1953-09-09;0.0
1953-09-10;0.0
1953-09-11;0.6
1953-09-12;13.4
1953-09-13;0.0
1953-09-14;0.0
1953-09-15;0.0
1953-09-16;2.2
1953-09-17;5.8
1953-09-18;0.2
1953-09-19;12.0
1953-09-20;0.2
1953-09-21;0.8
1953-09-22;0.0
1953-09-23;1.6
1953-09-24;0.0
1953-09-25;0.0
1953-09-26;0.0
1953-09-27;0.0
1953-09-28;0.0
1953-09-29;0.6
1953-09-30;0.0
1953-10-01;5.8
1953-10-02;0.0
1953-10-03;0.0
1953-10-04;0.0
1953-10-05;9.4
1953-10-06;0.0
1953-10-07;0.0
1953-10-08;0.0
1953-10-09;0.4
1953-10-10;0.0
1953-10-11;0.0
1953-10-12;0.0
1953-10-13;0.0
1953-10-14;42.4
1953-10-15;2.4
1953-10-16;4.6
1953-10-17;8.6
1953-10-18;1.8
1953-10-19;0.2
1953-10-20;2.8
1953-10-21;0.2
1953-10-22;0.0
1953-10-23;0.6
1953-10-24;3.2
1953-10-25;5.2
1953-10-26;21.0
1953-10-27;11.0
1953-10-28;7.0
1953-10-29;2.0
1953-10-30;2.2
1953-10-31;0.6
1953-11-01;0.2
1953-11-02;1.6
1953-11-03;17.2
1953-11-04;4.0
1953-11-05;0.0
1953-11-06;0.0
1953-11-07;0.0
1953-11-08;0.0
1953-11-09;0.0
1953-11-10;0.0
1953-11-11;0.0
1953-11-12;0.0
1953-11-13;0.0
1953-11-14;0.0
1953-11-15;0.0
1953-11-16;0.0
1953-11-17;0.0
1953-11-18;0.0
1953-11-19;0.0
1953-11-20;0.0
1953-11-21;0.0
1953-11-22;0.0
1953-11-23;0.0
1953-11-24;0.0
1953-11-25;0.0
1953-11-26;0.0
1953-11-27;0.0
1953-11-28;0.0
1953-11-29;0.0
1953-11-30;1.4
1953-12-01;0.0
1953-12-02;0.0
1953-12-03;0.0
1953-12-04;0.0
1953-12-05;0.0
1953-12-06;0.0
1953-12-07;0.0
1953-12-08;7.2
1953-12-09;13.6
1953-12-10;9.8
1953-12-11;8.6
1953-12-12;0.0
1953-12-13;0.0
1953-12-14;0.0
1953-12-15;0.0
1953-12-16;0.0
1953-12-17;0.0
1953-12-18;0.0
1953-12-19;0.0
1953-12-20;29.4
1953-12-21;12.8
1953-12-22;0.0
1953-12-23;0.0
1953-12-24;0.0
1953-12-25;0.0
1953-12-26;0.0
1953-12-27;0.0
1953-12-28;0.8
1953-12-29;0.0
1953-12-30;0.0
1953-12-31;0.0
1954-01-01;0.0
1954-01-02;0.0
1954-01-03;0.0
1954-01-04;0.0
1954-01-05;1.4
1954-01-06;3.2
1954-01-07;0.0
1954-01-08;0.0
1954-01-09;0.0
1954-01-10;0.0
1954-01-11;0.0
1954-01-12;0.8
1954-01-13;0.0
1954-01-14;8.2
1954-01-15;14.0
1954-01-16;0.0
1954-01-17;0.0
1954-01-18;0.0
1954-01-19;0.0
1954-01-20;0.0
1954-01-21;0.2
1954-01-22;0.0
1954-01-23;0.0
1954-01-24;0.0
1954-01-25;0.0
1954-01-26;0.0
1954-01-27;0.0
1954-01-28;0.0
1954-01-29;0.0
1954-01-30;0.0
1954-01-31;0.0
1954-02-01;0.0
1954-02-02;0.0
1954-02-03;0.0
1954-02-04;0.0
1954-02-05;0.0
1954-02-06;0.6
1954-02-07;0.2
1954-02-08;0.0
1954-02-09;0.0
1954-02-10;0.0
1954-02-11;1.6
1954-02-12;7.6
1954-02-13;27.0
1954-02-14;0.0
1954-02-15;0.4
1954-02-16;2.0
1954-02-17;0.0
1954-02-18;0.0
1954-02-19;0.0
1954-02-20;0.0
1954-02-21;0.0
1954-02-22;0.0
1954-02-23;0.0
1954-02-24;0.0
1954-02-25;0.0
1954-02-26;2.8
1954-02-27;2.4
1954-02-28;0.0
1954-03-01;0.0
1954-03-02;0.0
1954-03-03;11.0
1954-03-04;0.0
1954-03-05;8.6
1954-03-06;2.0
1954-03-07;0.0
1954-03-08;0.0
1954-03-09;0.0
1954-03-10;0.0
1954-03-11;0.0
1954-03-12;0.0
1954-03-13;0.0
1954-03-14;3.6
1954-03-15;0.0
1954-03-16;0.0
1954-03-17;0.0
1954-03-18;0.0
1954-03-19;0.0
1954-03-20;1.6
1954-03-21;1.8
1954-03-22;0.0
1954-03-23;0.0
1954-03-24;3.2
1954-03-25;0.0
1954-03-26;0.0
1954-03-27;0.4
1954-03-28;13.0
1954-03-29;0.0
1954-03-30;0.0
1954-03-31;0.0
1954-04-01;0.0
1954-04-02;0.0
1954-04-03;0.0
1954-04-04;0.0
1954-04-05;0.0
1954-04-06;0.0
1954-04-07;0.0
1954-04-08;0.0
1954-04-09;0.0
1954-04-10;0.0
1954-04-11;0.0
1954-04-12;0.0
1954-04-13;0.0
1954-04-14;0.0
1954-04-15;0.0
1954-04-16;0.0
1954-04-17;0.0
1954-04-18;0.0
1954-04-19;0.0
1954-04-20;3.4
1954-04-21;1.4
1954-04-22;1.0
1954-04-23;0.0
1954-04-24;0.0
1954-04-25;0.0
1954-04-26;0.0
1954-04-27;4.6
1954-04-28;22.2
1954-04-29;6.6
1954-04-30;2.8
1954-05-01;8.2
1954-05-02;5.4
1954-05-03;1.8
1954-05-04;35.0
1954-05-05;4.0
1954-05-06;1.6
1954-05-07;2.8
1954-05-08;0.0
1954-05-09;0.0
1954-05-10;0.0
1954-05-11;0.0
1954-05-12;1.6
1954-05-13;0.0
1954-05-14;2.0
1954-05-15;9.4
1954-05-16;22.0
1954-05-17;3.8
1954-05-18;5.8
1954-05-19;1.4
1954-05-20;2.6
1954-05-21;17.0
1954-05-22;22.4
1954-05-23;5.0
1954-05-24;3.4
1954-05-25;6.8
1954-05-26;0.0
1954-05-27;0.0
1954-05-28;0.0
1954-05-29;0.0
1954-05-30;0.0
1954-05-31;0.0
1954-06-01;0.4
1954-06-02;8.2
1954-06-03;0.0
1954-06-04;10.4
1954-06-05;11.6
1954-06-06;0.0
1954-06-07;0.0
1954-06-08;0.0
1954-06-09;0.0
1954-06-10;0.8
1954-06-11;2.6
1954-06-12;0.0
1954-06-13;0.0
1954-06-14;0.0
1954-06-15;8.0
1954-06-16;4.2
1954-06-17;0.0
1954-06-18;0.4
1954-06-19;0.0
1954-06-20;0.6
1954-06-21;0.0
1954-06-22;0.0
1954-06-23;0.0
1954-06-24;0.0
1954-06-25;0.0
1954-06-26;0.0
1954-06-27;0.0
1954-06-28;0.0
1954-06-29;0.0
1954-06-30;0.0
1954-07-01;0.0
1954-07-02;2.0
1954-07-03;7.4
1954-07-04;0.0
1954-07-05;0.0
1954-07-06;0.0
1954-07-07;0.0
1954-07-08;0.0
1954-07-09;0.0
1954-07-10;0.0
1954-07-11;3.0
1954-07-12;0.0
1954-07-13;9.0
1954-07-14;3.6
1954-07-15;0.0
1954-07-16;0.0
1954-07-17;0.2
1954-07-18;0.0
1954-07-19;0.0
1954-07-20;0.0
1954-07-21;0.0
1954-07-22;0.0
1954-07-23;0.0
1954-07-24;0.0
1954-07-25;0.0
1954-07-26;0.0
1954-07-27;0.0
1954-07-28;0.0
1954-07-29;0.0
1954-07-30;0.0
1954-07-31;0.4
1954-08-01;0.0
1954-08-02;0.0
1954-08-03;0.0
1954-08-04;0.0
1954-08-05;0.0
1954-08-06;0.0
1954-08-07;0.0
1954-08-08;0.0
1954-08-09;0.0
1954-08-10;0.0
1954-08-11;0.0
1954-08-12;0.0
1954-08-13;0.0
1954-08-14;0.0
1954-08-15;0.0
1954-08-16;18.8
1954-08-17;21.0
1954-08-18;0.0
1954-08-19;0.0
1954-08-20;0.0
1954-08-21;0.0
1954-08-22;12.0
1954-08-23;19.6
1954-08-24;0.0
1954-08-25;3.2
1954-08-26;17.2
1954-08-27;0.0
1954-08-28;0.0
1954-08-29;0.0
1954-08-30;0.0
1954-08-31;0.0
1954-09-01;0.0
1954-09-02;0.0
1954-09-03;0.0
1954-09-04;0.0
1954-09-05;0.0
1954-09-06;0.0
1954-09-07;0.0
1954-09-08;0.0
1954-09-09;0.0
1954-09-10;0.0
1954-09-11;0.0
1954-09-12;0.0
1954-09-13;0.0
1954-09-14;0.0
1954-09-15;0.0
1954-09-16;1.0
1954-09-17;0.0
1954-09-18;0.0
1954-09-19;0.0
1954-09-20;0.0
1954-09-21;0.0
1954-09-22;2.0
1954-09-23;0.4
1954-09-24;0.0
1954-09-25;0.0
1954-09-26;10.2
1954-09-27;0.0
1954-09-28;0.0
1954-09-29;1.0
1954-09-30;6.6
1954-10-01;0.0
1954-10-02;0.0
1954-10-03;0.0
1954-10-04;0.0
1954-10-05;0.0
1954-10-06;0.0
1954-10-07;0.0
1954-10-08;4.4
1954-10-09;0.0
1954-10-10;0.0
1954-10-11;0.0
1954-10-12;0.0
1954-10-13;0.0
1954-10-14;0.0
1954-10-15;0.0
1954-10-16;0.0
1954-10-17;0.0
1954-10-18;0.4
1954-10-19;0.0
1954-10-20;0.0
1954-10-21;0.6
1954-10-22;16.4
1954-10-23;17.0
1954-10-24;0.0
1954-10-25;0.0
1954-10-26;18.2
1954-10-27;0.4
1954-10-28;0.2
1954-10-29;0.0
1954-10-30;0.0
1954-10-31;0.0
1954-11-01;0.0
1954-11-02;0.0
1954-11-03;0.0
1954-11-04;4.0
1954-11-05;0.0
1954-11-06;0.0
1954-11-07;0.0
1954-11-08;6.6
1954-11-09;25.6
1954-11-10;16.6
1954-11-11;6.4
1954-11-12;0.0
1954-11-13;0.2
1954-11-14;0.0
1954-11-15;0.0
1954-11-16;0.0
1954-11-17;0.0
1954-11-18;0.0
1954-11-19;0.0
1954-11-20;0.0
1954-11-21;0.0
1954-11-22;0.0
1954-11-23;0.0
1954-11-24;0.0
1954-11-25;14.0
1954-11-26;0.4
1954-11-27;0.0
1954-11-28;0.2
1954-11-29;3.0
1954-11-30;0.0
1954-12-01;0.4
1954-12-02;3.0
1954-12-03;3.2
1954-12-04;0.0
1954-12-05;0.0
1954-12-06;0.0
1954-12-07;0.4
1954-12-08;19.6
1954-12-09;0.0
1954-12-10;0.0
1954-12-11;9.2
1954-12-12;0.2
1954-12-13;0.0
1954-12-14;0.0
1954-12-15;0.0
1954-12-16;0.0
1954-12-17;0.0
1954-12-18;0.0
1954-12-19;0.0
1954-12-20;0.0
1954-12-21;0.0
1954-12-22;0.2
1954-12-23;0.4
1954-12-24;0.6
1954-12-25;0.2
1954-12-26;0.0
1954-12-27;0.0
1954-12-28;0.0
1954-12-29;0.0
1954-12-30;0.2
1954-12-31;0.0
1955-01-01;0.0
1955-01-02;0.0
1955-01-03;0.0
1955-01-04;4.8
1955-01-05;0.0
1955-01-06;0.0
1955-01-07;11.6
1955-01-08;5.4
1955-01-09;0.0
1955-01-10;1.0
1955-01-11;0.4
1955-01-12;11.8
1955-01-13;18.4
1955-01-14;2.2
1955-01-15;1.0
1955-01-16;2.2
1955-01-17;19.8
1955-01-18;10.0
1955-01-19;6.6
1955-01-20;0.0
1955-01-21;0.0
1955-01-22;0.0
1955-01-23;0.0
1955-01-24;0.0
1955-01-25;0.0
1955-01-26;0.0
1955-01-27;0.0
1955-01-28;0.0
1955-01-29;0.0
1955-01-30;0.0
1955-01-31;0.0
1955-02-01;0.0
1955-02-02;4.4
1955-02-03;7.6
1955-02-04;2.0
1955-02-05;1.6
1955-02-06;3.8
1955-02-07;5.4
1955-02-08;0.0
1955-02-09;0.4
1955-02-10;0.2
1955-02-11;0.0
1955-02-12;0.0
1955-02-13;2.6
1955-02-14;14.0
1955-02-15;0.0
1955-02-16;11.0
1955-02-17;45.0
1955-02-18;39.0
1955-02-19;7.0
1955-02-20;20.0
1955-02-21;5.0
1955-02-22;10.0
1955-02-23;1.8
1955-02-24;29.0
1955-02-25;14.8
1955-02-26;5.6
1955-02-27;4.8
1955-02-28;1.8
1955-03-01;0.2
1955-03-02;0.0
1955-03-03;0.0
1955-03-04;0.0
1955-03-05;2.0
1955-03-06;1.6
1955-03-07;25.0
1955-03-08;11.6
1955-03-09;3.2
1955-03-10;6.2
1955-03-11;3.2
1955-03-12;7.2
1955-03-13;0.0
1955-03-14;0.0
1955-03-15;0.0
1955-03-16;0.0
1955-03-17;0.0
1955-03-18;3.4
1955-03-19;2.4
1955-03-20;0.0
1955-03-21;1.2
1955-03-22;8.2
1955-03-23;0.0
1955-03-24;0.2
1955-03-25;0.0
1955-03-26;0.0
1955-03-27;0.0
1955-03-28;1.0
1955-03-29;0.0
1955-03-30;5.0
1955-03-31;1.0
1955-04-01;0.0
1955-04-02;0.0
1955-04-03;0.0
1955-04-04;0.0
1955-04-05;0.0
1955-04-06;0.0
1955-04-07;0.0
1955-04-08;0.0
1955-04-09;0.0
1955-04-10;0.6
1955-04-11;2.4
1955-04-12;0.0
1955-04-13;0.8
1955-04-14;0.0
1955-04-15;0.0
1955-04-16;0.0
1955-04-17;0.0
1955-04-18;0.0
1955-04-19;0.0
1955-04-20;0.0
1955-04-21;0.0
1955-04-22;0.0
1955-04-23;0.0
1955-04-24;0.0
1955-04-25;0.0
1955-04-26;0.0
1955-04-27;0.0
1955-04-28;0.0
1955-04-29;0.0
1955-04-30;0.0
1955-05-01;0.0
1955-05-02;0.0
1955-05-03;0.2
1955-05-04;0.0
1955-05-05;0.0
1955-05-06;0.2
1955-05-07;0.0
1955-05-08;3.0
1955-05-09;0.0
1955-05-10;0.0
1955-05-11;0.0
1955-05-12;10.2
1955-05-13;0.0
1955-05-14;0.0
1955-05-15;0.0
1955-05-16;22.4
1955-05-17;0.0
1955-05-18;0.0
1955-05-19;2.2
1955-05-20;0.0
1955-05-21;0.0
1955-05-22;6.4
1955-05-23;0.0
1955-05-24;0.0
1955-05-25;0.0
1955-05-26;1.8
1955-05-27;4.6
1955-05-28;0.2
1955-05-29;0.6
1955-05-30;3.6
1955-05-31;0.0
1955-06-01;0.0
1955-06-02;0.0
1955-06-03;0.0
1955-06-04;0.0
1955-06-05;1.4
1955-06-06;0.0
1955-06-07;0.0
1955-06-08;0.0
1955-06-09;0.0
1955-06-10;4.2
1955-06-11;1.2
1955-06-12;10.4
1955-06-13;0.0
1955-06-14;0.0
1955-06-15;0.0
1955-06-16;0.0
1955-06-17;0.0
1955-06-18;0.0
1955-06-19;0.6
1955-06-20;0.0
1955-06-21;2.8
1955-06-22;0.2
1955-06-23;1.4
1955-06-24;0.0
1955-06-25;0.0
1955-06-26;0.0
1955-06-27;0.0
1955-06-28;0.0
1955-06-29;12.8
1955-06-30;0.2
1955-07-01;0.0
1955-07-02;0.0
1955-07-03;0.0
1955-07-04;0.4
1955-07-05;0.0
1955-07-06;12.0
1955-07-07;1.0
1955-07-08;0.0
1955-07-09;0.0
1955-07-10;0.0
1955-07-11;0.0
1955-07-12;0.0
1955-07-13;0.0
1955-07-14;0.0
1955-07-15;0.2
1955-07-16;11.0
1955-07-17;0.0
1955-07-18;0.0
1955-07-19;0.0
1955-07-20;0.0
1955-07-21;0.0
1955-07-22;0.0
1955-07-23;0.0
1955-07-24;0.0
1955-07-25;0.0
1955-07-26;2.0
1955-07-27;0.0
1955-07-28;6.5
1955-07-29;0.0
1955-07-30;5.3
1955-07-31;0.0
1955-08-01;0.0
1955-08-02;0.0
1955-08-03;0.0
1955-08-04;0.0
1955-08-05;0.0
1955-08-06;0.0
1955-08-07;0.0
1955-08-08;24.0
1955-08-09;7.8
1955-08-10;1.2
1955-08-11;0.0
1955-08-12;0.0
1955-08-13;3.2
1955-08-14;0.0
1955-08-15;0.0
1955-08-16;0.0
1955-08-17;0.0
1955-08-18;0.0
1955-08-19;0.0
1955-08-20;0.0
1955-08-21;0.0
1955-08-22;0.0
1955-08-23;0.0
1955-08-24;0.0
1955-08-25;0.0
1955-08-26;0.0
1955-08-27;0.0
1955-08-28;0.0
1955-08-29;0.0
1955-08-30;0.0
1955-08-31;0.0
1955-09-01;18.8
1955-09-02;0.0
1955-09-03;0.0
1955-09-04;0.0
1955-09-05;0.0
1955-09-06;0.0
1955-09-07;0.0
1955-09-08;17.2
1955-09-09;0.0
1955-09-10;2.8
1955-09-11;6.6
1955-09-12;3.6
1955-09-13;41.0
1955-09-14;2.8
1955-09-15;0.4
1955-09-16;1.0
1955-09-17;0.0
1955-09-18;0.0
1955-09-19;0.0
1955-09-20;0.0
1955-09-21;0.0
1955-09-22;0.0
1955-09-23;0.0
1955-09-24;0.0
1955-09-25;0.0
1955-09-26;0.0
1955-09-27;0.0
1955-09-28;0.0
1955-09-29;2.8
1955-09-30;3.8
1955-10-01;0.0
1955-10-02;0.0
1955-10-03;0.0
1955-10-04;0.0
1955-10-05;2.0
1955-10-06;9.2
1955-10-07;25.2
1955-10-08;0.2
1955-10-09;0.4
1955-10-10;0.6
1955-10-11;2.0
1955-10-12;0.8
1955-10-13;0.0
1955-10-14;0.0
1955-10-15;0.0
1955-10-16;0.0
1955-10-17;2.2
1955-10-18;1.8
1955-10-19;7.0
1955-10-20;0.0
1955-10-21;0.0
1955-10-22;25.0
1955-10-23;0.0
1955-10-24;0.0
1955-10-25;0.0
1955-10-26;0.2
1955-10-27;0.0
1955-10-28;0.0
1955-10-29;0.0
1955-10-30;1.2
1955-10-31;0.0
1955-11-01;50.0
1955-11-02;14.2
1955-11-03;0.4
1955-11-04;0.0
1955-11-05;0.4
1955-11-06;0.2
1955-11-07;0.0
1955-11-08;0.0
1955-11-09;0.0
1955-11-10;13.8
1955-11-11;25.4
1955-11-12;0.4
1955-11-13;0.6
1955-11-14;9.0
1955-11-15;0.6
1955-11-16;0.0
1955-11-17;0.0
1955-11-18;0.0
1955-11-19;0.0
1955-11-20;0.0
1955-11-21;0.0
1955-11-22;0.0
1955-11-23;0.0
1955-11-24;0.0
1955-11-25;0.2
1955-11-26;0.4
1955-11-27;0.0
1955-11-28;0.0
1955-11-29;1.8
1955-11-30;1.2
1955-12-01;17.2
1955-12-02;35.6
1955-12-03;0.4
1955-12-04;2.0
1955-12-05;0.6
1955-12-06;0.0
1955-12-07;0.0
1955-12-08;0.2
1955-12-09;0.4
1955-12-10;0.0
1955-12-11;2.6
1955-12-12;0.8
1955-12-13;2.4
1955-12-14;3.8
1955-12-15;25.2
1955-12-16;8.8
1955-12-17;4.8
1955-12-18;3.8
1955-12-19;1.0
1955-12-20;8.4
1955-12-21;2.2
1955-12-22;9.0
1955-12-23;0.0
1955-12-24;3.8
1955-12-25;10.4
1955-12-26;0.0
1955-12-27;0.0
1955-12-28;0.0
1955-12-29;0.0
1955-12-30;0.6
1955-12-31;8.6
1956-01-01;0.4
1956-01-02;0.0
1956-01-03;8.0
1956-01-04;6.2
1956-01-05;0.0
1956-01-06;0.0
1956-01-07;0.0
1956-01-08;0.0
1956-01-09;0.0
1956-01-10;15.8
1956-01-11;14.2
1956-01-12;0.2
1956-01-13;0.0
1956-01-14;0.0
1956-01-15;1.0
1956-01-16;0.0
1956-01-17;10.8
1956-01-18;0.2
1956-01-19;12.8
1956-01-20;1.4
1956-01-21;19.6
1956-01-22;4.8
1956-01-23;0.4
1956-01-24;1.2
1956-01-25;6.4
1956-01-26;0.0
1956-01-27;0.0
1956-01-28;0.8
1956-01-29;0.0
1956-01-30;0.8
1956-01-31;0.8
1956-02-01;14.0
1956-02-02;3.0
1956-02-03;0.0
1956-02-04;0.0
1956-02-05;0.0
1956-02-06;0.0
1956-02-07;0.0
1956-02-08;0.0
1956-02-09;0.0
1956-02-10;0.4
1956-02-11;1.6
1956-02-12;3.0
1956-02-13;6.8
1956-02-14;3.0
1956-02-15;0.0
1956-02-16;0.0
1956-02-17;0.0
1956-02-18;0.0
1956-02-19;2.6
1956-02-20;0.4
1956-02-21;0.8
1956-02-22;0.8
1956-02-23;1.0
1956-02-24;2.6
1956-02-25;0.0
1956-02-26;0.0
1956-02-27;0.0
1956-02-28;0.0
1956-02-29;0.0
1956-03-01;0.0
1956-03-02;0.0
1956-03-03;0.0
1956-03-04;0.0
1956-03-05;0.0
1956-03-06;0.0
1956-03-07;0.0
1956-03-08;0.0
1956-03-09;0.0
1956-03-10;0.0
1956-03-11;0.2
1956-03-12;2.0
1956-03-13;0.0
1956-03-14;0.0
1956-03-15;0.0
1956-03-16;0.0
1956-03-17;21.0
1956-03-18;0.0
1956-03-19;0.0
1956-03-20;17.6
1956-03-21;13.6
1956-03-22;8.6
1956-03-23;16.0
1956-03-24;0.0
1956-03-25;1.6
1956-03-26;4.8
1956-03-27;0.0
1956-03-28;0.0
1956-03-29;0.0
1956-03-30;0.2
1956-03-31;0.2
1956-04-01;17.2
1956-04-02;4.4
1956-04-03;4.2
1956-04-04;0.0
1956-04-05;0.0
1956-04-06;1.4
1956-04-07;9.2
1956-04-08;0.4
1956-04-09;0.0
1956-04-10;0.0
1956-04-11;0.0
1956-04-12;0.0
1956-04-13;0.6
1956-04-14;1.4
1956-04-15;4.0
1956-04-16;11.8
1956-04-17;13.4
1956-04-18;1.4
1956-04-19;1.4
1956-04-20;3.4
1956-04-21;0.2
1956-04-22;1.2
1956-04-23;1.8
1956-04-24;1.4
1956-04-25;0.0
1956-04-26;0.0
1956-04-27;3.0
1956-04-28;3.4
1956-04-29;31.2
1956-04-30;16.4
1956-05-01;4.8
1956-05-02;3.0
1956-05-03;0.0
1956-05-04;0.0
1956-05-05;0.0
1956-05-06;0.0
1956-05-07;0.0
1956-05-08;0.0
1956-05-09;0.0
1956-05-10;0.0
1956-05-11;0.2
1956-05-12;2.4
1956-05-13;0.0
1956-05-14;0.0
1956-05-15;0.0
1956-05-16;0.0
1956-05-17;0.0
1956-05-18;0.0
1956-05-19;0.0
1956-05-20;2.8
1956-05-21;15.8
1956-05-22;10.2
1956-05-23;4.8
1956-05-24;0.0
1956-05-25;34.6
1956-05-26;28.8
1956-05-27;0.0
1956-05-28;0.0
1956-05-29;0.0
1956-05-30;0.0
1956-05-31;0.0
1956-06-01;14.6
1956-06-02;6.0
1956-06-03;0.0
1956-06-04;0.0
1956-06-05;0.0
1956-06-06;0.0
1956-06-07;0.0
1956-06-08;0.0
1956-06-09;12.0
1956-06-10;0.0
1956-06-11;10.4
1956-06-12;5.2
1956-06-13;0.0
1956-06-14;0.0
1956-06-15;0.0
1956-06-16;0.0
1956-06-17;0.0
1956-06-18;19.2
1956-06-19;20.8
1956-06-20;0.0
1956-06-21;2.2
1956-06-22;0.0
1956-06-23;0.0
1956-06-24;0.0
1956-06-25;0.2
1956-06-26;0.0
1956-06-27;0.0
1956-06-28;0.0
1956-06-29;0.0
1956-06-30;0.0
1956-07-01;0.0
1956-07-02;0.0
1956-07-03;10.0
1956-07-04;0.0
1956-07-05;0.0
1956-07-06;0.0
1956-07-07;0.0
1956-07-08;0.0
1956-07-09;0.0
1956-07-10;0.0
1956-07-11;0.0
1956-07-12;5.2
1956-07-13;0.0
1956-07-14;0.0
1956-07-15;0.0
1956-07-16;0.0
1956-07-17;0.0
1956-07-18;0.0
1956-07-19;0.0
1956-07-20;0.0
1956-07-21;0.0
1956-07-22;0.0
1956-07-23;0.0
1956-07-24;0.0
1956-07-25;0.0
1956-07-26;0.0
1956-07-27;0.0
1956-07-28;0.0
1956-07-29;0.0
1956-07-30;0.0
1956-07-31;0.0
1956-08-01;0.0
1956-08-02;0.0
1956-08-03;0.0
1956-08-04;0.0
1956-08-05;0.0
1956-08-06;0.0
1956-08-07;0.0
1956-08-08;0.0
1956-08-09;0.0
1956-08-10;0.0
1956-08-11;0.0
1956-08-12;0.0
1956-08-13;0.0
1956-08-14;0.0
1956-08-15;0.0
1956-08-16;0.0
1956-08-17;0.0
1956-08-18;0.0
1956-08-19;0.0
1956-08-20;0.0
1956-08-21;0.0
1956-08-22;0.0
1956-08-23;3.4
1956-08-24;1.4
1956-08-25;0.0
1956-08-26;0.0
1956-08-27;0.2
1956-08-28;0.0
1956-08-29;0.0
1956-08-30;0.0
1956-08-31;0.0
1956-09-01;0.0
1956-09-02;0.0
1956-09-03;0.0
1956-09-04;0.0
1956-09-05;0.0
1956-09-06;0.0
1956-09-07;0.0
1956-09-08;0.0
1956-09-09;0.0
1956-09-10;0.0
1956-09-11;0.0
1956-09-12;0.0
1956-09-13;0.0
1956-09-14;0.0
1956-09-15;0.0
1956-09-16;0.0
1956-09-17;0.0
1956-09-18;0.0
1956-09-19;0.0
1956-09-20;0.0
1956-09-21;0.0
1956-09-22;0.0
1956-09-23;10.0
1956-09-24;0.0
1956-09-25;0.6
1956-09-26;16.8
1956-09-27;12.0
1956-09-28;4.4
1956-09-29;0.0
1956-09-30;0.0
1956-10-01;0.0
1956-10-02;0.0
1956-10-03;0.0
1956-10-04;0.4
1956-10-05;7.8
1956-10-06;0.2
1956-10-07;0.0
1956-10-08;0.4
1956-10-09;1.2
1956-10-10;0.0
1956-10-11;0.0
1956-10-12;0.0
1956-10-13;0.0
1956-10-14;0.0
1956-10-15;0.0
1956-10-16;0.0
1956-10-17;0.0
1956-10-18;0.0
1956-10-19;0.0
1956-10-20;0.0
1956-10-21;0.0
1956-10-22;0.0
1956-10-23;0.0
1956-10-24;0.0
1956-10-25;0.0
1956-10-26;0.2
1956-10-27;14.8
1956-10-28;10.0
1956-10-29;0.0
1956-10-30;3.4
1956-10-31;4.4
1956-11-01;11.6
1956-11-02;29.8
1956-11-03;1.4
1956-11-04;0.2
1956-11-05;0.0
1956-11-06;0.0
1956-11-07;0.0
1956-11-08;0.0
1956-11-09;0.0
1956-11-10;0.0
1956-11-11;2.2
1956-11-12;11.0
1956-11-13;17.4
1956-11-14;16.4
1956-11-15;1.6
1956-11-16;7.2
1956-11-17;3.8
1956-11-18;0.4
1956-11-19;0.0
1956-11-20;1.0
1956-11-21;0.0
1956-11-22;0.0
1956-11-23;0.0
1956-11-24;0.0
1956-11-25;2.4
1956-11-26;0.8
1956-11-27;0.0
1956-11-28;0.0
1956-11-29;3.4
1956-11-30;3.4
1956-12-01;0.2
1956-12-02;0.0
1956-12-03;0.2
1956-12-04;0.0
1956-12-05;0.0
1956-12-06;0.0
1956-12-07;0.0
1956-12-08;0.0
1956-12-09;0.0
1956-12-10;0.0
1956-12-11;2.4
1956-12-12;0.4
1956-12-13;0.0
1956-12-14;3.4
1956-12-15;0.9
1956-12-16;1.8
1956-12-17;0.0
1956-12-18;0.6
1956-12-19;0.4
1956-12-20;0.0
1956-12-21;0.4
1956-12-22;8.0
1956-12-23;5.4
1956-12-24;1.6
1956-12-25;0.0
1956-12-26;0.0
1956-12-27;0.0
1956-12-28;0.0
1956-12-29;0.0
1956-12-30;0.0
1956-12-31;3.4
1957-01-01;18.0
1957-01-02;17.0
1957-01-03;0.2
1957-01-04;0.0
1957-01-05;0.0
1957-01-06;0.0
1957-01-07;0.0
1957-01-08;0.0
1957-01-09;0.0
1957-01-10;0.0
1957-01-11;2.0
1957-01-12;5.0
1957-01-13;0.2
1957-01-14;0.0
1957-01-15;0.0
1957-01-16;0.0
1957-01-17;0.0
1957-01-18;0.0
1957-01-19;0.0
1957-01-20;0.0
1957-01-21;0.0
1957-01-22;0.0
1957-01-23;0.0
1957-01-24;0.6
1957-01-25;0.2
1957-01-26;14.0
1957-01-27;3.6
1957-01-28;0.0
1957-01-29;0.0
1957-01-30;0.0
1957-01-31;0.0
1957-02-01;0.0
1957-02-02;0.0
1957-02-03;0.0
1957-02-04;0.0
1957-02-05;2.4
1957-02-06;0.0
1957-02-07;0.0
1957-02-08;1.2
1957-02-09;0.0
1957-02-10;0.0
1957-02-11;16.0
1957-02-12;0.0
1957-02-13;5.6
1957-02-14;5.8
1957-02-15;0.8
1957-02-16;25.4
1957-02-17;6.2
1957-02-18;0.4
1957-02-19;17.4
1957-02-20;0.0
1957-02-21;40.4
1957-02-22;0.4
1957-02-23;6.0
1957-02-24;0.0
1957-02-25;0.0
1957-02-26;0.2
1957-02-27;4.6
1957-02-28;19.6
1957-03-01;0.0
1957-03-02;0.0
1957-03-03;0.0
1957-03-04;0.0
1957-03-05;0.0
1957-03-06;0.0
1957-03-07;2.8
1957-03-08;5.8
1957-03-09;0.0
1957-03-10;0.0
1957-03-11;0.0
1957-03-12;0.0
1957-03-13;0.0
1957-03-14;0.0
1957-03-15;0.0
1957-03-16;0.0
1957-03-17;0.0
1957-03-18;0.0
1957-03-19;0.0
1957-03-20;0.0
1957-03-21;0.0
1957-03-22;0.0
1957-03-23;0.0
1957-03-24;2.6
1957-03-25;10.0
1957-03-26;3.4
1957-03-27;0.0
1957-03-28;0.0
1957-03-29;0.0
1957-03-30;0.6
1957-03-31;3.6
1957-04-01;0.0
1957-04-02;8.4
1957-04-03;10.2
1957-04-04;2.0
1957-04-05;0.0
1957-04-06;0.0
1957-04-07;1.8
1957-04-08;9.6
1957-04-09;11.8
1957-04-10;5.6
1957-04-11;23.2
1957-04-12;5.2
1957-04-13;6.8
1957-04-14;6.0
1957-04-15;0.0
1957-04-16;0.0
1957-04-17;0.0
1957-04-18;0.0
1957-04-19;0.0
1957-04-20;0.0
1957-04-21;0.0
1957-04-22;0.0
1957-04-23;0.0
1957-04-24;0.0
1957-04-25;0.0
1957-04-26;0.0
1957-04-27;0.0
1957-04-28;0.0
1957-04-29;0.0
1957-04-30;15.6
1957-05-01;8.8
1957-05-02;31.6
1957-05-03;38.6
1957-05-04;4.4
1957-05-05;25.8
1957-05-06;7.4
1957-05-07;3.8
1957-05-08;0.0
1957-05-09;0.6
1957-05-10;0.2
1957-05-11;0.0
1957-05-12;0.0
1957-05-13;1.6
1957-05-14;0.0
1957-05-15;0.0
1957-05-16;0.0
1957-05-17;0.0
1957-05-18;0.0
1957-05-19;0.0
1957-05-20;1.8
1957-05-21;0.0
1957-05-22;15.8
1957-05-23;0.0
1957-05-24;0.0
1957-05-25;5.4
1957-05-26;14.6
1957-05-27;8.8
1957-05-28;1.6
1957-05-29;4.0
1957-05-30;0.0
1957-05-31;13.4
1957-06-01;0.4
1957-06-02;0.0
1957-06-03;7.4
1957-06-04;39.6
1957-06-05;0.0
1957-06-06;0.0
1957-06-07;0.0
1957-06-08;0.0
1957-06-09;0.0
1957-06-10;4.0
1957-06-11;0.0
1957-06-12;0.0
1957-06-13;0.0
1957-06-14;0.0
1957-06-15;0.0
1957-06-16;0.0
1957-06-17;0.0
1957-06-18;0.0
1957-06-19;0.0
1957-06-20;0.0
1957-06-21;0.0
1957-06-22;0.0
1957-06-23;0.0
1957-06-24;0.0
1957-06-25;1.0
1957-06-26;0.0
1957-06-27;1.0
1957-06-28;0.0
1957-06-29;0.0
1957-06-30;0.0
1957-07-01;0.0
1957-07-02;0.0
1957-07-03;0.0
1957-07-04;0.0
1957-07-05;0.0
1957-07-06;0.0
1957-07-07;0.0
1957-07-08;0.0
1957-07-09;0.0
1957-07-10;0.0
1957-07-11;1.6
1957-07-12;1.6
1957-07-13;0.0
1957-07-14;0.0
1957-07-15;0.0
1957-07-16;0.4
1957-07-17;0.0
1957-07-18;6.6
1957-07-19;0.0
1957-07-20;21.2
1957-07-21;3.0
1957-07-22;5.0
1957-07-23;0.0
1957-07-24;0.0
1957-07-25;0.0
1957-07-26;0.0
1957-07-27;0.0
1957-07-28;0.0
1957-07-29;0.0
1957-07-30;0.0
1957-07-31;0.0
1957-08-01;0.0
1957-08-02;0.0
1957-08-03;0.0
1957-08-04;0.0
1957-08-05;0.0
1957-08-06;0.0
1957-08-07;0.0
1957-08-08;0.0
1957-08-09;0.0
1957-08-10;0.0
1957-08-11;0.0
1957-08-12;0.0
1957-08-13;0.0
1957-08-14;0.0
1957-08-15;0.0
1957-08-16;0.0
1957-08-17;0.0
1957-08-18;0.0
1957-08-19;0.0
1957-08-20;2.8
1957-08-21;0.0
1957-08-22;0.0
1957-08-23;0.0
1957-08-24;9.8
1957-08-25;0.4
1957-08-26;0.2
1957-08-27;0.0
1957-08-28;0.0
1957-08-29;0.0
1957-08-30;0.0
1957-08-31;0.0
1957-09-01;0.0
1957-09-02;0.0
1957-09-03;0.0
1957-09-04;15.4
1957-09-05;0.0
1957-09-06;0.0
1957-09-07;0.0
1957-09-08;0.0
1957-09-09;0.0
1957-09-10;0.0
1957-09-11;0.0
1957-09-12;5.4
1957-09-13;4.6
1957-09-14;1.2
1957-09-15;0.0
1957-09-16;5.2
1957-09-17;0.0
1957-09-18;0.0
1957-09-19;0.0
1957-09-20;0.0
1957-09-21;0.0
1957-09-22;0.0
1957-09-23;0.0
1957-09-24;0.0
1957-09-25;0.4
1957-09-26;0.0
1957-09-27;8.2
1957-09-28;0.0
1957-09-29;0.0
1957-09-30;0.0
1957-10-01;11.0
1957-10-02;14.8
1957-10-03;0.6
1957-10-04;0.0
1957-10-05;0.0
1957-10-06;0.0
1957-10-07;0.4
1957-10-08;0.8
1957-10-09;0.0
1957-10-10;0.0
1957-10-11;0.0
1957-10-12;0.0
1957-10-13;0.0
1957-10-14;0.0
1957-10-15;0.0
1957-10-16;0.0
1957-10-17;0.0
1957-10-18;0.0
1957-10-19;0.0
1957-10-20;0.0
1957-10-21;34.6
1957-10-22;4.4
1957-10-23;10.0
1957-10-24;0.2
1957-10-25;0.0
1957-10-26;0.0
1957-10-27;0.0
1957-10-28;0.0
1957-10-29;15.0
1957-10-30;0.0
1957-10-31;0.0
1957-11-01;0.0
1957-11-02;0.0
1957-11-03;2.8
1957-11-04;0.0
1957-11-05;0.0
1957-11-06;0.0
1957-11-07;31.2
1957-11-08;0.6
1957-11-09;5.6
1957-11-10;28.0
1957-11-11;3.8
1957-11-12;0.0
1957-11-13;0.0
1957-11-14;0.0
1957-11-15;0.0
1957-11-16;0.0
1957-11-17;0.0
1957-11-18;0.0
1957-11-19;0.0
1957-11-20;0.0
1957-11-21;0.0
1957-11-22;0.2
1957-11-23;0.2
1957-11-24;0.0
1957-11-25;0.0
1957-11-26;0.0
1957-11-27;0.0
1957-11-28;0.0
1957-11-29;0.0
1957-11-30;0.0
1957-12-01;0.0
1957-12-02;0.0
1957-12-03;0.0
1957-12-04;0.0
1957-12-05;0.0
1957-12-06;0.0
1957-12-07;0.0
1957-12-08;0.0
1957-12-09;3.8
1957-12-10;0.8
1957-12-11;0.0
1957-12-12;12.0
1957-12-13;3.4
1957-12-14;49.6
1957-12-15;5.8
1957-12-16;1.6
1957-12-17;0.0
1957-12-18;0.0
1957-12-19;0.0
1957-12-20;0.0
1957-12-21;0.0
1957-12-22;0.0
1957-12-23;0.0
1957-12-24;10.6
1957-12-25;0.2
1957-12-26;0.0
1957-12-27;0.0
1957-12-28;11.2
1957-12-29;0.0
1957-12-30;0.0
1957-12-31;0.0
1958-01-01;0.0
1958-01-02;0.0
1958-01-03;0.0
1958-01-04;0.0
1958-01-05;3.6
1958-01-06;34.0
1958-01-07;5.0
1958-01-08;2.6
1958-01-09;0.0
1958-01-10;2.4
1958-01-11;5.0
1958-01-12;31.8
1958-01-13;6.0
1958-01-14;4.4
1958-01-15;0.0
1958-01-16;0.0
1958-01-17;0.0
1958-01-18;0.0
1958-01-19;0.0
1958-01-20;4.4
1958-01-21;17.4
1958-01-22;0.6
1958-01-23;0.0
1958-01-24;0.0
1958-01-25;0.0
1958-01-26;0.0
1958-01-27;0.0
1958-01-28;0.0
1958-01-29;0.0
1958-01-30;0.0
1958-01-31;0.0
1958-02-01;0.0
1958-02-02;0.0
1958-02-03;0.0
1958-02-04;0.0
1958-02-05;0.0
1958-02-06;0.0
1958-02-07;0.0
1958-02-08;1.4
1958-02-09;0.0
1958-02-10;4.2
1958-02-11;0.4
1958-02-12;0.0
1958-02-13;0.0
1958-02-14;0.0
1958-02-15;0.0
1958-02-16;0.0
1958-02-17;2.4
1958-02-18;4.0
1958-02-19;18.2
1958-02-20;0.0
1958-02-21;0.0
1958-02-22;0.0
1958-02-23;0.0
1958-02-24;7.8
1958-02-25;6.0
1958-02-26;7.4
1958-02-27;7.6
1958-02-28;0.0
1958-03-01;0.0
1958-03-02;0.0
1958-03-03;0.0
1958-03-04;0.0
1958-03-05;0.0
1958-03-06;0.0
1958-03-07;0.0
1958-03-08;14.4
1958-03-09;4.0
1958-03-10;8.0
1958-03-11;4.0
1958-03-12;19.0
1958-03-13;10.0
1958-03-14;0.0
1958-03-15;0.0
1958-03-16;0.0
1958-03-17;10.0
1958-03-18;4.6
1958-03-19;6.0
1958-03-20;5.0
1958-03-21;13.8
1958-03-22;10.0
1958-03-23;0.0
1958-03-24;0.0
1958-03-25;0.0
1958-03-26;16.6
1958-03-27;7.0
1958-03-28;18.0
1958-03-29;2.0
1958-03-30;10.0
1958-03-31;3.4
1958-04-01;0.0
1958-04-02;0.2
1958-04-03;6.6
1958-04-04;25.0
1958-04-05;15.0
1958-04-06;7.2
1958-04-07;2.6
1958-04-08;2.2
1958-04-09;5.0
1958-04-10;3.0
1958-04-11;0.0
1958-04-12;5.0
1958-04-13;11.0
1958-04-14;23.6
1958-04-15;7.8
1958-04-16;14.4
1958-04-17;0.0
1958-04-18;13.4
1958-04-19;6.6
1958-04-20;0.0
1958-04-21;0.0
1958-04-22;0.0
1958-04-23;0.0
1958-04-24;5.4
1958-04-25;0.0
1958-04-26;0.0
1958-04-27;0.4
1958-04-28;18.8
1958-04-29;0.0
1958-04-30;0.0
1958-05-01;0.0
1958-05-02;0.0
1958-05-03;0.0
1958-05-04;0.0
1958-05-05;0.0
1958-05-06;0.0
1958-05-07;0.0
1958-05-08;0.0
1958-05-09;0.0
1958-05-10;0.0
1958-05-11;0.0
1958-05-12;0.0
1958-05-13;0.0
1958-05-14;0.0
1958-05-15;0.0
1958-05-16;0.0
1958-05-17;29.0
1958-05-18;10.4
1958-05-19;0.0
1958-05-20;0.0
1958-05-21;0.0
1958-05-22;0.0
1958-05-23;5.0
1958-05-24;0.0
1958-05-25;0.0
1958-05-26;0.0
1958-05-27;0.0
1958-05-28;0.0
1958-05-29;0.0
1958-05-30;0.0
1958-05-31;0.0
1958-06-01;0.0
1958-06-02;0.0
1958-06-03;0.0
1958-06-04;0.0
1958-06-05;0.0
1958-06-06;0.0
1958-06-07;0.0
1958-06-08;0.0
1958-06-09;0.0
1958-06-10;0.0
1958-06-11;3.8
1958-06-12;24.8
1958-06-13;4.2
1958-06-14;0.0
1958-06-15;0.0
1958-06-16;0.0
1958-06-17;0.0
1958-06-18;0.0
1958-06-19;0.0
1958-06-20;0.0
1958-06-21;0.0
1958-06-22;0.2
1958-06-23;1.6
1958-06-24;0.0
1958-06-25;11.0
1958-06-26;0.0
1958-06-27;18.4
1958-06-28;7.2
1958-06-29;0.0
1958-06-30;0.0
1958-07-01;0.0
1958-07-02;0.0
1958-07-03;0.0
1958-07-04;0.0
1958-07-05;0.0
1958-07-06;0.0
1958-07-07;0.0
1958-07-08;0.0
1958-07-09;0.0
1958-07-10;0.0
1958-07-11;0.0
1958-07-12;0.0
1958-07-13;0.0
1958-07-14;0.0
1958-07-15;0.0
1958-07-16;0.0
1958-07-17;2.2
1958-07-18;0.0
1958-07-19;0.0
1958-07-20;0.0
1958-07-21;0.0
1958-07-22;0.0
1958-07-23;1.8
1958-07-24;0.0
1958-07-25;0.0
1958-07-26;0.0
1958-07-27;0.0
1958-07-28;0.0
1958-07-29;0.0
1958-07-30;0.0
1958-07-31;0.0
1958-08-01;0.0
1958-08-02;0.0
1958-08-03;0.0
1958-08-04;0.0
1958-08-05;0.0
1958-08-06;0.0
1958-08-07;0.0
1958-08-08;0.0
1958-08-09;0.0
1958-08-10;0.0
1958-08-11;0.0
1958-08-12;0.0
1958-08-13;0.0
1958-08-14;0.0
1958-08-15;0.0
1958-08-16;0.0
1958-08-17;0.0
1958-08-18;0.0
1958-08-19;0.0
1958-08-20;0.0
1958-08-21;0.0
1958-08-22;1.8
1958-08-23;1.4
1958-08-24;0.0
1958-08-25;0.0
1958-08-26;0.0
1958-08-27;0.0
1958-08-28;0.0
1958-08-29;0.0
1958-08-30;0.0
1958-08-31;0.0
1958-09-01;14.4
1958-09-02;0.2
1958-09-03;0.0
1958-09-04;0.0
1958-09-05;0.0
1958-09-06;0.0
1958-09-07;0.0
1958-09-08;0.0
1958-09-09;0.0
1958-09-10;0.0
1958-09-11;14.0
1958-09-12;0.0
1958-09-13;0.0
1958-09-14;0.0
1958-09-15;0.0
1958-09-16;0.0
1958-09-17;0.0
1958-09-18;0.0
1958-09-19;0.0
1958-09-20;0.0
1958-09-21;0.0
1958-09-22;0.0
1958-09-23;0.0
1958-09-24;0.0
1958-09-25;0.0
1958-09-26;0.0
1958-09-27;0.0
1958-09-28;0.0
1958-09-29;0.0
1958-09-30;0.0
1958-10-01;0.0
1958-10-02;17.8
1958-10-03;0.4
1958-10-04;0.0
1958-10-05;0.0
1958-10-06;6.2
1958-10-07;0.0
1958-10-08;51.6
1958-10-09;0.0
1958-10-10;0.0
1958-10-11;0.0
1958-10-12;1.2
1958-10-13;11.0
1958-10-14;4.8
1958-10-15;0.0
1958-10-16;0.0
1958-10-17;0.0
1958-10-18;0.0
1958-10-19;0.0
1958-10-20;0.0
1958-10-21;0.0
1958-10-22;0.0
1958-10-23;0.0
1958-10-24;0.0
1958-10-25;0.0
1958-10-26;0.0
1958-10-27;0.0
1958-10-28;0.0
1958-10-29;0.0
1958-10-30;0.0
1958-10-31;0.0
1958-11-01;48.8
1958-11-02;9.4
1958-11-03;0.0
1958-11-04;11.2
1958-11-05;0.0
1958-11-06;0.0
1958-11-07;0.0
1958-11-08;0.0
1958-11-09;0.0
1958-11-10;0.0
1958-11-11;4.0
1958-11-12;31.4
1958-11-13;24.4
1958-11-14;8.0
1958-11-15;0.0
1958-11-16;0.0
1958-11-17;0.0
1958-11-18;0.0
1958-11-19;0.0
1958-11-20;0.0
1958-11-21;0.0
1958-11-22;0.2
1958-11-23;0.0
1958-11-24;0.0
1958-11-25;3.6
1958-11-26;0.0
1958-11-27;0.0
1958-11-28;0.0
1958-11-29;0.0
1958-11-30;0.0
1958-12-01;0.0
1958-12-02;0.0
1958-12-03;0.0
1958-12-04;0.8
1958-12-05;0.0
1958-12-06;0.0
1958-12-07;0.0
1958-12-08;0.0
1958-12-09;0.0
1958-12-10;0.0
1958-12-11;2.1
1958-12-12;32.8
1958-12-13;2.8
1958-12-14;77.8
1958-12-15;1.6
1958-12-16;14.4
1958-12-17;17.8
1958-12-18;21.1
1958-12-19;0.8
1958-12-20;1.4
1958-12-21;3.0
1958-12-22;16.0
1958-12-23;13.5
1958-12-24;50.1
1958-12-25;0.0
1958-12-26;0.0
1958-12-27;0.0
1958-12-28;0.0
1958-12-29;0.0
1958-12-30;0.0
1958-12-31;0.0
1959-01-01;0.0
1959-01-02;0.0
1959-01-03;8.4
1959-01-04;0.4
1959-01-05;0.0
1959-01-06;0.0
1959-01-07;11.0
1959-01-08;8.8
1959-01-09;12.0
1959-01-10;1.2
1959-01-11;0.0
1959-01-12;0.0
1959-01-13;0.2
1959-01-14;2.2
1959-01-15;25.6
1959-01-16;0.2
1959-01-17;0.0
1959-01-18;0.0
1959-01-19;0.0
1959-01-20;0.0
1959-01-21;0.0
1959-01-22;0.8
1959-01-23;7.0
1959-01-24;0.0
1959-01-25;11.6
1959-01-26;0.0
1959-01-27;0.0
1959-01-28;0.0
1959-01-29;0.0
1959-01-30;0.0
1959-01-31;0.0
1959-02-01;2.4
1959-02-02;11.4
1959-02-03;23.4
1959-02-04;0.2
1959-02-05;0.0
1959-02-06;0.0
1959-02-07;0.0
1959-02-08;0.0
1959-02-09;0.0
1959-02-10;0.0
1959-02-11;0.0
1959-02-12;0.0
1959-02-13;0.0
1959-02-14;0.0
1959-02-15;0.0
1959-02-16;0.0
1959-02-17;0.0
1959-02-18;0.0
1959-02-19;0.0
1959-02-20;0.2
1959-02-21;0.2
1959-02-22;0.0
1959-02-23;0.0
1959-02-24;0.0
1959-02-25;0.0
1959-02-26;0.2
1959-02-27;0.0
1959-02-28;0.0
1959-03-01;0.0
1959-03-02;0.0
1959-03-03;0.0
1959-03-04;0.0
1959-03-05;4.0
1959-03-06;0.0
1959-03-07;0.4
1959-03-08;6.0
1959-03-09;0.0
1959-03-10;0.0
1959-03-11;18.4
1959-03-12;0.0
1959-03-13;0.0
1959-03-14;0.0
1959-03-15;0.0
1959-03-16;0.0
1959-03-17;0.0
1959-03-18;4.8
1959-03-19;10.0
1959-03-20;11.6
1959-03-21;0.0
1959-03-22;0.0
1959-03-23;0.0
1959-03-24;0.0
1959-03-25;0.0
1959-03-26;10.2
1959-03-27;2.2
1959-03-28;0.2
1959-03-29;9.4
1959-03-30;15.6
1959-03-31;21.0
1959-04-01;3.0
1959-04-02;0.0
1959-04-03;0.0
1959-04-04;0.0
1959-04-05;0.0
1959-04-06;0.0
1959-04-07;3.2
1959-04-08;0.4
1959-04-09;0.8
1959-04-10;9.2
1959-04-11;17.2
1959-04-12;3.0
1959-04-13;0.0
1959-04-14;0.0
1959-04-15;0.0
1959-04-16;0.0
1959-04-17;21.2
1959-04-18;7.0
1959-04-19;0.8
1959-04-20;8.6
1959-04-21;20.4
1959-04-22;0.0
1959-04-23;0.0
1959-04-24;0.0
1959-04-25;0.0
1959-04-26;0.2
1959-04-27;0.0
1959-04-28;0.0
1959-04-29;1.2
1959-04-30;7.0
1959-05-01;39.8
1959-05-02;5.0
1959-05-03;0.0
1959-05-04;4.2
1959-05-05;0.0
1959-05-06;0.0
1959-05-07;0.0
1959-05-08;0.0
1959-05-09;0.0
1959-05-10;0.0
1959-05-11;0.0
1959-05-12;0.0
1959-05-13;3.6
1959-05-14;0.0
1959-05-15;0.0
1959-05-16;0.0
1959-05-17;2.2
1959-05-18;0.0
1959-05-19;0.0
1959-05-20;0.0
1959-05-21;0.0
1959-05-22;15.0
1959-05-23;22.8
1959-05-24;18.8
1959-05-25;3.0
1959-05-26;0.0
1959-05-27;0.0
1959-05-28;0.0
1959-05-29;0.0
1959-05-30;2.8
1959-05-31;18.0
1959-06-01;0.2
1959-06-02;0.0
1959-06-03;5.8
1959-06-04;0.0
1959-06-05;0.0
1959-06-06;0.0
1959-06-07;0.0
1959-06-08;0.0
1959-06-09;0.0
1959-06-10;0.0
1959-06-11;9.8
1959-06-12;0.2
1959-06-13;0.0
1959-06-14;0.0
1959-06-15;0.0
1959-06-16;0.0
1959-06-17;0.0
1959-06-18;0.0
1959-06-19;0.0
1959-06-20;0.0
1959-06-21;0.0
1959-06-22;0.0
1959-06-23;22.4
1959-06-24;17.0
1959-06-25;0.4
1959-06-26;0.0
1959-06-27;4.0
1959-06-28;5.4
1959-06-29;0.0
1959-06-30;3.6
1959-07-01;0.2
1959-07-02;0.0
1959-07-03;0.0
1959-07-04;0.0
1959-07-05;0.0
1959-07-06;0.0
1959-07-07;0.0
1959-07-08;0.0
1959-07-09;0.0
1959-07-10;0.0
1959-07-11;0.0
1959-07-12;0.0
1959-07-13;0.6
1959-07-14;0.0
1959-07-15;0.0
1959-07-16;0.4
1959-07-17;0.0
1959-07-18;0.0
1959-07-19;0.0
1959-07-20;0.0
1959-07-21;0.0
1959-07-22;0.0
1959-07-23;0.0
1959-07-24;0.0
1959-07-25;0.4
1959-07-26;1.4
1959-07-27;20.2
1959-07-28;0.0
1959-07-29;0.0
1959-07-30;0.0
1959-07-31;0.0
1959-08-01;0.2
1959-08-02;0.0
1959-08-03;0.0
1959-08-04;0.0
1959-08-05;0.0
1959-08-06;0.0
1959-08-07;0.4
1959-08-08;0.0
1959-08-09;0.0
1959-08-10;0.0
1959-08-11;0.0
1959-08-12;6.8
1959-08-13;0.8
1959-08-14;0.2
1959-08-15;0.0
1959-08-16;0.2
1959-08-17;0.0
1959-08-18;0.0
1959-08-19;5.0
1959-08-20;20.0
1959-08-21;0.6
1959-08-22;0.0
1959-08-23;0.6
1959-08-24;9.6
1959-08-25;5.6
1959-08-26;0.0
1959-08-27;0.0
1959-08-28;0.0
1959-08-29;0.8
1959-08-30;0.0
1959-08-31;18.2
1959-09-01;0.0
1959-09-02;0.0
1959-09-03;7.0
1959-09-04;24.2
1959-09-05;0.0
1959-09-06;3.8
1959-09-07;0.2
1959-09-08;0.0
1959-09-09;0.0
1959-09-10;0.0
1959-09-11;0.0
1959-09-12;0.0
1959-09-13;0.0
1959-09-14;0.0
1959-09-15;0.0
1959-09-16;0.0
1959-09-17;0.0
1959-09-18;0.0
1959-09-19;2.0
1959-09-20;0.0
1959-09-21;0.0
1959-09-22;0.0
1959-09-23;0.0
1959-09-24;0.0
1959-09-25;0.2
1959-09-26;1.6
1959-09-27;12.0
1959-09-28;22.8
1959-09-29;0.8
1959-09-30;0.0
1959-10-01;0.0
1959-10-02;0.0
1959-10-03;0.0
1959-10-04;0.0
1959-10-05;0.0
1959-10-06;0.0
1959-10-07;0.0
1959-10-08;0.0
1959-10-09;0.0
1959-10-10;0.0
1959-10-11;6.4
1959-10-12;0.2
1959-10-13;0.0
1959-10-14;0.0
1959-10-15;0.0
1959-10-16;0.0
1959-10-17;0.0
1959-10-18;0.0
1959-10-19;0.0
1959-10-20;0.0
1959-10-21;11.8
1959-10-22;0.0
1959-10-23;0.0
1959-10-24;0.0
1959-10-25;0.0
1959-10-26;0.4
1959-10-27;0.0
1959-10-28;40.6
1959-10-29;23.8
1959-10-30;0.2
1959-10-31;0.0
1959-11-01;2.8
1959-11-02;0.8
1959-11-03;0.0
1959-11-04;0.0
1959-11-05;0.6
1959-11-06;14.8
1959-11-07;0.0
1959-11-08;0.0
1959-11-09;0.0
1959-11-10;0.0
1959-11-11;7.0
1959-11-12;12.6
1959-11-13;19.6
1959-11-14;0.2
1959-11-15;1.0
1959-11-16;24.2
1959-11-17;0.0
1959-11-18;1.8
1959-11-19;12.0
1959-11-20;0.0
1959-11-21;0.0
1959-11-22;0.0
1959-11-23;0.2
1959-11-24;0.0
1959-11-25;0.0
1959-11-26;1.2
1959-11-27;0.0
1959-11-28;0.2
1959-11-29;9.0
1959-11-30;6.4
1959-12-01;7.6
1959-12-02;2.6
1959-12-03;2.4
1959-12-04;11.0
1959-12-05;32.0
1959-12-06;3.6
1959-12-07;0.0
1959-12-08;13.0
1959-12-09;16.0
1959-12-10;5.6
1959-12-11;9.4
1959-12-12;1.8
1959-12-13;10.6
1959-12-14;1.6
1959-12-15;0.4
1959-12-16;0.0
1959-12-17;0.0
1959-12-18;5.8
1959-12-19;15.0
1959-12-20;0.8
1959-12-21;0.0
1959-12-22;36.2
1959-12-23;1.6
1959-12-24;30.0
1959-12-25;11.8
1959-12-26;0.4
1959-12-27;9.0
1959-12-28;19.8
1959-12-29;0.2
1959-12-30;0.0
1959-12-31;0.0
1960-01-01;0.0
1960-01-02;3.4
1960-01-03;13.4
1960-01-04;0.0
1960-01-05;0.0
1960-01-06;0.0
1960-01-07;0.0
1960-01-08;0.0
1960-01-09;8.0
1960-01-10;0.0
1960-01-11;0.0
1960-01-12;5.6
1960-01-13;0.0
1960-01-14;0.0
1960-01-15;33.4
1960-01-16;4.8
1960-01-17;2.2
1960-01-18;0.0
1960-01-19;0.0
1960-01-20;0.2
1960-01-21;2.6
1960-01-22;0.0
1960-01-23;0.0
1960-01-24;1.8
1960-01-25;0.4
1960-01-26;5.0
1960-01-27;0.8
1960-01-28;0.0
1960-01-29;0.0
1960-01-30;0.0
1960-01-31;0.0
1960-02-01;0.0
1960-02-02;0.0
1960-02-03;0.0
1960-02-04;0.4
1960-02-05;0.4
1960-02-06;0.0
1960-02-07;0.0
1960-02-08;0.0
1960-02-09;0.0
1960-02-10;1.2
1960-02-11;0.0
1960-02-12;2.8
1960-02-13;12.6
1960-02-14;12.4
1960-02-15;19.8
1960-02-16;0.0
1960-02-17;13.0
1960-02-18;50.2
1960-02-19;0.4
1960-02-20;10.6
1960-02-21;4.2
1960-02-22;1.0
1960-02-23;36.6
1960-02-24;6.0
1960-02-25;0.2
1960-02-26;0.0
1960-02-27;0.0
1960-02-28;0.0
1960-02-29;0.0
1960-03-01;0.2
1960-03-02;11.0
1960-03-03;0.8
1960-03-04;0.0
1960-03-05;0.0
1960-03-06;0.0
1960-03-07;0.0
1960-03-08;0.0
1960-03-09;0.0
1960-03-10;35.0
1960-03-11;33.0
1960-03-12;5.0
1960-03-13;2.0
1960-03-14;2.0
1960-03-15;8.4
1960-03-16;22.4
1960-03-17;27.0
1960-03-18;3.4
1960-03-19;0.0
1960-03-20;0.0
1960-03-21;0.0
1960-03-22;0.0
1960-03-23;0.0
1960-03-24;0.0
1960-03-25;2.0
1960-03-26;0.0
1960-03-27;16.8
1960-03-28;5.8
1960-03-29;18.0
1960-03-30;6.2
1960-03-31;7.8
1960-04-01;0.0
1960-04-02;0.8
1960-04-03;0.0
1960-04-04;0.6
1960-04-05;2.2
1960-04-06;0.0
1960-04-07;0.2
1960-04-08;0.0
1960-04-09;0.0
1960-04-10;0.0
1960-04-11;0.0
1960-04-12;0.0
1960-04-13;0.0
1960-04-14;0.0
1960-04-15;0.0
1960-04-16;9.8
1960-04-17;0.2
1960-04-18;11.4
1960-04-19;24.2
1960-04-20;9.8
1960-04-21;0.2
1960-04-22;0.0
1960-04-23;0.0
1960-04-24;0.4
1960-04-25;0.0
1960-04-26;0.0
1960-04-27;2.0
1960-04-28;6.6
1960-04-29;0.2
1960-04-30;6.8
1960-05-01;9.2
1960-05-02;0.6
1960-05-03;0.0
1960-05-04;0.0
1960-05-05;0.0
1960-05-06;7.2
1960-05-07;0.2
1960-05-08;0.0
1960-05-09;0.0
1960-05-10;0.0
1960-05-11;0.0
1960-05-12;0.0
1960-05-13;0.0
1960-05-14;0.0
1960-05-15;0.0
1960-05-16;0.0
1960-05-17;0.0
1960-05-18;0.0
1960-05-19;0.0
1960-05-20;0.0
1960-05-21;0.0
1960-05-22;0.0
1960-05-23;0.0
1960-05-24;0.0
1960-05-25;0.0
1960-05-26;0.0
1960-05-27;0.0
1960-05-28;0.0
1960-05-29;0.0
1960-05-30;0.8
1960-05-31;0.0
1960-06-01;0.0
1960-06-02;0.0
1960-06-03;1.0
1960-06-04;1.0
1960-06-05;2.8
1960-06-06;3.2
1960-06-07;0.0
1960-06-08;8.2
1960-06-09;0.8
1960-06-10;0.0
1960-06-11;1.0
1960-06-12;0.0
1960-06-13;0.0
1960-06-14;0.0
1960-06-15;0.0
1960-06-16;0.0
1960-06-17;0.0
1960-06-18;0.0
1960-06-19;0.0
1960-06-20;0.0
1960-06-21;0.0
1960-06-22;0.0
1960-06-23;0.0
1960-06-24;0.0
1960-06-25;0.4
1960-06-26;19.8
1960-06-27;11.0
1960-06-28;0.0
1960-06-29;0.4
1960-06-30;0.0
1960-07-01;3.6
1960-07-02;0.0
1960-07-03;0.0
1960-07-04;12.4
1960-07-05;0.2
1960-07-06;0.6
1960-07-07;0.0
1960-07-08;0.0
1960-07-09;36.2
1960-07-10;4.6
1960-07-11;0.0
1960-07-12;0.0
1960-07-13;20.0
1960-07-14;0.0
1960-07-15;0.0
1960-07-16;0.0
1960-07-17;10.4
1960-07-18;0.0
1960-07-19;0.0
1960-07-20;0.0
1960-07-21;0.0
1960-07-22;0.0
1960-07-23;0.0
1960-07-24;3.0
1960-07-25;0.0
1960-07-26;0.0
1960-07-27;0.0
1960-07-28;38.2
1960-07-29;0.0
1960-07-30;0.0
1960-07-31;0.0
1960-08-01;0.0
1960-08-02;0.6
1960-08-03;0.2
1960-08-04;0.0
1960-08-05;0.8
1960-08-06;0.8
1960-08-07;0.0
1960-08-08;0.8
1960-08-09;0.0
1960-08-10;0.0
1960-08-11;0.0
1960-08-12;0.0
1960-08-13;2.6
1960-08-14;0.0
1960-08-15;0.0
1960-08-16;4.0
1960-08-17;0.0
1960-08-18;0.0
1960-08-19;0.2
1960-08-20;0.2
1960-08-21;0.0
1960-08-22;0.0
1960-08-23;0.0
1960-08-24;0.0
1960-08-25;0.0
1960-08-26;0.0
1960-08-27;0.0
1960-08-28;0.0
1960-08-29;0.0
1960-08-30;0.0
1960-08-31;0.0
1960-09-01;0.0
1960-09-02;0.0
1960-09-03;0.2
1960-09-04;0.0
1960-09-05;8.6
1960-09-06;12.4
1960-09-07;4.2
1960-09-08;0.0
1960-09-09;2.0
1960-09-10;0.0
1960-09-11;0.0
1960-09-12;0.0
1960-09-13;0.0
1960-09-14;0.0
1960-09-15;0.0
1960-09-16;0.0
1960-09-17;5.0
1960-09-18;13.2
1960-09-19;5.8
1960-09-20;24.0
1960-09-21;3.4
1960-09-22;6.2
1960-09-23;0.0
1960-09-24;0.0
1960-09-25;0.0
1960-09-26;0.0
1960-09-27;0.0
1960-09-28;26.6
1960-09-29;27.0
1960-09-30;4.4
1960-10-01;1.0
1960-10-02;0.0
1960-10-03;0.0
1960-10-04;0.0
1960-10-05;11.2
1960-10-06;1.4
1960-10-07;52.4
1960-10-08;22.8
1960-10-09;2.4
1960-10-10;26.4
1960-10-11;7.4
1960-10-12;1.6
1960-10-13;22.4
1960-10-14;0.0
1960-10-15;19.4
1960-10-16;12.0
1960-10-17;1.0
1960-10-18;0.0
1960-10-19;0.0
1960-10-20;0.0
1960-10-21;55.8
1960-10-22;1.8
1960-10-23;0.0
1960-10-24;0.0
1960-10-25;7.2
1960-10-26;23.8
1960-10-27;0.0
1960-10-28;0.4
1960-10-29;0.2
1960-10-30;15.2
1960-10-31;2.8
1960-11-01;1.0
1960-11-02;1.2
1960-11-03;0.2
1960-11-04;0.0
1960-11-05;10.6
1960-11-06;0.0
1960-11-07;3.6
1960-11-08;7.8
1960-11-09;0.6
1960-11-10;0.0
1960-11-11;2.4
1960-11-12;29.0
1960-11-13;19.8
1960-11-14;3.6
1960-11-15;0.6
1960-11-16;5.4
1960-11-17;1.8
1960-11-18;5.4
1960-11-19;2.4
1960-11-20;24.6
1960-11-21;0.0
1960-11-22;0.8
1960-11-23;8.6
1960-11-24;2.2
1960-11-25;0.0
1960-11-26;0.2
1960-11-27;1.2
1960-11-28;0.4
1960-11-29;16.8
1960-11-30;0.2
1960-12-01;0.0
1960-12-02;0.0
1960-12-03;0.0
1960-12-04;0.0
1960-12-05;2.4
1960-12-06;0.0
1960-12-07;28.6
1960-12-08;5.6
1960-12-09;6.2
1960-12-10;7.4
1960-12-11;2.4
1960-12-12;0.0
1960-12-13;0.8
1960-12-14;0.4
1960-12-15;6.0
1960-12-16;5.4
1960-12-17;0.0
1960-12-18;10.0
1960-12-19;26.0
1960-12-20;10.6
1960-12-21;53.0
1960-12-22;7.8
1960-12-23;4.6
1960-12-24;0.2
1960-12-25;2.6
1960-12-26;0.0
1960-12-27;0.0
1960-12-28;14.6
1960-12-29;5.4
1960-12-30;2.2
1960-12-31;0.0
1961-01-01;8.0
1961-01-02;49.8
1961-01-03;6.4
1961-01-04;22.2
1961-01-05;6.6
1961-01-06;0.2
1961-01-07;6.8
1961-01-08;2.8
1961-01-09;9.8
1961-01-10;1.6
1961-01-11;2.4
1961-01-12;20.4
1961-01-13;4.0
1961-01-14;0.0
1961-01-15;6.2
1961-01-16;0.6
1961-01-17;0.0
1961-01-18;0.0
1961-01-19;0.0
1961-01-20;0.0
1961-01-21;0.0
1961-01-22;0.0
1961-01-23;8.2
1961-01-24;1.2
1961-01-25;2.2
1961-01-26;4.8
1961-01-27;0.0
1961-01-28;0.0
1961-01-29;0.0
1961-01-30;0.0
1961-01-31;2.0
1961-02-01;8.6
1961-02-02;1.6
1961-02-03;12.6
1961-02-04;0.0
1961-02-05;0.2
1961-02-06;0.0
1961-02-07;0.0
1961-02-08;15.0
1961-02-09;0.0
1961-02-10;0.0
1961-02-11;0.0
1961-02-12;0.0
1961-02-13;0.0
1961-02-14;0.0
1961-02-15;0.0
1961-02-16;0.0
1961-02-17;0.0
1961-02-18;0.0
1961-02-19;0.0
1961-02-20;0.0
1961-02-21;1.2
1961-02-22;0.0
1961-02-23;2.4
1961-02-24;0.0
1961-02-25;0.0
1961-02-26;0.0
1961-02-27;0.0
1961-02-28;0.0
1961-03-01;0.0
1961-03-02;0.0
1961-03-03;0.0
1961-03-04;0.0
1961-03-05;0.0
1961-03-06;0.0
1961-03-07;0.0
1961-03-08;0.0
1961-03-09;0.0
1961-03-10;0.0
1961-03-11;0.0
1961-03-12;0.0
1961-03-13;0.0
1961-03-14;0.0
1961-03-15;0.0
1961-03-16;0.0
1961-03-17;0.0
1961-03-18;0.0
1961-03-19;0.2
1961-03-20;2.8
1961-03-21;0.0
1961-03-22;0.0
1961-03-23;0.0
1961-03-24;0.0
1961-03-25;0.0
1961-03-26;0.0
1961-03-27;0.0
1961-03-28;0.0
1961-03-29;0.0
1961-03-30;0.0
1961-03-31;0.0
1961-04-01;0.0
1961-04-02;0.0
1961-04-03;1.8
1961-04-04;2.0
1961-04-05;0.0
1961-04-06;0.0
1961-04-07;0.0
1961-04-08;0.0
1961-04-09;0.0
1961-04-10;0.0
1961-04-11;0.0
1961-04-12;0.0
1961-04-13;0.0
1961-04-14;0.0
1961-04-15;6.0
1961-04-16;1.6
1961-04-17;9.4
1961-04-18;5.6
1961-04-19;0.0
1961-04-20;0.0
1961-04-21;0.0
1961-04-22;19.8
1961-04-23;26.2
1961-04-24;29.0
1961-04-25;0.8
1961-04-26;1.4
1961-04-27;29.8
1961-04-28;0.0
1961-04-29;0.0
1961-04-30;3.0
1961-05-01;2.0
1961-05-02;1.8
1961-05-03;0.0
1961-05-04;0.0
1961-05-05;0.0
1961-05-06;0.0
1961-05-07;0.0
1961-05-08;0.0
1961-05-09;0.0
1961-05-10;4.4
1961-05-11;0.0
1961-05-12;0.2
1961-05-13;0.0
1961-05-14;0.0
1961-05-15;0.0
1961-05-16;0.0
1961-05-17;8.0
1961-05-18;0.6
1961-05-19;0.2
1961-05-20;1.0
1961-05-21;8.4
1961-05-22;4.6
1961-05-23;0.0
1961-05-24;6.0
1961-05-25;0.0
1961-05-26;0.4
1961-05-27;0.0
1961-05-28;0.0
1961-05-29;9.2
1961-05-30;0.0
1961-05-31;4.4
1961-06-01;7.6
1961-06-02;1.2
1961-06-03;0.6
1961-06-04;3.2
1961-06-05;0.6
1961-06-06;4.6
1961-06-07;10.4
1961-06-08;15.4
1961-06-09;0.0
1961-06-10;8.6
1961-06-11;8.4
1961-06-12;0.0
1961-06-13;0.0
1961-06-14;0.8
1961-06-15;0.2
1961-06-16;0.0
1961-06-17;0.0
1961-06-18;0.0
1961-06-19;0.0
1961-06-20;0.0
1961-06-21;0.0
1961-06-22;0.0
1961-06-23;0.0
1961-06-24;0.0
1961-06-25;0.0
1961-06-26;0.0
1961-06-27;0.0
1961-06-28;0.0
1961-06-29;0.0
1961-06-30;0.0
1961-07-01;0.0
1961-07-02;0.0
1961-07-03;0.0
1961-07-04;0.0
1961-07-05;0.0
1961-07-06;0.4
1961-07-07;0.0
1961-07-08;0.0
1961-07-09;0.0
1961-07-10;0.0
1961-07-11;0.0
1961-07-12;0.0
1961-07-13;5.8
1961-07-14;0.0
1961-07-15;0.0
1961-07-16;0.0
1961-07-17;0.0
1961-07-18;0.0
1961-07-19;0.0
1961-07-20;5.0
1961-07-21;0.2
1961-07-22;0.0
1961-07-23;0.0
1961-07-24;0.0
1961-07-25;0.0
1961-07-26;0.0
1961-07-27;0.0
1961-07-28;0.0
1961-07-29;0.0
1961-07-30;7.6
1961-07-31;0.0
1961-08-01;0.0
1961-08-02;0.0
1961-08-03;0.0
1961-08-04;0.0
1961-08-05;0.0
1961-08-06;0.0
1961-08-07;0.0
1961-08-08;0.0
1961-08-09;0.0
1961-08-10;0.0
1961-08-11;0.0
1961-08-12;0.0
1961-08-13;1.4
1961-08-14;0.0
1961-08-15;0.0
1961-08-16;0.0
1961-08-17;0.0
1961-08-18;2.4
1961-08-19;0.0
1961-08-20;0.0
1961-08-21;0.0
1961-08-22;0.0
1961-08-23;0.0
1961-08-24;0.0
1961-08-25;0.0
1961-08-26;5.2
1961-08-27;0.0
1961-08-28;0.0
1961-08-29;0.0
1961-08-30;0.0
1961-08-31;0.0
1961-09-01;0.0
1961-09-02;0.0
1961-09-03;0.0
1961-09-04;0.0
1961-09-05;0.0
1961-09-06;66.2
1961-09-07;0.0
1961-09-08;0.4
1961-09-09;32.8
1961-09-10;8.4
1961-09-11;0.0
1961-09-12;0.0
1961-09-13;0.0
1961-09-14;0.0
1961-09-15;0.0
1961-09-16;0.0
1961-09-17;0.0
1961-09-18;0.0
1961-09-19;0.0
1961-09-20;0.0
1961-09-21;0.0
1961-09-22;0.0
1961-09-23;0.0
1961-09-24;0.0
1961-09-25;0.0
1961-09-26;0.0
1961-09-27;0.0
1961-09-28;0.0
1961-09-29;0.0
1961-09-30;0.0
1961-10-01;21.4
1961-10-02;1.4
1961-10-03;0.4
1961-10-04;0.0
1961-10-05;1.2
1961-10-06;0.2
1961-10-07;15.8
1961-10-08;19.6
1961-10-09;2.0
1961-10-10;0.0
1961-10-11;0.0
1961-10-12;0.0
1961-10-13;0.0
1961-10-14;0.0
1961-10-15;0.0
1961-10-16;0.0
1961-10-17;0.0
1961-10-18;47.0
1961-10-19;29.2
1961-10-20;1.2
1961-10-21;0.0
1961-10-22;0.2
1961-10-23;0.0
1961-10-24;0.0
1961-10-25;0.0
1961-10-26;0.0
1961-10-27;0.0
1961-10-28;0.2
1961-10-29;14.6
1961-10-30;14.2
1961-10-31;0.8
1961-11-01;0.0
1961-11-02;0.0
1961-11-03;0.0
1961-11-04;24.6
1961-11-05;4.4
1961-11-06;0.0
1961-11-07;0.0
1961-11-08;0.8
1961-11-09;1.8
1961-11-10;7.4
1961-11-11;3.6
1961-11-12;9.4
1961-11-13;29.2
1961-11-14;5.6
1961-11-15;6.4
1961-11-16;0.0
1961-11-17;0.0
1961-11-18;0.0
1961-11-19;0.0
1961-11-20;0.0
1961-11-21;0.0
1961-11-22;0.0
1961-11-23;0.0
1961-11-24;24.2
1961-11-25;0.2
1961-11-26;2.0
1961-11-27;19.6
1961-11-28;8.4
1961-11-29;2.8
1961-11-30;3.8
1961-12-01;0.0
1961-12-02;4.2
1961-12-03;2.2
1961-12-04;3.0
1961-12-05;0.2
1961-12-06;4.8
1961-12-07;22.8
1961-12-08;0.0
1961-12-09;0.0
1961-12-10;1.0
1961-12-11;0.0
1961-12-12;1.4
1961-12-13;0.0
1961-12-14;0.2
1961-12-15;0.0
1961-12-16;0.0
1961-12-17;2.2
1961-12-18;0.0
1961-12-19;0.0
1961-12-20;0.0
1961-12-21;0.0
1961-12-22;0.0
1961-12-23;0.2
1961-12-24;7.4
1961-12-25;0.0
1961-12-26;0.0
1961-12-27;40.8
1961-12-28;42.8
1961-12-29;9.8
1961-12-30;0.0
1961-12-31;9.2
1962-01-01;12.2
1962-01-02;0.0
1962-01-03;0.0
1962-01-04;0.0
1962-01-05;0.0
1962-01-06;0.0
1962-01-07;0.0
1962-01-08;0.0
1962-01-09;0.0
1962-01-10;0.8
1962-01-11;6.2
1962-01-12;24.8
1962-01-13;4.6
1962-01-14;7.0
1962-01-15;5.8
1962-01-16;0.2
1962-01-17;0.0
1962-01-18;0.0
1962-01-19;0.6
1962-01-20;0.2
1962-01-21;0.0
1962-01-22;0.2
1962-01-23;10.8
1962-01-24;0.6
1962-01-25;0.0
1962-01-26;3.8
1962-01-27;0.2
1962-01-28;0.0
1962-01-29;0.0
1962-01-30;0.4
1962-01-31;7.0
1962-02-01;0.0
1962-02-02;0.0
1962-02-03;0.0
1962-02-04;0.0
1962-02-05;0.0
1962-02-06;0.0
1962-02-07;0.0
1962-02-08;1.2
1962-02-09;13.8
1962-02-10;9.8
1962-02-11;0.0
1962-02-12;0.0
1962-02-13;0.0
1962-02-14;0.2
1962-02-15;9.2
1962-02-16;0.0
1962-02-17;0.0
1962-02-18;0.0
1962-02-19;0.0
1962-02-20;0.2
1962-02-21;0.0
1962-02-22;0.0
1962-02-23;2.0
1962-02-24;0.0
1962-02-25;0.0
1962-02-26;13.2
1962-02-27;12.6
1962-02-28;0.0
1962-03-01;8.4
1962-03-02;3.8
1962-03-03;17.8
1962-03-04;17.6
1962-03-05;10.8
1962-03-06;18.6
1962-03-07;0.6
1962-03-08;0.2
1962-03-09;4.2
1962-03-10;0.2
1962-03-11;3.4
1962-03-12;10.8
1962-03-13;0.2
1962-03-14;4.2
1962-03-15;0.0
1962-03-16;0.0
1962-03-17;0.0
1962-03-18;0.2
1962-03-19;0.0
1962-03-20;0.0
1962-03-21;0.0
1962-03-22;0.0
1962-03-23;0.4
1962-03-24;1.0
1962-03-25;0.4
1962-03-26;0.8
1962-03-27;0.6
1962-03-28;31.8
1962-03-29;0.0
1962-03-30;0.0
1962-03-31;0.6
1962-04-01;0.4
1962-04-02;0.0
1962-04-03;1.8
1962-04-04;7.0
1962-04-05;39.8
1962-04-06;0.0
1962-04-07;0.0
1962-04-08;0.0
1962-04-09;0.0
1962-04-10;6.2
1962-04-11;1.4
1962-04-12;0.0
1962-04-13;0.0
1962-04-14;0.0
1962-04-15;30.6
1962-04-16;5.0
1962-04-17;0.0
1962-04-18;0.6
1962-04-19;6.6
1962-04-20;5.6
1962-04-21;0.0
1962-04-22;0.0
1962-04-23;0.0
1962-04-24;0.0
1962-04-25;0.0
1962-04-26;0.0
1962-04-27;0.0
1962-04-28;0.4
1962-04-29;0.0
1962-04-30;0.0
1962-05-01;0.4
1962-05-02;0.0
1962-05-03;0.0
1962-05-04;0.0
1962-05-05;10.0
1962-05-06;0.0
1962-05-07;0.0
1962-05-08;0.0
1962-05-09;0.0
1962-05-10;0.0
1962-05-11;0.0
1962-05-12;0.0
1962-05-13;6.0
1962-05-14;25.4
1962-05-15;3.0
1962-05-16;0.2
1962-05-17;0.0
1962-05-18;0.0
1962-05-19;1.8
1962-05-20;8.4
1962-05-21;24.2
1962-05-22;0.0
1962-05-23;0.0
1962-05-24;0.0
1962-05-25;0.0
1962-05-26;0.0
1962-05-27;1.6
1962-05-28;2.0
1962-05-29;0.0
1962-05-30;0.0
1962-05-31;0.0
1962-06-01;0.0
1962-06-02;7.2
1962-06-03;15.4
1962-06-04;0.0
1962-06-05;0.0
1962-06-06;0.0
1962-06-07;0.0
1962-06-08;2.0
1962-06-09;0.0
1962-06-10;1.8
1962-06-11;0.0
1962-06-12;0.0
1962-06-13;0.0
1962-06-14;0.0
1962-06-15;0.0
1962-06-16;2.2
1962-06-17;0.0
1962-06-18;0.0
1962-06-19;0.0
1962-06-20;0.0
1962-06-21;0.0
1962-06-22;0.0
1962-06-23;0.0
1962-06-24;0.0
1962-06-25;0.0
1962-06-26;0.0
1962-06-27;15.8
1962-06-28;0.0
1962-06-29;0.0
1962-06-30;0.0
1962-07-01;0.2
1962-07-02;0.0
1962-07-03;0.0
1962-07-04;0.0
1962-07-05;0.0
1962-07-06;0.0
1962-07-07;1.2
1962-07-08;0.0
1962-07-09;0.0
1962-07-10;0.0
1962-07-11;0.0
1962-07-12;0.0
1962-07-13;0.0
1962-07-14;0.0
1962-07-15;0.0
1962-07-16;0.0
1962-07-17;0.0
1962-07-18;0.0
1962-07-19;0.0
1962-07-20;0.0
1962-07-21;0.0
1962-07-22;0.0
1962-07-23;0.0
1962-07-24;0.0
1962-07-25;0.0
1962-07-26;0.0
1962-07-27;0.0
1962-07-28;0.0
1962-07-29;0.0
1962-07-30;0.0
1962-07-31;0.0
1962-08-01;0.0
1962-08-02;0.0
1962-08-03;0.0
1962-08-04;0.0
1962-08-05;0.0
1962-08-06;0.2
1962-08-07;0.0
1962-08-08;0.0
1962-08-09;0.0
1962-08-10;0.0
1962-08-11;0.0
1962-08-12;0.0
1962-08-13;0.0
1962-08-14;0.0
1962-08-15;0.0
1962-08-16;0.0
1962-08-17;0.0
1962-08-18;0.0
1962-08-19;0.0
1962-08-20;0.0
1962-08-21;0.0
1962-08-22;0.0
1962-08-23;0.0
1962-08-24;0.0
1962-08-25;0.0
1962-08-26;0.0
1962-08-27;0.0
1962-08-28;0.0
1962-08-29;0.0
1962-08-30;0.0
1962-08-31;8.8
1962-09-01;0.0
1962-09-02;0.0
1962-09-03;0.0
1962-09-04;0.0
1962-09-05;0.6
1962-09-06;0.0
1962-09-07;0.0
1962-09-08;0.0
1962-09-09;2.4
1962-09-10;0.0
1962-09-11;0.0
1962-09-12;0.0
1962-09-13;0.0
1962-09-14;0.0
1962-09-15;0.0
1962-09-16;0.0
1962-09-17;7.0
1962-09-18;3.0
1962-09-19;0.0
1962-09-20;0.0
1962-09-21;0.4
1962-09-22;0.0
1962-09-23;0.0
1962-09-24;0.0
1962-09-25;0.0
1962-09-26;0.0
1962-09-27;0.0
1962-09-28;5.4
1962-09-29;0.0
1962-09-30;1.4
1962-10-01;0.0
1962-10-02;0.0
1962-10-03;0.0
1962-10-04;0.0
1962-10-05;0.0
1962-10-06;0.0
1962-10-07;0.0
1962-10-08;4.2
1962-10-09;0.0
1962-10-10;0.0
1962-10-11;0.0
1962-10-12;0.0
1962-10-13;9.2
1962-10-14;4.6
1962-10-15;0.0
1962-10-16;32.4
1962-10-17;5.0
1962-10-18;0.0
1962-10-19;0.0
1962-10-20;0.0
1962-10-21;0.0
1962-10-22;0.0
1962-10-23;0.0
1962-10-24;0.0
1962-10-25;0.0
1962-10-26;0.0
1962-10-27;0.0
1962-10-28;43.0
1962-10-29;7.8
1962-10-30;13.4
1962-10-31;0.0
1962-11-01;21.4
1962-11-02;13.2
1962-11-03;0.0
1962-11-04;0.0
1962-11-05;0.4
1962-11-06;17.8
1962-11-07;3.8
1962-11-08;11.4
1962-11-09;0.0
1962-11-10;2.2
1962-11-11;1.8
1962-11-12;2.2
1962-11-13;2.2
1962-11-14;4.6
1962-11-15;33.8
1962-11-16;10.4
1962-11-17;0.4
1962-11-18;11.6
1962-11-19;16.0
1962-11-20;6.8
1962-11-21;0.0
1962-11-22;9.4
1962-11-23;21.6
1962-11-24;0.6
1962-11-25;0.0
1962-11-26;0.0
1962-11-27;0.0
1962-11-28;0.0
1962-11-29;0.2
1962-11-30;3.6
1962-12-01;0.0
1962-12-02;0.0
1962-12-03;0.0
1962-12-04;0.0
1962-12-05;0.0
1962-12-06;0.0
1962-12-07;0.0
1962-12-08;0.0
1962-12-09;0.0
1962-12-10;0.0
1962-12-11;0.0
1962-12-12;0.0
1962-12-13;30.4
1962-12-14;6.2
1962-12-15;0.0
1962-12-16;5.6
1962-12-17;4.0
1962-12-18;0.0
1962-12-19;0.0
1962-12-20;0.4
1962-12-21;0.0
1962-12-22;0.0
1962-12-23;0.4
1962-12-24;0.0
1962-12-25;0.0
1962-12-26;0.0
1962-12-27;0.0
1962-12-28;0.0
1962-12-29;8.0
1962-12-30;41.0
1962-12-31;3.0
