data;mm
1934-10-29;5.0
1934-10-30;10.0
1934-10-31;1.5
1934-11-01;4.6
1934-11-02;0.8
1934-11-03;0.0
1934-11-05;1.6
1934-11-06;0.4
1934-11-07;25.6
1934-11-08;13.0
1934-11-09;10.1
1934-11-10;0.4
1934-11-11;7.0
1934-11-12;2.7
1934-11-13;7.5
1934-11-14;3.4
1934-11-15;1.2
1934-11-16;28.4
1934-11-17;37.3
1934-11-18;15.0
1934-11-19;2.8
1934-11-20;4.0
1934-11-21;0.0
1934-11-22;0.0
1934-11-23;0.0
1934-11-24;0.0
1934-11-25;0.0
1934-11-26;0.0
1934-11-27;0.0
1934-11-28;0.0
1934-11-29;0.0
1934-11-30;0.0
1934-12-01;0.0
1934-12-02;0.0
1934-12-03;0.6
1934-12-04;13.4
1934-12-05;5.2
1934-12-06;0.0
1934-12-07;0.0
1934-12-08;0.8
1934-12-09;0.4
1934-12-10;5.2
1934-12-11;33.3
1934-12-12;2.5
1934-12-13;32.5
1934-12-14;43.5
1934-12-15;6.2
1934-12-16;21.0
1934-12-17;3.4
1934-12-18;0.0
1934-12-19;0.0
1934-12-20;0.0
1934-12-21;0.0
1934-12-22;0.0
1934-12-23;0.0
1934-12-24;0.0
1934-12-25;0.0
1934-12-26;0.0
1934-12-27;1.9
1934-12-28;3.5
1934-12-29;0.0
1934-12-30;0.0
1934-12-31;0.0
1935-01-01;2.4
1935-01-02;0.0
1935-01-03;0.0
1935-01-04;0.0
1935-01-05;6.0
1935-01-06;0.0
1935-01-07;0.4
1935-01-08;1.0
1935-01-09;0.0
1935-01-10;0.0
1935-01-11;0.0
1935-01-12;0.0
1935-01-13;0.4
1935-01-14;0.0
1935-01-15;0.0
1935-01-16;0.0
1935-01-17;0.0
1935-01-18;0.0
1935-01-19;0.0
1935-01-20;0.0
1935-01-21;0.7
1935-01-22;0.0
1935-01-23;0.0
1935-01-24;0.0
1935-01-25;0.0
1935-01-26;6.3
1935-01-27;61.7
1935-01-28;10.5
1935-01-29;0.0
1935-01-30;0.0
1935-01-31;0.0
1935-02-01;0.0
1935-02-02;0.0
1935-02-03;0.0
1935-02-04;0.0
1935-02-05;0.0
1935-02-06;0.0
1935-02-07;0.0
1935-02-08;27.6
1935-02-09;0.4
1935-02-10;0.0
1935-02-11;0.0
1935-02-12;0.0
1935-02-13;0.0
1935-02-14;0.0
1935-02-15;0.0
1935-02-16;0.0
1935-02-17;0.0
1935-02-18;0.0
1935-02-19;0.0
1935-02-20;0.0
1935-02-21;0.0
1935-02-22;0.0
1935-02-23;18.5
1935-02-24;2.8
1935-02-25;0.0
1935-02-26;5.5
1935-02-27;8.0
1935-02-28;8.6
1935-03-01;55.0
1935-03-02;8.4
1935-03-03;0.0
1935-03-04;0.0
1935-03-05;0.0
1935-03-06;0.0
1935-03-07;0.0
1935-03-08;0.0
1935-03-09;0.0
1935-03-10;0.0
1935-03-11;0.0
1935-03-12;0.0
1935-03-13;0.0
1935-03-14;0.0
1935-03-15;0.0
1935-03-16;0.0
1935-03-17;0.0
1935-03-18;0.0
1935-03-19;0.0
1935-03-20;0.0
1935-03-21;0.0
1935-03-22;0.0
1935-03-23;0.4
1935-03-24;8.0
1935-03-25;0.0
1935-03-26;0.0
1935-03-27;0.0
1935-03-28;0.0
1935-03-29;0.0
1935-03-30;0.0
1935-03-31;0.0
1935-04-01;0.0
1935-04-02;0.0
1935-04-03;3.2
1935-04-04;14.0
1935-04-05;0.0
1935-04-06;10.0
1935-04-07;0.8
1935-04-08;0.0
1935-04-09;0.0
1935-04-10;0.0
1935-04-11;0.0
1935-04-12;0.0
1935-04-13;4.4
1935-04-14;1.5
1935-04-15;8.4
1935-04-16;0.0
1935-04-17;0.0
1935-04-18;18.5
1935-04-19;0.0
1935-04-20;0.0
1935-04-21;0.0
1935-04-22;0.0
1935-04-23;2.1
1935-04-24;29.2
1935-04-25;5.3
1935-04-26;1.4
1935-04-27;0.0
1935-04-28;0.0
1935-04-29;0.0
1935-04-30;0.0
1935-05-01;0.0
1935-05-02;0.0
1935-05-03;0.0
1935-05-04;0.0
1935-05-05;0.0
1935-05-06;0.9
1935-05-07;2.0
1935-05-08;0.0
1935-05-09;0.8
1935-05-10;0.0
1935-05-11;0.0
1935-05-12;0.0
1935-05-13;0.0
1935-05-14;4.4
1935-05-15;0.0
1935-05-16;4.6
1935-05-17;6.4
1935-05-18;0.0
1935-05-19;0.0
1935-05-20;0.0
1935-05-21;0.0
1935-05-22;0.0
1935-05-23;21.0
1935-05-24;4.9
1935-05-25;0.0
1935-05-26;0.0
1935-05-27;0.0
1935-05-28;0.0
1935-05-29;4.4
1935-05-30;15.4
1935-05-31;29.7
1935-06-01;0.0
1935-06-02;34.3
1935-06-03;0.0
1935-06-04;0.0
1935-06-05;0.0
1935-06-06;0.0
1935-06-07;0.0
1935-06-08;0.0
1935-06-09;0.0
1935-06-10;0.0
1935-06-11;0.0
1935-06-12;0.0
1935-06-13;0.0
1935-06-14;0.0
1935-06-15;0.0
1935-06-16;0.0
1935-06-17;0.0
1935-06-18;0.0
1935-06-19;0.0
1935-06-20;0.0
1935-06-21;0.0
1935-06-22;0.0
1935-06-23;0.0
1935-06-24;0.0
1935-06-25;0.0
1935-06-26;0.0
1935-06-27;0.0
1935-06-28;0.0
1935-06-29;0.0
1935-06-30;0.0
1935-07-01;0.0
1935-07-02;0.0
1935-07-03;0.0
1935-07-04;4.8
1935-07-05;0.0
1935-07-06;0.0
1935-07-07;0.0
1935-07-08;0.0
1935-07-09;0.0
1935-07-10;0.0
1935-07-11;0.0
1935-07-12;0.0
1935-07-13;0.0
1935-07-14;0.0
1935-07-15;0.0
1935-07-16;0.0
1935-07-17;0.0
1935-07-18;0.0
1935-07-19;0.0
1935-07-20;0.0
1935-07-21;0.0
1935-07-22;0.0
1935-07-23;0.0
1935-07-24;0.0
1935-07-25;0.0
1935-07-26;0.0
1935-07-27;0.0
1935-07-28;0.0
1935-07-29;0.0
1935-07-30;0.0
1935-07-31;0.0
1935-08-01;0.0
1935-08-02;0.0
1935-08-03;0.0
1935-08-04;0.0
1935-08-05;2.8
1935-08-06;0.0
1935-08-07;0.0
1935-08-08;0.0
1935-08-09;0.0
1935-08-10;0.0
1935-08-11;0.0
1935-08-12;0.0
1935-08-13;0.0
1935-08-14;16.2
1935-08-15;15.0
1935-08-16;0.0
1935-08-17;0.0
1935-08-18;0.0
1935-08-19;0.0
1935-08-20;0.0
1935-08-21;0.0
1935-08-22;0.0
1935-08-23;0.0
1935-08-24;0.0
1935-08-25;0.0
1935-08-26;29.0
1935-08-27;0.6
1935-08-28;10.8
1935-08-29;0.0
1935-08-30;0.0
1935-08-31;0.0
1935-09-01;0.0
1935-09-02;0.0
1935-09-03;0.0
1935-09-04;2.6
1935-09-05;1.6
1935-09-06;0.0
1935-09-07;0.0
1935-09-08;0.0
1935-09-09;0.0
1935-09-10;16.0
1935-09-11;2.0
1935-09-12;0.0
1935-09-13;0.0
1935-09-14;0.0
1935-09-15;0.0
1935-09-16;13.5
1935-09-17;0.0
1935-09-18;0.0
1935-09-19;0.0
1935-09-20;0.0
1935-09-21;0.0
1935-09-22;0.0
1935-09-23;0.0
1935-09-24;0.0
1935-09-25;0.0
1935-09-26;0.0
1935-09-27;0.0
1935-09-28;0.0
1935-09-29;0.0
1935-09-30;0.0
1935-10-01;0.0
1935-10-02;80.0
1935-10-03;20.0
1935-10-04;0.0
1935-10-05;34.7
1935-10-06;32.4
1935-10-07;20.7
1935-10-08;0.0
1935-10-09;10.5
1935-10-10;0.0
1935-10-11;0.0
1935-10-12;0.0
1935-10-13;0.8
1935-10-14;0.0
1935-10-15;7.6
1935-10-16;0.0
1935-10-17;0.0
1935-10-18;0.0
1935-10-19;0.0
1935-10-20;20.0
1935-10-21;77.0
1935-10-22;9.8
1935-10-23;15.2
1935-10-24;5.8
1935-10-25;10.3
1935-10-26;15.6
1935-10-27;0.0
1935-10-28;0.0
1935-10-29;0.0
1935-10-30;0.0
1935-10-31;1.2
1935-11-01;0.3
1935-11-02;0.0
1935-11-03;0.0
1935-11-04;0.0
1935-11-05;15.8
1935-11-06;5.0
1935-11-07;1.9
1935-11-08;3.5
1935-11-09;18.0
1935-11-10;0.3
1935-11-11;25.0
1935-11-12;0.0
1935-11-13;0.0
1935-11-14;0.0
1935-11-15;0.0
1935-11-16;5.7
1935-11-17;0.9
1935-11-18;30.2
1935-11-19;15.7
1935-11-20;0.0
1935-11-21;22.7
1935-11-22;0.8
1935-11-23;7.3
1935-11-24;3.3
1935-11-25;15.6
1935-11-26;0.7
1935-11-27;0.0
1935-11-28;0.0
1935-11-29;0.0
1935-11-30;0.0
1935-12-01;16.7
1935-12-02;27.0
1935-12-03;12.4
1935-12-04;11.5
1935-12-05;1.4
1935-12-06;25.2
1935-12-07;0.3
1935-12-08;0.0
1935-12-09;0.0
1935-12-10;0.4
1935-12-11;0.0
1935-12-12;0.8
1935-12-13;0.1
1935-12-14;10.4
1935-12-15;2.9
1935-12-16;4.8
1935-12-17;0.8
1935-12-18;31.0
1935-12-19;6.0
1935-12-20;5.1
1935-12-21;20.3
1935-12-22;0.0
1935-12-23;0.0
1935-12-24;5.7
1935-12-25;5.2
1935-12-26;8.8
1935-12-27;12.3
1935-12-28;0.6
1935-12-29;1.2
1935-12-30;0.0
1935-12-31;2.1
1936-01-01;0.0
1936-01-02;14.5
1936-01-03;10.0
1936-01-04;31.3
1936-01-05;12.2
1936-01-06;0.0
1936-01-07;0.0
1936-01-08;16.4
1936-01-09;0.3
1936-01-10;6.1
1936-01-11;4.5
1936-01-12;1.3
1936-01-13;0.6
1936-01-14;0.0
1936-01-15;0.0
1936-01-16;0.0
1936-01-17;1.8
1936-01-18;8.2
1936-01-19;0.4
1936-01-20;10.7
1936-01-21;29.3
1936-01-22;1.7
1936-01-23;11.2
1936-01-24;0.0
1936-01-25;2.0
1936-01-26;0.0
1936-01-27;12.9
1936-01-28;11.0
1936-01-29;0.0
1936-01-30;7.1
1936-01-31;0.0
1936-02-01;1.2
1936-02-02;4.9
1936-02-03;6.7
1936-02-04;0.3
1936-02-05;0.0
1936-02-06;0.0
1936-02-07;0.0
1936-02-08;0.0
1936-02-09;0.0
1936-02-10;1.1
1936-02-11;5.2
1936-02-12;0.0
1936-02-13;0.0
1936-02-14;0.0
1936-02-15;6.0
1936-02-16;0.4
1936-02-17;6.4
1936-02-18;18.8
1936-02-19;1.8
1936-02-20;4.4
1936-02-21;0.0
1936-02-22;5.0
1936-02-23;0.0
1936-02-24;3.8
1936-02-25;4.6
1936-02-26;0.0
1936-02-27;0.0
1936-02-28;30.0
1936-02-29;8.3
1936-03-01;17.5
1936-03-02;7.0
1936-03-03;11.3
1936-03-04;0.0
1936-03-05;0.0
1936-03-06;8.6
1936-03-07;5.0
1936-03-08;0.0
1936-03-09;0.0
1936-03-10;0.0
1936-03-11;0.0
1936-03-12;0.0
1936-03-13;1.7
1936-03-14;0.0
1936-03-15;0.0
1936-03-16;3.8
1936-03-17;0.0
1936-03-18;0.0
1936-03-19;0.0
1936-03-20;0.0
1936-03-21;0.0
1936-03-22;0.0
1936-03-23;8.5
1936-03-24;2.1
1936-03-25;1.3
1936-03-26;2.3
1936-03-27;18.0
1936-03-28;3.7
1936-03-29;0.0
1936-03-30;0.6
1936-03-31;0.0
1936-04-01;0.0
1936-04-02;0.0
1936-04-03;4.0
1936-04-04;1.2
1936-04-05;7.8
1936-04-06;0.0
1936-04-07;0.0
1936-04-08;4.6
1936-04-09;10.2
1936-04-10;0.0
1936-04-11;0.0
1936-04-12;0.0
1936-04-13;0.6
1936-04-14;10.2
1936-04-15;6.8
1936-04-16;0.4
1936-04-17;17.9
1936-04-18;8.8
1936-04-19;0.0
1936-04-20;0.0
1936-04-21;6.0
1936-04-22;0.0
1936-04-23;6.5
1936-04-24;3.3
1936-04-25;1.1
1936-04-26;0.0
1936-04-27;0.0
1936-04-28;0.0
1936-04-29;25.4
1936-04-30;10.0
1936-05-01;4.8
1936-05-02;0.4
1936-05-03;12.2
1936-05-04;2.5
1936-05-05;8.9
1936-05-06;0.0
1936-05-07;0.0
1936-05-08;0.0
1936-05-09;0.0
1936-05-10;0.5
1936-05-11;0.0
1936-05-12;0.0
1936-05-13;0.0
1936-05-14;0.0
1936-05-15;0.0
1936-05-16;0.0
1936-05-17;0.0
1936-05-18;0.0
1936-05-19;0.0
1936-05-20;22.6
1936-05-21;2.9
1936-05-22;24.0
1936-05-23;12.8
1936-05-24;3.8
1936-05-25;0.0
1936-05-26;0.0
1936-05-27;0.0
1936-05-28;3.2
1936-05-29;0.0
1936-05-30;0.0
1936-05-31;5.3
1936-06-01;1.2
1936-06-02;0.0
1936-06-03;0.0
1936-06-04;17.4
1936-06-05;3.5
1936-06-06;0.0
1936-06-07;1.6
1936-06-08;0.0
1936-06-09;0.0
1936-06-10;1.8
1936-06-11;0.5
1936-06-12;19.4
1936-06-13;0.0
1936-06-14;0.0
1936-06-15;0.0
1936-06-16;0.0
1936-06-17;0.0
1936-06-18;0.0
1936-06-19;0.0
1936-06-20;0.0
1936-06-21;0.0
1936-06-22;0.0
1936-06-23;0.0
1936-06-24;0.0
1936-06-25;28.2
1936-06-26;0.0
1936-06-27;0.0
1936-06-28;11.0
1936-06-29;1.4
1936-06-30;0.0
1936-07-01;0.0
1936-07-02;0.0
1936-07-03;36.4
1936-07-04;0.0
1936-07-05;0.0
1936-07-06;0.0
1936-07-07;0.0
1936-07-08;0.0
1936-07-09;0.0
1936-07-10;0.0
1936-07-11;0.0
1936-07-12;0.0
1936-07-13;0.0
1936-07-14;0.0
1936-07-15;0.0
1936-07-16;0.0
1936-07-17;0.0
1936-07-18;0.0
1936-07-19;0.0
1936-07-20;0.0
1936-07-21;0.0
1936-07-22;0.0
1936-07-23;0.0
1936-07-24;0.0
1936-07-25;0.0
1936-07-26;0.0
1936-07-27;0.0
1936-07-28;0.0
1936-07-29;0.0
1936-07-30;0.0
1936-07-31;0.0
1936-08-01;0.0
1936-08-02;0.0
1936-08-03;0.0
1936-08-04;0.0
1936-08-05;0.0
1936-08-06;0.0
1936-08-07;0.0
1936-08-08;0.0
1936-08-09;0.0
1936-08-10;0.0
1936-08-11;0.0
1936-08-12;0.0
1936-08-13;0.0
1936-08-14;0.0
1936-08-15;0.0
1936-08-16;0.0
1936-08-17;0.0
1936-08-18;0.0
1936-08-19;0.0
1936-08-20;0.0
1936-08-21;0.0
1936-08-22;0.0
1936-08-23;0.0
1936-08-24;0.0
1936-08-25;0.0
1936-08-26;0.0
1936-08-27;0.0
1936-08-28;0.0
1936-08-29;0.0
1936-08-30;0.0
1936-08-31;0.0
1936-09-01;0.0
1936-09-02;0.0
1936-09-03;0.0
1936-09-04;0.0
1936-09-05;0.0
1936-09-06;3.0
1936-09-07;0.0
1936-09-08;0.0
1936-09-09;0.0
1936-09-10;0.0
1936-09-11;0.0
1936-09-12;8.6
1936-09-13;0.0
1936-09-14;0.0
1936-09-15;0.0
1936-09-16;0.0
1936-09-17;8.0
1936-09-18;20.0
1936-09-19;0.8
1936-09-20;0.0
1936-09-21;0.0
1936-09-22;0.0
1936-09-23;0.0
1936-09-24;0.0
1936-09-25;0.0
1936-09-26;3.4
1936-09-27;0.6
1936-09-28;20.0
1936-09-29;20.0
1936-09-30;0.0
1936-10-01;0.0
1936-10-02;0.0
1936-10-03;9.4
1936-10-04;0.0
1936-10-05;0.0
1936-10-06;3.8
1936-10-07;127.0
1936-10-08;41.0
1936-10-09;18.8
1936-10-10;13.0
1936-10-11;23.8
1936-10-12;0.0
1936-10-13;0.0
1936-10-14;3.7
1936-10-15;0.0
1936-10-16;0.0
1936-10-17;0.0
1936-10-18;0.0
1936-10-19;0.0
1936-10-20;2.1
1936-10-21;4.0
1936-10-22;0.0
1936-10-23;0.0
1936-10-24;0.0
1936-10-25;0.0
1936-10-26;0.0
1936-10-27;0.0
1936-10-28;2.4
1936-10-29;2.1
1936-10-30;0.0
1936-10-31;0.0
1936-11-01;0.0
1936-11-02;0.0
1936-11-03;0.0
1936-11-04;0.0
1936-11-05;0.0
1936-11-06;0.0
1936-11-07;0.0
1936-11-08;17.9
1936-11-09;0.5
1936-11-10;8.3
1936-11-11;0.0
1936-11-12;0.0
1936-11-13;1.0
1936-11-14;13.8
1936-11-15;4.5
1936-11-16;0.0
1936-11-17;0.0
1936-11-18;0.0
1936-11-19;0.0
1936-11-20;0.0
1936-11-21;0.0
1936-11-22;0.0
1936-11-23;0.0
1936-11-24;0.0
1936-11-25;0.0
1936-11-26;0.0
1936-11-27;0.0
1936-11-28;0.0
1936-11-29;0.0
1936-11-30;0.0
1936-12-01;0.0
1936-12-02;0.0
1936-12-03;0.0
1936-12-04;0.0
1936-12-05;0.0
1936-12-06;8.0
1936-12-07;0.0
1936-12-08;7.7
1936-12-09;0.0
1936-12-10;0.0
1936-12-11;4.0
1936-12-12;0.0
1936-12-13;0.0
1936-12-14;3.0
1936-12-15;10.0
1936-12-16;0.0
1936-12-17;2.8
1936-12-18;0.0
1936-12-19;0.0
1936-12-20;0.0
1936-12-21;0.0
1936-12-22;0.0
1936-12-23;0.0
1936-12-24;0.0
1936-12-25;0.0
1936-12-26;0.0
1936-12-27;0.0
1936-12-28;0.0
1936-12-29;0.0
1936-12-30;0.0
1936-12-31;0.3
1937-01-01;4.8
1937-01-02;0.0
1937-01-03;0.6
1937-01-04;0.0
1937-01-05;0.3
1937-01-06;7.6
1937-01-07;0.6
1937-01-08;0.0
1937-01-09;0.0
1937-01-10;0.0
1937-01-11;0.0
1937-01-12;0.0
1937-01-13;0.0
1937-01-14;0.0
1937-01-15;0.0
1937-01-16;16.5
1937-01-17;3.5
1937-01-18;4.5
1937-01-19;5.6
1937-01-20;10.0
1937-01-21;0.3
1937-01-22;0.2
1937-01-23;0.0
1937-01-24;0.0
1937-01-25;12.3
1937-01-26;18.0
1937-01-27;16.5
1937-01-28;12.3
1937-01-29;31.0
1937-01-30;9.4
1937-01-31;4.1
1937-02-01;0.4
1937-02-02;0.0
1937-02-03;0.0
1937-02-04;0.0
1937-02-05;0.0
1937-02-06;20.7
1937-02-07;0.5
1937-02-08;3.1
1937-02-09;5.0
1937-02-10;12.5
1937-02-11;22.5
1937-02-12;6.0
1937-02-13;0.0
1937-02-14;0.9
1937-02-15;0.0
1937-02-16;0.0
1937-02-17;3.8
1937-02-18;1.7
1937-02-19;0.0
1937-02-20;0.0
1937-02-21;0.0
1937-02-22;0.0
1937-02-23;60.4
1937-02-24;2.7
1937-02-25;3.9
1937-02-26;0.0
1937-02-27;0.4
1937-02-28;0.6
1937-03-01;6.2
1937-03-02;3.7
1937-03-03;0.3
1937-03-04;0.7
1937-03-05;12.6
1937-03-06;35.1
1937-03-07;0.0
1937-03-08;2.5
1937-03-09;11.8
1937-03-10;36.0
1937-03-11;10.7
1937-03-12;0.7
1937-03-13;21.2
1937-03-14;10.0
1937-03-15;10.8
1937-03-16;0.0
1937-03-17;0.0
1937-03-18;0.3
1937-03-19;0.0
1937-03-20;0.0
1937-03-21;14.6
1937-03-22;10.0
1937-03-23;10.3
1937-03-24;18.7
1937-03-25;4.2
1937-03-26;0.0
1937-03-27;6.3
1937-03-28;0.0
1937-03-29;34.3
1937-03-30;5.0
1937-03-31;0.0
1937-04-01;0.0
1937-04-02;0.0
1937-04-03;0.0
1937-04-04;43.9
1937-04-05;7.8
1937-04-06;0.0
1937-04-07;2.0
1937-04-08;0.5
1937-04-09;7.4
1937-04-10;0.0
1937-04-11;5.0
1937-04-12;0.0
1937-04-13;0.9
1937-04-14;8.4
1937-04-15;2.5
1937-04-16;0.0
1937-04-17;7.0
1937-04-18;0.6
1937-04-19;0.2
1937-04-20;1.9
1937-04-21;3.5
1937-04-22;17.1
1937-04-23;0.0
1937-04-24;0.0
1937-04-25;2.6
1937-04-26;2.0
1937-04-27;0.0
1937-04-28;1.0
1937-04-29;0.5
1937-04-30;0.0
1937-05-01;0.0
1937-05-02;1.6
1937-05-03;12.5
1937-05-04;0.3
1937-05-05;7.9
1937-05-06;3.8
1937-05-07;0.0
1937-05-08;0.0
1937-05-09;0.0
1937-05-10;0.0
1937-05-11;0.0
1937-05-12;0.3
1937-05-13;26.6
1937-05-14;12.3
1937-05-15;0.0
1937-05-16;0.0
1937-05-17;0.0
1937-05-18;0.2
1937-05-19;2.7
1937-05-20;0.0
1937-05-21;0.0
1937-05-22;7.2
1937-05-23;0.0
1937-05-24;0.0
1937-05-25;0.0
1937-05-26;6.2
1937-05-27;0.0
1937-05-28;0.0
1937-05-29;0.0
1937-05-30;3.1
1937-05-31;0.0
1937-06-01;0.0
1937-06-02;0.0
1937-06-03;0.0
1937-06-04;0.0
1937-06-05;0.0
1937-06-06;0.2
1937-06-07;4.6
1937-06-08;0.0
1937-06-09;0.0
1937-06-10;0.0
1937-06-11;0.0
1937-06-12;0.2
1937-06-13;0.0
1937-06-14;0.0
1937-06-15;3.5
1937-06-16;5.6
1937-06-17;5.0
1937-06-18;0.1
1937-06-19;3.1
1937-06-20;21.4
1937-06-21;0.0
1937-06-22;0.0
1937-06-23;0.0
1937-06-24;25.8
1937-06-25;2.3
1937-06-26;0.0
1937-06-27;0.0
1937-06-28;4.5
1937-06-29;10.5
1937-06-30;0.0
1937-07-01;2.8
1937-07-02;0.0
1937-07-03;0.0
1937-07-04;0.0
1937-07-05;0.0
1937-07-06;8.1
1937-07-07;0.0
1937-07-08;0.0
1937-07-09;0.0
1937-07-10;0.0
1937-07-11;0.0
1937-07-12;0.0
1937-07-13;0.0
1937-07-14;0.0
1937-07-15;0.0
1937-07-16;0.0
1937-07-17;18.9
1937-07-18;53.8
1937-07-19;0.8
1937-07-20;0.0
1937-07-21;0.0
1937-07-22;0.0
1937-07-23;0.0
1937-07-24;0.0
1937-07-25;0.0
1937-07-26;0.0
1937-07-27;0.0
1937-07-28;0.0
1937-07-29;0.0
1937-07-30;0.0
1937-07-31;0.0
1937-08-01;48.2
1937-08-02;2.8
1937-08-03;4.6
1937-08-04;0.0
1937-08-05;0.0
1937-08-06;0.0
1937-08-07;0.0
1937-08-08;0.0
1937-08-09;0.0
1937-08-10;0.0
1937-08-11;0.0
1937-08-12;0.0
1937-08-13;0.0
1937-08-14;0.0
1937-08-15;0.0
1937-08-16;0.0
1937-08-17;0.0
1937-08-18;0.0
1937-08-19;0.0
1937-08-20;0.0
1937-08-21;1.1
1937-08-22;0.0
1937-08-23;0.0
1937-08-24;0.0
1937-08-25;0.0
1937-08-26;37.0
1937-08-27;0.0
1937-08-28;0.0
1937-08-29;4.7
1937-08-30;8.0
1937-08-31;25.6
1937-09-01;0.0
1937-09-02;0.0
1937-09-03;0.0
1937-09-04;0.0
1937-09-05;0.0
1937-09-06;0.0
1937-09-07;0.0
1937-09-08;0.0
1937-09-09;0.0
1937-09-10;0.0
1937-09-11;46.4
1937-09-12;32.0
1937-09-13;0.0
1937-09-14;0.0
1937-09-15;25.0
1937-09-16;0.0
1937-09-17;0.0
1937-09-18;9.5
1937-09-19;82.9
1937-09-20;3.4
1937-09-21;0.0
1937-09-22;9.3
1937-09-23;7.5
1937-09-24;15.6
1937-09-25;0.0
1937-09-26;0.0
1937-09-27;0.0
1937-09-28;0.0
1937-09-29;0.0
1937-09-30;0.0
1937-10-01;15.5
1937-10-02;0.0
1937-10-03;0.0
1937-10-04;0.0
1937-10-05;60.8
1937-10-06;2.8
1937-10-07;12.0
1937-10-08;30.0
1937-10-09;2.6
1937-10-10;2.7
1937-10-11;0.0
1937-10-12;0.0
1937-10-13;0.0
1937-10-14;0.0
1937-10-15;0.0
1937-10-16;0.0
1937-10-17;0.0
1937-10-18;0.0
1937-10-19;0.0
1937-10-20;0.0
1937-10-21;0.0
1937-10-22;10.0
1937-10-23;18.0
1937-10-24;16.3
1937-10-25;11.5
1937-10-26;0.0
1937-10-27;0.0
1937-10-28;0.0
1937-10-29;7.5
1937-10-30;0.0
1937-10-31;0.0
1937-11-01;0.8
1937-11-02;0.0
1937-11-03;1.2
1937-11-04;0.0
1937-11-05;0.0
1937-11-06;6.6
1937-11-07;8.0
1937-11-08;0.0
1937-11-09;10.7
1937-11-10;10.2
1937-11-11;34.0
1937-11-12;0.3
1937-11-13;0.0
1937-11-14;1.2
1937-11-15;41.5
1937-11-16;0.0
1937-11-17;0.8
1937-11-18;41.2
1937-11-19;5.8
1937-11-20;43.1
1937-11-21;0.8
1937-11-22;3.7
1937-11-23;3.9
1937-11-24;0.3
1937-11-25;7.3
1937-11-26;6.2
1937-11-27;0.0
1937-11-28;1.1
1937-11-29;0.0
1937-11-30;0.0
1937-12-01;0.0
1937-12-02;39.0
1937-12-03;22.6
1937-12-04;30.9
1937-12-05;1.8
1937-12-06;6.3
1937-12-07;26.2
1937-12-08;15.0
1937-12-09;25.0
1937-12-10;25.5
1937-12-11;20.0
1937-12-12;30.0
1937-12-13;3.6
1937-12-14;4.0
1937-12-15;19.5
1937-12-16;24.4
1937-12-17;3.5
1937-12-18;6.0
1937-12-19;0.1
1937-12-20;0.0
1937-12-21;0.0
1937-12-22;0.0
1937-12-23;0.0
1937-12-24;0.0
1937-12-25;0.0
1937-12-26;0.0
1937-12-27;0.0
1937-12-28;0.0
1937-12-29;0.0
1937-12-30;0.0
1937-12-31;0.0
1938-01-01;0.0
1938-01-02;0.0
1938-01-03;0.0
1938-01-04;0.0
1938-01-05;0.0
1938-01-06;0.0
1938-01-07;0.0
1938-01-08;4.5
1938-01-09;1.7
1938-01-10;37.4
1938-01-11;28.5
1938-01-12;1.2
1938-01-13;2.5
1938-01-14;0.5
1938-01-15;2.3
1938-01-16;12.4
1938-01-17;0.4
1938-01-18;5.0
1938-01-19;0.2
1938-01-20;2.2
1938-01-21;0.0
1938-01-22;0.0
1938-01-23;0.0
1938-01-24;0.0
1938-01-25;0.0
1938-01-26;0.0
1938-01-27;3.7
1938-01-28;8.4
1938-01-29;0.0
1938-01-30;10.8
1938-01-31;7.6
1938-02-01;0.0
1938-02-02;2.0
1938-02-03;6.4
1938-02-04;0.0
1938-02-05;0.0
1938-02-06;0.0
1938-02-07;0.0
1938-02-08;0.0
1938-02-09;0.0
1938-02-10;0.0
1938-02-11;5.0
1938-02-12;0.0
1938-02-13;0.0
1938-02-14;0.0
1938-02-15;0.0
1938-02-16;2.0
1938-02-17;0.0
1938-02-18;10.7
1938-02-19;0.4
1938-02-20;0.0
1938-02-21;0.0
1938-02-22;0.0
1938-02-23;0.0
1938-02-24;0.0
1938-02-25;0.0
1938-02-26;0.0
1938-02-27;0.0
1938-02-28;0.0
1938-03-01;0.0
1938-03-02;2.1
1938-03-03;0.8
1938-03-04;0.0
1938-03-05;0.0
1938-03-06;0.0
1938-03-07;0.0
1938-03-08;0.0
1938-03-09;0.0
1938-03-10;0.0
1938-03-11;0.0
1938-03-12;0.0
1938-03-13;0.0
1938-03-14;0.0
1938-03-15;0.0
1938-03-16;0.0
1938-03-17;0.0
1938-03-18;0.0
1938-03-19;0.0
1938-03-20;0.0
1938-03-21;0.0
1938-03-22;0.0
1938-03-23;0.0
1938-03-24;0.0
1938-03-25;0.0
1938-03-26;1.7
1938-03-27;10.0
1938-03-28;0.0
1938-03-29;0.0
1938-03-30;0.0
1938-03-31;0.2
1938-04-01;0.0
1938-04-02;0.3
1938-04-03;0.0
1938-04-04;7.7
1938-04-05;0.0
1938-04-06;0.0
1938-04-07;0.0
1938-04-08;0.0
1938-04-09;0.0
1938-04-10;0.0
1938-04-11;0.0
1938-04-12;0.0
1938-04-13;0.0
1938-04-14;0.0
1938-04-15;0.0
1938-04-16;0.0
1938-04-17;0.0
1938-04-18;0.0
1938-04-19;0.0
1938-04-20;0.0
1938-04-21;1.0
1938-04-22;0.0
1938-04-23;0.8
1938-04-24;0.0
1938-04-25;0.0
1938-04-26;1.0
1938-04-27;26.7
1938-04-28;11.9
1938-04-29;15.7
1938-04-30;28.8
1938-05-01;0.0
1938-05-02;2.8
1938-05-03;0.0
1938-05-04;0.7
1938-05-05;0.4
1938-05-06;2.6
1938-05-07;12.7
1938-05-08;9.0
1938-05-09;0.1
1938-05-10;6.0
1938-05-11;10.4
1938-05-12;0.0
1938-05-13;0.0
1938-05-14;0.0
1938-05-15;0.9
1938-05-16;0.2
1938-05-17;0.0
1938-05-18;8.0
1938-05-19;0.0
1938-05-20;14.3
1938-05-21;14.1
1938-05-22;20.1
1938-05-23;3.0
1938-05-24;0.0
1938-05-25;0.0
1938-05-26;0.0
1938-05-27;0.0
1938-05-28;6.7
1938-05-29;9.3
1938-05-30;0.0
1938-05-31;0.0
1938-06-01;0.0
1938-06-02;0.0
1938-06-03;0.0
1938-06-04;0.0
1938-06-05;0.0
1938-06-06;0.0
1938-06-07;0.0
1938-06-08;0.0
1938-06-09;0.0
1938-06-10;0.0
1938-06-11;0.3
1938-06-12;0.0
1938-06-13;32.9
1938-06-14;0.2
1938-06-15;7.1
1938-06-16;9.0
1938-06-17;0.0
1938-06-18;0.0
1938-06-19;0.0
1938-06-20;0.0
1938-06-21;0.0
1938-06-22;0.0
1938-06-23;0.0
1938-06-24;0.0
1938-06-25;0.0
1938-06-26;0.0
1938-06-27;0.0
1938-06-28;0.0
1938-06-29;0.0
1938-06-30;0.0
1938-07-01;0.0
1938-07-02;0.0
1938-07-03;1.2
1938-07-04;2.6
1938-07-05;0.0
1938-07-06;0.0
1938-07-07;0.0
1938-07-08;0.0
1938-07-09;0.0
1938-07-10;0.0
1938-07-11;0.0
1938-07-12;0.0
1938-07-13;0.0
1938-07-14;0.0
1938-07-15;0.0
1938-07-16;0.0
1938-07-17;0.0
1938-07-18;0.0
1938-07-19;0.0
1938-07-20;0.0
1938-07-21;0.0
1938-07-22;0.0
1938-07-23;0.0
1938-07-24;0.0
1938-07-25;0.3
1938-07-26;0.0
1938-07-27;0.0
1938-07-28;0.0
1938-07-29;0.0
1938-07-30;0.0
1938-07-31;0.0
1938-08-01;0.0
1938-08-02;0.0
1938-08-03;0.0
1938-08-04;0.0
1938-08-05;0.0
1938-08-06;0.0
1938-08-07;1.9
1938-08-08;10.0
1938-08-09;0.0
1938-08-10;0.0
1938-08-11;13.2
1938-08-12;0.0
1938-08-13;0.0
1938-08-14;26.7
1938-08-15;0.0
1938-08-16;0.0
1938-08-17;0.0
1938-08-18;0.0
1938-08-19;0.0
1938-08-20;0.0
1938-08-21;0.0
1938-08-22;12.2
1938-08-23;0.0
1938-08-24;0.0
1938-08-25;0.0
1938-08-26;0.0
1938-08-27;0.0
1938-08-28;7.5
1938-08-29;1.6
1938-08-30;0.0
1938-08-31;9.9
1938-09-01;7.7
1938-09-02;0.0
1938-09-03;0.0
1938-09-04;0.2
1938-09-05;7.2
1938-09-06;0.8
1938-09-07;0.5
1938-09-08;0.0
1938-09-09;2.6
1938-09-10;0.7
1938-09-11;0.3
1938-09-12;0.0
1938-09-13;0.0
1938-09-14;0.0
1938-09-15;2.6
1938-09-16;9.0
1938-09-17;0.0
1938-09-18;0.0
1938-09-19;0.0
1938-09-20;0.0
1938-09-21;1.5
1938-09-22;0.0
1938-09-23;0.0
1938-09-24;0.0
1938-09-25;0.0
1938-09-26;0.0
1938-09-27;0.0
1938-09-28;4.0
1938-09-29;2.1
1938-09-30;0.0
1938-10-01;3.0
1938-10-02;4.5
1938-10-03;0.0
1938-10-04;2.8
1938-10-05;65.9
1938-10-06;14.4
1938-10-07;0.5
1938-10-08;0.6
1938-10-09;2.8
1938-10-10;0.0
1938-10-11;0.0
1938-10-12;0.0
1938-10-13;0.0
1938-10-14;0.0
1938-10-15;0.0
1938-10-16;0.0
1938-10-17;0.0
1938-10-18;0.0
1938-10-19;0.0
1938-10-20;0.0
1938-10-21;0.0
1938-10-22;0.0
1938-10-23;0.0
1938-10-24;0.0
1938-10-25;0.0
1938-10-26;10.0
1938-10-27;7.0
1938-10-28;10.1
1938-10-29;17.7
1938-10-30;10.5
1938-10-31;3.5
1938-11-01;0.0
1938-11-02;0.0
1938-11-03;0.0
1938-11-04;0.0
1938-11-05;0.0
1938-11-06;0.0
1938-11-07;0.0
1938-11-08;0.0
1938-11-09;0.0
1938-11-10;1.5
1938-11-11;0.0
1938-11-12;0.0
1938-11-13;0.0
1938-11-14;0.0
1938-11-15;0.0
1938-11-16;0.0
1938-11-17;0.0
1938-11-18;0.0
1938-11-19;0.0
1938-11-20;2.7
1938-11-21;21.3
1938-11-22;37.0
1938-11-23;3.5
1938-11-24;2.0
1938-11-25;1.4
1938-11-26;0.0
1938-11-27;3.0
1938-11-28;37.2
1938-11-29;0.4
1938-11-30;0.0
1938-12-01;0.0
1938-12-02;15.2
1938-12-03;0.0
1938-12-04;0.0
1938-12-05;0.0
1938-12-06;0.0
1938-12-07;5.5
1938-12-08;0.0
1938-12-09;0.6
1938-12-10;1.5
1938-12-11;0.0
1938-12-12;0.0
1938-12-13;0.0
1938-12-14;0.0
1938-12-15;0.0
1938-12-16;0.0
1938-12-17;0.0
1938-12-18;0.0
1938-12-19;0.0
1938-12-20;25.3
1938-12-21;19.0
1938-12-22;0.6
1938-12-23;25.8
1938-12-24;0.0
1938-12-25;0.0
1938-12-26;0.0
1938-12-27;0.0
1938-12-28;0.0
1938-12-29;0.0
1938-12-30;0.0
1938-12-31;0.0
1939-01-01;0.0
1939-01-02;4.8
1939-01-03;28.8
1939-01-04;1.0
1939-01-05;0.0
1939-01-06;0.4
1939-01-07;6.0
1939-01-08;0.4
1939-01-09;0.0
1939-01-10;0.0
1939-01-11;0.0
1939-01-12;30.6
1939-01-13;6.0
1939-01-14;1.2
1939-01-15;0.0
1939-01-16;0.0
1939-01-17;0.0
1939-01-18;0.0
1939-01-19;0.0
1939-01-20;0.0
1939-01-21;0.0
1939-01-22;0.0
1939-01-23;9.8
1939-01-24;19.3
1939-01-25;0.7
1939-01-26;0.0
1939-01-27;12.0
1939-01-28;6.0
1939-01-29;0.0
1939-01-30;0.0
1939-01-31;0.0
1939-02-01;0.0
1939-02-02;0.0
1939-02-03;0.0
1939-02-04;0.0
1939-02-05;0.0
1939-02-06;0.0
1939-02-07;0.0
1939-02-08;0.0
1939-02-09;0.0
1939-02-10;0.0
1939-02-11;0.0
1939-02-12;0.0
1939-02-13;0.0
1939-02-14;7.0
1939-02-15;0.0
1939-02-16;0.0
1939-02-17;0.0
1939-02-18;0.0
1939-02-19;0.0
1939-02-20;0.0
1939-02-21;0.0
1939-02-22;0.0
1939-02-23;2.0
1939-02-24;2.5
1939-02-25;2.1
1939-02-26;0.0
1939-02-27;2.0
1939-02-28;0.0
1939-03-01;4.2
1939-03-02;8.5
1939-03-03;0.0
1939-03-04;0.0
1939-03-05;0.0
1939-03-06;0.0
1939-03-07;0.7
1939-03-08;14.8
1939-03-09;4.1
1939-03-10;0.6
1939-03-11;0.0
1939-03-12;0.1
1939-03-13;0.0
1939-03-14;0.0
1939-03-15;0.0
1939-03-16;0.0
1939-03-17;0.0
1939-03-18;18.1
1939-03-19;0.5
1939-03-20;0.0
1939-03-21;0.0
1939-03-22;0.0
1939-03-23;0.0
1939-03-24;20.5
1939-03-25;0.3
1939-03-26;0.0
1939-03-27;10.0
1939-03-28;2.7
1939-03-29;10.6
1939-03-30;0.0
1939-03-31;0.5
1939-04-01;0.4
1939-04-02;0.0
1939-04-03;0.0
1939-04-04;0.0
1939-04-05;0.0
1939-04-06;0.0
1939-04-07;0.0
1939-04-08;0.0
1939-04-09;0.0
1939-04-10;0.0
1939-04-11;0.0
1939-04-12;0.0
1939-04-13;0.0
1939-04-14;0.0
1939-04-15;0.0
1939-04-16;0.0
1939-04-17;0.0
1939-04-18;0.0
1939-04-19;20.7
1939-04-20;3.1
1939-04-21;0.0
1939-04-22;0.0
1939-04-23;0.0
1939-04-24;9.7
1939-04-25;0.0
1939-04-26;0.0
1939-04-27;0.0
1939-04-28;4.5
1939-04-29;3.3
1939-04-30;0.0
1939-05-01;3.5
1939-05-02;5.0
1939-05-03;9.8
1939-05-04;6.6
1939-05-05;7.0
1939-05-06;3.2
1939-05-07;11.5
1939-05-08;1.7
1939-05-09;0.6
1939-05-10;0.0
1939-05-11;0.4
1939-05-12;1.3
1939-05-13;20.0
1939-05-14;39.3
1939-05-15;5.0
1939-05-16;0.0
1939-05-17;0.0
1939-05-18;0.0
1939-05-19;2.0
1939-05-20;0.0
1939-05-21;4.1
1939-05-22;38.6
1939-05-23;5.5
1939-05-24;0.0
1939-05-25;0.0
1939-05-26;9.5
1939-05-27;20.5
1939-05-28;0.0
1939-05-29;14.0
1939-05-30;7.5
1939-05-31;15.4
1939-06-01;3.9
1939-06-02;6.0
1939-06-03;0.0
1939-06-04;0.0
1939-06-05;0.0
1939-06-06;0.0
1939-06-07;0.0
1939-06-08;0.0
1939-06-09;0.0
1939-06-10;0.0
1939-06-11;0.0
1939-06-12;0.0
1939-06-13;30.0
1939-06-14;11.5
1939-06-15;26.7
1939-06-16;0.0
1939-06-17;0.7
1939-06-18;0.0
1939-06-19;0.0
1939-06-20;0.0
1939-06-21;54.2
1939-06-22;0.0
1939-06-23;0.0
1939-06-24;0.0
1939-06-25;0.0
1939-06-26;2.3
1939-06-27;0.0
1939-06-28;0.0
1939-06-29;0.0
1939-06-30;0.0
1939-07-01;0.0
1939-07-02;0.0
1939-07-03;0.0
1939-07-04;0.0
1939-07-05;0.0
1939-07-06;0.0
1939-07-07;0.0
1939-07-08;0.0
1939-07-09;0.0
1939-07-10;0.0
1939-07-11;0.0
1939-07-12;0.0
1939-07-13;0.0
1939-07-14;0.0
1939-07-15;0.0
1939-07-16;0.0
1939-07-17;0.0
1939-07-18;0.0
1939-07-19;0.0
1939-07-20;0.0
1939-07-21;0.0
1939-07-22;0.0
1939-07-23;0.6
1939-07-24;0.4
1939-07-25;0.3
1939-07-26;0.0
1939-07-27;0.0
1939-07-28;9.0
1939-07-29;0.0
1939-07-30;0.0
1939-07-31;0.0
1939-08-01;0.0
1939-08-02;0.0
1939-08-03;0.0
1939-08-04;0.0
1939-08-05;0.0
1939-08-06;8.1
1939-08-07;0.0
1939-08-08;0.0
1939-08-09;0.0
1939-08-10;0.0
1939-08-11;0.0
1939-08-12;0.0
1939-08-13;0.0
1939-08-14;8.5
1939-08-15;0.0
1939-08-16;0.0
1939-08-17;0.0
1939-08-18;0.0
1939-08-19;0.0
1939-08-20;1.6
1939-08-21;10.5
1939-08-22;0.0
1939-08-23;0.0
1939-08-24;22.0
1939-08-25;18.1
1939-08-26;1.4
1939-08-27;0.0
1939-08-28;0.0
1939-08-29;0.0
1939-08-30;0.0
1939-08-31;0.0
1939-09-01;3.6
1939-09-02;0.0
1939-09-03;0.0
1939-09-04;0.0
1939-09-05;14.0
1939-09-06;3.0
1939-09-07;4.0
1939-09-08;0.0
1939-09-09;0.0
1939-09-10;0.0
1939-09-11;0.0
1939-09-12;0.0
1939-09-13;0.0
1939-09-14;19.5
1939-09-15;28.2
1939-09-16;2.5
1939-09-17;7.7
1939-09-18;2.5
1939-09-19;2.1
1939-09-20;0.0
1939-09-21;0.0
1939-09-22;3.0
1939-09-23;13.8
1939-09-24;0.9
1939-09-25;0.0
1939-09-26;0.0
1939-09-27;0.0
1939-09-28;1.2
1939-09-29;0.0
1939-09-30;5.2
1939-10-01;6.0
1939-10-02;30.9
1939-10-03;13.1
1939-10-04;37.6
1939-10-05;2.0
1939-10-06;6.4
1939-10-07;37.8
1939-10-08;7.8
1939-10-09;0.0
1939-10-10;3.0
1939-10-11;0.3
1939-10-12;0.0
1939-10-13;14.1
1939-10-14;20.1
1939-10-15;0.0
1939-10-16;0.0
1939-10-17;0.0
1939-10-18;0.0
1939-10-19;0.0
1939-10-20;0.0
1939-10-21;0.0
1939-10-22;0.0
1939-10-23;30.0
1939-10-24;0.0
1939-10-25;0.0
1939-10-26;8.6
1939-10-27;20.5
1939-10-28;19.2
1939-10-29;4.7
1939-10-30;1.4
1939-10-31;3.4
1939-11-01;9.9
1939-11-02;3.7
1939-11-03;0.0
1939-11-04;0.0
1939-11-05;27.7
1939-11-06;13.1
1939-11-07;0.0
1939-11-08;0.0
1939-11-09;0.0
1939-11-10;0.0
1939-11-11;0.0
1939-11-12;0.0
1939-11-13;0.0
1939-11-14;0.0
1939-11-15;0.0
1939-11-16;37.0
1939-11-17;0.0
1939-11-18;0.0
1939-11-19;0.1
1939-11-20;5.0
1939-11-21;0.0
1939-11-22;0.0
1939-11-23;0.0
1939-11-24;0.0
1939-11-25;0.0
1939-11-26;1.5
1939-11-27;0.5
1939-11-28;0.1
1939-11-29;2.8
1939-11-30;0.0
1939-12-01;0.0
1939-12-02;0.0
1939-12-03;0.9
1939-12-04;27.2
1939-12-05;24.7
1939-12-06;31.8
1939-12-07;17.0
1939-12-08;0.0
1939-12-09;0.0
1939-12-10;0.0
1939-12-11;6.8
1939-12-12;27.3
1939-12-13;0.0
1939-12-14;0.0
1939-12-15;2.6
1939-12-16;43.3
1939-12-17;14.7
1939-12-18;1.2
1939-12-19;1.1
1939-12-20;14.4
1939-12-21;1.0
1939-12-22;0.0
1939-12-23;0.0
1939-12-24;10.6
1939-12-25;16.9
1939-12-26;7.2
1939-12-27;4.5
1939-12-28;0.0
1939-12-29;0.0
1939-12-30;0.2
1939-12-31;0.0
1940-01-01;0.3
1940-01-02;0.0
1940-01-03;0.0
1940-01-04;0.4
1940-01-05;2.4
1940-01-06;0.0
1940-01-07;0.0
1940-01-08;0.0
1940-01-09;0.0
1940-01-10;0.0
1940-01-11;0.2
1940-01-12;0.2
1940-01-13;0.0
1940-01-14;0.0
1940-01-15;0.0
1940-01-16;0.0
1940-01-17;2.3
1940-01-18;11.2
1940-01-19;1.1
1940-01-20;0.9
1940-01-21;2.5
1940-01-22;2.1
1940-01-23;1.2
1940-01-24;0.4
1940-01-25;0.5
1940-01-26;0.0
1940-01-27;0.0
1940-01-28;0.0
1940-01-29;0.0
1940-01-30;0.7
1940-01-31;18.6
1940-02-01;5.0
1940-02-02;12.1
1940-02-03;8.6
1940-02-04;1.2
1940-02-05;1.5
1940-02-06;0.6
1940-02-07;21.2
1940-02-08;2.3
1940-02-09;14.2
1940-02-10;17.9
1940-02-11;0.0
1940-02-12;5.5
1940-02-13;28.2
1940-02-14;0.0
1940-02-15;0.0
1940-02-16;0.0
1940-02-17;0.0
1940-02-18;11.6
1940-02-19;0.0
1940-02-20;0.0
1940-02-21;0.0
1940-02-22;0.0
1940-02-23;0.0
1940-02-24;0.0
1940-02-25;0.0
1940-02-26;0.0
1940-02-27;0.0
1940-02-28;0.0
1940-02-29;0.0
1940-03-01;0.0
1940-03-02;0.0
1940-03-03;0.0
1940-03-04;0.0
1940-03-05;0.0
1940-03-06;0.0
1940-03-07;0.0
1940-03-08;0.0
1940-03-09;0.0
1940-03-10;0.0
1940-03-11;0.0
1940-03-12;6.3
1940-03-13;10.0
1940-03-14;2.8
1940-03-15;0.0
1940-03-16;0.0
1940-03-17;0.0
1940-03-18;0.0
1940-03-19;0.0
1940-03-20;0.6
1940-03-21;0.0
1940-03-22;0.0
1940-03-23;0.3
1940-03-24;5.0
1940-03-25;0.0
1940-03-26;1.8
1940-03-27;0.0
1940-03-28;2.9
1940-03-29;0.0
1940-03-30;0.0
1940-03-31;0.0
1940-04-01;0.0
1940-04-02;0.0
1940-04-03;0.0
1940-04-04;0.0
1940-04-05;1.0
1940-04-06;2.0
1940-04-07;1.2
1940-04-08;0.0
1940-04-09;0.0
1940-04-10;0.0
1940-04-11;0.0
1940-04-12;0.0
1940-04-13;0.0
1940-04-14;0.0
1940-04-15;0.0
1940-04-16;0.0
1940-04-17;0.0
1940-04-18;0.0
1940-04-19;0.0
1940-04-20;0.0
1940-04-21;0.0
1940-04-22;0.0
1940-04-23;0.0
1940-04-24;0.0
1940-04-25;6.2
1940-04-26;0.0
1940-04-27;6.9
1940-04-28;4.0
1940-04-29;3.0
1940-04-30;2.4
1940-05-01;19.0
1940-05-02;1.8
1940-05-03;14.8
1940-05-04;10.7
1940-05-05;0.0
1940-05-06;0.0
1940-05-07;0.7
1940-05-08;0.0
1940-05-09;0.0
1940-05-10;0.0
1940-05-11;0.0
1940-05-12;0.0
1940-05-13;0.0
1940-05-14;0.0
1940-05-15;0.0
1940-05-16;8.9
1940-05-17;0.0
1940-05-18;5.0
1940-05-19;0.0
1940-05-20;0.0
1940-05-21;0.0
1940-05-22;0.0
1940-05-23;0.0
1940-05-24;8.0
1940-05-25;0.0
1940-05-26;0.0
1940-05-27;0.0
1940-05-28;0.0
1940-05-29;0.0
1940-05-30;46.9
1940-05-31;0.0
1940-06-01;0.0
1940-06-02;0.0
1940-06-03;0.0
1940-06-04;0.0
1940-06-05;0.0
1940-06-06;0.0
1940-06-07;0.0
1940-06-08;0.0
1940-06-09;0.0
1940-06-10;0.0
1940-06-11;0.0
1940-06-12;0.0
1940-06-13;0.0
1940-06-14;1.2
1940-06-15;8.3
1940-06-16;40.5
1940-06-17;0.0
1940-06-18;14.0
1940-06-19;0.0
1940-06-20;4.0
1940-06-21;0.0
1940-06-22;0.0
1940-06-23;30.0
1940-06-24;9.5
1940-06-25;22.5
1940-06-26;2.5
1940-06-27;0.0
1940-06-28;6.9
1940-06-29;0.0
1940-06-30;0.0
1940-07-01;0.0
1940-07-02;3.9
1940-07-03;0.0
1940-07-04;0.0
1940-07-05;8.9
1940-07-06;0.0
1940-07-07;0.0
1940-07-08;29.0
1940-07-09;8.6
1940-07-10;0.0
1940-07-11;0.0
1940-07-12;0.0
1940-07-13;0.0
1940-07-14;0.0
1940-07-15;0.0
1940-07-16;0.0
1940-07-17;0.5
1940-07-18;3.3
1940-07-19;0.0
1940-07-20;0.0
1940-07-21;0.0
1940-07-22;0.0
1940-07-23;0.0
1940-07-24;0.0
1940-07-25;0.0
1940-07-26;0.0
1940-07-27;0.0
1940-07-28;0.0
1940-07-29;0.0
1940-07-30;0.0
1940-07-31;0.0
1940-08-01;0.0
1940-08-02;0.0
1940-08-03;0.0
1940-08-04;0.0
1940-08-05;0.0
1940-08-06;0.0
1940-08-07;55.0
1940-08-08;0.5
1940-08-09;0.0
1940-08-10;0.0
1940-08-11;0.0
1940-08-12;0.0
1940-08-13;0.0
1940-08-14;0.0
1940-08-15;0.0
1940-08-16;0.0
1940-08-17;0.0
1940-08-18;0.0
1940-08-19;0.0
1940-08-20;0.0
1940-08-21;30.0
1940-08-22;0.7
1940-08-23;13.0
1940-08-24;0.0
1940-08-25;0.0
1940-08-26;0.0
1940-08-27;0.0
1940-08-28;0.0
1940-08-29;0.0
1940-08-30;0.0
1940-08-31;0.0
1940-09-01;0.0
1940-09-02;0.0
1940-09-03;0.0
1940-09-04;0.0
1940-09-05;0.0
1940-09-06;0.0
1940-09-07;0.0
1940-09-08;0.0
1940-09-09;0.0
1940-09-10;21.0
1940-09-11;10.0
1940-09-12;0.0
1940-09-13;0.0
1940-09-14;2.2
1940-09-15;3.7
1940-09-16;21.0
1940-09-17;0.0
1940-09-18;0.0
1940-09-19;0.0
1940-09-20;0.0
1940-09-21;0.0
1940-09-22;0.0
1940-09-23;0.0
1940-09-24;0.0
1940-09-25;0.0
1940-09-26;0.0
1940-09-27;0.0
1940-09-28;0.0
1940-09-29;0.0
1940-09-30;0.0
1940-10-01;5.5
1940-10-02;29.2
1940-10-03;10.0
1940-10-04;14.5
1940-10-05;16.0
1940-10-06;0.0
1940-10-07;0.0
1940-10-08;0.0
1940-10-09;0.0
1940-10-10;0.0
1940-10-11;11.2
1940-10-12;23.8
1940-10-13;27.6
1940-10-14;11.0
1940-10-15;0.0
1940-10-16;0.0
1940-10-17;0.0
1940-10-18;0.0
1940-10-19;0.0
1940-10-20;0.0
1940-10-21;1.0
1940-10-22;0.0
1940-10-23;0.0
1940-10-24;4.8
1940-10-25;16.7
1940-10-26;40.0
1940-10-27;15.6
1940-10-28;18.5
1940-10-29;4.5
1940-10-30;7.9
1940-10-31;1.5
1940-11-01;0.0
1940-11-02;5.0
1940-11-03;0.0
1940-11-04;0.0
1940-11-05;0.0
1940-11-06;0.0
1940-11-07;0.0
1940-11-08;3.7
1940-11-09;0.0
1940-11-10;0.0
1940-11-11;4.4
1940-11-12;1.4
1940-11-13;19.3
1940-11-14;0.2
1940-11-15;12.0
1940-11-16;62.0
1940-11-17;17.5
1940-11-18;19.0
1940-11-19;8.6
1940-11-20;2.6
1940-11-21;0.0
1940-11-22;0.0
1940-11-23;0.0
1940-11-24;2.0
1940-11-25;0.0
1940-11-26;0.0
1940-11-27;0.0
1940-11-28;0.0
1940-11-29;11.9
1940-11-30;4.5
1940-12-01;0.0
1940-12-02;0.0
1940-12-03;0.0
1940-12-04;0.0
1940-12-05;0.0
1940-12-06;0.5
1940-12-07;6.0
1940-12-08;8.5
1940-12-09;0.0
1940-12-10;0.0
1940-12-11;7.0
1940-12-12;0.0
1940-12-13;0.0
1940-12-14;0.0
1940-12-15;0.0
1940-12-16;0.0
1940-12-17;0.0
1940-12-18;0.0
1940-12-19;0.0
1940-12-20;0.0
1940-12-21;0.0
1940-12-22;0.0
1940-12-23;0.3
1940-12-24;0.0
1940-12-25;0.0
1940-12-26;0.5
1940-12-27;0.0
1940-12-28;0.0
1940-12-29;0.0
1940-12-30;0.0
1940-12-31;8.5
1941-01-01;15.8
1941-01-02;15.3
1941-01-03;20.0
1941-01-04;11.3
1941-01-05;0.0
1941-01-06;0.0
1941-01-07;0.0
1941-01-08;0.0
1941-01-09;0.0
1941-01-10;6.5
1941-01-11;0.0
1941-01-12;0.0
1941-01-13;0.0
1941-01-14;0.0
1941-01-15;0.0
1941-01-16;1.5
1941-01-17;11.5
1941-01-18;1.0
1941-01-19;5.4
1941-01-20;2.6
1941-01-21;4.0
1941-01-22;22.2
1941-01-23;20.2
1941-01-24;18.0
1941-01-25;1.6
1941-01-26;5.0
1941-01-27;0.0
1941-01-28;0.0
1941-01-29;2.0
1941-01-30;0.0
1941-01-31;0.0
1941-02-01;35.0
1941-02-02;8.5
1941-02-03;1.8
1941-02-04;15.6
1941-02-05;13.0
1941-02-06;0.0
1941-02-07;0.0
1941-02-08;0.0
1941-02-09;0.0
1941-02-10;0.0
1941-02-11;0.0
1941-02-12;0.0
1941-02-13;7.5
1941-02-14;31.2
1941-02-15;15.0
1941-02-16;5.2
1941-02-17;17.2
1941-02-18;23.0
1941-02-19;6.5
1941-02-20;21.2
1941-02-21;2.1
1941-02-22;11.3
1941-02-23;2.1
1941-02-24;2.8
1941-02-25;0.0
1941-02-26;5.0
1941-02-27;0.0
1941-02-28;0.0
1941-03-01;0.0
1941-03-02;0.0
1941-03-03;0.0
1941-03-04;13.0
1941-03-05;9.0
1941-03-06;6.3
1941-03-07;0.0
1941-03-08;1.2
1941-03-09;20.0
1941-03-10;0.0
1941-03-11;1.2
1941-03-12;0.0
1941-03-13;0.0
1941-03-14;0.0
1941-03-15;0.0
1941-03-16;0.0
1941-03-17;0.0
1941-03-18;14.6
1941-03-19;0.0
1941-03-20;0.0
1941-03-21;0.0
1941-03-22;0.2
1941-03-23;0.0
1941-03-24;0.0
1941-03-25;0.0
1941-03-26;0.0
1941-03-27;0.0
1941-03-28;0.0
1941-03-29;2.0
1941-03-30;0.0
1941-03-31;10.9
1941-04-01;1.2
1941-04-02;5.0
1941-04-03;3.1
1941-04-04;0.2
1941-04-05;2.5
1941-04-06;6.5
1941-04-07;33.2
1941-04-08;14.8
1941-04-09;0.0
1941-04-10;0.0
1941-04-11;0.0
1941-04-12;0.0
1941-04-13;0.0
1941-04-14;0.0
1941-04-15;0.0
1941-04-16;0.0
1941-04-17;0.0
1941-04-18;0.0
1941-04-19;0.0
1941-04-20;0.0
1941-04-21;0.0
1941-04-22;0.0
1941-04-23;0.0
1941-04-24;0.0
1941-04-25;33.0
1941-04-26;22.0
1941-04-27;0.6
1941-04-28;15.0
1941-04-29;16.0
1941-04-30;0.0
1941-05-01;26.0
1941-05-02;8.5
1941-05-03;3.5
1941-05-04;0.0
1941-05-05;16.1
1941-05-06;0.0
1941-05-07;0.0
1941-05-08;1.3
1941-05-09;0.0
1941-05-10;0.0
1941-05-11;17.9
1941-05-12;10.0
1941-05-13;3.3
1941-05-14;0.0
1941-05-15;0.0
1941-05-16;0.0
1941-05-17;0.0
1941-05-18;0.0
1941-05-19;1.0
1941-05-20;15.9
1941-05-21;0.0
1941-05-22;5.0
1941-05-23;1.0
1941-05-24;0.0
1941-05-25;11.0
1941-05-26;0.0
1941-05-27;2.2
1941-05-28;7.9
1941-05-29;1.5
1941-05-30;0.0
1941-05-31;0.0
1941-06-01;0.0
1941-06-02;0.0
1941-06-03;0.0
1941-06-04;0.0
1941-06-05;0.0
1941-06-06;0.0
1941-06-07;0.0
1941-06-08;0.0
1941-06-09;0.0
1941-06-10;23.0
1941-06-11;13.4
1941-06-12;0.0
1941-06-13;0.0
1941-06-14;34.6
1941-06-15;3.2
1941-06-16;0.0
1941-06-17;0.0
1941-06-18;0.0
1941-06-19;0.0
1941-06-20;0.0
1941-06-21;0.0
1941-06-22;0.0
1941-06-23;0.0
1941-06-24;1.0
1941-06-25;0.0
1941-06-26;0.0
1941-06-27;0.0
1941-06-28;0.0
1941-06-29;0.0
1941-06-30;1.0
1941-07-01;8.2
1941-07-02;0.0
1941-07-03;0.0
1941-07-04;0.0
1941-07-05;0.0
1941-07-06;0.0
1941-07-07;0.0
1941-07-08;0.0
1941-07-09;0.0
1941-07-10;0.0
1941-07-11;0.0
1941-07-12;0.0
1941-07-13;0.0
1941-07-14;0.0
1941-07-15;0.0
1941-07-16;0.0
1941-07-17;0.0
1941-07-18;0.0
1941-07-19;0.0
1941-07-20;0.0
1941-07-21;0.0
1941-07-22;0.0
1941-07-23;0.0
1941-07-24;0.0
1941-07-25;0.0
1941-07-26;0.0
1941-07-27;0.0
1941-07-28;0.0
1941-07-29;17.6
1941-07-30;0.0
1941-07-31;0.5
1941-08-01;0.0
1941-08-02;1.0
1941-08-03;4.0
1941-08-04;0.0
1941-08-05;0.0
1941-08-06;0.0
1941-08-07;0.0
1941-08-08;0.0
1941-08-09;0.0
1941-08-10;0.0
1941-08-11;0.0
1941-08-12;0.0
1941-08-13;2.5
1941-08-14;0.0
1941-08-15;0.0
1941-08-16;0.0
1941-08-17;0.0
1941-08-18;0.0
1941-08-19;0.0
1941-08-20;0.0
1941-08-21;0.0
1941-08-22;44.3
1941-08-23;0.0
1941-08-24;0.0
1941-08-25;0.0
1941-08-26;0.0
1941-08-27;0.0
1941-08-28;2.5
1941-08-29;0.0
1941-08-30;0.0
1941-08-31;1.4
1941-09-01;0.0
1941-09-02;0.0
1941-09-03;0.0
1941-09-04;0.0
1941-09-05;0.0
1941-09-06;0.0
1941-09-07;0.0
1941-09-08;0.0
1941-09-09;5.0
1941-09-10;0.0
1941-09-11;0.0
1941-09-12;0.0
1941-09-13;0.0
1941-09-14;0.0
1941-09-15;0.0
1941-09-16;0.0
1941-09-17;0.0
1941-09-18;0.0
1941-09-19;0.0
1941-09-20;0.0
1941-09-21;0.0
1941-09-22;0.0
1941-09-23;0.0
1941-09-24;0.0
1941-09-25;0.0
1941-09-26;0.0
1941-09-27;0.0
1941-09-28;0.0
1941-09-29;0.0
1941-09-30;11.0
1941-10-01;0.0
1941-10-02;0.0
1941-10-03;13.5
1941-10-04;2.4
1941-10-05;0.0
1941-10-06;0.0
1941-10-07;0.0
1941-10-08;0.0
1941-10-09;0.0
1941-10-10;0.0
1941-10-11;0.0
1941-10-12;5.0
1941-10-13;2.0
1941-10-14;0.0
1941-10-15;17.8
1941-10-16;0.0
1941-10-17;0.0
1941-10-18;0.0
1941-10-19;0.0
1941-10-20;0.0
1941-10-21;0.0
1941-10-22;0.0
1941-10-23;8.0
1941-10-24;24.0
1941-10-25;2.5
1941-10-26;0.0
1941-10-27;0.0
1941-10-28;0.0
1941-10-29;4.6
1941-10-30;4.0
1941-10-31;0.0
1941-11-01;10.0
1941-11-02;25.0
1941-11-03;2.0
1941-11-04;4.3
1941-11-05;2.3
1941-11-06;12.2
1941-11-07;0.0
1941-11-08;0.0
1941-11-09;0.0
1941-11-10;14.3
1941-11-11;13.7
1941-11-12;11.5
1941-11-13;0.0
1941-11-14;7.0
1941-11-15;0.0
1941-11-16;0.0
1941-11-17;0.0
1941-11-18;15.0
1941-11-19;0.0
1941-11-20;10.0
1941-11-21;0.0
1941-11-22;2.0
1941-11-23;11.7
1941-11-24;0.0
1941-11-25;0.0
1941-11-26;0.0
1941-11-27;0.0
1941-11-28;0.0
1941-11-29;0.0
1941-11-30;0.0
1941-12-01;0.0
1941-12-02;0.0
1941-12-03;0.0
1941-12-04;0.0
1941-12-05;0.0
1941-12-06;0.0
1941-12-07;3.0
1941-12-08;36.2
1941-12-09;0.0
1941-12-10;0.0
1941-12-11;0.9
1941-12-12;10.4
1941-12-13;0.0
1941-12-14;0.0
1941-12-15;0.0
1941-12-16;0.0
1941-12-17;4.0
1941-12-18;6.9
1941-12-19;0.0
1941-12-20;0.0
1941-12-21;0.0
1941-12-22;0.0
1941-12-23;0.0
1941-12-24;0.0
1941-12-25;0.0
1941-12-26;0.0
1941-12-27;0.0
1941-12-28;1.5
1941-12-29;0.0
1941-12-30;0.0
1941-12-31;0.0
1972-01-01;10.2
1972-01-02;3.8
1972-01-03;16.4
1972-01-04;4.2
1972-01-05;0.2
1972-01-06;0.0
1972-01-07;0.0
1972-01-08;0.0
1972-01-09;0.0
1972-01-10;0.0
1972-01-11;0.0
1972-01-12;0.0
1972-01-13;0.0
1972-01-14;0.0
1972-01-15;0.0
1972-01-16;0.0
1972-01-17;0.6
1972-01-18;0.0
1972-01-19;0.2
1972-01-20;0.0
1972-01-21;0.0
1972-01-22;0.0
1972-01-23;0.0
1972-01-24;0.0
1972-01-25;2.2
1972-01-26;11.6
1972-01-27;3.4
1972-01-28;18.8
1972-01-29;0.0
1972-01-30;0.0
1972-01-31;0.8
1972-02-01;0.0
1972-02-02;0.0
1972-02-03;0.0
1972-02-04;2.0
1972-02-05;14.6
1972-02-06;0.2
1972-02-07;0.0
1972-02-08;0.0
1972-02-09;0.0
1972-02-10;9.4
1972-02-11;0.2
1972-02-12;24.4
1972-02-13;0.2
1972-02-14;12.2
1972-02-15;0.0
1972-02-16;0.0
1972-02-17;0.0
1972-02-18;0.0
1972-02-19;3.6
1972-02-20;2.8
1972-02-21;0.0
1972-02-22;0.0
1972-02-23;0.0
1972-02-24;0.0
1972-02-25;2.6
1972-02-26;0.8
1972-02-27;0.0
1972-02-28;11.0
1972-02-29;0.0
1972-03-01;0.0
1972-03-02;0.2
1972-03-03;0.0
1972-03-04;0.0
1972-03-05;5.2
1972-03-06;7.2
1972-03-07;0.0
1972-03-08;17.0
1972-03-09;7.0
1972-03-10;0.0
1972-03-11;0.0
1972-03-12;3.2
1972-03-13;5.2
1972-03-14;0.0
1972-03-15;0.0
1972-03-16;0.0
1972-03-17;0.0
1972-03-18;0.0
1972-03-19;0.0
1972-03-20;0.0
1972-03-21;0.0
1972-03-22;0.0
1972-03-23;0.0
1972-03-24;0.0
1972-03-25;0.0
1972-03-26;0.0
1972-03-27;0.8
1972-03-28;0.0
1972-03-29;0.0
1972-03-30;0.0
1972-03-31;0.0
1972-04-01;0.0
1972-04-02;0.0
1972-04-03;0.0
1972-04-04;0.0
1972-04-05;0.2
1972-04-06;8.6
1972-04-07;0.0
1972-04-08;0.2
1972-04-09;18.8
1972-04-10;0.0
1972-04-11;1.8
1972-04-12;17.2
1972-04-13;0.2
1972-04-14;0.0
1972-04-15;0.0
1972-04-16;1.2
1972-04-17;49.2
1972-04-18;5.0
1972-04-19;1.2
1972-04-20;6.6
1972-04-21;0.0
1972-04-22;10.8
1972-04-23;3.4
1972-04-24;0.4
1972-04-25;17.2
1972-04-26;20.2
1972-04-27;0.0
1972-04-28;12.2
1972-04-29;1.0
1972-04-30;0.0
1972-05-01;0.0
1972-05-02;0.0
1972-05-03;0.2
1972-05-04;0.0
1972-05-05;6.4
1972-05-06;0.0
1972-05-07;3.0
1972-05-08;0.4
1972-05-09;0.0
1972-05-10;0.0
1972-05-11;0.0
1972-05-12;0.2
1972-05-13;16.0
1972-05-14;32.5
1972-05-15;15.0
1972-05-16;9.6
1972-05-17;0.4
1972-05-18;1.0
1972-05-19;17.2
1972-05-20;4.0
1972-05-21;10.8
1972-05-22;0.0
1972-05-23;0.0
1972-05-24;0.0
1972-05-25;0.0
1972-05-26;0.0
1972-05-27;0.0
1972-05-28;0.0
1972-05-29;0.0
1972-05-30;0.0
1972-05-31;0.0
1972-06-01;0.0
1972-06-02;0.0
1972-06-03;0.0
1972-06-04;0.0
1972-06-05;0.0
1972-06-06;0.0
1972-06-07;0.0
1972-06-08;0.0
1972-06-09;0.0
1972-06-10;0.0
1972-06-11;0.0
1972-06-12;15.0
1972-06-13;15.0
1972-06-14;0.0
1972-06-15;0.0
1972-06-16;8.0
1972-06-17;0.0
1972-06-18;0.0
1972-06-19;0.0
1972-06-20;0.0
1972-06-21;0.0
1972-06-22;0.0
1972-06-23;0.0
1972-06-24;0.0
1972-06-25;0.0
1972-06-26;0.0
1972-06-27;0.0
1972-06-28;1.4
1972-06-29;0.0
1972-06-30;0.0
1972-07-01;0.0
1972-07-02;0.0
1972-07-03;7.2
1972-07-04;0.0
1972-07-05;0.0
1972-07-06;0.0
1972-07-07;0.0
1972-07-08;0.0
1972-07-09;0.0
1972-07-10;0.0
1972-07-11;0.0
1972-07-12;5.8
1972-07-13;0.6
1972-07-14;0.0
1972-07-15;0.0
1972-07-16;1.0
1972-07-17;0.0
1972-07-18;12.6
1972-07-19;0.0
1972-07-20;5.8
1972-07-21;0.0
1972-07-22;0.0
1972-07-23;0.0
1972-07-24;0.0
1972-07-25;0.0
1972-07-26;2.2
1972-07-27;0.0
1972-07-28;0.0
1972-07-29;0.2
1972-07-30;0.0
1972-07-31;0.0
1972-08-01;0.0
1972-08-02;1.4
1972-08-03;4.6
1972-08-04;0.2
1972-08-05;0.0
1972-08-06;0.0
1972-08-07;0.0
1972-08-08;0.0
1972-08-09;0.0
1972-08-10;0.0
1972-08-11;0.0
1972-08-12;0.0
1972-08-13;0.0
1972-08-14;0.0
1972-08-15;0.0
1972-08-16;0.0
1972-08-17;0.0
1972-08-18;27.2
1972-08-19;8.4
1972-08-20;3.0
1972-08-21;0.2
1972-08-22;0.0
1972-08-23;1.8
1972-08-24;3.6
1972-08-25;0.0
1972-08-26;0.0
1972-08-27;0.0
1972-08-28;0.0
1972-08-29;0.0
1972-08-30;11.8
1972-08-31;0.0
1972-09-01;0.0
1972-09-02;2.8
1972-09-03;0.6
1972-09-04;2.4
1972-09-05;7.4
1972-09-06;2.6
1972-09-07;1.2
1972-09-08;4.8
1972-09-09;23.2
1972-09-10;0.0
1972-09-11;15.0
1972-09-12;13.0
1972-09-13;0.0
1972-09-14;0.0
1972-09-15;32.6
1972-09-16;15.4
1972-09-17;0.4
1972-09-18;0.0
1972-09-19;3.8
1972-09-20;0.2
1972-09-21;0.0
1972-09-22;0.0
1972-09-23;0.0
1972-09-24;0.0
1972-09-25;0.0
1972-09-26;0.0
1972-09-27;1.4
1972-09-28;0.0
1972-09-29;0.0
1972-09-30;0.0
1972-10-01;0.0
1972-10-02;0.0
1972-10-03;0.0
1972-10-04;0.0
1972-10-05;0.0
1972-10-06;0.0
1972-10-07;0.0
1972-10-08;0.0
1972-10-09;0.0
1972-10-10;1.8
1972-10-11;0.0
1972-10-12;2.8
1972-10-13;4.0
1972-10-14;10.8
1972-10-15;0.0
1972-10-16;0.0
1972-10-17;0.0
1972-10-18;0.0
1972-10-19;0.0
1972-10-20;0.0
1972-10-21;14.2
1972-10-22;0.0
1972-10-23;0.0
1972-10-24;0.0
1972-10-25;0.0
1972-10-26;0.0
1972-10-27;0.0
1972-10-28;15.4
1972-10-29;0.4
1972-10-30;0.0
1972-10-31;0.0
1972-11-01;0.0
1972-11-02;0.0
1972-11-03;0.0
1972-11-04;0.0
1972-11-05;0.0
1972-11-06;0.0
1972-11-07;0.0
1972-11-08;0.0
1972-11-09;0.0
1972-11-10;0.0
1972-11-11;7.2
1972-11-12;0.2
1972-11-13;5.6
1972-11-14;0.0
1972-11-15;2.8
1972-11-16;4.0
1972-11-17;3.8
1972-11-18;0.0
1972-11-19;13.4
1972-11-20;0.4
1972-11-21;34.0
1972-11-22;0.4
1972-11-23;0.0
1972-11-24;10.0
1972-11-25;4.8
1972-11-26;0.0
1972-11-27;0.0
1972-11-28;0.0
1972-11-29;0.2
1972-11-30;24.8
1972-12-01;30.0
1972-12-02;11.4
1972-12-03;3.0
1972-12-04;0.0
1972-12-05;4.8
1972-12-06;0.6
1972-12-07;0.0
1972-12-08;0.0
1972-12-09;0.0
1972-12-10;11.2
1972-12-11;0.0
1972-12-12;0.0
1972-12-13;0.0
1972-12-14;0.0
1972-12-15;0.0
1972-12-16;0.0
1972-12-17;0.0
1972-12-18;0.0
1972-12-19;0.0
1972-12-20;0.0
1972-12-21;0.2
1972-12-22;0.0
1972-12-23;0.0
1972-12-24;0.0
1972-12-25;0.0
1972-12-26;0.0
1972-12-27;0.0
1972-12-28;0.0
1972-12-29;0.0
1972-12-30;0.0
1972-12-31;0.0
1974-01-01;3.8
1974-01-02;0.0
1974-01-03;0.4
1974-01-04;1.6
1974-01-05;0.0
1974-01-06;2.8
1974-01-07;6.0
1974-01-08;0.4
1974-01-09;1.6
1974-01-10;22.6
1974-01-11;0.0
1974-01-12;0.0
1974-01-13;0.0
1974-01-14;0.0
1974-01-15;0.0
1974-01-16;0.0
1974-01-17;6.6
1974-01-18;5.8
1974-01-19;0.0
1974-01-20;0.0
1974-01-21;0.0
1974-01-22;0.0
1974-01-23;0.0
1974-01-24;0.0
1974-01-25;0.4
1974-01-26;0.0
1974-01-27;0.0
1974-01-28;0.0
1974-01-29;0.0
1974-01-30;0.0
1974-01-31;1.6
1974-02-01;11.6
1974-02-02;5.6
1974-02-03;5.4
1974-02-04;4.2
1974-02-05;1.6
1974-02-06;16.0
1974-02-07;11.0
1974-02-08;0.0
1974-02-09;0.0
1974-02-10;2.2
1974-02-11;0.0
1974-02-12;0.0
1974-02-13;3.0
1974-02-14;1.4
1974-02-15;1.6
1974-02-16;0.0
1974-02-17;2.4
1974-02-18;2.0
1974-02-19;1.8
1974-02-20;1.8
1974-02-21;0.0
1974-02-22;0.0
1974-02-23;0.0
1974-02-24;0.0
1974-02-25;0.0
1974-02-26;0.0
1974-02-27;0.0
1974-02-28;0.0
1974-03-01;2.6
1974-03-02;5.4
1974-03-03;0.0
1974-03-04;21.0
1974-03-05;22.2
1974-03-06;0.0
1974-03-07;1.2
1974-03-08;0.0
1974-03-09;0.0
1974-03-10;0.0
1974-03-11;0.0
1974-03-12;0.0
1974-03-13;0.0
1974-03-14;0.0
1974-03-15;0.0
1974-03-16;0.0
1974-03-17;0.0
1974-03-18;0.0
1974-03-19;0.0
1974-03-20;0.0
1974-03-21;1.0
1974-03-22;0.0
1974-03-23;0.0
1974-03-24;0.2
1974-03-25;0.0
1974-03-26;0.0
1974-03-27;8.6
1974-03-28;0.0
1974-03-29;0.8
1974-03-30;0.6
1974-03-31;0.0
1974-04-01;0.0
1974-04-02;0.0
1974-04-03;0.0
1974-04-04;0.0
1974-04-05;0.4
1974-04-06;0.0
1974-04-07;0.0
1974-04-08;0.0
1974-04-09;0.0
1974-04-10;0.0
1974-04-11;0.2
1974-04-12;1.2
1974-04-13;4.8
1974-04-14;3.6
1974-04-15;4.0
1974-04-16;5.8
1974-04-17;0.0
1974-04-18;0.0
1974-04-19;0.0
1974-04-20;0.0
1974-04-21;0.0
1974-04-22;0.0
1974-04-23;4.2
1974-04-24;3.0
1974-04-25;1.4
1974-04-26;8.8
1974-04-27;1.6
1974-04-28;14.4
1974-04-29;32.0
1974-04-30;22.2
1974-05-01;12.6
1974-05-02;4.4
1974-05-03;0.0
1974-05-04;5.8
1974-05-05;15.4
1974-05-06;10.0
1974-05-07;0.0
1974-05-08;3.2
1974-05-09;5.6
1974-05-10;0.0
1974-05-11;0.0
1974-05-12;0.2
1974-05-13;0.0
1974-05-14;0.0
1974-05-15;0.0
1974-05-16;0.0
1974-05-17;0.0
1974-05-18;0.0
1974-05-19;0.0
1974-05-20;0.0
1974-05-21;0.0
1974-05-22;0.0
1974-05-23;0.0
1974-05-24;5.2
1974-05-25;1.6
1974-05-26;0.0
1974-05-27;0.0
1974-05-28;0.0
1974-05-29;1.4
1974-05-30;0.0
1974-05-31;0.0
1974-06-01;0.8
1974-06-02;0.0
1974-06-03;0.0
1974-06-04;0.0
1974-06-05;0.0
1974-06-06;0.0
1974-06-07;0.0
1974-06-08;0.0
1974-06-09;0.0
1974-06-10;6.2
1974-06-11;3.6
1974-06-12;0.0
1974-06-13;0.8
1974-06-14;0.0
1974-06-15;0.0
1974-06-16;0.0
1974-06-17;0.0
1974-06-18;3.6
1974-06-19;11.2
1974-06-20;0.0
1974-06-21;0.0
1974-06-22;0.0
1974-06-23;0.0
1974-06-24;17.8
1974-06-25;0.2
1974-06-26;0.0
1974-06-27;0.2
1974-06-28;0.0
1974-06-29;4.6
1974-06-30;1.4
1974-07-01;0.0
1974-07-02;0.0
1974-07-03;0.0
1974-07-04;0.0
1974-07-05;0.0
1974-07-06;0.0
1974-07-07;0.0
1974-07-08;0.0
1974-07-09;0.0
1974-07-10;0.0
1974-07-11;0.0
1974-07-12;0.0
1974-07-13;0.0
1974-07-14;0.0
1974-07-15;0.0
1974-07-16;0.0
1974-07-17;0.0
1974-07-18;5.4
1974-07-19;0.0
1974-07-20;20.8
1974-07-21;0.0
1974-07-22;0.0
1974-07-23;0.0
1974-07-24;0.0
1974-07-25;0.0
1974-07-26;0.0
1974-07-27;0.0
1974-07-28;0.0
1974-07-29;0.0
1974-07-30;0.0
1974-07-31;0.0
1974-08-01;0.0
1974-08-02;0.0
1974-08-03;0.0
1974-08-04;0.0
1974-08-05;0.0
1974-08-06;0.0
1974-08-07;0.0
1974-08-08;0.0
1974-08-09;0.0
1974-08-10;0.0
1974-08-11;5.2
1974-08-12;7.2
1974-08-13;0.0
1974-08-14;0.0
1974-08-15;0.0
1974-08-16;0.0
1974-08-17;0.0
1974-08-18;0.0
1974-08-19;0.0
1974-08-20;0.0
1974-08-21;3.2
1974-08-22;0.0
1974-08-23;29.8
1974-08-24;2.0
1974-08-25;2.0
1974-08-26;0.0
1974-08-27;23.0
1974-08-28;11.2
1974-08-29;28.4
1974-08-30;0.0
1974-08-31;0.0
1974-09-01;2.4
1974-09-02;0.0
1974-09-03;0.0
1974-09-04;0.0
1974-09-05;0.0
1974-09-06;0.0
1974-09-07;2.8
1974-09-08;0.0
1974-09-09;0.0
1974-09-10;0.0
1974-09-11;0.0
1974-09-12;0.0
1974-09-13;0.0
1974-09-14;0.0
1974-09-15;0.0
1974-09-16;0.0
1974-09-17;0.0
1974-09-18;0.0
1974-09-19;0.0
1974-09-20;28.2
1974-09-21;0.6
1974-09-22;0.0
1974-09-23;2.8
1974-09-24;1.2
1974-09-25;9.6
1974-09-26;22.4
1974-09-27;0.0
1974-09-28;0.0
1974-09-29;3.2
1974-09-30;0.0
1974-10-01;5.2
1974-10-02;7.2
1974-10-03;2.4
1974-10-04;1.2
1974-10-05;20.6
1974-10-06;0.2
1974-10-07;0.0
1974-10-08;12.8
1974-10-09;20.0
1974-10-10;6.4
1974-10-11;1.2
1974-10-12;3.0
1974-10-13;3.8
1974-10-14;0.0
1974-10-15;0.0
1974-10-16;2.2
1974-10-17;0.4
1974-10-18;0.0
1974-10-19;0.0
1974-10-20;46.6
1974-10-21;20.4
1974-10-22;0.0
1974-10-23;0.0
1974-10-24;4.6
1974-10-25;0.4
1974-10-26;0.0
1974-10-27;0.2
1974-10-28;0.0
1974-10-29;13.8
1974-10-30;0.0
1974-10-31;0.0
1974-11-01;0.0
1974-11-02;0.0
1974-11-03;0.0
1974-11-04;0.0
1974-11-05;10.6
1974-11-06;14.2
1974-11-07;0.2
1974-11-08;0.0
1974-11-09;0.0
1974-11-10;0.0
1974-11-11;0.0
1974-11-12;0.0
1974-11-13;0.0
1974-11-14;0.0
1974-11-15;0.0
1974-11-16;0.0
1974-11-17;0.0
1974-11-18;0.0
1974-11-19;16.6
1974-11-20;0.0
1974-11-21;18.8
1974-11-22;2.8
1974-11-23;2.4
1974-11-24;0.0
1974-11-25;0.6
1974-11-26;19.4
1974-11-27;6.8
1974-11-28;3.0
1974-11-29;4.4
1974-11-30;0.0
1974-12-01;0.0
1974-12-02;0.0
1974-12-03;0.0
1974-12-04;0.0
1974-12-05;0.0
1974-12-06;0.0
1974-12-07;0.0
1974-12-08;0.0
1974-12-09;0.0
1974-12-10;0.0
1974-12-11;3.0
1974-12-12;7.8
1974-12-13;0.0
1974-12-14;0.0
1974-12-15;0.0
1974-12-16;0.0
1974-12-17;0.0
1974-12-18;1.0
1974-12-19;0.0
1974-12-20;0.0
1974-12-21;0.0
1974-12-22;0.0
1974-12-23;0.0
1974-12-24;0.0
1974-12-25;1.6
1974-12-26;0.0
1974-12-27;0.8
1974-12-28;0.0
1974-12-29;0.0
1974-12-30;0.0
1974-12-31;0.0
1976-01-01;0.0
1976-01-02;0.0
1976-01-03;0.0
1976-01-04;0.2
1976-01-05;0.0
1976-01-06;0.0
1976-01-07;0.0
1976-01-08;0.0
1976-01-09;0.0
1976-01-10;0.0
1976-01-11;0.0
1976-01-12;0.0
1976-01-13;0.0
1976-01-14;0.0
1976-01-15;0.0
1976-01-16;0.0
1976-01-17;0.0
1976-01-18;0.0
1976-01-19;0.0
1976-01-20;2.0
1976-01-21;0.0
1976-01-22;0.0
1976-01-23;0.0
1976-01-24;0.6
1976-01-25;4.4
1976-01-26;2.6
1976-01-27;0.0
1976-01-28;0.0
1976-01-29;0.0
1976-01-30;3.6
1976-01-31;33.4
1976-02-01;22.0
1976-02-02;7.0
1976-02-03;0.0
1976-02-04;0.0
1976-02-05;0.0
1976-02-06;0.0
1976-02-07;0.0
1976-02-08;0.0
1976-02-09;0.0
1976-02-10;0.2
1976-02-11;0.0
1976-02-12;9.6
1976-02-13;0.0
1976-02-14;21.8
1976-02-15;11.4
1976-02-16;7.6
1976-02-17;0.6
1976-02-18;0.0
1976-02-19;0.0
1976-02-20;0.0
1976-02-21;0.0
1976-02-22;0.0
1976-02-23;0.0
1976-02-24;0.0
1976-02-25;0.0
1976-02-26;0.0
1976-02-27;0.0
1976-02-28;0.0
1976-02-29;0.0
1976-03-01;0.0
1976-03-02;0.0
1976-03-03;0.0
1976-03-04;0.0
1976-03-05;0.0
1976-03-06;0.0
1976-03-07;4.0
1976-03-08;1.0
1976-03-09;33.8
1976-03-10;21.2
1976-03-11;0.0
1976-03-12;0.0
1976-03-13;3.2
1976-03-14;18.0
1976-03-15;14.4
1976-03-16;6.4
1976-03-17;0.0
1976-03-18;0.0
1976-03-19;0.0
1976-03-20;0.0
1976-03-21;0.0
1976-03-22;0.0
1976-03-23;0.0
1976-03-24;0.0
1976-03-25;0.0
1976-03-26;0.0
1976-03-27;0.0
1976-03-28;0.0
1976-03-29;0.0
1976-03-30;0.0
1976-03-31;0.0
1976-04-01;0.0
1976-04-02;0.0
1976-04-03;0.0
1976-04-04;0.0
1976-04-05;0.0
1976-04-06;0.0
1976-04-07;10.8
1976-04-08;16.0
1976-04-09;0.0
1976-04-10;0.0
1976-04-11;0.0
1976-04-12;0.0
1976-04-13;0.0
1976-04-14;0.0
1976-04-15;0.0
1976-04-16;5.0
1976-04-17;0.0
1976-04-18;0.0
1976-04-19;3.0
1976-04-20;0.0
1976-04-21;0.8
1976-04-22;0.0
1976-04-23;0.2
1976-04-24;10.2
1976-04-25;8.0
1976-04-26;2.2
1976-04-27;4.4
1976-04-28;0.0
1976-04-29;18.0
1976-04-30;4.4
1976-05-01;0.0
1976-05-02;0.0
1976-05-03;0.0
1976-05-04;0.0
1976-05-05;0.0
1976-05-06;0.0
1976-05-07;0.0
1976-05-08;0.0
1976-05-09;22.0
1976-05-10;14.0
1976-05-11;0.2
1976-05-12;0.0
1976-05-13;0.0
1976-05-14;10.6
1976-05-15;0.0
1976-05-16;0.0
1976-05-17;0.0
1976-05-18;0.0
1976-05-19;0.0
1976-05-20;0.0
1976-05-21;0.6
1976-05-22;0.0
1976-05-23;6.6
1976-05-24;0.0
1976-05-25;0.0
1976-05-26;6.4
1976-05-27;0.8
1976-05-28;0.0
1976-05-29;0.0
1976-05-30;0.0
1976-05-31;0.0
1976-06-01;0.0
1976-06-02;0.0
1976-06-03;2.4
1976-06-04;1.0
1976-06-05;1.0
1976-06-06;5.8
1976-06-07;0.0
1976-06-08;0.0
1976-06-09;0.0
1976-06-10;0.0
1976-06-11;0.0
1976-06-12;1.8
1976-06-13;0.2
1976-06-14;0.0
1976-06-15;0.0
1976-06-16;0.0
1976-06-17;0.0
1976-06-18;0.0
1976-06-19;0.0
1976-06-20;0.0
1976-06-21;0.0
1976-06-22;0.0
1976-06-23;0.0
1976-06-24;0.6
1976-06-25;0.0
1976-06-26;0.0
1976-06-27;0.0
1976-06-28;0.0
1976-06-29;0.0
1976-06-30;0.0
1976-07-01;0.0
1976-07-02;0.0
1976-07-03;0.0
1976-07-04;0.0
1976-07-05;0.0
1976-07-06;0.0
1976-07-07;2.4
1976-07-08;13.0
1976-07-09;0.0
1976-07-10;0.0
1976-07-11;0.0
1976-07-12;0.0
1976-07-13;0.0
1976-07-14;8.8
1976-07-15;0.0
1976-07-16;0.0
1976-07-17;0.0
1976-07-18;0.0
1976-07-19;9.2
1976-07-20;1.0
1976-07-21;5.8
1976-07-22;0.0
1976-07-23;2.6
1976-07-24;34.6
1976-07-25;0.0
1976-07-26;0.0
1976-07-27;0.2
1976-07-28;27.2
1976-07-29;0.0
1976-07-30;0.0
1976-07-31;0.0
1976-08-01;0.0
1976-08-02;11.2
1976-08-03;0.0
1976-08-04;0.0
1976-08-05;0.6
1976-08-06;0.2
1976-08-07;0.0
1976-08-08;0.0
1976-08-09;0.0
1976-08-10;0.0
1976-08-11;28.8
1976-08-12;0.0
1976-08-13;0.0
1976-08-14;0.0
1976-08-15;0.2
1976-08-16;23.8
1976-08-17;7.8
1976-08-18;1.0
1976-08-19;5.2
1976-08-20;9.8
1976-08-21;3.4
1976-08-22;14.4
1976-08-23;0.0
1976-08-24;0.0
1976-08-25;0.0
1976-08-26;0.0
1976-08-27;0.0
1976-08-28;0.0
1976-08-29;1.0
1976-08-30;22.4
1976-08-31;3.2
1976-09-01;3.2
1976-09-02;23.0
1976-09-03;0.0
1976-09-04;18.8
1976-09-05;9.2
1976-09-06;0.0
1976-09-07;0.0
1976-09-08;0.0
1976-09-09;0.0
1976-09-10;0.0
1976-09-11;26.8
1976-09-12;0.0
1976-09-13;0.0
1976-09-14;35.8
1976-09-15;0.8
1976-09-16;2.0
1976-09-17;41.2
1976-09-18;0.0
1976-09-19;0.0
1976-09-20;0.2
1976-09-21;0.0
1976-09-22;0.2
1976-09-23;0.0
1976-09-24;0.0
1976-09-25;0.0
1976-09-26;0.0
1976-09-27;0.0
1976-09-28;0.0
1976-09-29;0.0
1976-09-30;0.0
1976-10-01;3.0
1976-10-02;9.4
1976-10-03;0.0
1976-10-04;12.0
1976-10-05;8.4
1976-10-06;0.2
1976-10-07;0.0
1976-10-08;0.0
1976-10-09;0.0
1976-10-10;0.0
1976-10-11;0.0
1976-10-12;8.6
1976-10-13;38.6
1976-10-14;0.4
1976-10-15;7.2
1976-10-16;10.2
1976-10-17;0.2
1976-10-18;0.2
1976-10-19;6.6
1976-10-20;0.0
1976-10-21;0.2
1976-10-22;0.0
1976-10-23;0.0
1976-10-24;0.0
1976-10-25;0.0
1976-10-26;0.0
1976-10-27;0.6
1976-10-28;0.2
1976-10-29;9.8
1976-10-30;14.0
1976-10-31;31.8
1976-11-01;0.6
1976-11-02;0.0
1976-11-03;3.6
1976-11-04;7.4
1976-11-05;9.6
1976-11-06;0.0
1976-11-07;9.6
1976-11-08;21.2
1976-11-09;4.4
1976-11-10;0.0
1976-11-11;16.6
1976-11-12;0.6
1976-11-13;8.8
1976-11-14;3.6
1976-11-15;0.4
1976-11-16;0.0
1976-11-17;0.0
1976-11-18;0.0
1976-11-19;0.0
1976-11-20;0.0
1976-11-21;0.2
1976-11-22;0.6
1976-11-23;0.0
1976-11-24;0.0
1976-11-25;0.0
1976-11-26;0.0
1976-11-27;0.0
1976-11-28;0.0
1976-11-29;0.6
1976-11-30;0.0
1976-12-01;9.4
1976-12-02;22.8
1976-12-03;5.6
1976-12-04;8.8
1976-12-05;19.8
1976-12-06;30.0
1976-12-07;17.0
1976-12-08;9.4
1976-12-09;0.0
1976-12-10;0.0
1976-12-11;21.8
1976-12-12;0.0
1976-12-13;0.0
1976-12-14;0.0
1976-12-15;3.2
1976-12-16;0.2
1976-12-17;1.6
1976-12-18;56.6
1976-12-19;2.8
1976-12-20;5.8
1976-12-21;0.0
1976-12-22;0.0
1976-12-23;0.0
1976-12-24;0.0
1976-12-25;0.0
1976-12-26;1.0
1976-12-27;0.0
1976-12-28;0.2
1976-12-29;27.6
1976-12-30;6.4
1976-12-31;1.0
1977-01-01;0.0
1977-01-02;15.6
1977-01-03;0.0
1977-01-04;9.8
1977-01-05;12.0
1977-01-06;2.0
1977-01-07;0.0
1977-01-08;0.0
1977-01-09;0.0
1977-01-10;0.0
1977-01-11;1.2
1977-01-12;12.4
1977-01-13;2.6
1977-01-14;0.0
1977-01-15;6.2
1977-01-16;0.8
1977-01-17;0.0
1977-01-18;0.0
1977-01-19;0.0
1977-01-20;2.4
1977-01-21;1.2
1977-01-22;0.0
1977-01-23;0.0
1977-01-24;0.0
1977-01-25;0.0
1977-01-26;0.0
1977-01-27;10.0
1977-01-28;0.0
1977-01-29;9.6
1977-01-30;54.0
1977-01-31;2.0
1977-02-01;6.6
1977-02-02;0.0
1977-02-03;0.0
1977-02-04;0.0
1977-02-05;0.0
1977-02-06;8.6
1977-02-07;2.4
1977-02-08;0.0
1977-02-09;0.0
1977-02-10;6.6
1977-02-11;13.6
1977-02-12;20.4
1977-02-13;30.6
1977-02-14;0.0
1977-02-15;4.0
1977-02-16;7.8
1977-02-17;1.8
1977-02-18;0.0
1977-02-19;6.0
1977-02-20;2.0
1977-02-21;7.4
1977-02-22;27.4
1977-02-23;10.4
1977-02-24;0.0
1977-02-25;9.0
1977-02-26;2.0
1977-02-27;2.0
1977-02-28;0.0
1977-03-01;0.0
1977-03-02;0.0
1977-03-03;0.0
1977-03-04;0.0
1977-03-05;0.0
1977-03-06;0.0
1977-03-07;0.0
1977-03-08;0.0
1977-03-09;0.0
1977-03-10;0.0
1977-03-11;0.0
1977-03-12;5.6
1977-03-13;4.2
1977-03-14;0.0
1977-03-15;0.0
1977-03-16;0.0
1977-03-17;0.0
1977-03-18;0.0
1977-03-19;0.0
1977-03-20;6.0
1977-03-21;14.2
1977-03-22;0.4
1977-03-23;0.0
1977-03-24;0.0
1977-03-25;5.8
1977-03-26;0.0
1977-03-27;0.0
1977-03-28;0.0
1977-03-29;17.0
1977-03-30;34.4
1977-03-31;6.2
1977-04-01;0.0
1977-04-02;0.0
1977-04-03;0.0
1977-04-04;0.0
1977-04-05;1.6
1977-04-06;0.0
1977-04-07;0.0
1977-04-08;0.0
1977-04-09;4.2
1977-04-10;13.0
1977-04-11;0.0
1977-04-12;0.0
1977-04-13;0.0
1977-04-14;2.6
1977-04-15;1.4
1977-04-16;0.0
1977-04-17;0.0
1977-04-18;0.0
1977-04-19;0.0
1977-04-20;4.4
1977-04-21;0.0
1977-04-22;0.0
1977-04-23;0.0
1977-04-24;0.0
1977-04-25;0.0
1977-04-26;0.0
1977-04-27;0.0
1977-04-28;0.0
1977-04-29;0.0
1977-04-30;0.0
1977-05-01;1.8
1977-05-02;1.8
1977-05-03;0.0
1977-05-04;0.4
1977-05-05;0.0
1977-05-06;0.0
1977-05-07;0.0
1977-05-08;0.4
1977-05-09;20.0
1977-05-10;1.6
1977-05-11;0.0
1977-05-12;0.0
1977-05-13;0.0
1977-05-14;21.0
1977-05-15;15.0
1977-05-16;1.4
1977-05-17;14.2
1977-05-18;4.8
1977-05-19;0.6
1977-05-20;0.0
1977-05-21;0.2
1977-05-22;0.0
1977-05-23;0.0
1977-05-24;0.0
1977-05-25;0.0
1977-05-26;0.0
1977-05-27;0.0
1977-05-28;1.8
1977-05-29;0.2
1977-05-30;0.0
1977-05-31;0.0
1977-06-01;0.0
1977-06-02;0.0
1977-06-03;0.0
1977-06-04;0.0
1977-06-05;0.0
1977-06-06;0.0
1977-06-07;0.0
1977-06-08;0.0
1977-06-09;0.0
1977-06-10;0.0
1977-06-11;0.0
1977-06-12;0.0
1977-06-13;0.0
1977-06-14;0.0
1977-06-15;0.0
1977-06-16;2.2
1977-06-17;0.0
1977-06-18;0.0
1977-06-19;0.0
1977-06-20;0.0
1977-06-21;0.0
1977-06-22;5.6
1977-06-23;0.4
1977-06-24;0.0
1977-06-25;0.0
1977-06-26;0.8
1977-06-27;31.8
1977-06-28;0.0
1977-06-29;0.0
1977-06-30;0.0
1977-07-01;0.0
1977-07-02;0.0
1977-07-03;0.0
1977-07-04;0.0
1977-07-05;0.0
1977-07-06;0.0
1977-07-07;0.0
1977-07-08;0.0
1977-07-09;0.0
1977-07-10;0.0
1977-07-11;0.0
1977-07-12;0.0
1977-07-13;0.0
1977-07-14;0.0
1977-07-15;0.0
1977-07-16;0.2
1977-07-17;0.0
1977-07-18;0.0
1977-07-19;0.0
1977-07-20;0.0
1977-07-21;0.0
1977-07-22;7.2
1977-07-23;0.0
1977-07-24;0.0
1977-07-25;0.0
1977-07-26;4.0
1977-07-27;0.0
1977-07-28;0.0
1977-07-29;0.0
1977-07-30;3.6
1977-07-31;26.4
1977-08-01;7.6
1977-08-02;0.0
1977-08-03;2.6
1977-08-04;0.0
1977-08-05;1.8
1977-08-06;3.6
1977-08-07;0.0
1977-08-08;0.0
1977-08-09;0.6
1977-08-10;0.0
1977-08-11;0.0
1977-08-12;7.6
1977-08-13;0.0
1977-08-14;0.0
1977-08-15;0.0
1977-08-16;0.0
1977-08-17;0.0
1977-08-18;0.0
1977-08-19;19.6
1977-08-20;2.4
1977-08-21;41.0
1977-08-22;14.4
1977-08-23;8.8
1977-08-24;0.8
1977-08-25;0.0
1977-08-26;0.0
1977-08-27;0.0
1977-08-28;3.8
1977-08-29;6.2
1977-08-30;0.6
1977-08-31;0.0
1977-09-01;0.4
1977-09-02;16.6
1977-09-03;1.2
1977-09-04;0.0
1977-09-05;0.0
1977-09-06;3.6
1977-09-07;0.0
1977-09-08;0.0
1977-09-09;0.0
1977-09-10;0.0
1977-09-11;0.0
1977-09-12;0.0
1977-09-13;0.0
1977-09-14;0.0
1977-09-15;0.0
1977-09-16;0.0
1977-09-17;0.0
1977-09-18;0.2
1977-09-19;0.0
1977-09-20;11.2
1977-09-21;2.2
1977-09-22;1.6
1977-09-23;2.2
1977-09-24;0.0
1977-09-25;0.0
1977-09-26;0.0
1977-09-27;0.0
1977-09-28;0.0
1977-09-29;0.0
1977-09-30;0.0
1977-10-01;0.0
1977-10-02;0.6
1977-10-03;19.2
1977-10-04;0.0
1977-10-05;0.0
1977-10-06;0.0
1977-10-07;0.0
1977-10-08;0.0
1977-10-09;0.6
1977-10-10;12.0
1977-10-11;5.8
1977-10-12;0.4
1977-10-13;0.0
1977-10-14;0.0
1977-10-15;0.0
1977-10-16;0.0
1977-10-17;0.0
1977-10-18;0.0
1977-10-19;0.0
1977-10-20;0.0
1977-10-21;0.0
1977-10-22;0.0
1977-10-23;0.0
1977-10-24;0.0
1977-10-25;0.0
1977-10-26;0.0
1977-10-27;0.0
1977-10-28;0.0
1977-10-29;11.6
1977-10-30;13.0
1977-10-31;1.4
1977-11-01;5.8
1977-11-02;17.4
1977-11-03;0.2
1977-11-04;0.2
1977-11-05;3.6
1977-11-06;0.0
1977-11-07;0.0
1977-11-08;0.0
1977-11-09;0.0
1977-11-10;0.0
1977-11-11;0.2
1977-11-12;0.0
1977-11-13;3.8
1977-11-14;10.4
1977-11-15;2.8
1977-11-16;9.2
1977-11-17;18.4
1977-11-18;2.2
1977-11-19;0.0
1977-11-20;0.0
1977-11-21;0.0
1977-11-22;11.2
1977-11-23;0.0
1977-11-24;0.0
1977-11-25;0.2
1977-11-26;23.8
1977-11-27;6.2
1977-11-28;0.0
1977-11-29;0.0
1977-11-30;35.8
1977-12-01;0.0
1977-12-02;8.8
1977-12-03;0.0
1977-12-04;0.0
1977-12-05;0.0
1977-12-06;2.6
1977-12-07;7.0
1977-12-08;1.2
1977-12-09;12.6
1977-12-10;0.6
1977-12-11;0.0
1977-12-12;0.0
1977-12-13;0.0
1977-12-14;3.8
1977-12-15;0.0
1977-12-16;0.0
1977-12-17;0.0
1977-12-18;0.0
1977-12-19;0.0
1977-12-20;0.0
1977-12-21;0.0
1977-12-22;0.0
1977-12-23;0.0
1977-12-24;1.2
1977-12-25;13.8
1977-12-26;0.2
1977-12-27;0.0
1977-12-28;32.0
1977-12-29;3.0
1977-12-30;0.0
1977-12-31;0.0
1978-01-01;0.0
1978-01-02;0.0
1978-01-03;18.0
1978-01-04;4.4
1978-01-05;0.0
1978-01-06;0.2
1978-01-07;0.0
1978-01-08;0.0
1978-01-09;0.0
1978-01-10;0.0
1978-01-11;1.2
1978-01-12;2.2
1978-01-13;19.0
1978-01-14;0.0
1978-01-15;8.6
1978-01-16;0.0
1978-01-17;0.0
1978-01-18;1.0
1978-01-19;6.0
1978-01-20;0.8
1978-01-21;2.6
1978-01-22;0.0
1978-01-23;0.0
1978-01-24;0.4
1978-01-25;33.6
1978-01-26;1.2
1978-01-27;0.0
1978-01-28;0.0
1978-01-29;28.6
1978-01-30;5.6
1978-01-31;0.0
1978-02-01;0.0
1978-02-02;8.8
1978-02-03;0.0
1978-02-04;0.2
1978-02-05;0.0
1978-02-06;0.0
1978-02-07;0.0
1978-02-08;0.0
1978-02-09;0.0
1978-02-10;2.4
1978-02-11;14.0
1978-02-12;40.2
1978-02-13;0.4
1978-02-14;0.0
1978-02-15;1.4
1978-02-16;0.2
1978-02-17;4.2
1978-02-18;0.0
1978-02-19;1.0
1978-02-20;3.0
1978-02-21;0.0
1978-02-22;0.4
1978-02-23;0.0
1978-02-24;0.0
1978-02-25;4.4
1978-02-26;21.6
1978-02-27;25.2
1978-02-28;23.0
1978-03-01;4.6
1978-03-02;0.0
1978-03-03;0.0
1978-03-04;0.0
1978-03-05;17.6
1978-03-06;0.2
1978-03-07;0.6
1978-03-08;0.0
1978-03-09;0.0
1978-03-10;0.0
1978-03-11;0.0
1978-03-12;0.0
1978-03-13;0.0
1978-03-14;26.8
1978-03-15;8.0
1978-03-16;2.2
1978-03-17;4.8
1978-03-18;2.4
1978-03-19;1.0
1978-03-20;0.0
1978-03-21;15.2
1978-03-22;0.2
1978-03-23;0.0
1978-03-24;22.8
1978-03-25;0.0
1978-03-26;0.0
1978-03-27;3.2
1978-03-28;0.0
1978-03-29;0.0
1978-03-30;0.0
1978-03-31;0.0
1978-04-01;0.2
1978-04-02;7.8
1978-04-03;2.0
1978-04-04;0.0
1978-04-05;0.4
1978-04-06;0.2
1978-04-07;0.0
1978-04-08;0.0
1978-04-09;2.2
1978-04-10;0.0
1978-04-11;4.6
1978-04-12;47.0
1978-04-13;3.0
1978-04-14;8.2
1978-04-15;15.4
1978-04-16;17.0
1978-04-17;0.0
1978-04-18;3.8
1978-04-19;0.0
1978-04-20;0.0
1978-04-21;0.0
1978-04-22;3.0
1978-04-23;0.0
1978-04-24;1.4
1978-04-25;1.4
1978-04-26;2.0
1978-04-27;46.4
1978-04-28;13.8
1978-04-29;0.0
1978-04-30;0.0
1978-05-01;2.8
1978-05-02;20.2
1978-05-03;0.0
1978-05-04;0.0
1978-05-05;0.0
1978-05-06;6.4
1978-05-07;13.4
1978-05-08;4.2
1978-05-09;0.0
1978-05-10;0.0
1978-05-11;2.8
1978-05-12;3.0
1978-05-13;3.0
1978-05-14;2.2
1978-05-15;0.0
1978-05-16;0.4
1978-05-17;0.6
1978-05-18;0.0
1978-05-19;1.0
1978-05-20;0.2
1978-05-21;3.6
1978-05-22;1.0
1978-05-23;19.2
1978-05-24;0.0
1978-05-25;0.0
1978-05-26;2.0
1978-05-27;17.4
1978-05-28;0.2
1978-05-29;0.0
1978-05-30;0.4
1978-05-31;0.0
1978-06-01;4.0
1978-06-02;1.4
1978-06-03;0.2
1978-06-04;0.0
1978-06-05;0.0
1978-06-06;0.0
1978-06-07;0.0
1978-06-08;0.0
1978-06-09;0.0
1978-06-10;0.0
1978-06-11;0.0
1978-06-12;0.0
1978-06-13;0.8
1978-06-14;0.2
1978-06-15;1.0
1978-06-16;3.2
1978-06-17;17.8
1978-06-18;27.4
1978-06-19;0.0
1978-06-20;0.0
1978-06-21;4.4
1978-06-22;4.8
1978-06-23;0.0
1978-06-24;0.0
1978-06-25;0.0
1978-06-26;0.4
1978-06-27;10.0
1978-06-28;0.2
1978-06-29;2.8
1978-06-30;0.0
1978-07-01;0.0
1978-07-02;20.4
1978-07-03;0.0
1978-07-04;0.0
1978-07-05;22.6
1978-07-06;0.0
1978-07-07;1.8
1978-07-08;19.4
1978-07-09;0.0
1978-07-10;0.0
1978-07-11;0.0
1978-07-12;0.0
1978-07-13;0.0
1978-07-14;0.0
1978-07-15;3.6
1978-07-16;1.2
1978-07-17;0.0
1978-07-18;0.0
1978-07-19;0.0
1978-07-20;0.0
1978-07-21;0.0
1978-07-22;0.0
1978-07-23;0.0
1978-07-24;0.0
1978-07-25;0.0
1978-07-26;0.0
1978-07-27;0.0
1978-07-28;0.2
1978-07-29;0.0
1978-07-30;0.0
1978-07-31;0.0
1978-08-01;2.8
1978-08-02;0.0
1978-08-03;0.0
1978-08-04;0.6
1978-08-05;2.2
1978-08-06;0.0
1978-08-07;0.0
1978-08-08;11.4
1978-08-09;8.2
1978-08-10;4.0
1978-08-11;1.4
1978-08-12;0.0
1978-08-13;0.0
1978-08-14;21.2
1978-08-15;0.0
1978-08-16;0.0
1978-08-17;0.0
1978-08-18;0.0
1978-08-19;0.0
1978-08-20;0.0
1978-08-21;0.0
1978-08-22;0.0
1978-08-23;0.0
1978-08-24;0.0
1978-08-25;0.0
1978-08-26;0.0
1978-08-27;0.0
1978-08-28;0.0
1978-08-29;0.0
1978-08-30;0.8
1978-08-31;7.2
1978-09-01;0.0
1978-09-02;0.6
1978-09-03;0.0
1978-09-04;0.0
1978-09-05;0.2
1978-09-06;0.4
1978-09-07;10.0
1978-09-08;0.0
1978-09-09;0.0
1978-09-10;0.0
1978-09-11;0.0
1978-09-12;0.0
1978-09-13;0.0
1978-09-14;0.0
1978-09-15;0.0
1978-09-16;0.0
1978-09-17;0.0
1978-09-18;0.0
1978-09-19;0.0
1978-09-20;2.6
1978-09-21;0.2
1978-09-22;0.0
1978-09-23;0.0
1978-09-24;0.0
1978-09-25;0.0
1978-09-26;0.0
1978-09-27;0.0
1978-09-28;33.6
1978-09-29;0.0
1978-09-30;0.0
1978-10-01;0.0
1978-10-02;9.4
1978-10-03;28.6
1978-10-04;57.0
1978-10-05;13.8
1978-10-06;0.0
1978-10-07;0.0
1978-10-08;0.0
1978-10-09;0.0
1978-10-10;0.0
1978-10-11;0.0
1978-10-12;0.0
1978-10-13;0.0
1978-10-14;0.0
1978-10-15;0.0
1978-10-16;0.0
1978-10-17;0.0
1978-10-18;0.0
1978-10-19;0.0
1978-10-20;0.0
1978-10-21;1.4
1978-10-22;0.0
1978-10-23;0.0
1978-10-24;0.0
1978-10-25;0.0
1978-10-26;0.0
1978-10-27;0.0
1978-10-28;0.0
1978-10-29;0.0
1978-10-30;0.0
1978-10-31;0.0
1978-11-01;0.0
1978-11-02;0.0
1978-11-03;0.0
1978-11-04;0.0
1978-11-05;0.0
1978-11-06;0.0
1978-11-07;0.0
1978-11-08;0.0
1978-11-09;0.0
1978-11-10;0.0
1978-11-11;0.0
1978-11-12;0.0
1978-11-13;0.0
1978-11-14;0.0
1978-11-15;0.0
1978-11-16;0.0
1978-11-17;0.0
1978-11-18;0.0
1978-11-19;0.0
1978-11-20;0.0
1978-11-21;0.0
1978-11-22;0.0
1978-11-23;0.0
1978-11-24;0.0
1978-11-25;0.0
1978-11-26;13.8
1978-11-27;16.4
1978-11-28;0.6
1978-11-29;2.0
1978-11-30;9.2
1978-12-01;0.0
1978-12-02;0.0
1978-12-03;0.0
1978-12-04;0.0
1978-12-05;0.0
1978-12-06;0.0
1978-12-07;0.0
1978-12-08;0.0
1978-12-09;21.4
1978-12-10;0.2
1978-12-11;0.0
1978-12-12;1.4
1978-12-13;6.6
1978-12-14;27.2
1978-12-15;1.4
1978-12-16;1.0
1978-12-17;9.0
1978-12-18;0.6
1978-12-19;35.6
1978-12-20;27.0
1978-12-21;0.2
1978-12-22;0.0
1978-12-23;0.2
1978-12-24;0.2
1978-12-25;12.2
1978-12-26;2.4
1978-12-27;0.0
1978-12-28;2.8
1978-12-29;8.2
1978-12-30;3.2
1978-12-31;0.0
1979-01-01;11.0
1979-01-02;3.2
1979-01-03;0.0
1979-01-04;0.0
1979-01-05;10.4
1979-01-06;0.0
1979-01-07;0.0
1979-01-08;0.0
1979-01-09;17.0
1979-01-10;38.0
1979-01-11;21.0
1979-01-12;2.0
1979-01-13;0.0
1979-01-14;0.0
1979-01-15;0.0
1979-01-16;0.0
1979-01-17;0.0
1979-01-18;0.0
1979-01-19;0.0
1979-01-20;0.0
1979-01-21;9.0
1979-01-22;3.0
1979-01-23;35.2
1979-01-24;17.0
1979-01-25;0.6
1979-01-26;0.0
1979-01-27;4.2
1979-01-28;9.0
1979-01-29;33.2
1979-01-30;9.2
1979-01-31;6.0
1979-02-01;0.0
1979-02-02;0.0
1979-02-03;1.8
1979-02-04;1.0
1979-02-05;10.8
1979-02-06;14.0
1979-02-07;0.0
1979-02-08;3.2
1979-02-09;0.2
1979-02-10;8.0
1979-02-11;1.0
1979-02-12;2.0
1979-02-13;24.2
1979-02-14;3.6
1979-02-15;11.8
1979-02-16;6.2
1979-02-17;19.0
1979-02-18;0.8
1979-02-19;0.0
1979-02-20;0.0
1979-02-21;0.0
1979-02-22;0.0
1979-02-23;0.0
1979-02-24;0.0
1979-02-25;0.0
1979-02-26;0.0
1979-02-27;0.0
1979-02-28;0.0
1979-03-01;0.6
1979-03-02;0.0
1979-03-03;0.0
1979-03-04;0.0
1979-03-05;0.0
1979-03-06;0.0
1979-03-07;1.0
1979-03-08;4.8
1979-03-09;0.0
1979-03-10;1.6
1979-03-11;3.0
1979-03-12;0.0
1979-03-13;0.0
1979-03-14;0.0
1979-03-15;0.0
1979-03-16;18.4
1979-03-17;4.6
1979-03-18;9.0
1979-03-19;9.0
1979-03-20;2.6
1979-03-21;15.8
1979-03-22;12.6
1979-03-23;4.4
1979-03-24;2.2
1979-03-25;0.0
1979-03-26;0.0
1979-03-27;7.4
1979-03-28;0.0
1979-03-29;17.6
1979-03-30;1.6
1979-03-31;2.0
1979-04-01;0.0
1979-04-02;0.0
1979-04-03;0.0
1979-04-04;5.6
1979-04-05;0.0
1979-04-06;18.0
1979-04-07;17.2
1979-04-08;0.0
1979-04-09;0.0
1979-04-10;0.0
1979-04-11;0.0
1979-04-12;21.6
1979-04-13;0.0
1979-04-14;0.0
1979-04-15;0.0
1979-04-16;0.0
1979-04-17;0.0
1979-04-18;0.0
1979-04-19;0.0
1979-04-20;0.0
1979-04-21;0.0
1979-04-22;0.0
1979-04-23;0.0
1979-04-24;15.6
1979-04-25;35.2
1979-04-26;1.0
1979-04-27;1.2
1979-04-28;10.4
1979-04-29;0.0
1979-04-30;0.8
1979-05-01;1.2
1979-05-02;1.4
1979-05-03;0.0
1979-05-04;0.0
1979-05-05;0.0
1979-05-06;0.0
1979-05-07;0.0
1979-05-08;0.0
1979-05-09;0.0
1979-05-10;0.0
1979-05-11;0.0
1979-05-12;0.0
1979-05-13;0.0
1979-05-14;0.0
1979-05-15;0.0
1979-05-16;0.0
1979-05-17;0.0
1979-05-18;0.0
1979-05-19;0.0
1979-05-20;0.0
1979-05-21;0.0
1979-05-22;0.0
1979-05-23;0.0
1979-05-24;0.0
1979-05-25;0.0
1979-05-26;0.0
1979-05-27;0.0
1979-05-28;0.0
1979-05-29;0.0
1979-05-30;0.0
1979-05-31;0.0
1979-06-01;0.0
1979-06-02;0.0
1979-06-03;0.0
1979-06-04;0.0
1979-06-05;0.0
1979-06-06;5.6
1979-06-07;7.2
1979-06-08;0.0
1979-06-09;0.0
1979-06-10;0.0
1979-06-11;0.0
1979-06-12;0.0
1979-06-13;0.0
1979-06-14;7.6
1979-06-15;0.0
1979-06-16;4.0
1979-06-17;11.8
1979-06-18;4.0
1979-06-19;5.2
1979-06-20;0.0
1979-06-21;0.0
1979-06-22;0.0
1979-06-23;0.0
1979-06-24;0.0
1979-06-25;0.0
1979-06-26;0.0
1979-06-27;0.0
1979-06-28;0.0
1979-06-29;0.0
1979-06-30;0.0
1979-07-01;0.0
1979-07-02;0.0
1979-07-03;12.4
1979-07-04;0.0
1979-07-05;0.0
1979-07-06;0.0
1979-07-07;0.0
1979-07-08;0.0
1979-07-09;0.0
1979-07-10;0.0
1979-07-11;0.0
1979-07-12;0.0
1979-07-13;0.0
1979-07-14;0.0
1979-07-15;0.0
1979-07-16;0.0
1979-07-17;0.2
1979-07-18;0.0
1979-07-19;0.0
1979-07-20;0.0
1979-07-21;0.2
1979-07-22;0.0
1979-07-23;0.0
1979-07-24;0.0
1979-07-25;0.0
1979-07-26;0.0
1979-07-27;0.0
1979-07-28;0.0
1979-07-29;0.0
1979-07-30;0.0
1979-07-31;0.0
1979-08-01;0.0
1979-08-02;0.0
1979-08-03;0.0
1979-08-04;0.0
1979-08-05;0.0
1979-08-06;0.0
1979-08-07;0.0
1979-08-08;4.6
1979-08-09;12.2
1979-08-10;0.0
1979-08-11;0.0
1979-08-12;0.0
1979-08-13;0.0
1979-08-14;0.0
1979-08-15;0.0
1979-08-16;0.0
1979-08-17;1.6
1979-08-18;0.0
1979-08-19;52.8
1979-08-20;15.2
1979-08-21;0.0
1979-08-22;0.0
1979-08-23;0.0
1979-08-24;0.0
1979-08-25;0.2
1979-08-26;0.0
1979-08-27;29.0
1979-08-28;0.0
1979-08-29;0.0
1979-08-30;0.0
1979-08-31;0.2
1979-09-01;0.0
1979-09-02;0.0
1979-09-03;0.0
1979-09-04;0.0
1979-09-05;0.0
1979-09-06;0.0
1979-09-07;0.0
1979-09-08;0.0
1979-09-09;0.0
1979-09-10;0.0
1979-09-11;0.0
1979-09-12;0.0
1979-09-13;0.0
1979-09-14;0.0
1979-09-15;0.0
1979-09-16;0.0
1979-09-17;0.0
1979-09-18;0.0
1979-09-19;0.0
1979-09-20;0.0
1979-09-21;0.0
1979-09-22;25.2
1979-09-23;0.2
1979-09-24;24.2
1979-09-25;37.6
1979-09-26;5.6
1979-09-27;0.0
1979-09-28;0.0
1979-09-29;0.0
1979-09-30;0.0
1979-10-01;0.0
1979-10-02;0.0
1979-10-03;0.0
1979-10-04;0.0
1979-10-05;0.0
1979-10-06;9.2
1979-10-07;0.2
1979-10-08;0.0
1979-10-09;0.0
1979-10-10;0.0
1979-10-11;0.0
1979-10-12;7.0
1979-10-13;22.2
1979-10-14;0.0
1979-10-15;25.4
1979-10-16;3.6
1979-10-17;0.2
1979-10-18;4.2
1979-10-19;0.4
1979-10-20;0.0
1979-10-21;0.0
1979-10-22;0.0
1979-10-23;0.4
1979-10-24;1.6
1979-10-25;0.0
1979-10-26;0.0
1979-10-27;0.0
1979-10-28;20.8
1979-10-29;22.4
1979-10-30;2.6
1979-10-31;5.0
1979-11-01;0.0
1979-11-02;0.0
1979-11-03;4.0
1979-11-04;0.6
1979-11-05;0.0
1979-11-06;2.0
1979-11-07;0.0
1979-11-08;0.0
1979-11-09;0.0
1979-11-10;0.0
1979-11-11;50.8
1979-11-12;0.2
1979-11-13;0.4
1979-11-14;17.2
1979-11-15;45.0
1979-11-16;23.2
1979-11-17;2.8
1979-11-18;0.8
1979-11-19;11.2
1979-11-20;0.6
1979-11-21;0.0
1979-11-22;0.0
1979-11-23;0.0
1979-11-24;0.0
1979-11-25;0.0
1979-11-26;0.0
1979-11-27;0.0
1979-11-28;0.0
1979-11-29;0.0
1979-11-30;0.0
1979-12-01;0.0
1979-12-02;0.0
1979-12-03;0.0
1979-12-04;0.0
1979-12-05;0.0
1979-12-06;0.0
1979-12-07;0.0
1979-12-08;0.0
1979-12-09;1.2
1979-12-10;2.6
1979-12-11;2.2
1979-12-12;2.8
1979-12-13;0.0
1979-12-14;0.4
1979-12-15;4.6
1979-12-16;2.6
1979-12-17;0.0
1979-12-18;0.0
1979-12-19;0.2
1979-12-20;18.4
1979-12-21;6.4
1979-12-22;16.2
1979-12-23;7.8
1979-12-24;6.0
1979-12-25;0.0
1979-12-26;0.0
1979-12-27;0.0
1979-12-28;3.0
1979-12-29;16.0
1979-12-30;3.0
1979-12-31;44.0
1980-01-01;9.0
1980-01-02;19.2
1980-01-03;0.0
1980-01-04;0.0
1980-01-05;0.0
1980-01-06;19.6
1980-01-07;0.6
1980-01-08;0.0
1980-01-09;0.0
1980-01-10;5.0
1980-01-11;0.0
1980-01-12;0.0
1980-01-13;0.4
1980-01-14;0.2
1980-01-15;0.6
1980-01-16;8.0
1980-01-17;0.2
1980-01-18;0.0
1980-01-19;0.0
1980-01-20;0.0
1980-01-21;0.0
1980-01-22;0.2
1980-01-23;0.8
1980-01-24;4.0
1980-01-25;0.4
1980-01-26;0.0
1980-01-27;3.8
1980-01-28;0.0
1980-01-29;0.0
1980-01-30;1.0
1980-01-31;4.2
1980-02-01;6.0
1980-02-02;0.0
1980-02-03;21.8
1980-02-04;12.2
1980-02-05;2.8
1980-02-06;0.2
1980-02-07;14.8
1980-02-08;1.4
1980-02-09;0.0
1980-02-10;0.0
1980-02-11;0.0
1980-02-12;0.0
1980-02-13;0.0
1980-02-14;0.2
1980-02-15;0.0
1980-02-16;0.0
1980-02-17;2.0
1980-02-18;0.0
1980-02-19;0.0
1980-02-20;0.0
1980-02-21;0.0
1980-02-22;0.0
1980-02-23;0.0
1980-02-24;0.0
1980-02-25;0.0
1980-02-26;0.0
1980-02-27;0.0
1980-02-28;0.0
1980-02-29;0.0
1980-03-01;0.0
1980-03-02;0.0
1980-03-03;0.0
1980-03-04;0.0
1980-03-05;0.0
1980-03-06;0.0
1980-03-07;0.0
1980-03-08;6.4
1980-03-09;22.8
1980-03-10;2.8
1980-03-11;0.0
1980-03-12;0.0
1980-03-13;0.0
1980-03-14;5.0
1980-03-15;15.2
1980-03-16;1.0
1980-03-17;0.0
1980-03-18;0.0
1980-03-19;0.0
1980-03-20;3.0
1980-03-21;17.8
1980-03-22;5.4
1980-03-23;19.0
1980-03-24;17.8
1980-03-25;7.2
1980-03-26;2.0
1980-03-27;0.0
1980-03-28;2.0
1980-03-29;0.0
1980-03-30;19.0
1980-03-31;0.0
1980-04-01;0.0
1980-04-02;0.0
1980-04-03;2.8
1980-04-04;0.0
1980-04-05;0.0
1980-04-06;0.2
1980-04-07;0.0
1980-04-08;0.0
1980-04-09;3.0
1980-04-10;1.4
1980-04-11;0.0
1980-04-12;0.0
1980-04-13;0.0
1980-04-14;0.0
1980-04-15;0.0
1980-04-16;0.0
1980-04-17;1.4
1980-04-18;0.0
1980-04-19;0.0
1980-04-20;0.0
1980-04-21;33.8
1980-04-22;0.0
1980-04-23;0.0
1980-04-24;0.0
1980-04-25;0.0
1980-04-26;0.0
1980-04-27;9.4
1980-04-28;3.8
1980-04-29;0.0
1980-04-30;0.0
1980-05-01;0.0
1980-05-02;0.8
1980-05-03;0.0
1980-05-04;0.0
1980-05-05;5.8
1980-05-06;4.4
1980-05-07;6.4
1980-05-08;0.4
1980-05-09;0.8
1980-05-10;0.0
1980-05-11;0.8
1980-05-12;0.0
1980-05-13;0.0
1980-05-14;4.6
1980-05-15;12.4
1980-05-16;0.0
1980-05-17;4.0
1980-05-18;0.0
1980-05-19;0.0
1980-05-20;0.0
1980-05-21;0.0
1980-05-22;3.8
1980-05-23;23.8
1980-05-24;13.2
1980-05-25;0.6
1980-05-26;8.4
1980-05-27;1.0
1980-05-28;9.2
1980-05-29;6.6
1980-05-30;7.2
1980-05-31;9.2
1980-06-01;0.0
1980-06-02;3.8
1980-06-03;0.0
1980-06-04;0.0
1980-06-05;0.2
1980-06-06;0.0
1980-06-07;0.0
1980-06-08;7.8
1980-06-09;17.8
1980-06-10;38.0
1980-06-11;9.0
1980-06-12;0.2
1980-06-13;0.0
1980-06-14;0.0
1980-06-15;0.0
1980-06-16;0.0
1980-06-17;0.0
1980-06-18;0.2
1980-06-19;0.0
1980-06-20;0.0
1980-06-21;0.0
1980-06-22;0.0
1980-06-23;0.0
1980-06-24;6.0
1980-06-25;0.4
1980-06-26;0.6
1980-06-27;0.0
1980-06-28;14.4
1980-06-29;0.0
1980-06-30;0.0
1980-07-01;0.0
1980-07-02;0.0
1980-07-03;0.0
1980-07-04;0.0
1980-07-05;0.0
1980-07-06;0.0
1980-07-07;0.0
1980-07-08;0.0
1980-07-09;4.4
1980-07-10;11.2
1980-07-11;0.0
1980-07-12;0.0
1980-07-13;0.0
1980-07-14;0.0
1980-07-15;0.0
1980-07-16;0.0
1980-07-17;0.4
1980-07-18;2.0
1980-07-19;0.0
1980-07-20;0.0
1980-07-21;0.6
1980-07-22;0.0
1980-07-23;0.0
1980-07-24;0.0
1980-07-25;0.0
1980-07-26;0.0
1980-07-27;0.0
1980-07-28;0.0
1980-07-29;0.0
1980-07-30;0.0
1980-07-31;0.0
1980-08-01;0.0
1980-08-02;0.0
1980-08-03;0.0
1980-08-04;0.0
1980-08-05;0.0
1980-08-06;0.0
1980-08-07;0.0
1980-08-08;0.0
1980-08-09;3.2
1980-08-10;0.0
1980-08-11;0.0
1980-08-12;0.0
1980-08-13;0.0
1980-08-14;0.0
1980-08-15;0.0
1980-08-16;0.6
1980-08-17;33.6
1980-08-18;0.0
1980-08-19;0.0
1980-08-20;0.0
1980-08-21;0.0
1980-08-22;0.0
1980-08-23;0.0
1980-08-24;0.0
1980-08-25;0.0
1980-08-26;0.0
1980-08-27;0.0
1980-08-28;15.0
1980-08-29;0.0
1980-08-30;0.0
1980-08-31;0.0
1980-09-01;0.0
1980-09-02;0.0
1980-09-03;0.0
1980-09-04;0.0
1980-09-05;0.0
1980-09-06;0.0
1980-09-07;5.8
1980-09-08;0.0
1980-09-09;0.0
1980-09-10;0.0
1980-09-11;0.0
1980-09-12;0.0
1980-09-13;0.0
1980-09-14;0.0
1980-09-15;0.0
1980-09-16;0.0
1980-09-17;0.0
1980-09-18;0.0
1980-09-19;0.0
1980-09-20;0.0
1980-09-21;0.0
1980-09-22;0.0
1980-09-23;10.4
1980-09-24;14.0
1980-09-25;0.0
1980-09-26;0.0
1980-09-27;0.0
1980-09-28;0.0
1980-09-29;0.0
1980-09-30;0.0
1980-10-01;0.0
1980-10-02;0.0
1980-10-03;0.0
1980-10-04;0.0
1980-10-05;0.2
1980-10-06;0.0
1980-10-07;0.0
1980-10-08;8.8
1980-10-09;41.4
1980-10-10;0.6
1980-10-11;2.0
1980-10-12;22.4
1980-10-13;0.0
1980-10-14;4.4
1980-10-15;5.6
1980-10-16;0.4
1980-10-17;0.0
1980-10-18;5.0
1980-10-19;8.2
1980-10-20;0.4
1980-10-21;0.0
1980-10-22;0.0
1980-10-23;0.0
1980-10-24;0.4
1980-10-25;25.6
1980-10-26;24.2
1980-10-27;0.0
1980-10-28;0.0
1980-10-29;0.0
1980-10-30;0.0
1980-10-31;0.0
1980-11-01;0.0
1980-11-02;0.0
1980-11-03;0.0
1980-11-04;60.4
1980-11-05;28.2
1980-11-06;25.6
1980-11-07;3.8
1980-11-08;16.2
1980-11-09;2.8
1980-11-10;2.4
1980-11-11;0.0
1980-11-12;0.0
1980-11-13;37.6
1980-11-14;5.6
1980-11-15;0.0
1980-11-16;0.0
1980-11-17;0.0
1980-11-18;0.0
1980-11-19;10.4
1980-11-20;0.0
1980-11-21;0.0
1980-11-22;0.0
1980-11-23;0.0
1980-11-24;0.0
1980-11-25;0.0
1980-11-26;5.4
1980-11-27;46.4
1980-11-28;39.6
1980-11-29;6.8
1980-11-30;13.8
1980-12-01;1.6
1980-12-02;0.0
1980-12-03;0.2
1980-12-04;2.8
1980-12-05;0.0
1980-12-06;3.4
1980-12-07;5.6
1980-12-08;0.0
1980-12-09;0.0
1980-12-10;0.0
1980-12-11;0.0
1980-12-12;0.0
1980-12-13;0.0
1980-12-14;0.0
1980-12-15;0.6
1980-12-16;2.8
1980-12-17;34.4
1980-12-18;0.4
1980-12-19;13.8
1980-12-20;1.6
1980-12-21;2.2
1980-12-22;0.0
1980-12-23;0.0
1980-12-24;0.2
1980-12-25;0.0
1980-12-26;0.0
1980-12-27;1.2
1980-12-28;0.0
1980-12-29;0.0
1980-12-30;0.0
1980-12-31;0.0
1981-01-01;0.0
1981-01-02;0.0
1981-01-03;0.0
1981-01-04;0.0
1981-01-05;5.0
1981-01-06;0.0
1981-01-07;1.0
1981-01-08;0.0
1981-01-09;0.0
1981-01-10;0.0
1981-01-11;0.0
1981-01-12;0.0
1981-01-13;40.2
1981-01-14;8.0
1981-01-15;0.2
1981-01-16;1.0
1981-01-17;0.0
1981-01-18;1.4
1981-01-19;0.0
1981-01-20;0.0
1981-01-21;3.4
1981-01-22;0.0
1981-01-23;0.0
1981-01-24;0.0
1981-01-25;0.0
1981-01-26;0.0
1981-01-27;0.0
1981-01-28;0.0
1981-01-29;0.0
1981-01-30;0.0
1981-01-31;0.0
1981-02-01;0.0
1981-02-02;0.0
1981-02-03;0.0
1981-02-04;0.2
1981-02-05;20.8
1981-02-06;0.0
1981-02-07;0.0
1981-02-08;0.0
1981-02-09;0.0
1981-02-10;0.0
1981-02-11;24.6
1981-02-12;11.4
1981-02-13;0.0
1981-02-14;0.0
1981-02-15;0.0
1981-02-16;0.0
1981-02-17;0.0
1981-02-18;0.0
1981-02-19;0.4
1981-02-20;0.2
1981-02-21;0.0
1981-02-22;0.0
1981-02-23;0.0
1981-02-24;0.0
1981-02-25;0.0
1981-02-26;0.0
1981-02-27;0.0
1981-02-28;0.0
1981-03-01;2.2
1981-03-02;22.6
1981-03-03;8.4
1981-03-04;11.8
1981-03-05;0.8
1981-03-06;2.4
1981-03-07;9.6
1981-03-08;0.0
1981-03-09;0.0
1981-03-10;0.0
1981-03-11;0.0
1981-03-12;6.2
1981-03-13;0.8
1981-03-14;3.8
1981-03-15;0.0
1981-03-16;12.4
1981-03-17;0.0
1981-03-18;4.4
1981-03-19;0.8
1981-03-20;0.0
1981-03-21;0.0
1981-03-22;0.0
1981-03-23;0.2
1981-03-24;1.4
1981-03-25;1.0
1981-03-26;0.0
1981-03-27;0.0
1981-03-28;0.0
1981-03-29;0.0
1981-03-30;25.0
1981-03-31;3.0
1981-04-01;1.8
1981-04-02;0.0
1981-04-03;0.0
1981-04-04;0.0
1981-04-05;0.0
1981-04-06;0.0
1981-04-07;0.0
1981-04-08;0.0
1981-04-09;0.0
1981-04-10;0.0
1981-04-11;0.0
1981-04-12;0.0
1981-04-13;0.0
1981-04-14;0.0
1981-04-15;0.0
1981-04-16;0.0
1981-04-17;0.0
1981-04-18;0.0
1981-04-19;0.0
1981-04-20;0.0
1981-04-21;8.2
1981-04-22;0.2
1981-04-23;0.0
1981-04-24;0.2
1981-04-25;19.6
1981-04-26;1.4
1981-04-27;22.4
1981-04-28;0.4
1981-04-29;0.2
1981-04-30;0.0
1981-05-01;0.0
1981-05-02;0.0
1981-05-03;7.2
1981-05-04;16.4
1981-05-05;12.0
1981-05-06;0.0
1981-05-07;0.0
1981-05-08;0.0
1981-05-09;0.0
1981-05-10;0.0
1981-05-11;8.6
1981-05-12;11.8
1981-05-13;3.2
1981-05-14;9.6
1981-05-15;0.2
1981-05-16;1.8
1981-05-17;0.0
1981-05-18;0.0
1981-05-19;0.0
1981-05-20;0.0
1981-05-21;0.0
1981-05-22;0.0
1981-05-23;1.0
1981-05-24;0.0
1981-05-25;0.0
1981-05-26;0.0
1981-05-27;42.0
1981-05-28;0.4
1981-05-29;0.0
1981-05-30;0.0
1981-05-31;0.0
1981-06-01;0.0
1981-06-02;0.0
1981-06-03;0.0
1981-06-04;0.8
1981-06-05;0.0
1981-06-06;7.8
1981-06-07;0.0
1981-06-08;0.0
1981-06-09;0.0
1981-06-10;0.0
1981-06-11;0.0
1981-06-12;0.4
1981-06-13;0.0
1981-06-14;0.0
1981-06-15;0.0
1981-06-16;0.0
1981-06-17;0.0
1981-06-18;38.0
1981-06-19;0.0
1981-06-20;0.0
1981-06-21;1.2
1981-06-22;0.2
1981-06-23;29.4
1981-06-24;2.8
1981-06-25;0.0
1981-06-26;4.8
1981-06-27;4.6
1981-06-28;0.0
1981-06-29;3.8
1981-06-30;0.0
1981-07-01;0.0
1981-07-02;0.0
1981-07-03;0.0
1981-07-04;0.2
1981-07-05;0.0
1981-07-06;0.0
1981-07-07;0.0
1981-07-08;0.0
1981-07-09;0.0
1981-07-10;0.0
1981-07-11;2.6
1981-07-12;0.0
1981-07-13;1.2
1981-07-14;0.0
1981-07-15;0.0
1981-07-16;0.0
1981-07-17;0.0
1981-07-18;0.0
1981-07-19;15.0
1981-07-20;4.8
1981-07-21;0.0
1981-07-22;0.0
1981-07-23;0.0
1981-07-24;0.0
1981-07-25;0.0
1981-07-26;0.0
1981-07-27;0.0
1981-07-28;0.0
1981-07-29;0.0
1981-07-30;0.0
1981-07-31;0.0
1981-08-01;0.0
1981-08-02;0.0
1981-08-03;0.0
1981-08-04;0.0
1981-08-05;0.0
1981-08-06;0.0
1981-08-07;0.0
1981-08-08;0.0
1981-08-09;0.0
1981-08-10;0.0
1981-08-11;0.0
1981-08-12;0.0
1981-08-13;3.8
1981-08-14;1.0
1981-08-15;0.0
1981-08-16;0.0
1981-08-17;0.0
1981-08-18;0.0
1981-08-19;0.0
1981-08-20;0.0
1981-08-21;0.0
1981-08-22;13.4
1981-08-23;0.0
1981-08-24;5.0
1981-08-25;0.0
1981-08-26;0.0
1981-08-27;0.0
1981-08-28;0.0
1981-08-29;0.0
1981-08-30;0.0
1981-08-31;0.0
1981-09-01;0.0
1981-09-02;0.0
1981-09-03;0.0
1981-09-04;23.4
1981-09-05;5.0
1981-09-06;0.0
1981-09-07;0.0
1981-09-08;0.0
1981-09-09;0.0
1981-09-10;1.4
1981-09-11;50.8
1981-09-12;0.2
1981-09-13;0.0
1981-09-14;0.0
1981-09-15;0.0
1981-09-16;0.0
1981-09-17;0.0
1981-09-18;0.0
1981-09-19;0.0
1981-09-20;8.6
1981-09-21;0.0
1981-09-22;0.0
1981-09-23;0.0
1981-09-24;18.6
1981-09-25;27.0
1981-09-26;0.2
1981-09-27;0.0
1981-09-28;57.0
1981-09-29;9.4
1981-09-30;0.0
1981-10-01;0.0
1981-10-02;0.8
1981-10-03;30.4
1981-10-04;8.4
1981-10-05;0.0
1981-10-06;0.0
1981-10-07;0.0
1981-10-08;0.2
1981-10-09;0.0
1981-10-10;0.0
1981-10-11;2.6
1981-10-12;4.6
1981-10-13;0.4
1981-10-14;0.0
1981-10-15;8.6
1981-10-16;0.8
1981-10-17;0.0
1981-10-18;0.0
1981-10-19;0.0
1981-10-20;1.4
1981-10-21;37.2
1981-10-22;14.0
1981-10-23;3.6
1981-10-24;0.2
1981-10-25;0.0
1981-10-26;5.4
1981-10-27;60.0
1981-10-28;24.6
1981-10-29;0.0
1981-10-30;0.2
1981-10-31;1.6
1981-11-01;0.4
1981-11-02;0.2
1981-11-03;0.2
1981-11-04;0.0
1981-11-05;0.0
1981-11-06;0.0
1981-11-07;0.0
1981-11-08;0.2
1981-11-09;0.0
1981-11-10;0.0
1981-11-11;0.0
1981-11-12;0.0
1981-11-13;0.0
1981-11-14;0.0
1981-11-15;0.0
1981-11-16;0.0
1981-11-17;0.0
1981-11-18;0.0
1981-11-19;0.0
1981-11-20;0.0
1981-11-21;0.0
1981-11-22;0.0
1981-11-23;0.0
1981-11-24;0.0
1981-11-25;0.0
1981-11-26;0.0
1981-11-27;0.0
1981-11-28;8.2
1981-11-29;0.2
1981-11-30;0.0
1981-12-01;1.2
1981-12-02;4.8
1981-12-03;0.0
1981-12-04;0.0
1981-12-05;0.0
1981-12-06;0.0
1981-12-07;12.8
1981-12-08;33.6
1981-12-09;2.4
1981-12-10;0.2
1981-12-11;6.0
1981-12-12;28.4
1981-12-13;57.0
1981-12-14;1.4
1981-12-15;0.8
1981-12-16;4.0
1981-12-17;0.0
1981-12-18;3.0
1981-12-19;54.0
1981-12-20;0.2
1981-12-21;0.0
1981-12-22;6.4
1981-12-23;0.2
1981-12-24;4.2
1981-12-25;17.6
1981-12-26;1.2
1981-12-27;0.0
1981-12-28;0.0
1981-12-29;13.2
1981-12-30;46.6
1981-12-31;0.2
1982-01-01;1.6
1982-01-02;33.0
1982-01-03;0.0
1982-01-04;0.0
1982-01-05;0.0
1982-01-06;1.2
1982-01-07;3.4
1982-01-08;0.0
1982-01-09;0.0
1982-01-10;0.0
1982-01-11;5.0
1982-01-12;6.0
1982-01-13;7.8
1982-01-14;0.0
1982-01-15;0.0
1982-01-16;0.0
1982-01-17;0.0
1982-01-18;0.0
1982-01-19;0.0
1982-01-20;0.0
1982-01-21;0.0
1982-01-22;0.0
1982-01-23;0.2
1982-01-24;0.0
1982-01-25;0.0
1982-01-26;0.0
1982-01-27;0.0
1982-01-28;27.2
1982-01-29;0.0
1982-01-30;0.0
1982-01-31;0.0
1982-02-01;0.0
1982-02-02;0.0
1982-02-03;0.0
1982-02-04;0.0
1982-02-05;0.0
1982-02-06;0.0
1982-02-07;0.0
1982-02-08;0.0
1982-02-09;1.6
1982-02-10;0.0
1982-02-11;0.0
1982-02-12;0.0
1982-02-13;0.0
1982-02-14;0.0
1982-02-15;0.0
1982-02-16;2.6
1982-02-17;4.0
1982-02-18;0.4
1982-02-19;0.0
1982-02-20;0.0
1982-02-21;0.0
1982-02-22;0.0
1982-02-23;0.0
1982-02-24;15.0
1982-02-25;3.0
1982-02-26;3.0
1982-02-27;8.2
1982-02-28;0.0
1982-03-01;0.0
1982-03-02;0.0
1982-03-03;4.2
1982-03-04;0.0
1982-03-05;0.0
1982-03-06;6.6
1982-03-07;0.4
1982-03-08;1.2
1982-03-09;0.0
1982-03-10;0.0
1982-03-11;10.2
1982-03-12;10.0
1982-03-13;9.8
1982-03-14;11.4
1982-03-15;0.0
1982-03-16;0.0
1982-03-17;0.0
1982-03-18;23.8
1982-03-19;0.6
1982-03-20;0.0
1982-03-21;2.0
1982-03-22;0.0
1982-03-23;0.0
1982-03-24;0.0
1982-03-25;0.0
1982-03-26;0.0
1982-03-27;0.0
1982-03-28;0.0
1982-03-29;4.6
1982-03-30;9.4
1982-03-31;3.8
1982-04-01;0.0
1982-04-02;0.0
1982-04-03;0.0
1982-04-04;0.0
1982-04-05;0.0
1982-04-06;0.0
1982-04-07;0.0
1982-04-08;0.0
1982-04-09;0.0
1982-04-10;0.0
1982-04-11;0.0
1982-04-12;0.0
1982-04-13;0.0
1982-04-14;7.8
1982-04-15;1.4
1982-04-16;10.8
1982-04-17;0.0
1982-04-18;0.0
1982-04-19;0.0
1982-04-20;0.0
1982-04-21;0.0
1982-04-22;0.0
1982-04-23;0.0
1982-04-24;0.0
1982-04-25;0.0
1982-04-26;0.0
1982-04-27;0.0
1982-04-28;0.2
1982-04-29;0.0
1982-04-30;0.0
1982-05-01;0.6
1982-05-02;0.0
1982-05-03;0.0
1982-05-04;0.0
1982-05-05;1.0
1982-05-06;4.0
1982-05-07;5.0
1982-05-08;10.2
1982-05-09;12.2
1982-05-10;1.2
1982-05-11;26.0
1982-05-12;0.0
1982-05-13;0.0
1982-05-14;0.0
1982-05-15;0.0
1982-05-16;0.0
1982-05-17;0.0
1982-05-18;0.0
1982-05-19;0.0
1982-05-20;0.0
1982-05-21;0.0
1982-05-22;0.0
1982-05-23;0.0
1982-05-24;16.2
1982-05-25;0.0
1982-05-26;0.0
1982-05-27;0.0
1982-05-28;0.0
1982-05-29;0.0
1982-05-30;0.0
1982-05-31;0.0
1982-06-01;0.0
1982-06-02;0.0
1982-06-03;0.0
1982-06-04;0.0
1982-06-05;0.0
1982-06-06;7.4
1982-06-07;0.0
1982-06-08;0.0
1982-06-09;0.2
1982-06-10;0.0
1982-06-11;0.0
1982-06-12;14.6
1982-06-13;14.6
1982-06-14;19.8
1982-06-15;0.0
1982-06-16;0.4
1982-06-17;1.0
1982-06-18;0.0
1982-06-19;0.0
1982-06-20;0.0
1982-06-21;0.0
1982-06-22;0.0
1982-06-23;0.0
1982-06-24;0.0
1982-06-25;0.0
1982-06-26;0.0
1982-06-27;1.4
1982-06-28;0.0
1982-06-29;0.0
1982-06-30;0.0
1982-07-01;0.0
1982-07-02;0.0
1982-07-03;0.0
1982-07-04;0.0
1982-07-05;0.0
1982-07-06;0.0
1982-07-07;0.0
1982-07-08;0.0
1982-07-09;0.0
1982-07-10;0.0
1982-07-11;0.0
1982-07-12;0.0
1982-07-13;0.4
1982-07-14;0.0
1982-07-15;0.0
1982-07-16;0.0
1982-07-17;2.6
1982-07-18;0.0
1982-07-19;0.0
1982-07-20;0.0
1982-07-21;0.0
1982-07-22;0.0
1982-07-23;0.0
1982-07-24;0.0
1982-07-25;18.0
1982-07-26;1.0
1982-07-27;0.0
1982-07-28;0.4
1982-07-29;0.0
1982-07-30;0.0
1982-07-31;0.0
1982-08-01;7.2
1982-08-02;0.0
1982-08-03;16.0
1982-08-04;0.0
1982-08-05;0.0
1982-08-06;0.0
1982-08-07;0.0
1982-08-08;0.0
1982-08-09;2.8
1982-08-10;0.0
1982-08-11;0.0
1982-08-12;0.0
1982-08-13;0.0
1982-08-14;0.0
1982-08-15;0.0
1982-08-16;0.0
1982-08-17;0.0
1982-08-18;0.0
1982-08-19;0.0
1982-08-20;0.0
1982-08-21;18.8
1982-08-22;4.0
1982-08-23;0.0
1982-08-24;0.0
1982-08-25;0.0
1982-08-26;0.0
1982-08-27;0.0
1982-08-28;0.0
1982-08-29;35.2
1982-08-30;0.0
1982-08-31;0.0
1982-09-01;12.8
1982-09-02;0.4
1982-09-03;0.0
1982-09-04;0.0
1982-09-05;0.0
1982-09-06;0.0
1982-09-07;15.2
1982-09-08;26.2
1982-09-09;0.0
1982-09-10;0.0
1982-09-11;0.0
1982-09-12;0.0
1982-09-13;0.0
1982-09-14;0.0
1982-09-15;0.0
1982-09-16;0.0
1982-09-17;0.0
1982-09-18;0.0
1982-09-19;0.0
1982-09-20;0.0
1982-09-21;0.0
1982-09-22;6.4
1982-09-23;2.6
1982-09-24;2.2
1982-09-25;0.0
1982-09-26;0.2
1982-09-27;0.0
1982-09-28;0.0
1982-09-29;0.0
1982-09-30;1.0
1982-10-01;11.6
1982-10-02;0.0
1982-10-03;0.0
1982-10-04;0.0
1982-10-05;0.6
1982-10-06;20.0
1982-10-07;15.8
1982-10-08;13.2
1982-10-09;5.8
1982-10-10;1.8
1982-10-11;0.2
1982-10-12;21.4
1982-10-13;1.6
1982-10-14;6.0
1982-10-15;0.4
1982-10-16;9.2
1982-10-17;0.2
1982-10-18;1.4
1982-10-19;0.0
1982-10-20;0.0
1982-10-21;0.0
1982-10-22;0.0
1982-10-23;10.8
1982-10-24;8.6
1982-10-25;11.6
1982-10-26;0.0
1982-10-27;0.0
1982-10-28;0.0
1982-10-29;0.0
1982-10-30;0.0
1982-10-31;0.0
1982-11-01;0.0
1982-11-02;0.0
1982-11-03;0.0
1982-11-04;0.0
1982-11-05;0.0
1982-11-06;0.0
1982-11-07;0.0
1982-11-08;0.2
1982-11-09;21.8
1982-11-10;27.8
1982-11-11;0.2
1982-11-12;0.0
1982-11-13;0.2
1982-11-14;97.8
1982-11-15;4.2
1982-11-16;15.0
1982-11-17;0.0
1982-11-18;0.0
1982-11-19;0.0
1982-11-20;0.0
1982-11-21;0.0
1982-11-22;0.0
1982-11-23;3.2
1982-11-24;1.0
1982-11-25;0.2
1982-11-26;26.6
1982-11-27;0.0
1982-11-28;1.4
1982-11-29;1.0
1982-11-30;3.8
1982-12-01;3.4
1982-12-02;6.0
1982-12-03;0.0
1982-12-04;0.0
1982-12-05;0.0
1982-12-06;0.0
1982-12-07;5.6
1982-12-08;38.0
1982-12-09;17.0
1982-12-10;7.2
1982-12-11;4.8
1982-12-12;0.0
1982-12-13;14.8
1982-12-14;11.4
1982-12-15;0.0
1982-12-16;7.2
1982-12-17;0.8
1982-12-18;13.0
1982-12-19;0.0
1982-12-20;0.0
1982-12-21;15.8
1982-12-22;0.2
1982-12-23;0.0
1982-12-24;0.0
1982-12-25;0.0
1982-12-26;0.0
1982-12-27;0.0
1982-12-28;0.0
1982-12-29;0.0
1982-12-30;0.0
1982-12-31;0.0
1983-01-01;0.0
1983-01-02;0.0
1983-01-03;0.0
1983-01-04;1.2
1983-01-05;4.6
1983-01-06;0.0
1983-01-07;0.0
1983-01-08;0.0
1983-01-09;0.0
1983-01-10;0.0
1983-01-11;0.0
1983-01-12;0.0
1983-01-13;0.0
1983-01-14;0.6
1983-01-15;6.0
1983-01-16;0.0
1983-01-17;0.0
1983-01-18;0.0
1983-01-19;0.0
1983-01-20;3.6
1983-01-21;0.0
1983-01-22;0.0
1983-01-23;0.0
1983-01-24;0.0
1983-01-25;0.0
1983-01-26;0.0
1983-01-27;0.0
1983-01-28;0.0
1983-01-29;0.0
1983-01-30;0.0
1983-01-31;4.6
1983-02-01;0.4
1983-02-02;1.0
1983-02-03;0.0
1983-02-04;0.0
1983-02-05;0.0
1983-02-06;57.8
1983-02-07;14.2
1983-02-08;18.6
1983-02-09;15.4
1983-02-10;0.8
1983-02-11;0.6
1983-02-12;9.4
1983-02-13;10.0
1983-02-14;31.0
1983-02-15;0.2
1983-02-16;0.0
1983-02-17;0.0
1983-02-18;0.0
1983-02-19;0.0
1983-02-20;0.0
1983-02-21;0.0
1983-02-22;0.0
1983-02-23;0.0
1983-02-24;0.0
1983-02-25;0.0
1983-02-26;0.4
1983-02-27;19.6
1983-02-28;10.2
1983-03-01;0.0
1983-03-02;0.0
1983-03-03;0.0
1983-03-04;0.0
1983-03-05;0.0
1983-03-06;0.0
1983-03-07;0.0
1983-03-08;0.0
1983-03-09;0.0
1983-03-10;0.0
1983-03-11;0.0
1983-03-12;0.0
1983-03-13;0.0
1983-03-14;0.0
1983-03-15;1.0
1983-03-16;16.0
1983-03-17;2.0
1983-03-18;0.0
1983-03-19;0.0
1983-03-20;0.0
1983-03-21;0.0
1983-03-22;1.2
1983-03-23;0.0
1983-03-24;0.0
1983-03-25;51.2
1983-03-26;14.0
1983-03-27;7.0
1983-03-28;0.0
1983-03-29;7.2
1983-03-30;26.6
1983-03-31;0.0
1983-04-01;0.0
1983-04-02;29.6
1983-04-03;9.0
1983-04-04;7.4
1983-04-05;21.2
1983-04-06;2.4
1983-04-07;5.0
1983-04-08;0.0
1983-04-09;0.0
1983-04-10;0.0
1983-04-11;0.0
1983-04-12;0.0
1983-04-13;0.4
1983-04-14;0.0
1983-04-15;0.0
1983-04-16;0.0
1983-04-17;0.0
1983-04-18;0.0
1983-04-19;2.6
1983-04-20;0.0
1983-04-21;0.0
1983-04-22;27.6
1983-04-23;0.0
1983-04-24;0.2
1983-04-25;0.0
1983-04-26;0.0
1983-04-27;1.4
1983-04-28;0.0
1983-04-29;2.6
1983-04-30;0.0
1983-05-01;0.0
1983-05-02;8.0
1983-05-03;0.0
1983-05-04;0.0
1983-05-05;0.0
1983-05-06;0.0
1983-05-07;0.0
1983-05-08;0.0
1983-05-09;28.0
1983-05-10;0.2
1983-05-11;2.6
1983-05-12;2.4
1983-05-13;0.0
1983-05-14;0.0
1983-05-15;0.0
1983-05-16;0.0
1983-05-17;6.2
1983-05-18;0.0
1983-05-19;0.0
1983-05-20;0.0
1983-05-21;0.0
1983-05-22;0.0
1983-05-23;0.0
1983-05-24;0.0
1983-05-25;48.2
1983-05-26;2.6
1983-05-27;4.8
1983-05-28;4.4
1983-05-29;0.0
1983-05-30;0.0
1983-05-31;0.0
1983-06-01;0.0
1983-06-02;0.0
1983-06-03;0.0
1983-06-04;0.0
1983-06-05;0.0
1983-06-06;0.0
1983-06-07;0.0
1983-06-08;0.0
1983-06-09;0.0
1983-06-10;0.0
1983-06-11;0.0
1983-06-12;2.2
1983-06-13;0.0
1983-06-14;0.0
1983-06-15;0.0
1983-06-16;5.0
1983-06-17;1.2
1983-06-18;1.8
1983-06-19;2.8
1983-06-20;1.2
1983-06-21;0.0
1983-06-22;3.2
1983-06-23;6.6
1983-06-24;2.8
1983-06-25;0.0
1983-06-26;0.0
1983-06-27;0.0
1983-06-28;4.4
1983-06-29;3.4
1983-06-30;0.0
1983-07-01;0.0
1983-07-02;0.0
1983-07-03;0.0
1983-07-04;0.0
1983-07-05;0.0
1983-07-06;0.0
1983-07-07;4.4
1983-07-08;0.0
1983-07-09;1.0
1983-07-10;0.0
1983-07-11;0.0
1983-07-12;1.2
1983-07-13;0.0
1983-07-14;13.6
1983-07-15;0.0
1983-07-16;0.0
1983-07-17;0.0
1983-07-18;0.0
1983-07-19;0.0
1983-07-20;0.0
1983-07-21;0.0
1983-07-22;0.0
1983-07-23;0.0
1983-07-24;0.0
1983-07-25;0.0
1983-07-26;0.0
1983-07-27;0.0
1983-07-28;0.0
1983-07-29;0.0
1983-07-30;0.0
1983-07-31;0.0
1983-08-01;0.0
1983-08-02;0.0
1983-08-03;1.2
1983-08-04;13.0
1983-08-05;0.0
1983-08-06;0.0
1983-08-07;2.6
1983-08-08;0.6
1983-08-09;0.0
1983-08-10;0.0
1983-08-11;5.4
1983-08-12;49.0
1983-08-13;0.0
1983-08-14;0.0
1983-08-15;0.0
1983-08-16;0.0
1983-08-17;0.0
1983-08-18;3.6
1983-08-19;0.0
1983-08-20;0.0
1983-08-21;0.0
1983-08-22;0.0
1983-08-23;0.0
1983-08-24;15.6
1983-08-25;7.8
1983-08-26;0.0
1983-08-27;13.0
1983-08-28;0.0
1983-08-29;0.0
1983-08-30;15.6
1983-08-31;0.0
1983-09-01;0.0
1983-09-02;0.0
1983-09-03;1.2
1983-09-04;2.6
1983-09-05;0.0
1983-09-06;0.0
1983-09-07;0.0
1983-09-08;0.0
1983-09-09;0.0
1983-09-10;0.0
1983-09-11;0.0
1983-09-12;0.0
1983-09-13;0.0
1983-09-14;0.0
1983-09-15;0.0
1983-09-16;0.0
1983-09-17;0.2
1983-09-18;3.6
1983-09-19;0.0
1983-09-20;0.0
1983-09-21;0.0
1983-09-22;0.0
1983-09-23;0.0
1983-09-24;0.0
1983-09-25;0.0
1983-09-26;0.0
1983-09-27;0.0
1983-09-28;0.0
1983-09-29;0.0
1983-09-30;0.6
1983-10-01;1.0
1983-10-02;0.0
1983-10-03;0.0
1983-10-04;0.0
1983-10-05;0.0
1983-10-06;0.0
1983-10-07;0.0
1983-10-08;0.0
1983-10-09;0.0
1983-10-10;0.0
1983-10-11;2.0
1983-10-12;3.2
1983-10-13;0.0
1983-10-14;0.0
1983-10-15;0.4
1983-10-16;0.8
1983-10-17;11.0
1983-10-18;10.4
1983-10-19;0.0
1983-10-20;0.0
1983-10-21;0.0
1983-10-22;0.0
1983-10-23;0.0
1983-10-24;0.0
1983-10-25;0.0
1983-10-26;0.0
1983-10-27;0.0
1983-10-28;0.0
1983-10-29;0.0
1983-10-30;0.4
1983-10-31;30.6
1983-11-01;0.0
1983-11-02;0.0
1983-11-03;0.0
1983-11-04;0.0
1983-11-05;0.0
1983-11-06;0.2
1983-11-07;0.0
1983-11-08;0.0
1983-11-09;0.0
1983-11-10;0.0
1983-11-11;0.0
1983-11-12;0.0
1983-11-13;0.0
1983-11-14;0.0
1983-11-15;0.0
1983-11-16;0.0
1983-11-17;0.0
1983-11-18;0.4
1983-11-19;0.0
1983-11-20;0.0
1983-11-21;0.6
1983-11-22;6.0
1983-11-23;0.0
1983-11-24;0.0
1983-11-25;0.0
1983-11-26;0.0
1983-11-27;17.6
1983-11-28;0.8
1983-11-29;0.0
1983-11-30;0.0
1983-12-01;0.0
1983-12-02;0.4
1983-12-03;0.0
1983-12-04;0.0
1983-12-05;0.0
1983-12-06;0.0
1983-12-07;0.2
1983-12-08;0.0
1983-12-09;0.0
1983-12-10;0.0
1983-12-11;11.4
1983-12-12;0.0
1983-12-13;0.0
1983-12-14;0.0
1983-12-15;0.0
1983-12-16;6.0
1983-12-17;8.0
1983-12-18;6.2
1983-12-19;21.6
1983-12-20;64.8
1983-12-21;3.2
1983-12-22;21.4
1983-12-23;0.0
1983-12-24;0.0
1983-12-25;0.0
1983-12-26;0.0
1983-12-27;2.4
1983-12-28;0.0
1983-12-29;0.0
1983-12-30;0.0
1983-12-31;0.0
1984-01-01;0.0
1984-01-02;0.0
1984-01-03;1.6
1984-01-04;3.4
1984-01-05;0.0
1984-01-06;0.0
1984-01-07;0.0
1984-01-08;0.0
1984-01-09;2.6
1984-01-10;1.0
1984-01-11;0.0
1984-01-12;0.0
1984-01-13;0.0
1984-01-14;0.0
1984-01-15;0.8
1984-01-16;0.0
1984-01-17;5.2
1984-01-18;0.6
1984-01-19;0.0
1984-01-20;22.4
1984-01-21;0.0
1984-01-22;43.8
1984-01-23;11.8
1984-01-24;13.2
1984-01-25;0.0
1984-01-26;0.0
1984-01-27;0.0
1984-01-28;7.6
1984-01-29;0.2
1984-01-30;0.0
1984-01-31;9.6
1984-02-01;11.8
1984-02-02;0.0
1984-02-03;0.0
1984-02-04;0.0
1984-02-05;0.0
1984-02-06;0.0
1984-02-07;0.2
1984-02-08;2.0
1984-02-09;3.2
1984-02-10;0.0
1984-02-11;0.0
1984-02-12;0.0
1984-02-13;0.0
1984-02-14;0.0
1984-02-15;0.0
1984-02-16;0.0
1984-02-17;0.0
1984-02-18;0.0
1984-02-19;0.0
1984-02-20;0.0
1984-02-21;0.0
1984-02-22;12.6
1984-02-23;0.6
1984-02-24;6.4
1984-02-25;7.8
1984-02-26;2.6
1984-02-27;9.2
1984-02-28;0.2
1984-02-29;1.4
1984-03-01;7.0
1984-03-02;13.4
1984-03-03;5.2
1984-03-04;17.2
1984-03-05;0.0
1984-03-06;0.0
1984-03-07;0.0
1984-03-08;0.0
1984-03-09;0.0
1984-03-10;0.0
1984-03-11;0.0
1984-03-12;0.0
1984-03-13;0.0
1984-03-14;0.0
1984-03-15;0.0
1984-03-16;0.0
1984-03-17;0.6
1984-03-18;10.0
1984-03-19;0.0
1984-03-20;0.0
1984-03-21;0.0
1984-03-22;0.0
1984-03-23;0.0
1984-03-24;0.0
1984-03-25;0.0
1984-03-26;10.0
1984-03-27;17.8
1984-03-28;0.2
1984-03-29;0.0
1984-03-30;21.4
1984-03-31;0.8
1984-04-01;0.0
1984-04-02;19.8
1984-04-03;37.0
1984-04-04;6.8
1984-04-05;6.2
1984-04-06;0.0
1984-04-07;0.0
1984-04-08;1.6
1984-04-09;0.0
1984-04-10;1.0
1984-04-11;2.8
1984-04-12;15.4
1984-04-13;2.4
1984-04-14;0.0
1984-04-15;0.0
1984-04-16;4.2
1984-04-17;5.4
1984-04-18;0.8
1984-04-19;0.0
1984-04-20;0.0
1984-04-21;0.0
1984-04-22;0.0
1984-04-23;0.0
1984-04-24;0.0
1984-04-25;0.0
1984-04-26;0.0
1984-04-27;0.0
1984-04-28;0.0
1984-04-29;0.0
1984-04-30;12.0
1984-05-01;1.2
1984-05-02;13.6
1984-05-03;0.0
1984-05-04;0.0
1984-05-05;12.2
1984-05-06;0.2
1984-05-07;0.0
1984-05-08;0.0
1984-05-09;4.2
1984-05-10;13.2
1984-05-11;0.0
1984-05-12;0.0
1984-05-13;6.8
1984-05-14;0.2
1984-05-15;0.6
1984-05-16;20.0
1984-05-17;2.4
1984-05-18;5.4
1984-05-19;4.4
1984-05-20;0.2
1984-05-21;12.2
1984-05-22;14.0
1984-05-23;15.4
1984-05-24;19.0
1984-05-25;0.4
1984-05-26;4.2
1984-05-27;1.8
1984-05-28;15.0
1984-05-29;0.0
1984-05-30;18.8
1984-05-31;0.0
1984-06-01;1.6
1984-06-02;0.0
1984-06-03;0.0
1984-06-04;15.8
1984-06-05;28.6
1984-06-06;21.8
1984-06-07;2.4
1984-06-08;0.0
1984-06-09;0.2
1984-06-10;0.0
1984-06-11;0.0
1984-06-12;0.0
1984-06-13;0.0
1984-06-14;0.0
1984-06-15;0.0
1984-06-16;1.6
1984-06-17;0.0
1984-06-18;0.6
1984-06-19;0.0
1984-06-20;0.0
1984-06-21;0.0
1984-06-22;2.4
1984-06-23;1.4
1984-06-24;0.0
1984-06-25;0.0
1984-06-26;0.0
1984-06-27;0.0
1984-06-28;0.0
1984-06-29;0.0
1984-06-30;0.0
1984-07-01;0.0
1984-07-02;0.0
1984-07-03;0.0
1984-07-04;0.0
1984-07-05;0.0
1984-07-06;0.0
1984-07-07;0.0
1984-07-08;0.0
1984-07-09;0.0
1984-07-10;0.0
1984-07-11;0.0
1984-07-12;0.0
1984-07-13;0.0
1984-07-14;0.0
1984-07-15;0.0
1984-07-16;0.0
1984-07-17;3.0
1984-07-18;0.0
1984-07-19;0.0
1984-07-20;0.0
1984-07-21;0.0
1984-07-22;0.0
1984-07-23;0.0
1984-07-24;0.0
1984-07-25;0.0
1984-07-26;0.0
1984-07-27;1.6
1984-07-28;0.0
1984-07-29;0.0
1984-07-30;0.0
1984-07-31;0.0
1984-08-01;0.0
1984-08-02;0.0
1984-08-03;0.0
1984-08-04;0.0
1984-08-05;0.0
1984-08-06;0.0
1984-08-07;0.4
1984-08-08;0.0
1984-08-09;35.8
1984-08-10;26.6
1984-08-11;4.0
1984-08-12;0.2
1984-08-13;0.0
1984-08-14;0.0
1984-08-15;2.0
1984-08-16;0.0
1984-08-17;0.0
1984-08-18;3.8
1984-08-19;0.0
1984-08-20;0.0
1984-08-21;0.0
1984-08-22;0.0
1984-08-23;0.0
1984-08-24;8.6
1984-08-25;6.4
1984-08-26;3.0
1984-08-27;0.0
1984-08-28;0.6
1984-08-29;0.0
1984-08-30;0.0
1984-08-31;0.0
1984-09-01;0.0
1984-09-02;0.0
1984-09-03;0.0
1984-09-04;0.0
1984-09-05;0.0
1984-09-06;13.2
1984-09-07;0.0
1984-09-08;0.0
1984-09-09;0.0
1984-09-10;0.0
1984-09-11;10.2
1984-09-12;0.0
1984-09-13;0.0
1984-09-14;0.0
1984-09-15;1.6
1984-09-16;32.0
1984-09-17;0.0
1984-09-18;0.0
1984-09-19;35.6
1984-09-20;10.6
1984-09-21;12.0
1984-09-22;8.0
1984-09-23;4.0
1984-09-24;25.8
1984-09-25;3.0
1984-09-26;15.2
1984-09-27;2.8
1984-09-28;0.2
1984-09-29;5.4
1984-09-30;10.8
1984-10-01;1.0
1984-10-02;38.8
1984-10-03;0.0
1984-10-04;27.0
1984-10-05;24.6
1984-10-06;7.6
1984-10-07;3.6
1984-10-08;8.2
1984-10-09;0.0
1984-10-10;0.0
1984-10-11;0.0
1984-10-12;4.8
1984-10-13;0.0
1984-10-14;0.0
1984-10-15;0.0
1984-10-16;0.0
1984-10-17;0.0
1984-10-18;0.0
1984-10-19;0.0
1984-10-20;1.0
1984-10-21;1.8
1984-10-22;0.0
1984-10-23;0.0
1984-10-24;0.0
1984-10-25;4.6
1984-10-26;1.2
1984-10-27;15.2
1984-10-28;15.2
1984-10-29;0.0
1984-10-30;0.0
1984-10-31;0.0
1984-11-01;0.0
1984-11-02;0.0
1984-11-03;0.0
1984-11-04;0.0
1984-11-05;0.4
1984-11-06;5.0
1984-11-07;16.8
1984-11-08;0.0
1984-11-09;0.0
1984-11-10;0.0
1984-11-11;0.0
1984-11-12;0.0
1984-11-13;0.2
1984-11-14;0.0
1984-11-15;17.0
1984-11-16;7.0
1984-11-17;19.4
1984-11-18;12.2
1984-11-19;26.6
1984-11-20;4.4
1984-11-21;0.0
1984-11-22;0.4
1984-11-23;0.8
1984-11-24;0.0
1984-11-25;0.0
1984-11-26;0.4
1984-11-27;43.8
1984-11-28;0.2
1984-11-29;0.0
1984-11-30;0.0
1984-12-01;0.0
1984-12-02;3.4
1984-12-03;12.0
1984-12-04;0.0
1984-12-05;0.0
1984-12-06;0.0
1984-12-07;0.0
1984-12-08;0.0
1984-12-09;0.0
1984-12-10;0.0
1984-12-11;0.0
1984-12-12;0.0
1984-12-13;0.0
1984-12-14;2.6
1984-12-15;4.6
1984-12-16;1.0
1984-12-17;0.2
1984-12-18;4.2
1984-12-19;46.0
1984-12-20;9.2
1984-12-21;0.0
1984-12-22;0.0
1984-12-23;0.0
1984-12-24;0.0
1984-12-25;0.0
1984-12-26;0.0
1984-12-27;0.0
1984-12-28;1.4
1984-12-29;9.4
1984-12-30;0.0
1984-12-31;0.0
1985-01-01;0.0
1985-01-02;0.0
1985-01-03;0.0
1985-01-04;0.0
1985-01-05;5.8
1985-01-06;0.0
1985-01-07;0.0
1985-01-08;0.0
1985-01-09;0.0
1985-01-10;0.0
1985-01-11;0.0
1985-01-12;0.0
1985-01-13;1.0
1985-01-14;0.0
1985-01-15;5.6
1985-01-16;5.0
1985-01-17;5.6
1985-01-18;0.0
1985-01-19;2.0
1985-01-20;0.0
1985-01-21;0.4
1985-01-22;7.0
1985-01-23;0.0
1985-01-24;9.2
1985-01-25;3.4
1985-01-26;1.4
1985-01-27;17.6
1985-01-28;0.0
1985-01-29;0.0
1985-01-30;0.0
1985-01-31;0.0
1985-02-01;0.0
1985-02-02;0.0
1985-02-03;0.0
1985-02-04;0.0
1985-02-05;0.0
1985-02-06;0.8
1985-02-07;1.0
1985-02-08;0.2
1985-02-09;0.4
1985-02-10;7.2
1985-02-11;10.6
1985-02-12;2.4
1985-02-13;0.0
1985-02-14;0.0
1985-02-15;8.8
1985-02-16;5.0
1985-02-17;0.0
1985-02-18;7.8
1985-02-19;1.6
1985-02-20;0.2
1985-02-21;0.0
1985-02-22;0.0
1985-02-23;0.0
1985-02-24;0.2
1985-02-25;0.0
1985-02-26;0.0
1985-02-27;0.0
1985-02-28;0.0
1985-03-01;3.2
1985-03-02;5.0
1985-03-03;14.4
1985-03-04;2.2
1985-03-05;0.0
1985-03-06;7.4
1985-03-07;0.0
1985-03-08;0.0
1985-03-09;0.0
1985-03-10;4.6
1985-03-11;0.0
1985-03-12;0.0
1985-03-13;0.0
1985-03-14;2.0
1985-03-15;0.2
1985-03-16;6.2
1985-03-17;7.2
1985-03-18;3.4
1985-03-19;0.2
1985-03-20;0.0
1985-03-21;13.6
1985-03-22;21.0
1985-03-23;16.2
1985-03-24;14.2
1985-03-25;0.4
1985-03-26;0.0
1985-03-27;0.0
1985-03-28;20.8
1985-03-29;1.4
1985-03-30;0.0
1985-03-31;0.0
1985-04-01;0.0
1985-04-02;0.0
1985-04-03;0.0
1985-04-04;0.0
1985-04-05;0.0
1985-04-06;5.0
1985-04-07;1.6
1985-04-08;0.0
1985-04-09;0.0
1985-04-10;0.0
1985-04-11;0.4
1985-04-12;4.8
1985-04-13;5.8
1985-04-14;0.0
1985-04-15;0.0
1985-04-16;0.0
1985-04-17;0.0
1985-04-18;0.0
1985-04-19;0.0
1985-04-20;0.0
1985-04-21;0.0
1985-04-22;0.0
1985-04-23;0.0
1985-04-24;0.0
1985-04-25;0.2
1985-04-26;2.4
1985-04-27;0.8
1985-04-28;0.0
1985-04-29;0.2
1985-04-30;0.0
1985-05-01;0.0
1985-05-02;0.0
1985-05-03;0.0
1985-05-04;0.6
1985-05-05;47.8
1985-05-06;0.0
1985-05-07;19.8
1985-05-08;18.0
1985-05-09;8.0
1985-05-10;0.0
1985-05-11;0.0
1985-05-12;0.0
1985-05-13;1.6
1985-05-14;0.2
1985-05-15;0.0
1985-05-16;0.0
1985-05-17;0.0
1985-05-18;0.0
1985-05-19;0.0
1985-05-20;0.4
1985-05-21;8.0
1985-05-22;0.0
1985-05-23;0.0
1985-05-24;0.0
1985-05-25;0.2
1985-05-26;0.0
1985-05-27;0.0
1985-05-28;3.6
1985-05-29;0.0
1985-05-30;0.0
1985-05-31;0.0
1985-06-01;0.0
1985-06-02;0.0
1985-06-03;0.0
1985-06-04;0.0
1985-06-05;0.2
1985-06-06;0.0
1985-06-07;0.0
1985-06-08;0.2
1985-06-09;0.0
1985-06-10;0.0
1985-06-11;0.6
1985-06-12;0.0
1985-06-13;0.0
1985-06-14;0.0
1985-06-15;0.0
1985-06-16;0.0
1985-06-17;0.0
1985-06-18;0.6
1985-06-19;0.0
1985-06-20;2.6
1985-06-21;0.0
1985-06-22;0.0
1985-06-23;37.2
1985-06-24;0.0
1985-06-25;0.0
1985-06-26;0.0
1985-06-27;0.0
1985-06-28;0.2
1985-06-29;0.0
1985-06-30;0.0
1985-07-01;0.0
1985-07-02;0.0
1985-07-03;0.0
1985-07-04;0.0
1985-07-05;0.0
1985-07-06;3.2
1985-07-07;0.0
1985-07-08;0.0
1985-07-09;0.0
1985-07-10;0.0
1985-07-11;0.2
1985-07-12;0.0
1985-07-13;0.0
1985-07-14;0.0
1985-07-15;0.0
1985-07-16;0.0
1985-07-17;0.0
1985-07-18;0.0
1985-07-19;0.0
1985-07-20;0.0
1985-07-21;0.0
1985-07-22;0.0
1985-07-23;0.0
1985-07-24;0.0
1985-07-25;0.0
1985-07-26;0.0
1985-07-27;0.0
1985-07-28;0.0
1985-07-29;0.0
1985-07-30;0.0
1985-07-31;19.4
1985-08-01;0.0
1985-08-02;0.0
1985-08-03;0.0
1985-08-04;0.0
1985-08-05;0.0
1985-08-06;0.0
1985-08-07;25.0
1985-08-08;0.0
1985-08-09;0.0
1985-08-10;0.0
1985-08-11;0.0
1985-08-12;0.0
1985-08-13;0.0
1985-08-14;0.0
1985-08-15;0.0
1985-08-16;0.0
1985-08-17;0.0
1985-08-18;0.0
1985-08-19;0.0
1985-08-20;0.0
1985-08-21;0.0
1985-08-22;0.0
1985-08-23;0.0
1985-08-24;0.0
1985-08-25;0.0
1985-08-26;60.0
1985-08-27;2.2
1985-08-28;0.0
1985-08-29;0.0
1985-08-30;0.0
1985-08-31;0.0
1985-09-01;0.0
1985-09-02;0.0
1985-09-03;0.0
1985-09-04;0.6
1985-09-05;0.0
1985-09-06;0.0
1985-09-07;0.0
1985-09-08;0.0
1985-09-09;0.0
1985-09-10;0.0
1985-09-11;0.0
1985-09-12;0.0
1985-09-13;0.0
1985-09-14;0.0
1985-09-15;0.0
1985-09-16;11.2
1985-09-17;0.0
1985-09-18;0.0
1985-09-19;0.0
1985-09-20;0.0
1985-09-21;0.0
1985-09-22;0.0
1985-09-23;0.0
1985-09-24;0.0
1985-09-25;0.0
1985-09-26;0.0
1985-09-27;0.0
1985-09-28;0.0
1985-09-29;0.0
1985-09-30;0.0
1985-10-01;0.0
1985-10-02;0.0
1985-10-03;0.0
1985-10-04;0.0
1985-10-05;0.0
1985-10-06;0.0
1985-10-07;0.0
1985-10-08;0.0
1985-10-09;0.0
1985-10-10;0.0
1985-10-11;0.0
1985-10-12;0.0
1985-10-13;0.0
1985-10-14;0.0
1985-10-15;0.0
1985-10-16;0.0
1985-10-17;0.0
1985-10-18;0.0
1985-10-19;0.0
1985-10-20;0.0
1985-10-21;0.0
1985-10-22;4.6
1985-10-23;0.0
1985-10-24;5.8
1985-10-25;0.0
1985-10-26;0.0
1985-10-27;0.0
1985-10-28;0.0
1985-10-29;5.0
1985-10-30;5.0
1985-10-31;15.0
1985-11-01;9.8
1985-11-02;17.2
1985-11-03;0.4
1985-11-04;0.0
1985-11-05;1.8
1985-11-06;22.8
1985-11-07;0.0
1985-11-08;0.0
1985-11-09;0.2
1985-11-10;0.0
1985-11-11;0.0
1985-11-12;0.0
1985-11-13;12.0
1985-11-14;7.0
1985-11-15;1.2
1985-11-16;0.2
1985-11-17;7.6
1985-11-18;4.4
1985-11-19;0.2
1985-11-20;12.2
1985-11-21;8.6
1985-11-22;3.6
1985-11-23;0.6
1985-11-24;1.4
1985-11-25;0.2
1985-11-26;16.4
1985-11-27;0.0
1985-11-28;0.0
1985-11-29;0.0
1985-11-30;3.2
1985-12-01;0.2
1985-12-02;0.0
1985-12-03;0.0
1985-12-04;0.0
1985-12-05;0.0
1985-12-06;0.0
1985-12-07;2.0
1985-12-08;5.6
1985-12-09;0.6
1985-12-10;0.2
1985-12-11;12.2
1985-12-12;0.2
1985-12-13;1.2
1985-12-14;0.0
1985-12-15;0.0
1985-12-16;0.0
1985-12-17;0.2
1985-12-18;0.0
1985-12-19;0.0
1985-12-20;0.0
1985-12-21;0.2
1985-12-22;0.0
1985-12-23;0.2
1985-12-24;0.0
1985-12-25;0.0
1985-12-26;31.2
1985-12-27;0.0
1985-12-28;0.4
1985-12-29;0.2
1985-12-30;2.2
1985-12-31;25.6
1986-01-01;4.0
1986-01-02;3.0
1986-01-03;11.2
1986-01-04;19.6
1986-01-05;0.4
1986-01-06;1.6
1986-01-07;8.2
1986-01-08;1.8
1986-01-09;2.6
1986-01-10;3.0
1986-01-11;0.2
1986-01-12;2.0
1986-01-13;0.0
1986-01-14;0.0
1986-01-15;2.8
1986-01-16;0.2
1986-01-17;0.0
1986-01-18;0.0
1986-01-19;0.6
1986-01-20;0.2
1986-01-21;0.2
1986-01-22;0.4
1986-01-23;3.4
1986-01-24;30.6
1986-01-25;0.6
1986-01-26;0.0
1986-01-27;0.0
1986-01-28;0.0
1986-01-29;0.0
1986-01-30;1.2
1986-01-31;5.6
1986-02-01;17.2
1986-02-02;3.8
1986-02-03;1.2
1986-02-04;0.0
1986-02-05;0.0
1986-02-06;0.2
1986-02-07;0.6
1986-02-08;0.6
1986-02-09;0.4
1986-02-10;0.0
1986-02-11;0.2
1986-02-12;0.6
1986-02-13;2.4
1986-02-14;0.0
1986-02-15;0.0
1986-02-16;4.0
1986-02-17;0.2
1986-02-18;10.4
1986-02-19;0.4
1986-02-20;11.2
1986-02-21;2.6
1986-02-22;0.4
1986-02-23;2.4
1986-02-24;11.2
1986-02-25;10.8
1986-02-26;3.2
1986-02-27;0.0
1986-02-28;0.0
1986-03-01;2.8
1986-03-02;31.2
1986-03-03;1.0
1986-03-04;4.4
1986-03-05;0.2
1986-03-06;0.0
1986-03-07;6.6
1986-03-08;4.8
1986-03-09;0.8
1986-03-10;1.2
1986-03-11;0.2
1986-03-12;0.2
1986-03-13;3.0
1986-03-14;16.2
1986-03-15;0.0
1986-03-16;0.0
1986-03-17;0.0
1986-03-18;0.0
1986-03-19;0.0
1986-03-20;0.0
1986-03-21;0.0
1986-03-22;9.8
1986-03-23;0.0
1986-03-24;0.2
1986-03-25;6.8
1986-03-26;0.0
1986-03-27;0.0
1986-03-28;0.0
1986-03-29;0.0
1986-03-30;0.0
1986-03-31;1.4
1986-04-01;0.4
1986-04-02;0.0
1986-04-03;0.0
1986-04-04;0.0
1986-04-05;0.2
1986-04-06;0.0
1986-04-07;0.0
1986-04-08;6.0
1986-04-09;11.8
1986-04-10;21.8
1986-04-11;7.4
1986-04-12;1.0
1986-04-13;11.8
1986-04-14;0.0
1986-04-15;0.0
1986-04-16;25.0
1986-04-17;0.0
1986-04-18;7.6
1986-04-19;4.2
1986-04-20;2.2
1986-04-21;12.6
1986-04-22;0.2
1986-04-23;0.2
1986-04-24;0.0
1986-04-25;0.0
1986-04-26;0.0
1986-04-27;4.2
1986-04-28;10.8
1986-04-29;3.2
1986-04-30;13.8
1986-05-01;0.0
1986-05-02;0.0
1986-05-03;5.6
1986-05-04;0.0
1986-05-05;6.4
1986-05-06;0.4
1986-05-07;0.0
1986-05-08;0.0
1986-05-09;0.0
1986-05-10;0.0
1986-05-11;0.0
1986-05-12;0.0
1986-05-13;0.0
1986-05-14;0.0
1986-05-15;0.0
1986-05-16;0.0
1986-05-17;0.0
1986-05-18;0.0
1986-05-19;0.0
1986-05-20;0.0
1986-05-21;0.0
1986-05-22;0.4
1986-05-23;0.0
1986-05-24;0.0
1986-05-25;0.0
1986-05-26;0.0
1986-05-27;0.0
1986-05-28;0.0
1986-05-29;3.4
1986-05-30;11.4
1986-05-31;0.0
1986-06-01;9.4
1986-06-02;0.0
1986-06-03;6.8
1986-06-04;3.6
1986-06-05;23.6
1986-06-06;23.0
1986-06-07;0.0
1986-06-08;0.4
1986-06-09;0.0
1986-06-10;0.0
1986-06-11;0.0
1986-06-12;1.8
1986-06-13;6.8
1986-06-14;1.0
1986-06-15;2.0
1986-06-16;24.0
1986-06-17;6.2
1986-06-18;23.2
1986-06-19;8.6
1986-06-20;9.6
1986-06-21;8.6
1986-06-22;0.0
1986-06-23;0.0
1986-06-24;0.0
1986-06-25;0.0
1986-06-26;0.0
1986-06-27;0.0
1986-06-28;0.0
1986-06-29;0.0
1986-06-30;7.8
1986-07-01;0.0
1986-07-02;0.0
1986-07-03;0.0
1986-07-04;0.0
1986-07-05;0.0
1986-07-06;0.0
1986-07-07;18.4
1986-07-08;0.0
1986-07-09;0.0
1986-07-10;0.0
1986-07-11;0.0
1986-07-12;0.0
1986-07-13;4.8
1986-07-14;24.2
1986-07-15;0.0
1986-07-16;0.0
1986-07-17;0.0
1986-07-18;0.0
1986-07-19;0.0
1986-07-20;4.4
1986-07-21;0.0
1986-07-22;0.0
1986-07-23;0.0
1986-07-24;0.0
1986-07-25;0.0
1986-07-26;0.0
1986-07-27;0.0
1986-07-28;0.0
1986-07-29;0.0
1986-07-30;0.0
1986-07-31;0.0
1986-08-01;0.0
1986-08-02;0.0
1986-08-03;0.0
1986-08-04;0.0
1986-08-05;0.0
1986-08-06;0.0
1986-08-07;0.0
1986-08-08;0.0
1986-08-09;0.0
1986-08-10;0.0
1986-08-11;0.0
1986-08-12;0.2
1986-08-13;2.2
1986-08-14;0.0
1986-08-15;0.0
1986-08-16;0.0
1986-08-17;0.0
1986-08-18;0.0
1986-08-19;0.0
1986-08-20;0.0
1986-08-21;0.0
1986-08-22;0.0
1986-08-23;0.0
1986-08-24;0.0
1986-08-25;0.8
1986-08-26;0.0
1986-08-27;0.0
1986-08-28;35.4
1986-08-29;0.8
1986-08-30;7.0
1986-08-31;0.0
1986-09-01;0.0
1986-09-02;0.0
1986-09-03;0.0
1986-09-04;28.8
1986-09-05;0.4
1986-09-06;0.0
1986-09-07;0.0
1986-09-08;0.0
1986-09-09;0.0
1986-09-10;63.0
1986-09-11;0.0
1986-09-12;0.0
1986-09-13;0.0
1986-09-14;0.0
1986-09-15;0.0
1986-09-16;0.0
1986-09-17;0.0
1986-09-18;0.0
1986-09-19;0.0
1986-09-20;0.0
1986-09-21;0.0
1986-09-22;0.0
1986-09-23;0.0
1986-09-24;0.0
1986-09-25;0.0
1986-09-26;4.8
1986-09-27;0.0
1986-09-28;0.0
1986-09-29;0.0
1986-09-30;0.0
1986-10-01;0.0
1986-10-02;0.0
1986-10-03;0.0
1986-10-04;0.0
1986-10-05;0.0
1986-10-06;0.0
1986-10-07;0.0
1986-10-08;0.0
1986-10-09;0.0
1986-10-10;0.0
1986-10-11;0.0
1986-10-12;0.0
1986-10-13;0.0
1986-10-14;0.0
1986-10-15;0.0
1986-10-16;0.0
1986-10-17;0.0
1986-10-18;0.0
1986-10-19;13.0
1986-10-20;10.6
1986-10-21;1.4
1986-10-22;0.6
1986-10-23;0.2
1986-10-24;0.0
1986-10-25;0.0
1986-10-26;14.6
1986-10-27;2.0
1986-10-28;0.0
1986-10-29;0.0
1986-10-30;0.0
1986-10-31;0.0
1986-11-01;0.0
1986-11-02;3.8
1986-11-03;16.0
1986-11-04;0.2
1986-11-05;0.0
1986-11-06;0.0
1986-11-07;0.0
1986-11-08;0.0
1986-11-09;0.0
1986-11-10;0.0
1986-11-11;0.0
1986-11-12;0.0
1986-11-13;0.0
1986-11-14;2.6
1986-11-15;2.4
1986-11-16;0.2
1986-11-17;0.0
1986-11-18;0.0
1986-11-19;0.0
1986-11-20;0.0
1986-11-21;0.2
1986-11-22;12.4
1986-11-23;43.6
1986-11-24;25.4
1986-11-25;0.0
1986-11-26;0.0
1986-11-27;0.0
1986-11-28;0.0
1986-11-29;0.0
1986-11-30;0.0
1986-12-01;0.0
1986-12-02;0.0
1986-12-03;0.0
1986-12-04;0.0
1986-12-05;0.0
1986-12-06;0.0
1986-12-07;4.4
1986-12-08;0.6
1986-12-09;0.0
1986-12-10;0.2
1986-12-11;0.0
1986-12-12;0.0
1986-12-13;0.0
1986-12-14;4.6
1986-12-15;52.6
1986-12-16;1.4
1986-12-17;5.8
1986-12-18;0.0
1986-12-19;11.8
1986-12-20;7.4
1986-12-21;0.0
1986-12-22;0.0
1986-12-23;0.0
1986-12-24;0.0
1986-12-25;0.0
1986-12-26;0.0
1986-12-27;0.0
1986-12-28;0.0
1986-12-29;0.0
1986-12-30;0.0
1986-12-31;1.4
1987-01-01;0.0
1987-01-02;1.8
1987-01-03;1.4
1987-01-04;0.0
1987-01-05;0.0
1987-01-06;0.8
1987-01-07;0.2
1987-01-08;0.0
1987-01-09;0.0
1987-01-10;1.8
1987-01-11;31.0
1987-01-12;16.8
1987-01-13;3.6
1987-01-14;1.2
1987-01-15;27.0
1987-01-16;8.4
1987-01-17;2.6
1987-01-18;0.0
1987-01-19;0.0
1987-01-20;0.0
1987-01-21;0.0
1987-01-22;0.0
1987-01-23;0.0
1987-01-24;0.0
1987-01-25;0.0
1987-01-26;0.0
1987-01-27;8.4
1987-01-28;14.0
1987-01-29;1.6
1987-01-30;14.6
1987-01-31;0.0
1987-02-01;0.0
1987-02-02;0.0
1987-02-03;0.0
1987-02-04;0.0
1987-02-05;0.0
1987-02-06;0.0
1987-02-07;0.0
1987-02-08;0.0
1987-02-09;0.0
1987-02-10;0.0
1987-02-11;3.6
1987-02-12;14.2
1987-02-13;7.0
1987-02-14;3.6
1987-02-15;4.8
1987-02-16;3.4
1987-02-17;11.4
1987-02-18;4.0
1987-02-19;9.2
1987-02-20;6.4
1987-02-21;5.6
1987-02-22;5.0
1987-02-23;0.2
1987-02-24;0.0
1987-02-25;0.0
1987-02-26;0.0
1987-02-27;0.0
1987-02-28;3.6
1987-03-01;0.2
1987-03-02;0.0
1987-03-03;0.8
1987-03-04;0.0
1987-03-05;0.0
1987-03-06;0.0
1987-03-07;0.0
1987-03-08;0.0
1987-03-09;0.0
1987-03-10;0.0
1987-03-11;0.0
1987-03-12;0.0
1987-03-13;0.0
1987-03-14;0.0
1987-03-15;0.0
1987-03-16;0.0
1987-03-17;7.6
1987-03-18;0.0
1987-03-19;6.0
1987-03-20;0.2
1987-03-21;0.0
1987-03-22;0.0
1987-03-23;0.0
1987-03-24;0.0
1987-03-25;0.0
1987-03-26;0.2
1987-03-27;0.0
1987-03-28;0.0
1987-03-29;11.0
1987-03-30;2.4
1987-03-31;1.6
1987-04-01;0.0
1987-04-02;0.0
1987-04-03;2.6
1987-04-04;0.6
1987-04-05;4.2
1987-04-06;0.6
1987-04-07;0.0
1987-04-08;0.0
1987-04-09;6.0
1987-04-10;16.2
1987-04-11;32.2
1987-04-12;0.0
1987-04-13;8.8
1987-04-14;0.0
1987-04-15;0.0
1987-04-16;0.0
1987-04-17;0.0
1987-04-18;0.0
1987-04-19;0.0
1987-04-20;0.0
1987-04-21;0.0
1987-04-22;4.0
1987-04-23;0.0
1987-04-24;0.0
1987-04-25;0.0
1987-04-26;0.0
1987-04-27;0.0
1987-04-28;0.0
1987-04-29;0.0
1987-04-30;0.0
1987-05-01;0.0
1987-05-02;0.0
1987-05-03;0.0
1987-05-04;11.4
1987-05-05;8.2
1987-05-06;1.0
1987-05-07;17.2
1987-05-08;0.0
1987-05-09;0.0
1987-05-10;0.0
1987-05-11;0.0
1987-05-12;0.0
1987-05-13;25.6
1987-05-14;2.6
1987-05-15;0.0
1987-05-16;6.4
1987-05-17;3.4
1987-05-18;12.2
1987-05-19;0.0
1987-05-20;2.0
1987-05-21;14.4
1987-05-22;0.0
1987-05-23;0.0
1987-05-24;0.0
1987-05-25;5.8
1987-05-26;0.0
1987-05-27;0.0
1987-05-28;0.0
1987-05-29;0.0
1987-05-30;1.2
1987-05-31;0.0
1987-06-01;0.4
1987-06-02;0.0
1987-06-03;0.0
1987-06-04;0.2
1987-06-05;10.6
1987-06-06;0.2
1987-06-07;0.0
1987-06-08;0.0
1987-06-09;11.0
1987-06-10;0.0
1987-06-11;0.0
1987-06-12;6.6
1987-06-13;0.0
1987-06-14;0.0
1987-06-15;3.0
1987-06-16;16.6
1987-06-17;0.0
1987-06-18;0.0
1987-06-19;0.0
1987-06-20;4.8
1987-06-21;39.0
1987-06-22;0.0
1987-06-23;10.8
1987-06-24;0.0
1987-06-25;0.0
1987-06-26;0.0
1987-06-27;9.6
1987-06-28;0.0
1987-06-29;0.0
1987-06-30;0.0
1987-07-01;0.0
1987-07-02;0.0
1987-07-03;0.0
1987-07-04;0.0
1987-07-05;0.0
1987-07-06;0.0
1987-07-07;0.0
1987-07-08;0.0
1987-07-09;39.6
1987-07-10;0.6
1987-07-11;0.0
1987-07-12;0.0
1987-07-13;0.0
1987-07-14;0.0
1987-07-15;0.0
1987-07-16;0.0
1987-07-17;0.0
1987-07-18;18.4
1987-07-19;0.0
1987-07-20;0.0
1987-07-21;0.0
1987-07-22;0.0
1987-07-23;0.0
1987-07-24;0.0
1987-07-25;0.0
1987-07-26;0.0
1987-07-27;3.0
1987-07-28;0.0
1987-07-29;0.0
1987-07-30;0.0
1987-07-31;17.0
1987-08-01;11.2
1987-08-02;0.0
1987-08-03;0.0
1987-08-04;0.0
1987-08-05;0.0
1987-08-06;0.0
1987-08-07;0.0
1987-08-08;0.0
1987-08-09;0.0
1987-08-10;0.0
1987-08-11;0.0
1987-08-12;0.0
1987-08-13;0.0
1987-08-14;0.0
1987-08-15;0.0
1987-08-16;0.0
1987-08-17;0.0
1987-08-18;0.0
1987-08-19;1.6
1987-08-20;0.0
1987-08-21;0.0
1987-08-22;0.0
1987-08-23;0.0
1987-08-24;0.0
1987-08-25;24.6
1987-08-26;0.2
1987-08-27;0.0
1987-08-28;0.0
1987-08-29;7.0
1987-08-30;0.0
1987-08-31;0.0
1987-09-01;0.0
1987-09-02;0.0
1987-09-03;9.2
1987-09-04;0.0
1987-09-05;7.2
1987-09-06;17.4
1987-09-07;0.0
1987-09-08;0.0
1987-09-09;0.0
1987-09-10;0.0
1987-09-11;0.0
1987-09-12;0.0
1987-09-13;0.0
1987-09-14;0.0
1987-09-15;0.0
1987-09-16;0.0
1987-09-17;0.0
1987-09-18;0.0
1987-09-19;0.0
1987-09-20;0.0
1987-09-21;0.0
1987-09-22;0.0
1987-09-23;0.0
1987-09-24;0.0
1987-09-25;49.0
1987-09-26;0.0
1987-09-27;0.0
1987-09-28;0.2
1987-09-29;0.0
1987-09-30;0.0
1987-10-01;0.0
1987-10-02;0.0
1987-10-03;0.0
1987-10-04;0.0
1987-10-05;0.0
1987-10-06;36.4
1987-10-07;8.8
1987-10-08;0.6
1987-10-09;0.2
1987-10-10;0.0
1987-10-11;26.0
1987-10-12;68.0
1987-10-13;6.6
1987-10-14;0.0
1987-10-15;1.8
1987-10-16;0.0
1987-10-17;0.2
1987-10-18;0.2
1987-10-19;0.0
1987-10-20;0.0
1987-10-21;0.0
1987-10-22;5.4
1987-10-23;9.6
1987-10-24;7.6
1987-10-25;0.0
1987-10-26;0.0
1987-10-27;0.2
1987-10-28;0.0
1987-10-29;7.6
1987-10-30;20.2
1987-10-31;0.2
1987-11-01;0.0
1987-11-02;0.0
1987-11-03;0.0
1987-11-04;0.0
1987-11-05;0.0
1987-11-06;0.0
1987-11-07;0.0
1987-11-08;0.0
1987-11-09;11.4
1987-11-10;8.6
1987-11-11;6.8
1987-11-12;0.0
1987-11-13;1.2
1987-11-14;15.2
1987-11-15;0.0
1987-11-16;0.0
1987-11-17;0.2
1987-11-18;0.0
1987-11-19;0.0
1987-11-20;6.4
1987-11-21;13.8
1987-11-22;0.0
1987-11-23;0.8
1987-11-24;24.8
1987-11-25;46.8
1987-11-26;19.6
1987-11-27;3.0
1987-11-28;2.0
1987-11-29;0.8
1987-11-30;11.6
1987-12-01;4.6
1987-12-02;2.4
1987-12-03;2.8
1987-12-04;0.2
1987-12-05;3.0
1987-12-06;38.8
1987-12-07;3.6
1987-12-08;0.0
1987-12-09;1.6
1987-12-10;0.0
1987-12-11;0.0
1987-12-12;0.0
1987-12-13;1.0
1987-12-14;7.2
1987-12-15;2.2
1987-12-16;1.2
1987-12-17;0.0
1987-12-18;0.0
1987-12-19;4.8
1987-12-20;1.8
1987-12-21;0.0
1987-12-22;0.0
1987-12-23;0.0
1987-12-24;0.0
1987-12-25;0.0
1987-12-26;4.6
1987-12-27;0.0
1987-12-28;1.0
1987-12-29;1.4
1987-12-30;0.0
1987-12-31;0.0
1988-01-01;0.0
1988-01-02;0.0
1988-01-03;12.0
1988-01-04;4.0
1988-01-05;0.2
1988-01-06;0.0
1988-01-07;0.2
1988-01-08;0.2
1988-01-09;0.0
1988-01-10;0.0
1988-01-11;0.0
1988-01-12;3.0
1988-01-13;0.0
1988-01-14;0.2
1988-01-15;10.8
1988-01-16;2.8
1988-01-17;0.0
1988-01-18;0.0
1988-01-19;0.0
1988-01-20;0.0
1988-01-21;0.6
1988-01-22;7.0
1988-01-23;23.2
1988-01-24;1.2
1988-01-25;0.0
1988-01-26;15.4
1988-01-27;0.6
1988-01-28;1.0
1988-01-29;0.0
1988-01-30;21.4
1988-01-31;5.8
1988-02-01;0.0
1988-02-02;5.2
1988-02-03;2.8
1988-02-04;0.0
1988-02-05;3.2
1988-02-06;5.2
1988-02-07;0.0
1988-02-08;12.6
1988-02-09;18.0
1988-02-10;6.8
1988-02-11;1.6
1988-02-12;13.6
1988-02-13;9.4
1988-02-14;0.0
1988-02-15;0.0
1988-02-16;0.0
1988-02-17;0.0
1988-02-18;0.0
1988-02-19;0.2
1988-02-20;0.0
1988-02-21;0.0
1988-02-22;0.0
1988-02-23;0.0
1988-02-24;9.4
1988-02-25;12.0
1988-02-26;5.0
1988-02-27;0.0
1988-02-28;0.0
1988-02-29;0.0
1988-03-01;7.8
1988-03-02;0.0
1988-03-03;0.0
1988-03-04;0.0
1988-03-05;8.4
1988-03-06;8.2
1988-03-07;0.0
1988-03-08;0.0
1988-03-09;0.2
1988-03-10;0.0
1988-03-11;0.0
1988-03-12;0.0
1988-03-13;0.0
1988-03-14;0.0
1988-03-15;0.0
1988-03-16;0.0
1988-03-17;15.0
1988-03-18;0.0
1988-03-19;0.6
1988-03-20;0.0
1988-03-21;8.0
1988-03-22;0.8
1988-03-23;11.2
1988-03-24;0.0
1988-03-25;0.0
1988-03-26;0.0
1988-03-27;1.0
1988-03-28;0.0
1988-03-29;0.0
1988-03-30;0.0
1988-03-31;12.8
1988-04-01;13.8
1988-04-02;8.6
1988-04-03;0.0
1988-04-04;0.6
1988-04-05;0.0
1988-04-06;6.0
1988-04-07;6.8
1988-04-08;8.6
1988-04-09;2.0
1988-04-10;0.0
1988-04-11;0.0
1988-04-12;0.2
1988-04-13;17.2
1988-04-14;0.2
1988-04-15;0.0
1988-04-16;0.0
1988-04-17;0.0
1988-04-18;0.0
1988-04-19;0.0
1988-04-20;0.0
1988-04-21;0.0
1988-04-22;0.0
1988-04-23;0.0
1988-04-24;10.6
1988-04-25;24.2
1988-04-26;3.4
1988-04-27;0.0
1988-04-28;0.0
1988-04-29;1.0
1988-04-30;0.0
1988-05-01;1.6
1988-05-02;0.0
1988-05-03;0.2
1988-05-04;1.2
1988-05-05;0.2
1988-05-06;0.0
1988-05-07;0.0
1988-05-08;0.0
1988-05-09;0.0
1988-05-10;0.4
1988-05-11;0.0
1988-05-12;0.2
1988-05-13;10.4
1988-05-14;3.6
1988-05-15;4.2
1988-05-16;3.2
1988-05-17;0.4
1988-05-18;3.6
1988-05-19;2.2
1988-05-20;31.4
1988-05-21;13.0
1988-05-22;1.4
1988-05-23;0.0
1988-05-24;0.0
1988-05-25;0.0
1988-05-26;0.0
1988-05-27;0.0
1988-05-28;40.8
1988-05-29;0.8
1988-05-30;9.2
1988-05-31;0.8
1988-06-01;0.0
1988-06-02;0.6
1988-06-03;0.0
1988-06-04;0.0
1988-06-05;25.8
1988-06-06;5.0
1988-06-07;20.4
1988-06-08;12.6
1988-06-09;0.0
1988-06-10;0.0
1988-06-11;0.0
1988-06-12;0.0
1988-06-13;0.0
1988-06-14;0.0
1988-06-15;0.0
1988-06-16;0.0
1988-06-17;0.0
1988-06-18;9.8
1988-06-19;8.4
1988-06-20;0.2
1988-06-21;0.0
1988-06-22;0.0
1988-06-23;0.0
1988-06-24;0.0
1988-06-25;0.8
1988-06-26;11.2
1988-06-27;0.0
1988-06-28;13.4
1988-06-29;6.6
1988-06-30;6.4
1988-07-01;0.0
1988-07-02;0.0
1988-07-03;0.0
1988-07-04;0.0
1988-07-05;0.0
1988-07-06;0.0
1988-07-07;0.0
1988-07-08;0.0
1988-07-09;0.0
1988-07-10;0.0
1988-07-11;0.0
1988-07-12;0.0
1988-07-13;0.0
1988-07-14;0.0
1988-07-15;0.0
1988-07-16;1.8
1988-07-17;0.0
1988-07-18;0.0
1988-07-19;0.0
1988-07-20;0.0
1988-07-21;0.0
1988-07-22;0.0
1988-07-23;0.0
1988-07-24;0.0
1988-07-25;0.0
1988-07-26;0.0
1988-07-27;0.0
1988-07-28;0.0
1988-07-29;0.0
1988-07-30;0.0
1988-07-31;0.0
1988-08-01;0.0
1988-08-02;0.0
1988-08-03;0.0
1988-08-04;0.0
1988-08-05;2.2
1988-08-06;0.0
1988-08-07;0.0
1988-08-08;0.0
1988-08-09;0.0
1988-08-10;0.0
1988-08-11;0.0
1988-08-12;0.0
1988-08-13;0.0
1988-08-14;0.0
1988-08-15;0.0
1988-08-16;0.0
1988-08-17;0.0
1988-08-18;0.0
1988-08-19;0.0
1988-08-20;0.0
1988-08-21;26.8
1988-08-22;0.8
1988-08-23;0.0
1988-08-24;0.0
1988-08-25;0.0
1988-08-26;6.4
1988-08-27;0.0
1988-08-28;0.0
1988-08-29;0.0
1988-08-30;0.6
1988-08-31;0.0
1988-09-01;0.0
1988-09-02;2.4
1988-09-03;19.0
1988-09-04;0.0
1988-09-05;0.0
1988-09-06;0.0
1988-09-07;0.0
1988-09-08;0.0
1988-09-09;0.0
1988-09-10;0.0
1988-09-11;0.0
1988-09-12;0.0
1988-09-13;0.6
1988-09-14;0.4
1988-09-15;4.2
1988-09-16;0.0
1988-09-17;0.0
1988-09-18;0.0
1988-09-19;0.0
1988-09-20;0.0
1988-09-21;0.0
1988-09-22;0.0
1988-09-23;0.0
1988-09-24;1.0
1988-09-25;0.0
1988-09-26;0.0
1988-09-27;0.0
1988-09-28;0.0
1988-09-29;0.0
1988-09-30;0.0
1988-10-01;0.0
1988-10-02;0.0
1988-10-03;0.0
1988-10-04;0.0
1988-10-05;0.0
1988-10-06;1.4
1988-10-07;1.0
1988-10-08;2.4
1988-10-09;0.0
1988-10-10;0.0
1988-10-11;0.0
1988-10-12;0.0
1988-10-13;32.0
1988-10-14;4.6
1988-10-15;20.2
1988-10-16;0.0
1988-10-17;0.0
1988-10-18;0.0
1988-10-19;8.6
1988-10-20;19.8
1988-10-21;0.4
1988-10-22;0.0
1988-10-23;0.0
1988-10-24;0.0
1988-10-25;0.2
1988-10-26;0.0
1988-10-27;0.0
1988-10-28;0.0
1988-10-29;0.2
1988-10-30;0.4
1988-10-31;1.2
1988-11-01;0.0
1988-11-02;0.0
1988-11-03;4.4
1988-11-04;0.0
1988-11-05;0.0
1988-11-06;0.0
1988-11-07;0.0
1988-11-08;0.0
1988-11-09;0.0
1988-11-10;0.0
1988-11-11;0.0
1988-11-12;0.0
1988-11-13;0.0
1988-11-14;0.8
1988-11-15;0.0
1988-11-16;0.0
1988-11-17;0.0
1988-11-18;0.6
1988-11-19;20.6
1988-11-20;0.0
1988-11-21;14.2
1988-11-22;11.0
1988-11-23;1.0
1988-11-24;0.0
1988-11-25;0.0
1988-11-26;0.0
1988-11-27;0.0
1988-11-28;0.0
1988-11-29;1.0
1988-11-30;3.4
1988-12-01;4.0
1988-12-02;5.6
1988-12-03;5.6
1988-12-04;0.4
1988-12-05;2.2
1988-12-06;9.0
1988-12-07;0.0
1988-12-08;0.0
1988-12-09;0.0
1988-12-10;0.0
1988-12-11;0.0
1988-12-12;0.0
1988-12-13;0.0
1988-12-14;0.0
1988-12-15;0.0
1988-12-16;0.0
1988-12-17;1.4
1988-12-18;0.0
1988-12-19;0.0
1988-12-20;1.8
1988-12-21;0.0
1988-12-22;0.0
1988-12-23;0.0
1988-12-24;2.8
1988-12-25;0.0
1988-12-26;0.2
1988-12-27;0.0
1988-12-28;0.2
1988-12-29;0.0
1988-12-30;0.0
1988-12-31;0.0
1989-07-11;0.0
1989-07-12;3.0
1989-07-13;2.4
1989-07-14;0.4
1989-07-15;52.6
1989-07-16;0.0
1989-07-17;0.0
1989-08-29;19.9
1989-08-30;0.0
1989-08-31;0.0
1989-09-01;0.0
1989-09-02;44.8
1989-09-03;22.8
1989-09-04;29.6
1989-11-01;0.2
1989-11-02;0.0
1989-11-03;1.4
1989-11-04;42.4
1989-11-05;8.4
1989-11-06;35.8
1990-01-01;0.0
1990-01-02;0.0
1990-01-03;0.0
1990-01-04;0.0
1990-01-05;0.0
1990-01-06;0.0
1990-01-07;0.0
1990-01-08;0.0
1990-01-09;0.0
1990-01-10;0.0
1990-01-11;0.0
1990-01-12;0.0
1990-01-13;0.0
1990-01-14;0.0
1990-01-15;0.0
1990-01-16;0.0
1990-01-17;0.0
1990-01-18;0.0
1990-01-19;0.0
1990-01-20;0.0
1990-01-21;0.0
1990-01-22;0.0
1990-01-23;0.0
1990-01-24;0.0
1990-01-25;1.6
1990-01-26;6.0
1990-01-27;0.0
1990-01-28;0.0
1990-01-29;3.6
1990-01-30;1.0
1990-01-31;2.2
1990-02-01;0.0
1990-02-02;0.0
1990-02-03;3.0
1990-02-04;0.6
1990-02-05;0.0
1990-02-06;0.0
1990-02-07;0.0
1990-02-08;0.0
1990-02-09;2.0
1990-02-10;0.0
1990-02-11;0.0
1990-02-12;17.8
1990-02-13;22.6
1990-02-14;1.4
1990-02-15;2.6
1990-02-16;0.6
1990-02-17;0.0
1990-02-18;0.0
1990-02-19;0.0
1990-02-20;0.0
1990-02-21;0.0
1990-02-22;0.0
1990-02-23;0.0
1990-02-24;0.0
1990-02-25;0.0
1990-02-26;0.0
1990-02-27;5.0
1990-02-28;0.8
1990-03-01;3.2
1990-03-02;0.0
1990-03-03;0.0
1990-03-04;0.0
1990-03-05;0.0
1990-03-06;0.0
1990-03-07;0.0
1990-03-08;0.0
1990-03-09;0.0
1990-03-10;1.2
1990-03-11;0.0
1990-03-12;0.0
1990-03-13;0.0
1990-03-14;0.0
1990-03-15;0.0
1990-03-16;0.0
1990-03-17;0.0
1990-03-18;0.0
1990-03-19;0.0
1990-03-20;0.0
1990-03-21;0.0
1990-03-22;0.0
1990-03-23;0.0
1990-03-24;0.0
1990-03-25;17.8
1990-03-26;10.8
1990-03-27;2.2
1990-03-28;10.6
1990-03-29;10.2
1990-03-30;2.2
1990-03-31;0.0
1990-04-01;0.0
1990-04-02;0.0
1990-04-03;6.2
1990-04-04;16.6
1990-04-05;0.0
1990-04-06;7.4
1990-04-07;27.6
1990-04-08;20.4
1990-04-09;0.0
1990-04-10;0.0
1990-04-11;0.0
1990-04-12;1.4
1990-04-13;0.0
1990-04-14;0.0
1990-04-15;0.2
1990-04-16;14.0
1990-04-17;0.0
1990-04-18;0.0
1990-04-19;9.8
1990-04-20;2.0
1990-04-21;6.2
1990-04-22;6.2
1990-04-23;9.8
1990-04-24;13.8
1990-04-25;1.0
1990-04-26;0.0
1990-04-27;0.0
1990-04-28;0.0
1990-04-29;0.0
1990-04-30;0.0
1990-05-01;0.0
1990-05-02;0.0
1990-05-03;0.0
1990-05-04;0.0
1990-05-05;0.0
1990-05-06;0.0
1990-05-07;0.0
1990-05-08;0.6
1990-05-09;0.6
1990-05-10;0.2
1990-05-11;0.0
1990-05-12;0.0
1990-05-13;0.0
1990-05-14;0.0
1990-05-15;0.0
1990-05-16;0.0
1990-05-17;0.0
1990-05-18;0.0
1990-05-19;0.0
1990-05-20;4.8
1990-05-21;7.8
1990-05-22;21.2
1990-05-23;0.4
1990-05-24;0.0
1990-05-25;7.0
1990-05-26;3.4
1990-05-27;0.4
1990-05-28;0.0
1990-05-29;0.0
1990-05-30;0.0
1990-05-31;0.0
1990-06-01;0.0
1990-06-02;0.0
1990-06-03;0.0
1990-06-04;0.0
1990-06-05;0.0
1990-06-06;10.8
1990-06-07;3.4
1990-06-08;0.2
1990-06-09;0.6
1990-06-10;0.8
1990-06-11;1.8
1990-06-12;1.4
1990-06-13;0.0
1990-06-14;0.4
1990-06-15;5.4
1990-06-16;0.0
1990-06-17;0.0
1990-06-18;0.0
1990-06-19;0.0
1990-06-20;0.0
1990-06-21;0.0
1990-06-22;0.0
1990-06-23;0.0
1990-06-24;0.0
1990-06-25;0.0
1990-06-26;0.0
1990-06-27;0.0
1990-06-28;0.0
1990-06-29;0.0
1990-06-30;0.0
1990-07-01;0.0
1990-07-02;0.0
1990-07-03;0.0
1990-07-04;2.6
1990-07-05;0.0
1990-07-06;0.0
1990-07-07;0.0
1990-07-08;0.0
1990-07-09;0.0
1990-07-10;0.0
1990-07-11;2.2
1990-07-12;0.2
1990-07-13;0.0
1990-07-14;0.0
1990-07-15;0.0
1990-07-16;0.0
1990-07-17;0.0
1990-07-18;0.0
1990-07-19;12.8
1990-07-20;0.0
1990-07-21;0.0
1990-07-22;0.0
1990-07-23;0.0
1990-07-24;0.0
1990-07-25;0.4
1990-07-26;0.0
1990-07-27;0.0
1990-07-28;0.0
1990-07-29;0.0
1990-07-30;0.0
1990-07-31;0.0
1990-08-01;0.0
1990-08-02;0.0
1990-08-03;0.0
1990-08-04;0.0
1990-08-05;0.0
1990-08-06;0.0
1990-08-07;22.2
1990-08-08;32.0
1990-08-09;0.0
1990-08-10;0.0
1990-08-11;0.0
1990-08-12;0.0
1990-08-13;0.0
1990-08-14;0.0
1990-08-15;0.0
1990-08-16;0.0
1990-08-17;0.0
1990-08-18;0.0
1990-08-19;0.0
1990-08-20;0.0
1990-08-21;0.0
1990-08-22;0.0
1990-08-23;0.0
1990-08-24;0.0
1990-08-25;0.0
1990-08-26;0.0
1990-08-27;0.0
1990-08-28;37.2
1990-08-29;0.0
1990-08-30;0.2
1990-08-31;0.0
1990-09-01;2.6
1990-09-02;8.6
1990-09-03;0.0
1990-09-04;0.0
1990-09-05;0.0
1990-09-06;4.4
1990-09-07;0.0
1990-09-08;1.8
1990-09-09;0.0
1990-09-10;0.0
1990-09-11;0.0
1990-09-12;0.0
1990-09-13;0.0
1990-09-14;0.0
1990-09-15;0.0
1990-09-16;2.4
1990-09-17;0.0
1990-09-18;0.4
1990-09-19;0.0
1990-09-20;0.0
1990-09-21;0.0
1990-09-22;0.0
1990-09-23;0.0
1990-09-24;54.0
1990-09-25;0.0
1990-09-26;0.4
1990-09-27;5.6
1990-09-28;0.0
1990-09-29;0.0
1990-09-30;0.0
1990-10-01;0.0
1990-10-02;0.4
1990-10-03;8.0
1990-10-04;5.2
1990-10-05;27.0
1990-10-06;3.2
1990-10-07;3.0
1990-10-08;9.2
1990-10-09;0.0
1990-10-10;0.0
1990-10-11;0.0
1990-10-12;0.0
1990-10-13;0.0
1990-10-14;0.0
1990-10-15;0.0
1990-10-16;0.0
1990-10-17;30.6
1990-10-18;0.4
1990-10-19;7.0
1990-10-20;5.2
1990-10-21;0.8
1990-10-22;0.0
1990-10-23;0.0
1990-10-24;0.8
1990-10-25;0.0
1990-10-26;18.4
1990-10-27;10.6
1990-10-28;3.4
1990-10-29;7.0
1990-10-30;45.2
1990-10-31;0.2
1990-11-01;5.4
1990-11-02;14.0
1990-11-03;2.0
1990-11-04;1.8
1990-11-05;0.0
1990-11-06;0.0
1990-11-07;0.0
1990-11-08;0.0
1990-11-09;0.0
1990-11-10;0.0
1990-11-11;0.0
1990-11-12;5.8
1990-11-13;0.0
1990-11-14;0.0
1990-11-15;0.0
1990-11-16;0.0
1990-11-17;0.0
1990-11-18;0.0
1990-11-19;0.0
1990-11-20;0.0
1990-11-21;8.0
1990-11-22;0.2
1990-11-23;2.8
1990-11-24;0.4
1990-11-25;7.0
1990-11-26;61.6
1990-11-27;10.4
1990-11-28;7.0
1990-11-29;0.2
1990-11-30;0.0
1990-12-01;1.0
1990-12-02;0.0
1990-12-03;0.0
1990-12-04;1.2
1990-12-05;0.2
1990-12-06;0.0
1990-12-07;0.0
1990-12-08;0.0
1990-12-09;11.8
1990-12-10;56.6
1990-12-11;8.0
1990-12-12;0.0
1990-12-13;0.8
1990-12-14;0.2
1990-12-15;0.0
1990-12-16;0.0
1990-12-17;0.0
1990-12-18;0.0
1990-12-19;0.0
1990-12-20;0.0
1990-12-21;0.0
1990-12-22;0.0
1990-12-23;0.0
1990-12-24;0.0
1990-12-25;5.8
1990-12-26;1.4
1990-12-27;6.0
1990-12-28;12.6
1990-12-29;0.0
1990-12-30;5.4
1990-12-31;6.6
1991-01-01;26.4
1991-01-02;4.4
1991-01-03;1.8
1991-01-04;0.0
1991-01-05;4.4
1991-01-06;0.2
1991-01-07;5.6
1991-01-08;1.4
1991-01-09;2.4
1991-01-10;0.0
1991-01-11;0.0
1991-01-12;0.0
1991-01-13;0.0
1991-01-14;0.4
1991-01-15;0.0
1991-01-16;0.0
1991-01-17;0.0
1991-01-18;0.0
1991-01-19;0.0
1991-01-20;0.0
1991-01-21;0.0
1991-01-22;0.0
1991-01-23;0.0
1991-01-24;0.0
1991-01-25;0.0
1991-01-26;0.0
1991-01-27;0.0
1991-01-28;0.0
1991-01-29;0.0
1991-01-30;0.0
1991-01-31;0.0
1991-02-01;0.0
1991-02-02;0.0
1991-02-03;0.0
1991-02-04;0.0
1991-02-05;0.0
1991-02-06;0.0
1991-02-07;0.0
1991-02-08;0.0
1991-02-09;11.6
1991-02-10;36.8
1991-02-11;16.0
1991-02-12;0.0
1991-02-13;1.8
1991-02-14;0.0
1991-02-15;0.0
1991-02-16;0.0
1991-02-17;6.6
1991-02-18;5.0
1991-02-19;0.0
1991-02-20;0.0
1991-02-21;0.0
1991-02-22;0.0
1991-02-23;0.0
1991-02-24;0.0
1991-02-25;0.0
1991-02-26;0.0
1991-02-27;0.0
1991-02-28;0.0
1991-03-01;0.0
1991-03-02;0.0
1991-03-03;0.0
1991-03-04;0.0
1991-03-05;0.0
1991-03-06;1.4
1991-03-07;0.0
1991-03-08;8.0
1991-03-09;4.0
1991-03-10;0.6
1991-03-11;0.0
1991-03-12;0.0
1991-03-13;0.0
1991-03-14;0.0
1991-03-15;0.0
1991-03-16;0.0
1991-03-17;0.0
1991-03-18;0.0
1991-03-19;0.0
1991-03-20;0.0
1991-03-21;0.0
1991-03-22;0.6
1991-03-23;0.4
1991-03-24;0.0
1991-03-25;0.0
1991-03-26;24.0
1991-03-27;1.6
1991-03-28;0.0
1991-03-29;0.0
1991-03-30;0.4
1991-03-31;0.0
1991-04-01;0.0
1991-04-02;0.0
1991-04-03;0.0
1991-04-04;0.0
1991-04-05;15.2
1991-04-06;5.6
1991-04-07;0.2
1991-04-08;0.0
1991-04-09;0.0
1991-04-10;0.0
1991-04-11;0.2
1991-04-12;0.0
1991-04-13;0.0
1991-04-14;0.0
1991-04-15;0.0
1991-04-16;0.0
1991-04-17;0.0
1991-04-18;21.6
1991-04-19;15.0
1991-04-20;5.6
1991-04-21;2.4
1991-04-22;0.0
1991-04-23;0.0
1991-04-24;2.4
1991-04-25;0.0
1991-04-26;0.0
1991-04-27;0.6
1991-04-28;2.2
1991-04-29;0.4
1991-04-30;0.0
1991-05-01;1.0
1991-05-02;23.4
1991-05-03;37.4
1991-05-04;49.0
1991-05-05;8.6
1991-05-06;20.0
1991-05-07;19.8
1991-05-08;4.6
1991-05-09;0.0
1991-05-10;9.2
1991-05-11;13.8
1991-05-12;11.0
1991-05-13;0.6
1991-05-14;0.0
1991-05-15;0.0
1991-05-16;2.0
1991-05-17;0.0
1991-05-18;2.6
1991-05-19;0.0
1991-05-20;0.0
1991-05-21;0.0
1991-05-22;0.0
1991-05-23;0.0
1991-05-24;0.0
1991-05-25;0.0
1991-05-26;0.0
1991-05-27;0.0
1991-05-28;0.0
1991-05-29;0.0
1991-05-30;0.0
1991-05-31;0.0
1991-06-01;0.0
1991-06-02;0.0
1991-06-03;0.0
1991-06-04;7.0
1991-06-05;0.0
1991-06-06;0.0
1991-06-07;28.6
1991-06-08;25.6
1991-06-09;0.6
1991-06-10;0.0
1991-06-11;0.0
1991-06-12;0.0
1991-06-13;0.0
1991-06-14;0.0
1991-06-15;0.0
1991-06-16;0.0
1991-06-17;0.0
1991-06-18;16.2
1991-06-19;0.0
1991-06-20;0.0
1991-06-21;7.6
1991-06-22;0.0
1991-06-23;0.0
1991-06-24;0.0
1991-06-25;0.0
1991-06-26;0.0
1991-06-27;0.0
1991-06-28;0.0
1991-06-29;7.2
1991-06-30;1.0
1991-07-01;0.0
1991-07-02;0.0
1991-07-03;0.0
1991-07-04;0.0
1991-07-05;0.0
1991-07-06;0.0
1991-07-07;0.0
1991-07-08;0.0
1991-07-09;0.0
1991-07-10;0.0
1991-07-11;0.0
1991-07-12;0.0
1991-07-13;0.0
1991-07-14;0.0
1991-07-15;0.0
1991-07-16;0.0
1991-07-17;0.0
1991-07-18;0.0
1991-07-19;0.0
1991-07-20;0.0
1991-07-21;0.0
1991-07-22;0.0
1991-07-23;0.0
1991-07-24;0.0
1991-07-25;0.0
1991-07-26;0.0
1991-07-27;9.0
1991-07-28;0.0
1991-07-29;0.0
1991-07-30;0.0
1991-07-31;1.2
1991-08-01;52.2
1991-08-02;0.0
1991-08-03;0.0
1991-08-04;0.0
1991-08-05;0.0
1991-08-06;0.0
1991-08-07;0.0
1991-08-08;0.0
1991-08-09;0.0
1991-08-10;0.0
1991-08-11;0.0
1991-08-12;0.0
1991-08-13;0.0
1991-08-14;0.0
1991-08-15;0.0
1991-08-16;1.0
1991-08-17;0.0
1991-08-18;0.0
1991-08-19;0.0
1991-08-20;0.0
1991-08-21;0.0
1991-08-22;0.0
1991-08-23;0.0
1991-08-24;0.0
1991-08-25;0.0
1991-08-26;0.0
1991-08-27;0.0
1991-08-28;0.0
1991-08-29;0.0
1991-08-30;0.0
1991-08-31;0.0
1991-09-01;0.0
1991-09-02;0.0
1991-09-03;0.0
1991-09-04;0.0
1991-09-05;0.0
1991-09-06;0.0
1991-09-07;0.0
1991-09-08;3.8
1991-09-09;0.0
1991-09-10;0.0
1991-09-11;0.0
1991-09-12;10.8
1991-09-13;63.0
1991-09-14;18.8
1991-09-15;0.4
1991-09-16;0.0
1991-09-17;0.0
1991-09-18;0.0
1991-09-19;0.0
1991-09-20;0.0
1991-09-21;0.0
1991-09-22;0.0
1991-09-23;0.2
1991-09-24;0.6
1991-09-25;0.0
1991-09-26;0.8
1991-09-27;19.2
1991-09-28;0.2
1991-09-29;0.0
1991-09-30;9.6
1991-10-01;9.6
1991-10-02;0.0
1991-10-03;0.0
1991-10-04;0.0
1991-10-05;0.0
1991-10-06;0.0
1991-10-07;13.4
1991-10-08;23.8
1991-10-09;0.0
1991-10-10;0.0
1991-10-11;0.0
1991-10-12;43.2
1991-10-13;23.6
1991-10-14;0.0
1991-10-15;16.4
1991-10-16;3.4
1991-10-17;0.2
1991-10-18;15.8
1991-10-19;4.2
1991-10-20;20.2
1991-10-21;0.0
1991-10-22;0.0
1991-10-23;0.0
1991-10-24;0.0
1991-10-25;0.0
1991-10-26;0.0
1991-10-27;0.0
1991-10-28;5.6
1991-10-29;5.2
1991-10-30;0.0
1991-10-31;1.8
1991-11-01;0.8
1991-11-02;0.0
1991-11-03;13.8
1991-11-04;10.8
1991-11-05;4.4
1991-11-06;13.8
1991-11-07;0.4
1991-11-08;0.0
1991-11-09;0.0
1991-11-10;13.8
1991-11-11;0.0
1991-11-12;0.0
1991-11-13;1.4
1991-11-14;15.8
1991-11-15;1.6
1991-11-16;74.0
1991-11-17;5.2
1991-11-18;0.2
1991-11-19;6.8
1991-11-20;27.8
1991-11-21;12.6
1991-11-22;4.8
1991-11-23;0.0
1991-11-24;1.6
1991-11-25;7.0
1991-11-26;0.0
1991-11-27;0.0
1991-11-28;0.0
1991-11-29;0.0
1991-11-30;0.0
1991-12-01;0.0
1991-12-02;0.0
1991-12-03;0.0
1991-12-04;0.0
1991-12-05;0.0
1991-12-06;0.0
1991-12-07;0.0
1991-12-08;0.0
1991-12-09;0.0
1991-12-10;0.0
1991-12-11;0.0
1991-12-12;0.0
1991-12-13;0.0
1991-12-14;0.0
1991-12-15;0.0
1991-12-16;0.0
1991-12-17;0.0
1991-12-18;0.2
1991-12-19;5.6
1991-12-20;0.0
1991-12-21;16.6
1991-12-22;0.0
1991-12-23;0.0
1991-12-24;0.0
1991-12-25;0.0
1991-12-26;0.0
1991-12-27;0.0
1991-12-28;0.0
1991-12-29;0.0
1991-12-30;0.0
1991-12-31;0.0
1992-01-01;0.0
1992-01-02;0.0
1992-01-03;0.0
1992-01-04;0.0
1992-01-05;1.6
1992-01-06;0.0
1992-01-07;0.0
1992-01-08;0.0
1992-01-09;0.6
1992-01-10;11.2
1992-01-11;6.0
1992-01-12;0.0
1992-01-13;0.0
1992-01-14;0.0
1992-01-15;0.0
1992-01-16;0.0
1992-01-17;0.0
1992-01-18;0.0
1992-01-19;0.0
1992-01-20;0.0
1992-01-21;4.0
1992-01-22;0.0
1992-01-23;0.0
1992-01-24;4.6
1992-01-25;2.0
1992-01-26;0.0
1992-01-27;0.0
1992-01-28;0.0
1992-01-29;0.0
1992-01-30;0.0
1992-01-31;0.0
1992-02-01;0.0
1992-02-02;0.0
1992-02-03;0.0
1992-02-04;0.0
1992-02-05;0.0
1992-02-06;0.0
1992-02-07;0.0
1992-02-08;0.0
1992-02-09;0.0
1992-02-10;0.0
1992-02-11;18.6
1992-02-12;13.0
1992-02-13;1.6
1992-02-14;10.2
1992-02-15;3.6
1992-02-16;0.0
1992-02-17;2.4
1992-02-18;0.0
1992-02-19;0.0
1992-02-20;0.0
1992-02-21;0.0
1992-02-22;0.0
1992-02-23;0.0
1992-02-24;0.0
1992-02-25;0.0
1992-02-26;0.0
1992-02-27;0.0
1992-02-28;0.0
1992-02-29;0.0
1992-03-01;0.0
1992-03-02;0.0
1992-03-03;0.0
1992-03-04;0.0
1992-03-05;0.0
1992-03-06;0.0
1992-03-07;0.0
1992-03-08;0.0
1992-03-09;0.0
1992-03-10;0.0
1992-03-11;0.0
1992-03-12;0.0
1992-03-13;0.6
1992-03-14;0.2
1992-03-15;0.0
1992-03-16;0.0
1992-03-17;0.0
1992-03-18;0.0
1992-03-19;0.0
1992-03-20;0.0
1992-03-21;0.0
1992-03-22;0.0
1992-03-23;0.0
1992-03-24;58.0
1992-03-25;10.0
1992-03-26;0.2
1992-03-27;18.8
1992-03-28;7.8
1992-03-29;9.2
1992-03-30;6.4
1992-03-31;3.4
1992-04-01;15.4
1992-04-02;29.0
1992-04-03;13.6
1992-04-04;1.2
1992-04-05;3.2
1992-04-06;22.0
1992-04-07;16.2
1992-04-08;18.2
1992-04-09;1.2
1992-04-10;0.0
1992-04-11;0.0
1992-04-12;0.0
1992-04-13;0.0
1992-04-14;0.0
1992-04-15;0.0
1992-04-16;11.6
1992-04-17;0.6
1992-04-18;0.0
1992-04-19;0.0
1992-04-20;0.0
1992-04-21;0.0
1992-04-22;0.0
1992-04-23;0.0
1992-04-24;0.0
1992-04-25;0.0
1992-04-26;0.0
1992-04-27;0.0
1992-04-28;0.0
1992-04-29;1.0
1992-04-30;10.0
1992-05-01;6.4
1992-05-02;0.0
1992-05-03;0.0
1992-05-04;0.0
1992-05-05;0.0
1992-05-06;0.0
1992-05-07;0.0
1992-05-08;0.0
1992-05-09;0.0
1992-05-10;0.0
1992-05-11;0.0
1992-05-12;0.0
1992-05-13;0.0
1992-05-14;0.0
1992-05-15;0.0
1992-05-16;0.0
1992-05-17;0.0
1992-05-18;0.0
1992-05-19;1.6
1992-05-20;0.0
1992-05-21;0.5
1992-05-22;8.0
1992-05-23;9.0
1992-05-24;0.0
1992-05-25;0.0
1992-05-26;0.0
1992-05-27;0.0
1992-05-28;0.0
1992-05-29;0.0
1992-05-30;31.0
1992-05-31;0.0
1992-06-01;2.6
1992-06-02;0.0
1992-06-03;1.0
1992-06-04;0.0
1992-06-05;5.6
1992-06-06;5.2
1992-06-07;8.4
1992-06-08;35.0
1992-06-09;5.2
1992-06-10;0.0
1992-06-11;8.0
1992-06-12;3.4
1992-06-13;18.6
1992-06-14;6.4
1992-06-15;0.0
1992-06-16;0.0
1992-06-17;0.0
1992-06-18;0.0
1992-06-19;0.0
1992-06-20;1.4
1992-06-21;0.0
1992-06-22;0.0
1992-06-23;2.4
1992-06-24;0.0
1992-06-25;0.6
1992-06-26;0.0
1992-06-27;0.0
1992-06-28;0.0
1992-06-29;0.0
1992-06-30;0.0
1992-07-01;0.0
1992-07-02;1.8
1992-07-03;0.0
1992-07-04;0.0
1992-07-05;26.2
1992-07-06;7.0
1992-07-07;6.2
1992-07-08;0.0
1992-07-09;0.6
1992-07-10;4.2
1992-07-11;0.4
1992-07-12;33.8
1992-07-13;0.0
1992-07-14;0.0
1992-07-15;0.0
1992-07-16;0.0
1992-07-17;0.0
1992-07-18;0.0
1992-07-19;0.0
1992-07-20;0.0
1992-07-21;0.0
1992-07-22;0.0
1992-07-23;0.0
1992-07-24;0.0
1992-07-25;0.0
1992-07-26;0.0
1992-07-27;0.0
1992-07-28;0.0
1992-07-29;0.0
1992-07-30;0.0
1992-07-31;0.0
1992-08-01;0.0
1992-08-02;0.0
1992-08-03;0.0
1992-08-04;0.0
1992-08-05;0.0
1992-08-06;0.0
1992-08-07;0.0
1992-08-08;0.0
1992-08-09;0.0
1992-08-10;0.0
1992-08-11;0.6
1992-08-12;0.0
1992-08-13;0.0
1992-08-14;0.0
1992-08-15;0.0
1992-08-16;0.0
1992-08-17;0.0
1992-08-18;0.0
1992-08-19;0.0
1992-08-20;0.0
1992-08-21;0.0
1992-08-22;0.0
1992-08-23;0.4
1992-08-24;0.0
1992-08-25;0.0
1992-08-26;0.0
1992-08-27;0.0
1992-08-28;0.0
1992-08-29;0.0
1992-08-30;19.4
1992-08-31;11.2
1992-09-01;10.0
1992-09-02;0.0
1992-09-03;0.0
1992-09-04;0.4
1992-09-05;0.6
1992-09-06;0.0
1992-09-07;0.0
1992-09-08;0.0
1992-09-09;0.0
1992-09-10;0.0
1992-09-11;0.2
1992-09-12;0.0
1992-09-13;0.0
1992-09-14;0.0
1992-09-15;0.0
1992-09-16;0.0
1992-09-17;0.0
1992-09-18;0.0
1992-09-19;0.0
1992-09-20;0.0
1992-09-21;0.0
1992-09-22;0.0
1992-09-23;0.0
1992-09-24;6.4
1992-09-25;0.0
1992-09-26;0.0
1992-09-27;0.0
1992-09-28;24.8
1992-09-29;0.0
1992-09-30;0.0
1992-10-01;0.0
1992-10-02;0.6
1992-10-03;13.8
1992-10-04;47.6
1992-10-05;5.2
1992-10-06;2.6
1992-10-07;24.0
1992-10-08;5.8
1992-10-09;0.0
1992-10-10;1.4
1992-10-11;39.8
1992-10-12;5.4
1992-10-13;0.2
1992-10-14;0.2
1992-10-15;0.0
1992-10-16;15.0
1992-10-17;64.6
1992-10-18;48.8
1992-10-19;0.0
1992-10-20;58.2
1992-10-21;39.8
1992-10-22;9.4
1992-10-23;4.6
1992-10-24;8.4
1992-10-25;9.4
1992-10-26;11.2
1992-10-27;0.8
1992-10-28;24.0
1992-10-29;6.4
1992-10-30;4.0
1992-10-31;83.0
1992-11-01;21.4
1992-11-02;2.4
1992-11-03;0.0
1992-11-04;0.0
1992-11-05;0.2
1992-11-06;0.0
1992-11-07;0.0
1992-11-08;0.0
1992-11-09;0.0
1992-11-10;0.0
1992-11-11;9.0
1992-11-12;12.8
1992-11-13;2.2
1992-11-14;24.2
1992-11-15;0.2
1992-11-16;3.2
1992-11-17;43.8
1992-11-18;7.8
1992-11-19;0.0
1992-11-20;0.0
1992-11-21;0.0
1992-11-22;2.8
1992-11-23;0.8
1992-11-24;0.0
1992-11-25;0.0
1992-11-26;0.8
1992-11-27;0.4
1992-11-28;0.0
1992-11-29;0.2
1992-11-30;1.6
1992-12-01;0.0
1992-12-02;0.4
1992-12-03;0.0
1992-12-04;28.4
1992-12-05;2.4
1992-12-06;74.4
1992-12-07;0.0
1992-12-08;37.6
1992-12-09;16.4
1992-12-10;0.8
1992-12-11;0.0
1992-12-12;0.0
1992-12-13;0.4
1992-12-14;0.0
1992-12-15;0.4
1992-12-16;0.2
1992-12-17;0.0
1992-12-18;0.0
1992-12-19;0.0
1992-12-20;1.4
1992-12-21;0.0
1992-12-22;0.6
1992-12-23;0.0
1992-12-24;0.0
1992-12-25;0.0
1992-12-26;0.0
1992-12-27;0.0
1992-12-28;0.0
1992-12-29;0.0
1992-12-30;0.0
1992-12-31;0.4
1993-01-01;0.0
1993-01-02;0.0
1993-01-03;0.0
1993-01-04;0.0
1993-01-05;0.0
1993-01-06;0.0
1993-01-07;0.0
1993-01-08;0.0
1993-01-09;0.0
1993-01-10;0.0
1993-01-11;1.2
1993-01-12;0.0
1993-01-13;0.0
1993-01-14;0.0
1993-01-15;0.4
1993-01-16;0.0
1993-01-17;0.0
1993-01-18;0.0
1993-01-19;1.8
1993-01-20;0.0
1993-01-21;0.0
1993-01-22;0.0
1993-01-23;0.0
1993-01-24;0.0
1993-01-25;4.0
1993-01-26;0.0
1993-01-27;0.0
1993-01-28;0.0
1993-01-29;0.2
1993-01-30;0.2
1993-01-31;0.0
1993-02-01;0.0
1993-02-02;0.0
1993-02-03;0.0
1993-02-04;0.0
1993-02-05;0.0
1993-02-06;0.0
1993-02-07;0.0
1993-02-08;0.0
1993-02-09;0.0
1993-02-10;0.0
1993-02-11;0.0
1993-02-12;0.0
1993-02-13;0.0
1993-02-14;0.0
1993-02-15;0.0
1993-02-16;0.0
1993-02-17;0.0
1993-02-18;0.0
1993-02-19;0.0
1993-02-20;0.0
1993-02-21;0.0
1993-02-22;0.8
1993-02-23;0.0
1993-02-24;0.0
1993-02-25;0.0
1993-02-26;0.0
1993-02-27;0.0
1993-02-28;0.0
1993-03-01;0.0
1993-03-02;8.2
1993-03-03;11.4
1993-03-04;0.0
1993-03-05;0.8
1993-03-06;0.0
1993-03-07;0.0
1993-03-08;0.0
1993-03-09;0.0
1993-03-10;0.0
1993-03-11;0.0
1993-03-12;0.0
1993-03-13;0.0
1993-03-14;0.0
1993-03-15;0.0
1993-03-16;0.0
1993-03-17;0.0
1993-03-18;0.0
1993-03-19;0.0
1993-03-20;0.0
1993-03-21;0.0
1993-03-22;0.0
1993-03-23;0.0
1993-03-24;0.2
1993-03-25;33.8
1993-03-26;16.4
1993-03-27;0.0
1993-03-28;0.0
1993-03-29;0.0
1993-03-30;0.0
1993-03-31;0.0
1993-04-01;0.0
1993-04-02;0.0
1993-04-03;11.0
1993-04-04;0.0
1993-04-05;8.0
1993-04-06;0.0
1993-04-07;1.2
1993-04-08;0.2
1993-04-09;0.0
1993-04-10;0.2
1993-04-11;38.6
1993-04-12;4.4
1993-04-13;10.0
1993-04-14;15.4
1993-04-15;5.8
1993-04-16;0.2
1993-04-17;1.8
1993-04-18;0.0
1993-04-19;0.0
1993-04-20;0.0
1993-04-21;0.0
1993-04-22;0.0
1993-04-23;0.0
1993-04-24;0.0
1993-04-25;0.0
1993-04-26;6.4
1993-04-27;0.0
1993-04-28;0.0
1993-04-29;1.2
1993-04-30;7.8
1993-05-01;5.0
1993-05-02;0.2
1993-05-03;26.8
1993-05-04;0.0
1993-05-05;0.0
1993-05-06;0.0
1993-05-07;1.0
1993-05-08;0.0
1993-05-09;0.0
1993-05-10;0.0
1993-05-11;0.2
1993-05-12;2.4
1993-05-13;0.0
1993-05-14;0.0
1993-05-15;0.0
1993-05-16;0.0
1993-05-17;0.0
1993-05-18;0.0
1993-05-19;0.0
1993-05-20;0.0
1993-05-21;0.0
1993-05-22;0.0
1993-05-23;0.0
1993-05-24;0.0
1993-05-25;0.0
1993-05-26;0.0
1993-05-27;0.4
1993-05-28;0.0
1993-05-29;0.0
1993-05-30;0.0
1993-05-31;0.0
1993-06-01;0.0
1993-06-02;0.0
1993-06-03;0.0
1993-06-04;0.8
1993-06-05;0.0
1993-06-06;0.0
1993-06-07;0.0
1993-06-08;0.0
1993-06-09;0.0
1993-06-10;2.0
1993-06-11;0.0
1993-06-12;6.8
1993-06-13;0.0
1993-06-14;2.6
1993-06-15;0.0
1993-06-16;0.0
1993-06-17;0.0
1993-06-18;0.0
1993-06-19;0.0
1993-06-20;0.0
1993-06-21;0.0
1993-06-22;0.0
1993-06-23;9.4
1993-06-24;5.0
1993-06-25;0.0
1993-06-26;0.0
1993-06-27;0.0
1993-06-28;0.0
1993-06-29;0.0
1993-06-30;0.2
1993-07-01;0.2
1993-07-02;0.0
1993-07-03;0.0
1993-07-04;0.0
1993-07-05;0.0
1993-07-06;0.0
1993-07-07;0.8
1993-07-08;0.0
1993-07-09;0.0
1993-07-10;0.0
1993-07-11;1.6
1993-07-12;0.0
1993-07-13;7.4
1993-07-14;0.0
1993-07-15;0.0
1993-07-16;0.0
1993-07-17;0.0
1993-07-18;0.0
1993-07-19;0.0
1993-07-20;0.0
1993-07-21;0.0
1993-07-22;0.0
1993-07-23;0.0
1993-07-24;0.0
1993-07-25;0.0
1993-07-26;0.0
1993-07-27;0.0
1993-07-28;0.0
1993-07-29;0.0
1993-07-30;0.0
1993-07-31;0.0
1993-08-01;0.0
1993-08-02;0.0
1993-08-03;0.0
1993-08-04;0.0
1993-08-05;0.0
1993-08-06;0.0
1993-08-07;0.0
1993-08-08;0.8
1993-08-09;2.2
1993-08-10;0.0
1993-08-11;0.0
1993-08-12;0.0
1993-08-13;0.0
1993-08-14;0.0
1993-08-15;0.0
1993-08-16;4.8
1993-08-17;0.0
1993-08-18;0.0
1993-08-19;0.0
1993-08-20;0.0
1993-08-21;0.0
1993-08-22;0.0
1993-08-23;0.0
1993-08-24;2.4
1993-08-25;0.0
1993-08-26;0.0
1993-08-27;0.0
1993-08-28;47.6
1993-08-29;0.2
1993-08-30;0.0
1993-08-31;0.0
1993-09-01;0.0
1993-09-02;0.0
1993-09-03;0.0
1993-09-04;4.8
1993-09-05;3.8
1993-09-06;0.0
1993-09-07;0.0
1993-09-08;3.4
1993-09-09;0.0
1993-09-10;11.6
1993-09-11;0.0
1993-09-12;1.6
1993-09-13;0.0
1993-09-14;7.4
1993-09-15;0.0
1993-09-16;0.4
1993-09-17;6.0
1993-09-18;0.2
1993-09-19;0.0
1993-09-20;0.0
1993-09-21;0.0
1993-09-22;0.0
1993-09-23;0.0
1993-09-24;6.0
1993-09-25;52.4
1993-09-26;17.8
1993-09-27;4.2
1993-09-28;17.0
1993-09-29;10.2
1993-09-30;0.0
1993-10-01;13.0
1993-10-02;31.6
1993-10-03;45.2
1993-10-04;0.0
1993-10-05;0.2
1993-10-06;0.4
1993-10-07;18.4
1993-10-08;6.2
1993-10-09;37.0
1993-10-10;0.0
1993-10-11;0.8
1993-10-12;0.0
1993-10-13;6.4
1993-10-14;21.2
1993-10-15;8.0
1993-10-16;22.0
1993-10-17;0.6
1993-10-18;2.2
1993-10-19;0.0
1993-10-20;0.0
1993-10-21;1.8
1993-10-22;30.4
1993-10-23;0.0
1993-10-24;8.0
1993-10-25;10.0
1993-10-26;0.0
1993-10-27;0.0
1993-10-28;0.0
1993-10-29;0.0
1993-10-30;0.0
1993-10-31;0.0
1993-11-01;0.0
1993-11-02;7.2
1993-11-03;7.4
1993-11-04;0.0
1993-11-05;1.6
1993-11-06;8.6
1993-11-07;18.4
1993-11-08;32.8
1993-11-09;0.2
1993-11-10;3.2
1993-11-11;1.2
1993-11-12;11.4
1993-11-13;25.6
1993-11-14;0.0
1993-11-15;9.8
1993-11-16;4.4
1993-11-17;0.0
1993-11-18;0.0
1993-11-19;0.0
1993-11-20;0.0
1993-11-21;0.0
1993-11-22;0.0
1993-11-23;3.4
1993-11-24;0.0
1993-11-25;0.0
1993-11-26;0.0
1993-11-27;2.2
1993-11-28;0.0
1993-11-29;0.4
1993-11-30;3.0
1993-12-01;0.0
1993-12-02;25.2
1993-12-03;0.0
1993-12-04;0.0
1993-12-05;0.0
1993-12-06;0.0
1993-12-07;0.0
1993-12-08;5.0
1993-12-09;8.4
1993-12-10;0.6
1993-12-11;2.0
1993-12-12;8.8
1993-12-13;0.0
1993-12-14;2.0
1993-12-15;12.6
1993-12-16;4.2
1993-12-17;19.6
1993-12-18;0.0
1993-12-19;0.2
1993-12-20;2.6
1993-12-21;10.4
1993-12-22;0.0
1993-12-23;0.4
1993-12-24;13.0
1993-12-25;13.6
1993-12-26;22.0
1993-12-27;8.0
1993-12-28;0.0
1993-12-29;0.0
1993-12-30;0.0
1993-12-31;0.0
1994-01-01;0.4
1994-01-02;42.8
1994-01-03;1.0
1994-01-04;0.0
1994-01-05;10.4
1994-01-06;0.4
1994-01-07;0.0
1994-01-08;0.0
1994-01-09;0.0
1994-01-10;0.0
1994-01-11;3.8
1994-01-12;2.2
1994-01-13;0.0
1994-01-14;0.0
1994-01-15;4.4
1994-01-16;19.6
1994-01-17;0.6
1994-01-18;9.4
1994-01-19;0.0
1994-01-20;0.0
1994-01-21;0.2
1994-01-22;0.0
1994-01-23;0.0
1994-01-24;0.0
1994-01-25;0.0
1994-01-26;0.0
1994-01-27;0.0
1994-01-28;0.0
1994-01-29;0.8
1994-01-30;0.0
1994-01-31;0.0
1994-02-01;0.0
1994-02-02;0.0
1994-02-03;0.0
1994-02-04;0.0
1994-02-05;3.4
1994-02-06;2.0
1994-02-07;5.4
1994-02-08;0.0
1994-02-09;0.0
1994-02-10;0.0
1994-02-11;0.0
1994-02-12;0.0
1994-02-13;0.0
1994-02-14;0.0
1994-02-15;0.0
1994-02-16;3.0
1994-02-17;0.0
1994-02-18;0.0
1994-02-19;0.0
1994-02-20;0.0
1994-02-21;0.0
1994-02-22;0.0
1994-02-23;0.0
1994-02-24;11.2
1994-02-25;3.4
1994-02-26;0.0
1994-02-27;0.0
1994-02-28;0.0
1994-03-01;0.0
1994-03-02;1.8
1994-03-03;0.0
1994-03-04;0.0
1994-03-05;0.0
1994-03-06;0.0
1994-03-07;0.0
1994-03-08;0.0
1994-03-09;0.0
1994-03-10;0.0
1994-03-11;0.0
1994-03-12;0.0
1994-03-13;0.0
1994-03-14;0.0
1994-03-15;0.0
1994-03-16;0.0
1994-03-17;0.0
1994-03-18;0.0
1994-03-19;0.0
1994-03-20;0.0
1994-03-21;0.0
1994-03-22;0.0
1994-03-23;0.0
1994-03-24;0.0
1994-03-25;0.0
1994-03-26;0.0
1994-03-27;0.0
1994-03-28;0.0
1994-03-29;0.0
1994-03-30;0.0
1994-03-31;0.0
1994-04-01;0.0
1994-04-02;11.6
1994-04-03;4.4
1994-04-04;3.4
1994-04-05;0.0
1994-04-06;4.6
1994-04-07;0.0
1994-04-08;20.8
1994-04-09;0.0
1994-04-10;16.0
1994-04-11;5.0
1994-04-12;0.0
1994-04-13;5.2
1994-04-14;0.0
1994-04-15;1.6
1994-04-16;3.0
1994-04-17;11.8
1994-04-18;16.4
1994-04-19;1.8
1994-04-20;16.6
1994-04-21;0.0
1994-04-22;7.0
1994-04-23;3.0
1994-04-24;0.0
1994-04-25;7.4
1994-04-26;6.0
1994-04-27;0.0
1994-04-28;0.0
1994-04-29;2.2
1994-04-30;0.0
1994-05-01;0.0
1994-05-02;1.8
1994-05-03;0.0
1994-05-04;0.0
1994-05-05;0.0
1994-05-06;0.0
1994-05-07;0.0
1994-05-08;0.0
1994-05-09;1.2
1994-05-10;2.4
1994-05-11;0.0
1994-05-12;0.0
1994-05-13;14.2
1994-05-14;0.8
1994-05-15;0.0
1994-05-16;0.0
1994-05-17;0.0
1994-05-18;15.6
1994-05-19;59.6
1994-05-20;0.2
1994-05-21;5.6
1994-05-22;0.0
1994-05-23;0.0
1994-05-24;0.0
1994-05-25;0.0
1994-05-26;0.0
1994-05-27;0.0
1994-05-28;0.0
1994-05-29;0.0
1994-05-30;0.0
1994-05-31;0.0
1994-06-01;0.0
1994-06-02;0.0
1994-06-03;0.0
1994-06-04;0.0
1994-06-05;0.0
1994-06-06;0.0
1994-06-07;0.0
1994-06-08;0.0
1994-06-09;0.0
1994-06-10;7.2
1994-06-11;1.0
1994-06-12;18.4
1994-06-13;5.8
1994-06-14;0.8
1994-06-15;0.0
1994-06-16;0.0
1994-06-17;0.0
1994-06-18;0.0
1994-06-19;0.0
1994-06-20;0.0
1994-06-21;0.0
1994-06-22;0.0
1994-06-23;0.0
1994-06-24;0.0
1994-06-25;0.0
1994-06-26;0.0
1994-06-27;2.6
1994-06-28;36.6
1994-06-29;7.0
1994-06-30;0.0
1994-07-01;0.0
1994-07-02;0.0
1994-07-03;0.0
1994-07-04;0.0
1994-07-05;0.0
1994-07-06;0.0
1994-07-07;0.0
1994-07-08;0.0
1994-07-09;1.0
1994-07-10;0.0
1994-07-11;0.0
1994-07-12;0.0
1994-07-13;0.0
1994-07-14;0.0
1994-07-15;0.0
1994-07-16;0.0
1994-07-17;0.0
1994-07-18;0.0
1994-07-19;0.0
1994-07-20;2.2
1994-07-21;17.4
1994-07-22;0.0
1994-07-23;0.0
1994-07-24;0.0
1994-07-25;0.0
1994-07-26;0.0
1994-07-27;0.0
1994-07-28;0.0
1994-07-29;0.0
1994-07-30;0.0
1994-07-31;0.0
1994-08-01;0.0
1994-08-02;0.0
1994-08-03;0.0
1994-08-04;0.4
1994-08-05;0.0
1994-08-06;0.0
1994-08-07;5.0
1994-08-08;0.0
1994-08-09;0.0
1994-08-10;0.0
1994-08-11;0.0
1994-08-12;0.0
1994-08-13;0.0
1994-08-14;0.0
1994-08-15;0.0
1994-08-16;0.0
1994-08-17;0.0
1994-08-18;0.0
1994-08-19;0.0
1994-08-20;0.0
1994-08-21;0.0
1994-08-22;0.0
1994-08-23;0.0
1994-08-24;0.0
1994-08-25;2.0
1994-08-26;7.4
1994-08-27;0.0
1994-08-28;0.0
1994-08-29;0.0
1994-08-30;0.0
1994-08-31;0.0
1994-09-01;0.0
1994-09-02;25.6
1994-09-03;19.0
1994-09-04;0.0
1994-09-05;0.0
1994-09-06;0.0
1994-09-07;0.0
1994-09-08;0.0
1994-09-09;30.0
1994-09-10;0.0
1994-09-11;1.0
1994-09-12;0.0
1994-09-13;0.0
1994-09-14;2.0
1994-09-15;30.0
1994-09-16;0.0
1994-09-17;5.0
1994-09-18;2.0
1994-09-19;0.0
1994-09-20;0.0
1994-09-21;1.0
1994-09-22;15.0
1994-09-23;0.0
1994-09-24;0.0
1994-09-25;0.0
1994-09-26;0.0
1994-09-27;14.0
1994-09-28;0.0
1994-09-29;0.0
1994-09-30;0.0
1994-10-01;0.2
1994-10-02;7.2
1994-10-03;59.2
1994-10-04;7.4
1994-10-05;0.2
1994-10-06;0.0
1994-10-07;0.0
1994-10-08;0.0
1994-10-09;0.0
1994-10-10;0.0
1994-10-11;0.0
1994-10-12;0.0
1994-10-13;0.0
1994-10-14;0.0
1994-10-15;0.0
1994-10-16;0.0
1994-10-17;0.0
1994-10-18;0.0
1994-10-19;0.0
1994-10-20;0.0
1994-10-21;7.0
1994-10-22;0.0
1994-10-23;0.0
1994-10-24;15.0
1994-10-25;0.0
1994-10-26;0.6
1994-10-27;2.0
1994-10-28;1.6
1994-10-29;30.0
1994-10-30;0.2
1994-10-31;0.8
1994-11-01;2.4
1994-11-02;0.0
1994-11-03;0.0
1994-11-04;0.6
1994-11-05;0.0
1994-11-06;30.0
1994-11-07;54.4
1994-11-08;4.0
1994-11-09;0.0
1994-11-10;12.0
1994-11-11;2.0
1994-11-12;0.6
1994-11-13;0.0
1994-11-14;0.0
1994-11-15;0.0
1994-11-16;0.6
1994-11-17;5.8
1994-11-18;0.0
1994-11-19;0.0
1994-11-20;0.0
1994-11-21;0.0
1994-11-22;0.0
1994-11-23;0.0
1994-11-24;0.0
1994-11-25;0.0
1994-11-26;0.0
1994-11-27;0.0
1994-11-28;0.0
1994-11-29;0.0
1994-11-30;0.0
1994-12-01;0.0
1994-12-02;0.0
1994-12-03;0.0
1994-12-04;0.0
1994-12-05;0.4
1994-12-06;11.0
1994-12-07;0.2
1994-12-08;0.0
1994-12-09;1.6
1994-12-10;9.4
1994-12-11;0.0
1994-12-12;0.0
1994-12-13;0.0
1994-12-14;0.0
1994-12-15;0.0
1994-12-16;0.0
1994-12-17;0.0
1994-12-18;0.0
1994-12-19;0.4
1994-12-20;8.8
1994-12-21;0.2
1994-12-22;0.0
1994-12-23;0.2
1994-12-24;8.0
1994-12-25;1.0
1994-12-26;0.0
1994-12-27;1.0
1994-12-28;0.4
1994-12-29;0.0
1994-12-30;0.4
1994-12-31;1.0
1995-01-01;14.6
1995-01-02;10.0
1995-01-03;0.0
1995-01-04;1.4
1995-01-05;0.0
1995-01-06;0.0
1995-01-07;0.0
1995-01-08;0.0
1995-01-09;0.0
1995-01-10;0.0
1995-01-11;0.0
1995-01-12;0.0
1995-01-13;0.0
1995-01-14;0.0
1995-01-15;0.0
1995-01-16;0.0
1995-01-17;0.0
1995-01-18;0.0
1995-01-19;16.8
1995-01-20;0.8
1995-01-21;5.8
1995-01-22;8.0
1995-01-23;0.2
1995-01-24;1.4
1995-01-25;5.4
1995-01-26;0.4
1995-01-27;10.2
1995-01-28;0.6
1995-01-29;2.0
1995-01-30;0.2
1995-01-31;26.4
1995-02-01;0.0
1995-02-02;0.0
1995-02-03;0.0
1995-02-04;0.0
1995-02-05;0.0
1995-02-06;0.0
1995-02-07;0.0
1995-02-08;3.0
1995-02-09;0.2
1995-02-10;11.0
1995-02-11;0.0
1995-02-12;16.2
1995-02-13;0.0
1995-02-14;26.6
1995-02-15;10.0
1995-02-16;2.0
1995-02-17;15.0
1995-02-18;3.0
1995-02-19;20.0
1995-02-20;0.0
1995-02-21;0.0
1995-02-22;0.0
1995-02-23;1.4
1995-02-24;18.0
1995-02-25;21.0
1995-02-26;10.0
1995-02-27;20.0
1995-02-28;0.0
1995-03-01;0.0
1995-03-02;13.4
1995-03-03;8.6
1995-03-04;11.4
1995-03-05;0.4
1995-03-06;3.8
1995-03-07;10.8
1995-03-08;0.4
1995-03-09;23.8
1995-03-10;4.2
1995-03-11;0.0
1995-03-12;0.0
1995-03-13;0.0
1995-03-14;0.0
1995-03-15;0.0
1995-03-16;6.8
1995-03-17;1.6
1995-03-18;1.8
1995-03-19;0.0
1995-03-20;3.0
1995-03-21;0.2
1995-03-22;0.0
1995-03-23;0.0
1995-03-24;0.0
1995-03-25;0.0
1995-03-26;0.0
1995-03-27;0.8
1995-03-28;16.8
1995-03-29;9.0
1995-03-30;1.4
1995-03-31;0.0
1995-04-01;0.0
1995-04-02;0.0
1995-04-03;0.0
1995-04-04;0.0
1995-04-05;0.0
1995-04-06;0.0
1995-04-07;0.0
1995-04-08;0.0
1995-04-09;0.0
1995-04-10;0.0
1995-04-11;0.0
1995-04-12;0.0
1995-04-13;0.8
1995-04-14;4.2
1995-04-15;0.0
1995-04-16;0.0
1995-04-17;0.0
1995-04-18;0.0
1995-04-19;0.0
1995-04-20;0.0
1995-04-21;6.6
1995-04-22;0.0
1995-04-23;9.6
1995-04-24;5.4
1995-04-25;12.8
1995-04-26;6.2
1995-04-27;6.8
1995-04-28;2.4
1995-04-29;0.0
1995-04-30;0.0
1995-05-01;2.8
1995-05-02;0.0
1995-05-03;0.0
1995-05-04;0.0
1995-05-05;0.0
1995-05-06;0.0
1995-05-07;0.0
1995-05-08;0.0
1995-05-09;0.0
1995-05-10;0.0
1995-05-11;0.0
1995-05-12;11.6
1995-05-13;47.2
1995-05-14;8.6
1995-05-15;16.8
1995-05-16;0.8
1995-05-17;14.8
1995-05-18;0.4
1995-05-19;14.4
1995-05-20;0.0
1995-05-21;0.0
1995-05-22;0.0
1995-05-23;0.0
1995-05-24;0.0
1995-05-25;0.0
1995-05-26;0.0
1995-05-27;1.2
1995-05-28;0.0
1995-05-29;0.0
1995-05-30;0.0
1995-05-31;0.0
1995-06-01;2.0
1995-06-02;1.0
1995-06-03;10.0
1995-06-04;0.0
1995-06-05;0.6
1995-06-06;15.0
1995-06-07;6.4
1995-06-08;0.0
1995-06-09;0.0
1995-06-10;0.0
1995-06-11;21.6
1995-06-12;2.2
1995-06-13;8.0
1995-06-14;0.0
1995-06-15;0.0
1995-06-16;0.0
1995-06-17;0.0
1995-06-18;0.0
1995-06-19;0.0
1995-06-20;0.0
1995-06-21;0.0
1995-06-22;0.0
1995-06-23;24.4
1995-06-24;45.0
1995-06-25;0.4
1995-06-26;0.0
1995-06-27;0.0
1995-06-28;0.0
1995-06-29;0.0
1995-06-30;0.0
1995-07-01;0.0
1995-07-02;0.0
1995-07-03;0.0
1995-07-04;0.0
1995-07-05;0.2
1995-07-06;0.2
1995-07-07;0.0
1995-07-08;0.0
1995-07-09;0.0
1995-07-10;0.0
1995-07-11;0.0
1995-07-12;26.2
1995-07-13;0.2
1995-07-14;1.4
1995-07-15;0.0
1995-07-16;0.0
1995-07-17;0.0
1995-07-18;1.2
1995-07-19;0.0
1995-07-20;0.0
1995-07-21;0.0
1995-07-22;0.0
1995-07-23;0.0
1995-07-24;0.0
1995-07-25;0.0
1995-07-26;0.0
1995-07-27;0.0
1995-07-28;0.0
1995-07-29;0.0
1995-07-30;0.0
1995-07-31;0.0
1995-08-01;0.0
1995-08-02;0.0
1995-08-03;1.8
1995-08-04;0.0
1995-08-05;0.0
1995-08-06;0.0
1995-08-07;0.0
1995-08-08;0.0
1995-08-09;6.4
1995-08-10;0.0
1995-08-11;0.0
1995-08-12;0.0
1995-08-13;0.0
1995-08-14;0.0
1995-08-15;0.0
1995-08-16;0.0
1995-08-17;0.2
1995-08-18;0.6
1995-08-19;1.8
1995-08-20;4.4
1995-08-21;0.0
1995-08-22;6.4
1995-08-23;1.8
1995-08-24;0.0
1995-08-25;1.0
1995-08-26;2.4
1995-08-27;0.0
1995-08-28;0.0
1995-08-29;9.0
1995-08-30;0.0
1995-08-31;0.0
1995-09-01;0.0
1995-09-02;0.0
1995-09-03;0.0
1995-09-04;0.0
1995-09-05;0.4
1995-09-06;0.8
1995-09-07;0.4
1995-09-08;0.2
1995-09-09;1.0
1995-09-10;0.0
1995-09-11;0.0
1995-09-12;0.0
1995-09-13;19.0
1995-09-14;18.6
1995-09-15;0.4
1995-09-16;5.2
1995-09-17;10.0
1995-09-18;2.4
1995-09-19;14.2
1995-09-20;1.0
1995-09-21;7.2
1995-09-22;1.8
1995-09-23;1.2
1995-09-24;0.0
1995-09-25;0.0
1995-09-26;0.0
1995-09-27;0.0
1995-09-28;0.0
1995-09-29;0.0
1995-09-30;0.0
1995-10-01;0.0
1995-10-02;0.0
1995-10-03;0.0
1995-10-04;0.4
1995-10-05;1.0
1995-10-06;12.2
1995-10-07;0.0
1995-10-08;0.0
1995-10-09;0.0
1995-10-10;0.0
1995-10-11;0.0
1995-10-12;0.0
1995-10-13;0.0
1995-10-14;0.0
1995-10-15;0.0
1995-10-16;0.0
1995-10-17;0.0
1995-10-18;0.0
1995-10-19;0.0
1995-10-20;0.0
1995-10-21;0.0
1995-10-22;0.0
1995-10-23;0.0
1995-10-24;0.0
1995-10-25;0.0
1995-10-26;0.0
1995-10-27;0.0
1995-10-28;0.0
1995-10-29;0.0
1995-10-30;19.4
1995-10-31;0.0
1995-11-01;0.0
1995-11-02;5.0
1995-11-03;30.2
1995-11-04;0.0
1995-11-05;0.0
1995-11-06;0.0
1995-11-07;0.0
1995-11-08;0.0
1995-11-09;0.0
1995-11-10;3.0
1995-11-11;1.4
1995-11-12;0.0
1995-11-13;0.0
1995-11-14;0.2
1995-11-15;0.0
1995-11-16;2.4
1995-11-17;5.0
1995-11-18;8.4
1995-11-19;0.0
1995-11-20;0.0
1995-11-21;0.0
1995-11-22;0.0
1995-11-23;0.0
1995-11-24;0.0
1995-11-25;0.0
1995-11-26;0.0
1995-11-27;7.0
1995-11-28;13.8
1995-11-29;0.0
1995-11-30;0.0
1995-12-01;0.0
1995-12-02;0.0
1995-12-03;0.0
1995-12-04;0.0
1995-12-05;0.0
1995-12-06;0.0
1995-12-07;0.0
1995-12-08;0.0
1995-12-09;0.0
1995-12-10;0.0
1995-12-11;0.0
1995-12-12;0.0
1995-12-13;0.0
1995-12-14;0.0
1995-12-15;19.0
1995-12-16;2.0
1995-12-17;0.0
1995-12-18;0.0
1995-12-19;0.0
1995-12-20;0.0
1995-12-21;0.8
1995-12-22;1.8
1995-12-23;6.0
1995-12-24;5.0
1995-12-25;10.0
1995-12-26;16.6
1995-12-27;20.0
1995-12-28;1.0
1995-12-29;1.4
1995-12-30;0.0
1995-12-31;39.0
1996-01-01;8.4
1996-01-02;0.2
1996-01-03;0.0
1996-01-04;0.0
1996-01-05;0.0
1996-01-06;24.6
1996-01-07;4.0
1996-01-08;40.2
1996-01-09;0.0
1996-01-10;0.0
1996-01-11;0.0
1996-01-12;0.0
1996-01-13;0.0
1996-01-14;0.0
1996-01-15;0.0
1996-01-16;0.0
1996-01-17;0.0
1996-01-18;0.0
1996-01-19;0.0
1996-01-20;0.0
1996-01-21;0.0
1996-01-22;1.4
1996-01-23;0.0
1996-01-24;12.4
1996-01-25;8.6
1996-01-26;0.0
1996-01-27;6.0
1996-01-28;0.0
1996-01-29;0.0
1996-01-30;0.0
1996-01-31;0.0
1996-02-01;0.0
1996-02-02;2.8
1996-02-03;16.4
1996-02-04;17.4
1996-02-05;17.6
1996-02-06;6.0
1996-02-07;0.0
1996-02-08;0.0
1996-02-09;0.0
1996-02-10;0.0
1996-02-11;0.0
1996-02-12;1.6
1996-02-13;14.8
1996-02-14;0.0
1996-02-15;0.0
1996-02-16;0.0
1996-02-17;0.0
1996-02-18;0.0
1996-02-19;2.8
1996-02-20;43.2
1996-02-21;6.8
1996-02-22;7.8
1996-02-23;0.2
1996-02-24;0.0
1996-02-25;0.0
1996-02-26;0.0
1996-02-27;0.0
1996-02-28;0.0
1996-02-29;0.0
1996-03-01;0.0
1996-03-02;0.0
1996-03-03;0.0
1996-03-04;0.0
1996-03-05;0.0
1996-03-06;0.0
1996-03-07;0.0
1996-03-08;0.0
1996-03-09;0.0
1996-03-10;0.0
1996-03-11;0.0
1996-03-12;0.0
1996-03-13;1.4
1996-03-14;0.0
1996-03-15;0.0
1996-03-16;1.2
1996-03-17;0.4
1996-03-18;0.0
1996-03-19;0.0
1996-03-20;0.0
1996-03-21;0.0
1996-03-22;0.0
1996-03-23;0.0
1996-03-24;0.0
1996-03-25;0.0
1996-03-26;0.0
1996-03-27;1.8
1996-03-28;0.8
1996-03-29;0.0
1996-03-30;6.6
1996-03-31;3.4
1996-04-01;1.8
1996-04-02;53.4
1996-04-03;12.8
1996-04-04;4.0
1996-04-05;0.0
1996-04-06;0.0
1996-04-07;0.0
1996-04-08;0.0
1996-04-09;0.0
1996-04-10;0.0
1996-04-11;0.0
1996-04-12;1.4
1996-04-13;0.0
1996-04-14;1.6
1996-04-15;0.0
1996-04-16;0.0
1996-04-17;0.0
1996-04-18;0.0
1996-04-19;0.0
1996-04-20;0.0
1996-04-21;0.0
1996-04-22;0.0
1996-04-23;0.2
1996-04-24;11.8
1996-04-25;1.2
1996-04-26;6.0
1996-04-27;0.0
1996-04-28;0.0
1996-04-29;8.8
1996-04-30;34.8
1996-05-01;14.4
1996-05-02;8.8
1996-05-03;34.8
1996-05-04;5.4
1996-05-05;0.0
1996-05-06;0.0
1996-05-07;0.0
1996-05-08;0.0
1996-05-09;0.0
1996-05-10;1.0
1996-05-11;2.0
1996-05-12;12.4
1996-05-13;16.0
1996-05-14;4.0
1996-05-15;0.0
1996-05-16;0.0
1996-05-17;0.0
1996-05-18;0.0
1996-05-19;0.0
1996-05-20;12.6
1996-05-21;1.8
1996-05-22;0.0
1996-05-23;0.0
1996-05-24;0.0
1996-05-25;0.0
1996-05-26;0.0
1996-05-27;0.0
1996-05-28;2.0
1996-05-29;0.0
1996-05-30;0.0
1996-05-31;0.0
1996-06-01;0.0
1996-06-02;0.0
1996-06-03;0.0
1996-06-04;0.0
1996-06-05;0.0
1996-06-06;0.2
1996-06-07;0.0
1996-06-08;1.6
1996-06-09;0.0
1996-06-10;0.0
1996-06-11;0.0
1996-06-12;0.0
1996-06-13;0.0
1996-06-14;0.0
1996-06-15;0.0
1996-06-16;0.0
1996-06-17;0.0
1996-06-18;0.0
1996-06-19;0.0
1996-06-20;3.6
1996-06-21;0.0
1996-06-22;7.2
1996-06-23;31.8
1996-06-24;0.0
1996-06-25;13.2
1996-06-26;2.4
1996-06-27;0.0
1996-06-28;0.0
1996-06-29;0.0
1996-06-30;0.0
1996-07-01;0.0
1996-07-02;0.0
1996-07-03;1.8
1996-07-04;0.0
1996-07-05;0.0
1996-07-06;0.0
1996-07-07;0.0
1996-07-08;27.8
1996-07-09;0.2
1996-07-10;0.0
1996-07-11;0.0
1996-07-12;0.0
1996-07-13;0.0
1996-07-14;0.0
1996-07-15;0.0
1996-07-16;0.0
1996-07-17;0.0
1996-07-18;0.6
1996-07-19;0.0
1996-07-20;0.4
1996-07-21;0.0
1996-07-22;0.0
1996-07-23;0.0
1996-07-24;0.0
1996-07-25;0.0
1996-07-26;0.0
1996-07-27;0.0
1996-07-28;0.0
1996-07-29;1.2
1996-07-30;0.0
1996-07-31;9.6
1996-08-01;0.0
1996-08-02;0.0
1996-08-03;0.0
1996-08-04;0.0
1996-08-05;0.0
1996-08-06;0.0
1996-08-07;0.0
1996-08-08;0.0
1996-08-09;0.0
1996-08-10;0.0
1996-08-11;0.0
1996-08-12;33.2
1996-08-13;11.8
1996-08-14;0.0
1996-08-15;0.0
1996-08-16;1.4
1996-08-17;0.0
1996-08-18;0.0
1996-08-19;2.4
1996-08-20;0.0
1996-08-21;0.0
1996-08-22;0.0
1996-08-23;3.4
1996-08-24;0.0
1996-08-25;10.2
1996-08-26;0.0
1996-08-27;0.0
1996-08-28;4.8
1996-08-29;0.0
1996-08-30;0.0
1996-08-31;0.8
1996-09-01;13.2
1996-09-02;0.0
1996-09-03;0.6
1996-09-04;9.8
1996-09-05;0.0
1996-09-06;1.0
1996-09-07;0.0
1996-09-08;0.0
1996-09-09;0.0
1996-09-10;0.0
1996-09-11;0.0
1996-09-12;5.6
1996-09-13;33.0
1996-09-14;2.2
1996-09-15;0.0
1996-09-16;0.0
1996-09-17;0.0
1996-09-18;0.0
1996-09-19;0.2
1996-09-20;11.6
1996-09-21;14.0
1996-09-22;17.6
1996-09-23;35.6
1996-09-24;42.8
1996-09-25;0.0
1996-09-26;22.8
1996-09-27;0.2
1996-09-28;0.0
1996-09-29;0.0
1996-09-30;0.0
1996-10-01;0.0
1996-10-02;0.0
1996-10-03;32.4
1996-10-04;0.0
1996-10-05;0.0
1996-10-06;0.0
1996-10-07;0.0
1996-10-08;17.4
1996-10-09;6.2
1996-10-10;0.0
1996-10-11;0.0
1996-10-12;0.0
1996-10-13;0.0
1996-10-14;0.8
1996-10-15;0.8
1996-10-16;2.6
1996-10-17;8.0
1996-10-18;21.8
1996-10-19;2.4
1996-10-20;0.4
1996-10-21;0.0
1996-10-22;0.0
1996-10-23;0.0
1996-10-24;0.0
1996-10-25;0.0
1996-10-26;0.0
1996-10-27;0.0
1996-10-28;0.0
1996-10-29;8.2
1996-10-30;3.0
1996-10-31;0.0
1996-11-01;0.0
1996-11-02;0.4
1996-11-03;0.0
1996-11-04;0.0
1996-11-05;0.0
1996-11-06;5.0
1996-11-07;0.8
1996-11-08;3.0
1996-11-09;0.4
1996-11-10;0.0
1996-11-11;2.0
1996-11-12;0.0
1996-11-13;0.0
1996-11-14;0.0
1996-11-15;1.6
1996-11-16;0.2
1996-11-17;28.0
1996-11-18;52.6
1996-11-19;14.0
1996-11-20;6.4
1996-11-21;9.4
1996-11-22;14.0
1996-11-23;4.4
1996-11-24;10.0
1996-11-25;0.0
1996-11-26;24.2
1996-11-27;0.0
1996-11-28;24.0
1996-11-29;0.6
1996-11-30;3.6
1996-12-01;1.4
1996-12-02;0.0
1996-12-03;0.0
1996-12-04;0.0
1996-12-05;0.0
1996-12-06;0.0
1996-12-07;0.0
1996-12-08;0.0
1996-12-09;0.0
1996-12-10;6.2
1996-12-11;6.2
1996-12-12;0.0
1996-12-13;2.4
1996-12-14;54.0
1996-12-15;4.2
1996-12-16;0.0
1996-12-17;0.0
1996-12-18;0.0
1996-12-19;0.0
1996-12-20;21.2
1996-12-21;4.6
1996-12-22;0.0
1996-12-23;1.6
1996-12-24;9.4
1996-12-25;24.0
1996-12-26;0.0
1996-12-27;0.0
1996-12-28;0.0
1996-12-29;0.0
1996-12-30;0.0
1996-12-31;0.0
1997-01-01;10.6
1997-01-02;13.6
1997-01-03;12.4
1997-01-04;25.6
1997-01-05;15.2
1997-01-06;1.6
1997-01-07;7.0
1997-01-08;0.0
1997-01-09;9.4
1997-01-10;3.6
1997-01-11;0.0
1997-01-12;0.0
1997-01-13;0.0
1997-01-14;0.0
1997-01-15;0.0
1997-01-16;0.0
1997-01-17;0.0
1997-01-18;0.0
1997-01-19;0.0
1997-01-20;16.8
1997-01-21;2.8
1997-01-22;0.0
1997-01-23;0.0
1997-01-24;0.0
1997-01-25;0.0
1997-01-26;0.0
1997-01-27;0.0
1997-01-28;0.0
1997-01-29;0.0
1997-01-30;0.0
1997-01-31;0.0
1997-02-01;0.0
1997-02-02;0.0
1997-02-03;0.0
1997-02-04;0.0
1997-02-05;2.8
1997-02-06;21.8
1997-02-07;0.0
1997-02-08;0.0
1997-02-09;0.0
1997-02-10;0.0
1997-02-11;0.0
1997-02-12;0.0
1997-02-13;0.4
1997-02-14;0.2
1997-02-15;21.2
1997-02-16;30.4
1997-02-17;0.0
1997-02-18;0.0
1997-02-19;1.2
1997-02-20;0.0
1997-02-21;0.0
1997-02-22;0.0
1997-02-23;0.0
1997-02-24;0.0
1997-02-25;2.4
1997-02-26;0.4
1997-02-27;1.2
1997-02-28;0.0
1997-03-01;0.0
1997-03-02;0.0
1997-03-03;0.0
1997-03-04;0.0
1997-03-05;0.0
1997-03-06;0.0
1997-03-07;0.0
1997-03-08;0.0
1997-03-09;0.0
1997-03-10;0.0
1997-03-11;0.0
1997-03-12;0.0
1997-03-13;0.0
1997-03-14;0.0
1997-03-15;0.0
1997-03-16;0.0
1997-03-17;0.0
1997-03-18;0.0
1997-03-19;23.2
1997-03-20;31.2
1997-03-21;0.0
1997-03-22;0.0
1997-03-23;0.0
1997-03-24;23.2
1997-03-25;5.0
1997-03-26;0.0
1997-03-27;0.0
1997-03-28;0.0
1997-03-29;2.4
1997-03-30;0.0
1997-03-31;0.0
1997-04-01;0.0
1997-04-02;4.4
1997-04-03;0.0
1997-04-04;0.0
1997-04-05;0.0
1997-04-06;0.0
1997-04-07;0.0
1997-04-08;0.0
1997-04-09;0.0
1997-04-10;0.0
1997-04-11;0.0
1997-04-12;1.2
1997-04-13;0.0
1997-04-14;0.0
1997-04-15;0.0
1997-04-16;0.0
1997-04-17;0.0
1997-04-18;0.0
1997-04-19;0.0
1997-04-20;6.8
1997-04-21;44.8
1997-04-22;7.2
1997-04-23;0.2
1997-04-24;0.0
1997-04-25;0.0
1997-04-26;1.8
1997-04-27;2.4
1997-04-28;4.6
1997-04-29;0.0
1997-04-30;0.8
1997-05-01;0.0
1997-05-02;0.0
1997-05-03;0.0
1997-05-04;0.0
1997-05-05;0.0
1997-05-06;0.6
1997-05-07;20.6
1997-05-08;25.8
1997-05-09;2.4
1997-05-10;3.6
1997-05-11;0.0
1997-05-12;0.0
1997-05-13;0.0
1997-05-14;0.0
1997-05-15;0.0
1997-05-16;0.0
1997-05-17;0.8
1997-05-18;0.0
1997-05-19;0.0
1997-05-20;0.0
1997-05-21;0.0
1997-05-22;3.6
1997-05-23;0.0
1997-05-24;0.0
1997-05-25;0.0
1997-05-26;5.6
1997-05-27;0.0
1997-05-28;0.0
1997-05-29;0.0
1997-05-30;0.0
1997-05-31;0.0
1997-06-01;0.0
1997-06-02;38.6
1997-06-03;3.0
1997-06-04;0.0
1997-06-05;0.2
1997-06-06;17.2
1997-06-07;0.0
1997-06-08;0.0
1997-06-09;0.0
1997-06-10;0.0
1997-06-11;0.0
1997-06-12;0.0
1997-06-13;0.0
1997-06-14;0.0
1997-06-15;0.0
1997-06-16;0.0
1997-06-17;0.0
1997-06-18;0.0
1997-06-19;0.0
1997-06-20;14.6
1997-06-21;0.0
1997-06-22;0.0
1997-06-23;2.8
1997-06-24;0.0
1997-06-25;0.0
1997-06-26;0.0
1997-06-27;0.0
1997-06-28;0.0
1997-06-29;0.0
1997-06-30;0.6
1997-07-01;0.6
1997-07-02;0.0
1997-07-03;5.6
1997-07-04;0.0
1997-07-05;1.0
1997-07-06;4.0
1997-07-07;0.0
1997-07-08;0.0
1997-07-09;0.0
1997-07-10;0.0
1997-07-11;0.0
1997-07-12;0.0
1997-07-13;1.0
1997-07-14;0.0
1997-07-15;0.0
1997-07-16;0.0
1997-07-17;0.0
1997-07-18;7.2
1997-07-19;1.2
1997-07-20;0.0
1997-07-21;0.0
1997-07-22;0.0
1997-07-23;0.0
1997-07-24;0.0
1997-07-25;0.6
1997-07-26;0.0
1997-07-27;0.0
1997-07-28;0.0
1997-07-29;0.0
1997-07-30;0.0
1997-07-31;0.0
1997-08-01;0.0
1997-08-02;7.4
1997-08-03;0.0
1997-08-04;0.0
1997-08-05;0.0
1997-08-06;0.0
1997-08-07;0.0
1997-08-08;0.0
1997-08-09;0.0
1997-08-10;0.0
1997-08-11;0.0
1997-08-12;0.0
1997-08-13;0.0
1997-08-14;0.0
1997-08-15;0.0
1997-08-16;0.4
1997-08-17;0.0
1997-08-18;1.0
1997-08-19;1.0
1997-08-20;0.0
1997-08-21;0.0
1997-08-22;1.2
1997-08-23;0.0
1997-08-24;0.0
1997-08-25;0.0
1997-08-26;0.0
1997-08-27;16.2
1997-08-28;0.0
1997-08-29;9.4
1997-08-30;3.0
1997-08-31;0.0
1997-09-01;0.0
1997-09-02;0.0
1997-09-03;0.0
1997-09-04;0.2
1997-09-05;0.0
1997-09-06;0.0
1997-09-07;0.0
1997-09-08;0.0
1997-09-09;0.0
1997-09-10;0.0
1997-09-11;0.0
1997-09-12;0.0
1997-09-13;0.0
1997-09-14;41.8
1997-09-15;0.2
1997-09-16;0.0
1997-09-17;0.0
1997-09-18;0.0
1997-09-19;0.0
1997-09-20;0.0
1997-09-21;0.0
1997-09-22;0.0
1997-09-23;0.0
1997-09-24;0.0
1997-09-25;0.0
1997-09-26;0.0
1997-09-27;0.0
1997-09-28;0.0
1997-09-29;0.0
1997-09-30;0.0
1997-10-01;0.0
1997-10-02;0.0
1997-10-03;0.0
1997-10-04;0.0
1997-10-05;0.0
1997-10-06;0.0
1997-10-07;2.0
1997-10-08;0.0
1997-10-09;0.0
1997-10-10;0.0
1997-10-11;2.4
1997-10-12;16.2
1997-10-13;4.8
1997-10-14;2.4
1997-10-15;0.2
1997-10-16;0.0
1997-10-17;0.0
1997-10-18;0.0
1997-10-19;0.0
1997-10-20;0.0
1997-10-21;0.6
1997-10-22;0.6
1997-10-23;0.0
1997-10-24;12.0
1997-10-25;0.0
1997-10-26;0.0
1997-10-27;0.0
1997-10-28;2.6
1997-10-29;0.0
1997-10-30;0.0
1997-10-31;1.4
1997-11-01;0.0
1997-11-02;0.0
1997-11-03;0.0
1997-11-04;0.0
1997-11-05;0.0
1997-11-06;5.4
1997-11-07;17.8
1997-11-08;19.2
1997-11-09;7.6
1997-11-10;5.8
1997-11-11;6.4
1997-11-12;41.2
1997-11-13;13.6
1997-11-14;0.2
1997-11-15;0.0
1997-11-16;0.0
1997-11-17;0.0
1997-11-18;0.0
1997-11-19;0.0
1997-11-20;0.6
1997-11-21;0.0
1997-11-22;1.2
1997-11-23;35.6
1997-11-24;0.0
1997-11-25;0.0
1997-11-26;1.8
1997-11-27;3.6
1997-11-28;1.0
1997-11-29;24.8
1997-11-30;13.2
1997-12-01;17.6
1997-12-02;0.0
1997-12-03;12.2
1997-12-04;1.4
1997-12-05;0.0
1997-12-06;0.0
1997-12-07;0.0
1997-12-08;0.0
1997-12-09;0.0
1997-12-10;1.8
1997-12-11;0.4
1997-12-12;17.2
1997-12-13;13.0
1997-12-14;0.0
1997-12-15;0.0
1997-12-16;0.0
1997-12-17;0.8
1997-12-18;2.2
1997-12-19;7.2
1997-12-20;9.2
1997-12-21;10.0
1997-12-22;10.2
1997-12-23;0.0
1997-12-24;0.0
1997-12-25;0.0
1997-12-26;0.8
1997-12-27;26.2
1997-12-28;0.0
1997-12-29;0.0
1997-12-30;0.0
1997-12-31;9.0
1998-01-01;0.0
1998-01-02;0.0
1998-01-03;3.0
1998-01-04;1.2
1998-01-05;0.0
1998-01-06;0.0
1998-01-07;0.0
1998-01-08;0.0
1998-01-09;0.0
1998-01-10;0.0
1998-01-11;0.0
1998-01-12;0.0
1998-01-13;0.0
1998-01-14;0.8
1998-01-15;12.0
1998-01-16;0.2
1998-01-17;12.4
1998-01-18;0.0
1998-01-19;1.0
1998-01-20;15.4
1998-01-21;0.0
1998-01-22;0.0
1998-01-23;0.0
1998-01-24;0.0
1998-01-25;0.0
1998-01-26;0.0
1998-01-27;0.0
1998-01-28;0.0
1998-01-29;0.0
1998-01-30;0.0
1998-01-31;3.0
1998-02-01;0.0
1998-02-02;0.0
1998-02-03;5.2
1998-02-04;9.4
1998-02-05;0.0
1998-02-06;0.0
1998-02-07;0.0
1998-02-08;0.0
1998-02-09;0.0
1998-02-10;0.0
1998-02-11;0.0
1998-02-12;0.0
1998-02-13;0.0
1998-02-14;0.0
1998-02-15;0.0
1998-02-16;0.0
1998-02-17;0.0
1998-02-18;0.0
1998-02-19;0.0
1998-02-20;0.0
1998-02-21;0.0
1998-02-22;0.0
1998-02-23;22.0
1998-02-24;4.8
1998-02-25;0.0
1998-02-26;0.0
1998-02-27;0.0
1998-02-28;0.0
1998-03-01;0.0
1998-03-02;0.0
1998-03-03;0.0
1998-03-04;0.8
1998-03-05;0.0
1998-03-06;0.4
1998-03-07;0.0
1998-03-08;0.0
1998-03-09;9.4
1998-03-10;1.8
1998-03-11;0.0
1998-03-12;3.6
1998-03-13;20.8
1998-03-14;0.0
1998-03-15;0.0
1998-03-16;0.0
1998-03-17;0.0
1998-03-18;0.0
1998-03-19;0.0
1998-03-20;0.0
1998-03-21;0.0
1998-03-22;0.0
1998-03-23;0.0
1998-03-24;4.6
1998-03-25;9.4
1998-03-26;6.0
1998-03-27;3.0
1998-03-28;0.0
1998-03-29;0.0
1998-03-30;0.0
1998-03-31;0.0
1998-04-01;0.0
1998-04-02;0.0
1998-04-03;1.4
1998-04-04;0.0
1998-04-05;0.0
1998-04-06;16.6
1998-04-07;3.6
1998-04-08;0.6
1998-04-09;6.4
1998-04-10;1.0
1998-04-11;19.6
1998-04-12;13.6
1998-04-13;2.8
1998-04-14;4.4
1998-04-15;0.0
1998-04-16;25.0
1998-04-17;5.0
1998-04-18;2.8
1998-04-19;2.4
1998-04-20;0.0
1998-04-21;0.0
1998-04-22;0.0
1998-04-23;0.0
1998-04-24;0.0
1998-04-25;0.0
1998-04-26;0.0
1998-04-27;0.0
1998-04-28;15.2
1998-04-29;19.2
1998-04-30;2.0
1998-05-01;20.0
1998-05-02;33.6
1998-05-03;0.0
1998-05-04;5.2
1998-05-05;0.8
1998-05-06;0.0
1998-05-07;0.0
1998-05-08;0.0
1998-05-09;0.0
1998-05-10;0.0
1998-05-11;0.0
1998-05-12;0.0
1998-05-13;0.0
1998-05-14;0.0
1998-05-15;0.0
1998-05-16;0.0
1998-05-17;0.0
1998-05-18;0.0
1998-05-19;0.0
1998-05-20;0.0
1998-05-21;0.0
1998-05-22;0.0
1998-05-23;0.0
1998-05-24;2.8
1998-05-25;4.6
1998-05-26;0.0
1998-05-27;0.0
1998-05-28;12.6
1998-05-29;18.8
1998-05-30;5.2
1998-05-31;0.0
1998-06-01;1.0
1998-06-02;0.0
1998-06-03;0.0
1998-06-04;0.0
1998-06-05;0.0
1998-06-06;0.0
1998-06-07;0.0
1998-06-08;22.2
1998-06-09;0.0
1998-06-10;0.0
1998-06-11;15.8
1998-06-12;14.2
1998-06-13;5.8
1998-06-14;0.0
1998-06-15;0.0
1998-06-16;0.2
1998-06-17;0.0
1998-06-18;0.0
1998-06-19;0.0
1998-06-20;0.0
1998-06-21;0.0
1998-06-22;0.0
1998-06-23;0.0
1998-06-24;0.0
1998-06-25;0.0
1998-06-26;0.0
1998-06-27;0.0
1998-06-28;0.0
1998-06-29;0.0
1998-06-30;0.0
1998-07-01;0.0
1998-07-02;0.0
1998-07-03;0.0
1998-07-04;0.0
1998-07-05;0.0
1998-07-06;0.0
1998-07-07;0.0
1998-07-08;0.2
1998-07-09;0.0
1998-07-10;0.0
1998-07-11;0.0
1998-07-12;0.0
1998-07-13;0.0
1998-07-14;0.0
1998-07-15;19.4
1998-07-16;0.0
1998-07-17;0.0
1998-07-18;0.0
1998-07-19;0.0
1998-07-20;0.0
1998-07-21;0.0
1998-07-22;0.0
1998-07-23;0.0
1998-07-24;0.0
1998-07-25;0.0
1998-07-26;0.0
1998-07-27;0.0
1998-07-28;1.4
1998-07-29;0.0
1998-07-30;0.0
1998-07-31;0.0
1998-08-01;0.0
1998-08-02;0.0
1998-08-03;0.0
1998-08-04;0.0
1998-08-05;0.0
1998-08-06;0.0
1998-08-07;0.0
1998-08-08;0.0
1998-08-09;0.0
1998-08-10;0.0
1998-08-11;0.0
1998-08-12;0.0
1998-08-13;0.0
1998-08-14;0.0
1998-08-15;0.0
1998-08-16;0.0
1998-08-17;0.0
1998-08-18;0.0
1998-08-19;0.8
1998-08-20;10.8
1998-08-21;0.0
1998-08-22;0.0
1998-08-23;0.0
1998-08-24;0.0
1998-08-25;0.0
1998-08-26;0.0
1998-08-27;0.0
1998-08-28;0.0
1998-08-29;0.8
1998-08-30;0.0
1998-08-31;0.0
1998-09-01;0.0
1998-09-02;0.0
1998-09-03;0.0
1998-09-04;0.0
1998-09-05;0.0
1998-09-06;12.0
1998-09-07;0.0
1998-09-08;0.2
1998-09-09;0.0
1998-09-10;0.0
1998-09-11;0.0
1998-09-12;11.2
1998-09-13;5.2
1998-09-14;5.2
1998-09-15;0.0
1998-09-16;0.0
1998-09-17;4.4
1998-09-18;0.0
1998-09-19;0.0
1998-09-20;0.0
1998-09-21;0.0
1998-09-22;0.0
1998-09-23;0.0
1998-09-24;0.0
1998-09-25;3.2
1998-09-26;13.6
1998-09-27;10.0
1998-09-28;13.6
1998-09-29;3.2
1998-09-30;0.0
1998-10-01;31.0
1998-10-02;4.8
1998-10-03;3.8
1998-10-04;6.2
1998-10-05;17.4
1998-10-06;12.6
1998-10-07;8.8
1998-10-08;2.0
1998-10-09;0.2
1998-10-10;10.2
1998-10-11;0.0
1998-10-12;0.2
1998-10-13;0.0
1998-10-14;0.0
1998-10-15;0.0
1998-10-16;0.0
1998-10-17;0.0
1998-10-18;0.0
1998-10-19;19.8
1998-10-20;12.8
1998-10-21;0.0
1998-10-22;0.0
1998-10-23;0.0
1998-10-24;0.0
1998-10-25;0.0
1998-10-26;6.6
1998-10-27;0.0
1998-10-28;0.0
1998-10-29;0.0
1998-10-30;0.0
1998-10-31;0.0
1998-11-01;0.8
1998-11-02;10.0
1998-11-03;8.4
1998-11-04;69.4
1998-11-05;6.8
1998-11-06;0.0
1998-11-07;0.0
1998-11-08;0.0
1998-11-09;0.0
1998-11-10;0.0
1998-11-11;10.6
1998-11-12;0.2
1998-11-13;0.0
1998-11-14;0.0
1998-11-15;9.4
1998-11-16;0.0
1998-11-17;0.0
1998-11-18;0.0
1998-11-19;0.0
1998-11-20;0.0
1998-11-21;0.0
1998-11-22;0.6
1998-11-23;0.0
1998-11-24;0.8
1998-11-25;0.0
1998-11-26;0.0
1998-11-27;0.0
1998-11-28;0.0
1998-11-29;0.0
1998-11-30;0.0
1998-12-01;0.0
1998-12-02;1.2
1998-12-03;1.6
1998-12-04;7.4
1998-12-05;2.0
1998-12-06;0.0
1998-12-07;0.0
1998-12-08;0.0
1998-12-09;0.0
1998-12-10;0.0
1998-12-11;0.6
1998-12-12;1.0
1998-12-13;0.0
1998-12-14;0.0
1998-12-15;0.0
1998-12-16;0.0
1998-12-17;0.0
1998-12-18;0.0
1998-12-19;0.0
1998-12-20;0.0
1998-12-21;15.0
1998-12-22;4.6
1998-12-23;0.0
1998-12-24;0.0
1998-12-25;0.0
1998-12-26;0.0
1998-12-27;0.0
1998-12-28;3.6
1998-12-29;0.0
1998-12-30;0.0
1998-12-31;0.0
1999-01-01;0.0
1999-01-02;0.4
1999-01-03;0.8
1999-01-04;0.0
1999-01-05;0.0
1999-01-06;0.0
1999-01-07;0.0
1999-01-08;0.0
1999-01-09;2.8
1999-01-10;0.0
1999-01-11;0.0
1999-01-12;11.6
1999-01-13;4.0
1999-01-14;5.8
1999-01-15;6.2
1999-01-16;0.8
1999-01-17;0.0
1999-01-18;0.0
1999-01-19;0.0
1999-01-20;0.0
1999-01-21;0.0
1999-01-22;0.0
1999-01-24;0.0
1999-01-25;0.0
1999-01-29;0.0
1999-01-30;0.4
1999-01-31;0.0
1999-02-01;0.0
1999-02-02;0.0
1999-02-03;0.0
1999-02-04;0.0
1999-02-05;0.0
1999-02-06;0.0
1999-02-07;0.0
1999-02-08;0.8
1999-02-09;8.6
1999-02-10;19.0
1999-02-11;1.0
1999-02-12;3.6
1999-02-13;1.0
1999-02-14;1.0
1999-02-15;1.0
1999-02-16;0.4
1999-02-17;0.0
1999-02-18;0.0
1999-02-19;0.0
1999-02-20;0.0
1999-02-21;0.0
1999-02-22;0.4
1999-02-23;10.2
1999-02-24;0.0
1999-02-25;9.4
1999-02-26;0.6
1999-02-27;0.0
1999-02-28;0.0
1999-03-01;0.0
1999-03-02;0.0
1999-03-03;0.2
1999-03-04;0.0
1999-03-05;21.2
1999-03-06;4.0
1999-03-07;4.6
1999-03-08;0.6
1999-03-09;0.0
1999-03-10;0.0
1999-03-11;0.0
1999-03-12;0.0
1999-03-13;0.0
1999-03-14;0.0
1999-03-15;0.0
1999-03-16;0.0
1999-03-17;0.0
1999-03-18;0.0
1999-03-19;0.0
1999-03-20;0.0
1999-03-21;0.0
1999-03-22;0.0
1999-03-23;3.0
1999-03-24;5.8
1999-03-25;0.0
1999-03-26;2.6
1999-03-27;2.2
1999-03-28;0.0
1999-03-29;0.0
1999-03-30;0.0
1999-03-31;0.4
1999-04-01;0.0
1999-04-02;0.0
1999-04-03;0.0
1999-04-04;0.0
1999-04-05;0.0
1999-04-06;0.0
1999-04-07;0.0
1999-04-08;9.0
1999-04-09;0.2
1999-04-10;0.0
1999-04-11;0.0
1999-04-12;0.0
1999-04-13;17.4
1999-04-14;4.2
1999-04-15;0.0
1999-04-19;0.0
1999-04-20;25.2
1999-04-21;7.4
1999-04-22;1.8
1999-04-23;0.0
1999-04-24;0.0
1999-04-25;1.0
1999-04-26;1.0
1999-04-27;0.6
1999-04-28;4.2
1999-04-29;0.2
1999-04-30;0.0
1999-05-01;0.0
1999-05-02;0.0
1999-05-03;0.0
1999-05-04;1.2
1999-05-05;0.4
1999-05-06;0.0
1999-05-07;1.2
1999-05-08;0.0
1999-05-09;0.0
1999-05-10;9.6
1999-05-11;0.0
1999-05-12;0.0
1999-05-13;4.6
1999-05-14;0.4
1999-05-15;0.0
1999-05-16;1.4
1999-05-17;0.2
1999-05-18;0.2
1999-05-19;0.0
1999-05-20;0.0
1999-05-21;2.8
1999-05-22;10.8
1999-05-23;0.0
1999-05-24;0.0
1999-05-25;0.4
1999-05-26;0.0
1999-05-27;9.4
1999-05-28;0.0
1999-05-29;0.0
1999-05-30;0.0
1999-05-31;0.0
1999-06-01;0.0
1999-06-02;0.0
1999-06-03;0.0
1999-06-04;0.0
1999-06-05;0.0
1999-06-06;0.0
1999-06-07;0.0
1999-06-08;2.6
1999-06-09;0.0
1999-06-10;0.0
1999-06-11;0.0
1999-06-12;0.0
1999-06-13;0.0
1999-06-14;0.0
1999-06-15;0.0
1999-06-16;0.0
1999-06-17;5.4
1999-06-18;0.0
1999-06-19;2.2
1999-06-20;32.2
1999-06-21;0.2
1999-06-22;2.8
1999-06-23;0.0
1999-06-24;0.0
1999-06-25;0.0
1999-06-26;0.0
1999-06-27;0.0
1999-06-28;3.2
1999-06-29;0.8
1999-06-30;0.0
1999-07-01;0.0
1999-07-02;0.0
1999-07-03;0.0
1999-07-04;0.0
1999-07-05;0.0
1999-07-06;0.0
1999-07-07;0.0
1999-07-08;1.4
1999-07-09;0.0
1999-07-10;0.2
1999-07-11;6.2
1999-07-12;0.0
1999-07-13;0.0
1999-07-14;0.0
1999-07-15;0.0
1999-07-16;0.0
1999-07-17;0.0
1999-07-18;0.0
1999-07-19;0.0
1999-07-20;0.0
1999-07-21;0.0
1999-07-22;0.0
1999-07-23;0.0
1999-07-24;0.0
1999-07-25;0.0
1999-07-26;0.0
1999-07-27;0.0
1999-07-28;0.0
1999-07-29;7.8
1999-07-30;0.0
1999-07-31;0.2
1999-08-01;0.0
1999-08-02;0.0
1999-08-03;0.0
1999-08-04;0.0
1999-08-05;0.0
1999-08-06;0.0
1999-08-07;0.0
1999-08-08;0.0
1999-08-09;0.0
1999-08-10;0.0
1999-08-11;0.6
1999-08-12;0.0
1999-08-13;5.4
1999-08-14;0.0
1999-08-15;0.0
1999-08-16;0.6
1999-08-17;0.0
1999-08-18;0.0
1999-08-19;0.0
1999-08-20;0.0
1999-08-21;0.0
1999-08-22;0.0
1999-08-23;0.0
1999-08-24;0.0
1999-08-25;0.0
1999-08-26;0.0
1999-08-27;0.0
1999-08-28;1.6
1999-08-29;9.4
1999-08-30;5.8
1999-08-31;0.0
1999-09-01;0.0
1999-09-02;0.0
1999-09-03;0.0
1999-09-04;0.0
1999-09-05;7.8
1999-09-06;0.0
1999-09-07;0.0
1999-09-08;2.6
1999-09-09;0.0
1999-09-10;0.0
1999-09-11;0.0
1999-09-12;0.0
1999-09-13;0.0
1999-09-14;0.0
1999-09-15;0.0
1999-09-16;1.8
1999-09-17;0.2
1999-09-18;0.0
1999-09-19;0.0
1999-09-20;0.4
1999-09-21;44.8
1999-09-22;0.8
1999-09-23;0.0
1999-09-24;0.0
1999-09-25;0.0
1999-09-26;0.0
1999-09-27;10.0
1999-09-28;0.0
1999-09-29;11.8
1999-09-30;0.0
1999-10-01;11.4
1999-10-02;0.0
1999-10-03;0.0
1999-10-04;11.6
1999-10-05;0.0
1999-10-06;0.2
1999-10-07;0.0
1999-10-08;0.0
1999-10-09;0.0
1999-10-10;0.0
1999-10-11;0.0
1999-10-12;0.0
1999-10-13;0.0
1999-10-14;0.0
1999-10-15;0.0
1999-10-16;7.8
1999-10-17;0.0
1999-10-18;0.0
1999-10-19;13.0
1999-10-20;0.0
1999-10-21;7.8
1999-10-22;16.2
1999-10-23;0.2
1999-10-24;20.0
1999-10-25;1.8
1999-10-26;0.0
1999-10-27;0.0
1999-10-28;0.0
1999-10-29;0.0
1999-10-30;0.0
1999-10-31;0.0
1999-11-01;0.0
1999-11-02;0.2
1999-11-03;5.6
1999-11-04;10.2
1999-11-05;0.8
1999-11-06;0.0
1999-11-07;15.2
1999-11-08;0.2
1999-11-09;0.0
1999-11-10;0.0
1999-11-11;0.0
1999-11-12;0.6
1999-11-13;0.0
1999-11-14;3.4
1999-11-15;0.0
1999-11-16;10.6
1999-11-17;6.6
1999-11-18;15.8
1999-11-19;52.6
1999-11-20;2.8
1999-11-21;1.4
1999-11-22;1.4
1999-11-23;14.8
1999-11-24;7.2
1999-11-25;0.0
1999-11-26;0.0
1999-11-27;0.0
1999-11-28;0.0
1999-11-29;0.0
1999-11-30;0.0
1999-12-01;0.0
1999-12-02;0.0
1999-12-03;0.0
1999-12-04;0.0
1999-12-05;6.0
1999-12-06;2.0
1999-12-07;0.0
1999-12-08;0.2
1999-12-09;0.0
1999-12-10;5.4
1999-12-11;9.4
1999-12-12;0.0
1999-12-13;2.4
1999-12-14;2.6
1999-12-15;25.6
1999-12-16;8.0
1999-12-17;0.8
1999-12-18;0.0
1999-12-19;0.0
1999-12-20;16.0
1999-12-21;1.0
1999-12-22;2.0
1999-12-23;0.0
1999-12-24;0.0
1999-12-25;6.8
1999-12-26;3.2
1999-12-27;0.4
1999-12-28;15.6
1999-12-29;0.0
1999-12-30;0.0
1999-12-31;0.0
2000-01-03;0.0
2000-01-04;0.0
2000-01-05;0.0
2000-01-06;0.0
2000-01-07;0.0
2000-01-08;0.0
2000-01-09;0.0
2000-01-10;0.0
2000-01-11;0.0
2000-01-12;0.0
2000-01-13;0.0
2000-01-14;0.0
2000-01-15;0.2
2000-01-16;0.0
2000-01-17;0.0
2000-01-18;0.0
2000-01-19;0.0
2000-01-20;0.0
2000-01-21;0.0
2000-01-22;0.0
2000-01-23;3.6
2000-01-24;4.4
2000-01-25;0.0
2000-01-26;0.0
2000-01-27;0.0
2000-01-28;2.2
2000-01-29;8.0
2000-01-30;0.6
2000-01-31;0.0
2000-02-01;0.0
2000-02-02;0.0
2000-02-03;8.2
2000-02-04;0.0
2000-02-05;0.0
2000-02-06;0.0
2000-02-07;0.0
2000-02-08;1.6
2000-02-09;1.8
2000-02-10;0.2
2000-02-11;0.0
2000-02-12;0.0
2000-02-13;0.0
2000-02-14;0.0
2000-02-15;0.0
2000-02-16;0.0
2000-02-17;3.8
2000-02-18;0.0
2000-02-19;0.0
2000-02-20;0.0
2000-02-21;0.0
2000-02-22;0.0
2000-02-23;0.0
2000-02-24;0.0
2000-02-25;0.0
2000-02-26;0.0
2000-02-27;0.0
2000-02-28;0.0
2000-02-29;0.0
2000-03-01;0.6
2000-03-02;20.6
2000-03-03;0.0
2000-03-04;0.0
2000-03-05;0.0
2000-03-06;0.0
2000-03-07;0.2
2000-03-08;0.4
2000-03-09;0.0
2000-03-10;0.6
2000-03-11;0.0
2000-03-12;0.0
2000-03-13;0.0
2000-03-14;0.0
2000-03-15;0.0
2000-03-16;0.0
2000-03-17;0.0
2000-03-18;0.0
2000-03-19;0.0
2000-03-20;1.2
2000-03-21;0.0
2000-03-22;0.0
2000-03-23;0.0
2000-03-24;0.0
2000-03-25;11.8
2000-03-26;6.8
2000-03-27;0.8
2000-03-28;1.4
2000-03-29;3.2
2000-03-30;13.0
2000-03-31;0.8
2000-04-01;1.0
2000-04-02;0.0
2000-04-03;2.6
2000-04-04;5.4
2000-04-05;5.2
2000-04-06;0.0
2000-04-07;0.2
2000-04-08;0.0
2000-04-09;0.0
2000-04-10;4.4
2000-04-11;0.2
2000-04-12;8.0
2000-04-13;0.2
2000-04-14;0.0
2000-04-15;0.0
2000-04-16;0.0
2000-04-17;0.0
2000-04-18;0.4
2000-04-19;0.2
2000-04-20;0.0
2000-04-21;0.0
2000-04-22;0.0
2000-04-23;0.0
2000-04-24;5.2
2000-04-25;1.6
2000-04-26;0.0
2000-04-27;0.0
2000-04-28;0.0
2000-04-29;0.6
2000-04-30;4.4
2000-05-01;0.0
2000-05-02;0.0
2000-05-03;0.0
2000-05-04;0.0
2000-05-05;0.0
2000-05-06;0.0
2000-05-07;0.8
2000-05-08;0.4
2000-05-09;0.0
2000-05-10;0.0
2000-05-11;0.2
2000-05-12;0.0
2000-05-13;0.0
2000-05-14;0.0
2000-05-15;0.2
2000-05-16;0.0
2000-05-17;0.0
2000-05-18;0.0
2000-05-19;0.0
2000-05-20;0.0
2000-05-21;0.0
2000-05-22;0.0
2000-05-23;0.2
2000-05-24;0.0
2000-05-25;0.0
2000-05-26;0.0
2000-05-27;12.2
2000-05-28;0.0
2000-05-29;3.6
2000-05-30;0.0
2000-05-31;1.8
2000-06-01;0.0
2000-06-02;0.0
2000-06-03;0.0
2000-06-04;0.0
2000-06-05;0.0
2000-06-06;0.0
2000-06-07;0.0
2000-06-08;0.0
2000-06-09;0.8
2000-06-10;0.4
2000-06-11;3.6
2000-06-12;20.6
2000-06-13;4.2
2000-06-14;0.6
2000-06-15;0.0
2000-06-16;0.6
2000-06-17;0.0
2000-06-18;0.0
2000-06-19;0.0
2000-06-20;0.0
2000-06-21;0.0
2000-06-22;0.0
2000-06-23;0.0
2000-06-24;0.0
2000-06-25;0.0
2000-06-26;0.0
2000-06-27;0.0
2000-06-28;0.0
2000-06-29;1.2
2000-06-30;0.0
2000-07-01;0.0
2000-07-02;0.0
2000-07-03;0.0
2000-07-04;0.0
2000-07-05;0.0
2000-07-06;0.0
2000-07-07;0.0
2000-07-08;0.0
2000-07-09;1.8
2000-07-10;0.0
2000-07-11;11.0
2000-07-12;0.2
2000-07-13;9.0
2000-07-14;0.0
2000-07-15;8.0
2000-07-16;4.6
2000-07-17;0.0
2000-07-18;0.0
2000-07-19;0.0
2000-07-20;0.0
2000-07-21;0.0
2000-07-22;0.0
2000-07-23;0.0
2000-07-24;0.0
2000-07-25;0.0
2000-07-26;0.0
2000-07-27;0.0
2000-07-28;0.0
2000-07-29;0.0
2000-07-30;0.0
2000-07-31;0.0
2000-08-01;0.0
2000-08-02;0.0
2000-08-03;0.0
2000-08-04;0.0
2000-08-05;1.0
2000-08-06;5.0
2000-08-07;0.0
2000-08-08;0.0
2000-08-09;0.0
2000-08-10;0.0
2000-08-11;0.0
2000-08-12;0.0
2000-08-13;0.0
2000-08-14;0.0
2000-08-15;0.6
2000-08-16;0.0
2000-08-17;0.0
2000-08-18;0.0
2000-08-19;0.0
2000-08-20;0.0
2000-08-21;0.0
2000-08-22;0.0
2000-08-23;0.0
2000-08-24;0.0
2000-08-25;0.0
2000-08-26;0.0
2000-08-27;0.0
2000-08-28;0.0
2000-08-29;0.0
2000-08-30;0.0
2000-08-31;0.0
2000-09-01;19.2
2000-09-02;0.0
2000-09-03;0.0
2000-09-04;0.2
2000-09-05;0.0
2000-09-06;0.0
2000-09-07;0.0
2000-09-08;1.0
2000-09-09;0.0
2000-09-10;0.0
2000-09-11;0.0
2000-09-12;0.0
2000-09-13;0.0
2000-09-14;0.0
2000-09-15;0.0
2000-09-16;0.0
2000-09-17;0.0
2000-09-18;0.0
2000-09-19;0.0
2000-09-20;0.0
2000-09-21;4.2
2000-09-22;3.4
2000-09-23;0.0
2000-09-24;0.0
2000-09-25;0.0
2000-09-26;0.0
2000-09-27;0.0
2000-09-28;0.0
2000-09-29;0.0
2000-09-30;1.4
2000-10-01;17.6
2000-10-02;1.8
2000-10-03;2.4
2000-10-04;0.0
2000-10-05;0.0
2000-10-06;0.0
2000-10-07;10.8
2000-10-08;0.0
2000-10-09;0.2
2000-10-10;0.0
2000-10-11;4.2
2000-10-12;0.0
2000-10-15;0.0
2000-10-16;15.2
2000-10-17;0.0
2000-10-18;1.2
2000-10-19;0.0
2000-10-20;0.0
2000-10-21;0.0
2000-10-22;0.0
2000-10-23;0.0
2000-10-24;0.0
2000-10-25;0.0
2000-10-26;0.2
2000-10-27;2.8
2000-10-28;1.0
2000-10-29;0.2
2000-10-30;0.6
2000-10-31;2.2
2000-11-01;14.0
2000-11-02;0.4
2000-11-03;24.4
2000-11-04;36.2
2000-11-05;7.4
2000-11-06;9.0
2000-11-07;53.4
2000-11-08;7.2
2000-11-09;2.4
2000-11-10;8.0
2000-11-11;3.0
2000-11-12;0.0
2000-11-13;1.0
2000-11-14;0.8
2000-11-15;12.4
2000-11-16;27.0
2000-11-17;4.4
2000-11-18;0.0
2000-11-19;0.0
2000-11-20;0.0
2000-11-21;54.0
2000-11-22;8.4
2000-11-23;0.4
2000-11-24;2.6
2000-11-25;5.8
2000-11-26;7.4
2000-11-27;1.8
2000-11-28;0.0
2000-11-29;0.0
2000-11-30;0.0
2000-12-01;0.0
2000-12-02;0.0
2000-12-03;3.0
2000-12-04;1.2
2000-12-05;0.0
2000-12-06;0.0
2000-12-07;0.2
2000-12-08;0.0
2000-12-09;0.0
2000-12-10;0.2
2000-12-11;0.0
2000-12-12;0.0
2000-12-13;0.0
2000-12-14;0.0
2000-12-15;0.0
2000-12-16;0.0
2000-12-17;0.0
2000-12-18;0.0
2000-12-19;0.0
2000-12-20;0.0
2000-12-21;0.6
2000-12-22;0.0
2000-12-23;0.0
2000-12-24;0.0
2000-12-25;6.0
2000-12-26;67.2
2000-12-27;18.4
2000-12-28;23.2
2000-12-29;0.4
2000-12-30;4.4
2000-12-31;3.6
2001-01-01;0.0
2001-01-02;0.0
2001-01-03;22.8
2001-01-04;0.0
2001-01-05;5.8
2001-01-06;4.2
2001-01-07;0.0
2001-01-08;22.2
2001-01-09;1.8
2001-01-10;0.0
2001-01-11;0.0
2001-01-12;1.4
2001-01-13;6.8
2001-01-14;0.0
2001-01-15;0.0
2001-01-16;0.0
2001-01-17;0.0
2001-01-18;21.0
2001-01-19;0.0
2001-01-20;0.0
2001-01-21;0.0
2001-01-22;0.0
2001-01-23;0.0
2001-01-24;0.0
2001-01-25;0.2
2001-01-26;33.0
2001-01-27;3.6
2001-01-28;8.0
2001-01-29;0.0
2001-01-30;1.0
2001-01-31;4.0
2001-02-01;0.0
2001-02-02;0.0
2001-02-03;0.0
2001-02-04;0.0
2001-02-05;6.4
2001-02-06;0.0
2001-02-07;0.0
2001-02-08;0.0
2001-02-09;21.0
2001-02-10;9.2
2001-02-11;0.0
2001-02-12;0.0
2001-02-13;0.0
2001-02-14;0.0
2001-02-15;0.0
2001-02-16;0.0
2001-02-17;0.0
2001-02-18;0.0
2001-02-19;0.0
2001-02-20;0.0
2001-02-21;0.0
2001-02-22;0.0
2001-02-23;0.0
2001-02-24;2.4
2001-02-25;8.8
2001-02-26;3.0
2001-02-27;3.6
2001-02-28;6.8
2001-03-01;16.0
2001-03-06;0.0
2001-03-07;0.0
2001-03-08;0.0
2001-03-09;7.8
2001-03-10;4.2
2001-03-11;4.2
2001-03-12;3.2
2001-03-13;11.6
2001-03-14;7.6
2001-03-15;0.0
2001-03-16;0.0
2001-03-17;2.0
2001-03-18;15.4
2001-03-19;0.0
2001-03-20;0.0
2001-03-21;0.0
2001-03-22;0.0
2001-03-23;0.0
2001-03-24;0.0
2001-03-25;0.0
2001-03-26;0.0
2001-03-27;0.0
2001-03-28;0.2
2001-03-29;10.8
2001-03-30;22.6
2001-03-31;7.4
2001-04-01;0.0
2001-04-02;0.0
2001-04-03;0.0
2001-04-04;0.0
2001-04-05;13.6
2001-04-06;13.2
2001-04-07;0.0
2001-04-08;19.8
2001-04-09;1.6
2001-04-10;0.0
2001-04-11;3.6
2001-04-12;3.0
2001-04-13;0.2
2001-04-14;1.2
2001-04-15;0.0
2001-04-16;0.2
2001-04-17;9.0
2001-04-18;2.8
2001-04-19;0.0
2001-04-20;2.2
2001-04-21;2.4
2001-04-22;0.2
2001-04-23;0.0
2001-04-24;4.6
2001-04-25;0.0
2001-04-26;0.0
2001-04-27;0.0
2001-04-28;0.0
2001-04-29;0.0
2001-04-30;0.0
2001-05-01;0.0
2001-05-02;0.0
2001-05-03;0.2
2001-05-04;0.0
2001-05-05;9.6
2001-05-06;3.6
2001-05-07;31.4
2001-05-08;3.6
2001-05-09;10.6
2001-05-10;0.0
2001-05-11;0.0
2001-05-12;0.0
2001-05-13;4.2
2001-05-14;0.0
2001-05-15;0.0
2001-05-16;2.2
2001-05-17;0.0
2001-05-18;0.0
2001-05-19;0.0
2001-05-20;0.0
2001-05-21;3.4
2001-05-22;13.0
2001-05-23;0.0
2001-05-24;0.0
2001-05-25;0.0
2001-05-26;0.0
2001-05-27;0.0
2001-05-28;0.0
2001-05-29;0.0
2001-05-30;0.0
2001-05-31;0.0
2001-06-01;0.0
2001-06-02;0.0
2001-06-03;3.6
2001-06-04;14.4
2001-06-05;0.0
2001-06-06;0.0
2001-06-07;1.6
2001-06-08;0.0
2001-06-09;0.0
2001-06-10;0.0
2001-06-11;0.0
2001-06-12;0.0
2001-06-13;0.0
2001-06-14;0.0
2001-06-15;0.0
2001-06-16;0.0
2001-06-17;0.0
2001-06-18;0.0
2001-06-19;0.0
2001-06-20;0.2
2001-06-21;0.0
2001-06-22;0.0
2001-06-23;0.0
2001-06-24;0.0
2001-06-25;0.0
2001-06-26;0.0
2001-06-27;0.0
2001-06-28;4.2
2001-06-29;20.8
2001-06-30;0.0
2001-07-01;0.0
2001-07-02;8.6
2001-07-03;0.0
2001-07-04;0.0
2001-07-05;0.0
2001-07-06;0.0
2001-07-07;0.0
2001-07-08;0.0
2001-07-09;0.0
2001-07-10;0.0
2001-07-11;0.8
2001-07-12;0.0
2001-07-13;0.0
2001-07-14;0.0
2001-07-15;0.0
2001-07-16;5.4
2001-07-17;0.0
2001-07-18;0.0
2001-07-19;0.0
2001-07-20;33.4
2001-07-21;0.6
2001-07-22;0.0
2001-07-23;0.0
2001-07-24;0.0
2001-07-25;0.0
2001-07-26;5.0
2001-07-27;0.0
2001-07-28;0.0
2001-07-29;0.0
2001-07-30;8.8
2001-07-31;0.0
2001-08-01;0.0
2001-08-02;0.0
2001-08-03;0.0
2001-08-04;0.0
2001-08-05;0.0
2001-08-06;0.0
2001-08-07;0.0
2001-08-08;0.0
2001-08-09;0.0
2001-08-10;0.0
2001-08-11;0.0
2001-08-12;0.0
2001-08-13;0.0
2001-08-14;0.0
2001-08-15;0.0
2001-08-16;0.0
2001-08-17;0.0
2001-08-18;0.0
2001-08-19;0.0
2001-08-20;0.0
2001-08-21;0.0
2001-08-22;0.0
2001-08-23;0.0
2001-08-24;0.0
2001-08-25;0.0
2001-08-26;0.0
2001-08-27;0.0
2001-08-28;0.0
2001-08-29;0.0
2001-08-30;0.0
2001-08-31;0.0
2001-09-01;0.0
2001-09-02;5.6
2001-09-03;0.0
2001-09-04;0.0
2001-09-05;15.8
2001-09-06;0.0
2001-09-07;0.0
2001-09-08;0.0
2001-09-09;0.0
2001-09-10;6.2
2001-09-11;0.0
2001-09-12;0.0
2001-09-13;0.0
2001-09-14;0.0
2001-09-15;16.8
2001-09-16;0.0
2001-09-17;0.8
2001-09-18;0.0
2001-09-19;0.0
2001-09-20;0.6
2001-09-21;1.4
2001-09-22;0.0
2001-09-23;4.8
2001-09-24;18.4
2001-09-25;32.6
2001-09-26;0.0
2001-09-27;0.0
2001-09-28;0.0
2001-09-29;0.0
2001-09-30;27.4
2001-10-01;0.0
2001-10-02;0.0
2001-10-03;0.0
2001-10-04;0.0
2001-10-05;4.4
2001-10-06;2.0
2001-10-07;0.0
2001-10-08;0.0
2001-10-09;0.0
2001-10-10;2.0
2001-10-11;2.0
2001-10-12;0.0
2001-10-13;0.0
2001-10-14;0.0
2001-10-15;0.0
2001-10-16;0.0
2001-10-17;0.0
2001-10-18;0.0
2001-10-19;0.0
2001-10-20;0.0
2001-10-21;9.8
2001-10-22;7.2
2001-10-23;0.0
2001-10-24;16.8
2001-10-25;0.0
2001-10-26;0.0
2001-10-27;0.0
2001-10-28;0.0
2001-10-29;0.0
2001-10-30;0.0
2001-10-31;0.0
2001-11-01;1.4
2001-11-02;0.0
2001-11-03;0.0
2001-11-04;0.0
2001-11-05;0.0
2001-11-06;2.4
2001-11-07;7.6
2001-11-08;0.0
2001-11-09;16.0
2001-11-10;0.0
2001-11-11;14.2
2001-11-12;6.2
2001-11-13;0.6
2001-11-14;0.0
2001-11-15;0.0
2001-11-16;0.0
2001-11-17;0.0
2001-11-18;0.0
2001-11-19;11.0
2001-11-20;3.2
2001-11-21;0.0
2001-11-22;0.0
2001-11-23;0.0
2001-11-24;0.0
2001-11-25;0.0
2001-11-26;0.0
2001-11-27;0.0
2001-11-28;20.0
2001-11-29;0.0
2001-11-30;0.0
2001-12-01;0.0
