data;mm
1921-01-01;0.0
1921-01-02;0.0
1921-01-03;5.5
1921-01-04;0.0
1921-01-05;0.0
1921-01-06;0.0
1921-01-07;0.0
1921-01-08;0.0
1921-01-09;1.5
1921-01-10;0.0
1921-01-11;0.0
1921-01-12;0.0
1921-01-13;5.0
1921-01-14;20.0
1921-01-15;15.0
1921-01-16;0.0
1921-01-17;0.0
1921-01-18;0.0
1921-01-19;0.0
1921-01-20;0.0
1921-01-21;0.0
1921-01-22;0.0
1921-01-23;0.0
1921-01-24;0.0
1921-01-25;0.0
1921-01-26;0.0
1921-01-27;0.0
1921-01-28;0.0
1921-01-29;0.0
1921-01-30;0.0
1921-01-31;0.0
1921-02-01;13.0
1921-02-02;0.0
1921-02-03;5.0
1921-02-04;5.0
1921-02-05;0.0
1921-02-06;55.0
1921-02-07;0.0
1921-02-08;13.0
1921-02-09;0.0
1921-02-10;0.0
1921-02-11;0.0
1921-02-12;0.0
1921-02-13;0.0
1921-02-14;0.0
1921-02-15;0.0
1921-02-16;0.0
1921-02-17;0.0
1921-02-18;0.0
1921-02-19;0.0
1921-02-20;0.0
1921-02-21;0.0
1921-02-22;0.0
1921-02-23;0.0
1921-02-24;0.0
1921-02-25;0.0
1921-02-26;0.0
1921-02-27;0.0
1921-02-28;0.0
1921-03-01;0.0
1921-03-02;0.0
1921-03-03;0.0
1921-03-04;0.0
1921-03-05;0.0
1921-03-06;0.0
1921-03-07;40.0
1921-03-08;0.0
1921-03-09;0.0
1921-03-10;0.0
1921-03-11;0.0
1921-03-12;0.0
1921-03-13;0.0
1921-03-14;0.0
1921-03-15;0.0
1921-03-16;0.0
1921-03-17;0.0
1921-03-18;0.0
1921-03-19;0.0
1921-03-20;0.0
1921-03-21;0.0
1921-03-22;21.0
1921-03-23;0.0
1921-03-24;0.0
1921-03-25;0.0
1921-03-26;4.0
1921-03-27;3.0
1921-03-28;0.0
1921-03-29;0.0
1921-03-30;5.0
1921-03-31;2.0
1921-04-01;0.0
1921-04-02;0.0
1921-04-03;0.0
1921-04-04;0.0
1921-04-05;0.0
1921-04-06;32.0
1921-04-07;0.0
1921-04-08;0.0
1921-04-09;7.0
1921-04-10;0.0
1921-04-11;0.0
1921-04-12;0.0
1921-04-13;0.0
1921-04-14;0.0
1921-04-15;10.0
1921-04-16;70.0
1921-04-17;0.0
1921-04-18;25.0
1921-04-19;5.4
1921-04-20;5.0
1921-04-21;0.0
1921-04-22;0.0
1921-04-23;2.0
1921-04-24;0.0
1921-04-25;0.0
1921-04-26;0.0
1921-04-27;0.0
1921-04-28;0.0
1921-04-29;37.0
1921-04-30;30.0
1921-05-01;10.0
1921-05-02;2.0
1921-05-03;0.0
1921-05-04;5.0
1921-05-05;10.0
1921-05-06;0.1
1921-05-07;0.0
1921-05-08;0.0
1921-05-09;0.0
1921-05-10;0.0
1921-05-11;0.0
1921-05-12;0.0
1921-05-13;0.0
1921-05-14;0.0
1921-05-15;0.0
1921-05-16;3.0
1921-05-17;25.0
1921-05-18;0.0
1921-05-19;2.0
1921-05-20;0.0
1921-05-21;0.0
1921-05-22;0.0
1921-05-23;0.0
1921-05-24;4.0
1921-05-25;0.0
1921-05-26;0.0
1921-05-27;0.0
1921-05-28;0.0
1921-05-29;30.0
1921-05-30;10.1
1921-05-31;0.0
1921-06-01;1.0
1921-06-02;20.0
1921-06-03;0.0
1921-06-04;6.0
1921-06-05;1.0
1921-06-06;0.0
1921-06-07;4.0
1921-06-08;0.0
1921-06-09;0.0
1921-06-10;0.0
1921-06-11;0.0
1921-06-12;0.0
1921-06-13;0.0
1921-06-14;0.0
1921-06-15;3.0
1921-06-16;0.0
1921-06-17;0.0
1921-06-18;0.0
1921-06-19;0.0
1921-06-20;15.0
1921-06-21;0.0
1921-06-22;0.0
1921-06-23;0.0
1921-06-24;0.0
1921-06-25;0.0
1921-06-26;0.0
1921-06-27;0.0
1921-06-28;0.0
1921-06-29;0.0
1921-06-30;0.0
1921-07-01;0.0
1921-07-02;0.0
1921-07-03;0.0
1921-07-04;0.0
1921-07-05;0.0
1921-07-06;5.0
1921-07-07;0.0
1921-07-08;0.5
1921-07-09;10.0
1921-07-10;0.0
1921-07-11;0.0
1921-07-12;0.0
1921-07-13;0.0
1921-07-14;0.0
1921-07-15;0.0
1921-07-16;0.0
1921-07-17;0.0
1921-07-18;0.0
1921-07-19;0.0
1921-07-20;0.0
1921-07-21;0.0
1921-07-22;0.0
1921-07-23;0.0
1921-07-24;0.0
1921-07-25;0.0
1921-07-26;0.0
1921-07-27;0.0
1921-07-28;0.0
1921-07-29;0.0
1921-07-30;0.0
1921-07-31;0.0
1921-08-01;0.0
1921-08-02;0.0
1921-08-03;0.0
1921-08-04;0.0
1921-08-05;0.5
1921-08-06;0.0
1921-08-07;0.0
1921-08-08;0.0
1921-08-09;0.0
1921-08-10;0.0
1921-08-11;0.0
1921-08-12;0.0
1921-08-13;22.0
1921-08-14;0.0
1921-08-15;0.0
1921-08-16;0.0
1921-08-17;0.0
1921-08-18;0.0
1921-08-19;0.0
1921-08-20;20.0
1921-08-21;0.0
1921-08-22;0.0
1921-08-23;0.0
1921-08-24;0.0
1921-08-25;2.0
1921-08-26;0.0
1921-08-27;0.0
1921-08-28;0.0
1921-08-29;0.0
1921-08-30;0.0
1921-08-31;0.0
1921-09-01;0.0
1921-09-02;0.0
1921-09-03;0.0
1921-09-04;0.0
1921-09-05;0.0
1921-09-06;0.0
1921-09-07;0.0
1921-09-08;0.0
1921-09-09;0.0
1921-09-10;0.0
1921-09-11;7.0
1921-09-12;0.0
1921-09-13;0.0
1921-09-14;0.0
1921-09-15;0.0
1921-09-16;0.0
1921-09-17;0.0
1921-09-18;0.0
1921-09-19;0.0
1921-09-20;0.0
1921-09-21;0.0
1921-09-22;0.0
1921-09-23;0.0
1921-09-24;0.0
1921-09-25;0.0
1921-09-26;0.0
1921-09-27;0.0
1921-09-28;0.0
1921-09-29;0.0
1921-09-30;0.0
1921-10-01;0.0
1921-10-02;0.0
1921-10-03;0.0
1921-10-04;0.0
1921-10-05;0.0
1921-10-06;0.0
1921-10-07;0.0
1921-10-08;0.0
1921-10-09;0.0
1921-10-10;0.0
1921-10-11;0.0
1921-10-12;0.0
1921-10-13;0.0
1921-10-14;0.0
1921-10-15;0.0
1921-10-16;0.0
1921-10-17;0.0
1921-10-18;0.0
1921-10-19;0.0
1921-10-20;0.0
1921-10-21;0.0
1921-10-22;0.0
1921-10-23;0.0
1921-10-24;25.0
1921-10-25;0.0
1921-10-26;0.0
1921-10-27;0.0
1921-10-28;0.0
1921-10-29;0.0
1921-10-30;0.0
1921-10-31;0.0
1921-11-01;0.0
1921-11-02;0.0
1921-11-03;0.0
1921-11-04;0.0
1921-11-05;20.0
1921-11-06;0.0
1921-11-07;0.0
1921-11-08;0.0
1921-11-09;23.0
1921-11-10;0.5
1921-11-11;0.0
1921-11-12;0.0
1921-11-13;0.0
1921-11-14;0.0
1921-11-15;0.0
1921-11-16;10.3
1921-11-17;0.0
1921-11-18;0.0
1921-11-19;0.0
1921-11-20;0.0
1921-11-21;0.0
1921-11-22;0.0
1921-11-23;0.0
1921-11-24;0.0
1921-11-25;0.0
1921-11-26;0.0
1921-11-27;0.0
1921-11-28;0.0
1921-11-29;0.0
1921-11-30;0.0
1921-12-01;0.0
1921-12-02;0.0
1921-12-03;0.0
1921-12-04;20.0
1921-12-05;0.0
1921-12-06;0.0
1921-12-07;0.0
1921-12-08;0.0
1921-12-09;0.0
1921-12-10;0.0
1921-12-11;0.0
1921-12-12;0.0
1921-12-13;0.0
1921-12-14;0.0
1921-12-15;0.0
1921-12-16;0.0
1921-12-17;0.0
1921-12-18;0.0
1921-12-19;0.0
1921-12-20;0.0
1921-12-21;0.0
1921-12-22;0.0
1921-12-23;0.0
1921-12-24;10.0
1921-12-25;41.0
1921-12-26;0.0
1921-12-27;0.0
1921-12-28;0.0
1921-12-29;0.0
1921-12-30;10.0
1921-12-31;0.0
1922-01-01;0.0
1922-01-02;0.0
1922-01-03;0.0
1922-01-04;0.0
1922-01-05;0.0
1922-01-06;0.0
1922-01-07;0.0
1922-01-08;0.0
1922-01-09;0.0
1922-01-10;0.0
1922-01-11;0.0
1922-01-12;0.0
1922-01-13;5.0
1922-01-14;0.0
1922-01-15;12.0
1922-01-16;11.0
1922-01-17;10.0
1922-01-18;10.0
1922-01-19;0.0
1922-01-20;0.0
1922-01-21;0.0
1922-01-22;0.0
1922-01-23;0.0
1922-01-24;0.0
1922-01-25;10.0
1922-01-26;20.0
1922-01-27;20.5
1922-01-28;0.0
1922-01-29;0.0
1922-01-30;10.0
1922-01-31;10.0
1922-02-01;25.0
1922-02-02;0.0
1922-02-03;0.0
1922-02-04;0.0
1922-02-05;0.0
1922-02-06;20.0
1922-02-07;5.0
1922-02-08;0.0
1922-02-09;0.0
1922-02-10;0.0
1922-02-11;0.0
1922-02-12;0.0
1922-02-13;0.0
1922-02-14;0.0
1922-02-15;70.0
1922-02-16;35.0
1922-02-17;0.0
1922-02-18;0.0
1922-02-19;5.0
1922-02-20;10.0
1922-02-21;0.0
1922-02-22;0.0
1922-02-23;8.0
1922-02-24;0.0
1922-02-25;0.0
1922-02-26;0.0
1922-02-27;0.0
1922-02-28;0.0
1922-03-01;0.0
1922-03-02;0.0
1922-03-03;15.0
1922-03-04;0.0
1922-03-05;0.0
1922-03-06;2.0
1922-03-07;0.0
1922-03-08;0.0
1922-03-09;0.0
1922-03-10;0.0
1922-03-11;0.0
1922-03-12;0.0
1922-03-13;0.0
1922-03-14;0.0
1922-03-15;0.0
1922-03-16;0.0
1922-03-17;0.0
1922-03-18;0.0
1922-03-19;0.0
1922-03-20;10.0
1922-03-21;5.0
1922-03-22;16.0
1922-03-23;21.0
1922-03-24;17.0
1922-03-25;3.0
1922-03-26;18.0
1922-03-27;15.0
1922-03-28;0.0
1922-03-29;10.0
1922-03-30;3.0
1922-03-31;7.0
1922-04-01;15.0
1922-04-02;10.0
1922-04-03;10.0
1922-04-04;10.0
1922-04-05;0.0
1922-04-06;0.0
1922-04-07;0.0
1922-04-08;5.0
1922-04-09;8.0
1922-04-10;5.0
1922-04-11;5.0
1922-04-12;0.0
1922-04-13;0.0
1922-04-14;0.0
1922-04-15;0.0
1922-04-16;0.0
1922-04-17;10.0
1922-04-18;5.0
1922-04-19;10.0
1922-04-20;0.0
1922-04-21;0.0
1922-04-22;15.0
1922-04-23;35.0
1922-04-24;4.5
1922-04-25;15.0
1922-04-26;0.0
1922-04-27;0.0
1922-04-28;0.0
1922-04-29;4.0
1922-04-30;5.0
1922-05-01;10.5
1922-05-02;4.0
1922-05-03;0.0
1922-05-04;0.0
1922-05-05;0.0
1922-05-06;0.0
1922-05-07;0.0
1922-05-08;0.0
1922-05-09;0.0
1922-05-10;0.0
1922-05-11;0.0
1922-05-12;0.0
1922-05-13;0.0
1922-05-14;0.0
1922-05-15;0.0
1922-05-16;0.0
1922-05-17;0.0
1922-05-18;0.0
1922-05-19;0.0
1922-05-20;0.0
1922-05-21;0.0
1922-05-22;0.0
1922-05-23;0.0
1922-05-24;0.0
1922-05-25;0.0
1922-05-26;0.0
1922-05-27;0.0
1922-05-28;0.0
1922-05-29;0.0
1922-05-30;0.0
1922-05-31;1.5
1922-06-01;0.0
1922-06-02;0.0
1922-06-03;0.0
1922-06-04;0.0
1922-06-05;0.0
1922-06-06;0.0
1922-06-07;0.0
1922-06-08;0.0
1922-06-09;0.0
1922-06-10;0.0
1922-06-11;0.0
1922-06-12;31.0
1922-06-13;13.0
1922-06-14;0.0
1922-06-15;0.0
1922-06-16;0.0
1922-06-17;0.0
1922-06-18;5.0
1922-06-19;1.0
1922-06-20;7.0
1922-06-21;0.0
1922-06-22;0.0
1922-06-23;0.0
1922-06-24;0.0
1922-06-25;0.0
1922-06-26;0.0
1922-06-27;0.0
1922-06-28;0.0
1922-06-29;0.0
1922-06-30;0.0
1922-07-01;0.0
1922-07-02;0.0
1922-07-03;0.0
1922-07-04;0.0
1922-07-05;0.0
1922-07-06;0.0
1922-07-07;0.0
1922-07-08;0.0
1922-07-09;0.0
1922-07-10;0.0
1922-07-11;0.0
1922-07-12;0.0
1922-07-13;0.0
1922-07-14;0.0
1922-07-15;0.0
1922-07-16;0.0
1922-07-17;0.0
1922-07-18;0.0
1922-07-19;0.0
1922-07-20;0.0
1922-07-21;0.0
1922-07-22;0.0
1922-07-23;0.0
1922-07-24;0.0
1922-07-25;0.0
1922-07-26;0.0
1922-07-27;0.0
1922-07-28;0.0
1922-07-29;3.0
1922-07-30;0.0
1922-07-31;0.0
1922-08-01;0.0
1922-08-02;0.0
1922-08-03;0.0
1922-08-04;0.0
1922-08-05;0.0
1922-08-06;0.0
1922-08-07;0.0
1922-08-08;0.0
1922-08-09;0.0
1922-08-10;0.0
1922-08-11;0.0
1922-08-12;0.0
1922-08-13;0.0
1922-08-14;0.0
1922-08-15;0.0
1922-08-16;0.0
1922-08-17;0.0
1922-08-18;0.0
1922-08-19;0.0
1922-08-20;0.0
1922-08-21;0.0
1922-08-22;0.0
1922-08-23;6.0
1922-08-24;0.0
1922-08-25;0.0
1922-08-26;0.0
1922-08-27;0.0
1922-08-28;0.0
1922-08-29;0.0
1922-08-30;0.0
1922-08-31;10.0
1922-09-01;4.0
1922-09-02;0.0
1922-09-03;11.0
1922-09-04;0.0
1922-09-05;10.0
1922-09-06;0.0
1922-09-07;0.0
1922-09-08;0.0
1922-09-09;0.0
1922-09-10;12.5
1922-09-11;0.0
1922-09-12;0.0
1922-09-13;20.5
1922-09-14;20.5
1922-09-15;5.0
1922-09-16;1.0
1922-09-17;0.0
1922-09-18;0.0
1922-09-19;0.0
1922-09-20;0.0
1922-09-21;0.0
1922-09-22;0.0
1922-09-23;0.0
1922-09-24;0.0
1922-09-25;0.0
1922-09-26;0.0
1922-09-27;0.0
1922-09-28;11.0
1922-09-29;10.0
1922-09-30;1.0
1922-10-01;0.0
1922-10-02;0.0
1922-10-03;1.0
1922-10-04;0.0
1922-10-05;0.0
1922-10-06;0.0
1922-10-07;0.0
1922-10-08;20.0
1922-10-09;0.0
1922-10-10;0.0
1922-10-11;5.0
1922-10-12;8.1
1922-10-13;0.0
1922-10-14;0.0
1922-10-15;0.0
1922-10-16;0.0
1922-10-17;0.0
1922-10-18;0.0
1922-10-19;40.0
1922-10-20;5.0
1922-10-21;0.0
1922-10-22;100.0
1922-10-23;5.0
1922-10-24;15.0
1922-10-25;10.0
1922-10-26;6.0
1922-10-27;7.0
1922-10-28;8.0
1922-10-29;10.0
1922-10-30;30.0
1922-10-31;6.0
1922-11-01;0.0
1922-11-02;0.0
1922-11-03;15.0
1922-11-04;17.0
1922-11-05;12.0
1922-11-06;0.0
1922-11-07;10.0
1922-11-08;0.0
1922-11-09;0.0
1922-11-10;0.0
1922-11-11;0.0
1922-11-12;0.0
1922-11-13;0.0
1922-11-14;0.0
1922-11-15;0.0
1922-11-16;0.0
1922-11-17;0.0
1922-11-18;0.0
1922-11-19;0.0
1922-11-20;0.0
1922-11-21;0.0
1922-11-22;0.0
1922-11-23;0.0
1922-11-24;0.0
1922-11-25;0.0
1922-11-26;0.0
1922-11-27;3.0
1922-11-28;0.0
1922-11-29;0.0
1922-11-30;0.0
1922-12-01;0.0
1922-12-02;10.0
1922-12-03;0.0
1922-12-04;0.0
1922-12-05;0.0
1922-12-06;0.0
1922-12-07;0.0
1922-12-08;0.0
1922-12-09;0.0
1922-12-10;0.0
1922-12-11;0.0
1922-12-12;0.0
1922-12-13;0.0
1922-12-14;0.0
1922-12-15;0.0
1922-12-16;0.0
1922-12-17;0.0
1922-12-18;12.0
1922-12-19;8.0
1922-12-20;10.0
1922-12-21;4.0
1922-12-22;5.5
1922-12-23;6.0
1922-12-24;10.0
1922-12-25;4.0
1922-12-26;0.0
1922-12-27;0.0
1922-12-28;3.0
1922-12-29;5.0
1922-12-30;10.0
1922-12-31;2.0
1923-01-01;15.0
1923-01-02;0.0
1923-01-03;0.0
1923-01-04;0.0
1923-01-05;0.0
1923-01-06;0.0
1923-01-07;0.0
1923-01-08;0.0
1923-01-09;0.0
1923-01-10;0.0
1923-01-11;14.0
1923-01-12;11.0
1923-01-13;0.0
1923-01-14;0.0
1923-01-15;0.0
1923-01-16;0.0
1923-01-17;0.0
1923-01-18;0.0
1923-01-19;0.0
1923-01-20;0.0
1923-01-21;15.0
1923-01-22;0.0
1923-01-23;0.0
1923-01-24;0.0
1923-01-25;0.0
1923-01-26;0.0
1923-01-27;0.0
1923-01-28;0.0
1923-01-29;0.0
1923-01-30;0.0
1923-01-31;0.0
1923-02-01;0.0
1923-02-02;0.0
1923-02-03;0.0
1923-02-04;0.0
1923-02-05;0.0
1923-02-06;0.0
1923-02-07;0.0
1923-02-08;0.0
1923-02-09;40.0
1923-02-10;15.0
1923-02-11;0.0
1923-02-12;60.0
1923-02-13;0.0
1923-02-14;0.0
1923-02-15;0.0
1923-02-16;0.0
1923-02-17;0.0
1923-02-18;0.0
1923-02-19;17.0
1923-02-20;10.0
1923-02-21;0.0
1923-02-22;0.0
1923-02-23;5.0
1923-02-24;0.0
1923-02-25;22.0
1923-02-26;0.0
1923-02-27;15.0
1923-02-28;0.0
1923-03-01;0.0
1923-03-02;0.0
1923-03-03;15.0
1923-03-04;10.0
1923-03-05;0.0
1923-03-06;0.0
1923-03-07;0.0
1923-03-08;0.0
1923-03-09;40.0
1923-03-10;0.0
1923-03-11;0.0
1923-03-12;0.0
1923-03-13;0.0
1923-03-14;0.0
1923-03-15;0.0
1923-03-16;0.0
1923-03-17;0.0
1923-03-18;0.0
1923-03-19;0.0
1923-03-20;0.0
1923-03-21;0.0
1923-03-22;0.0
1923-03-23;0.0
1923-03-24;0.0
1923-03-25;0.0
1923-03-26;0.0
1923-03-27;0.0
1923-03-28;0.0
1923-03-29;0.0
1923-03-30;0.0
1923-03-31;0.0
1923-04-01;0.0
1923-04-02;0.0
1923-04-03;0.0
1923-04-04;0.0
1923-04-05;0.0
1923-04-06;0.0
1923-04-07;5.0
1923-04-08;0.0
1923-04-09;15.0
1923-04-10;5.0
1923-04-11;0.0
1923-04-12;0.0
1923-04-13;0.0
1923-04-14;6.0
1923-04-15;0.0
1923-04-16;30.0
1923-04-17;3.0
1923-04-18;0.0
1923-04-19;0.0
1923-04-20;0.0
1923-04-21;0.0
1923-04-22;4.0
1923-04-23;18.0
1923-04-24;5.0
1923-04-25;0.0
1923-04-26;0.0
1923-04-27;5.5
1923-04-28;46.0
1923-04-29;5.0
1923-04-30;0.0
1923-05-01;0.0
1923-05-02;0.0
1923-05-03;0.0
1923-05-04;0.0
1923-05-05;0.0
1923-05-06;0.0
1923-05-07;0.0
1923-05-08;0.0
1923-05-09;0.0
1923-05-10;0.0
1923-05-11;1.0
1923-05-12;0.0
1923-05-13;0.0
1923-05-14;0.0
1923-05-15;0.0
1923-05-16;0.0
1923-05-17;0.0
1923-05-18;3.0
1923-05-19;0.0
1923-05-20;0.0
1923-05-21;0.0
1923-05-22;0.0
1923-05-23;0.0
1923-05-24;0.0
1923-05-25;0.0
1923-05-26;0.0
1923-05-27;0.0
1923-05-28;10.0
1923-05-29;5.0
1923-05-30;0.0
1923-05-31;0.0
1923-06-01;0.0
1923-06-02;0.0
1923-06-03;0.0
1923-06-04;0.0
1923-06-05;15.0
1923-06-06;0.0
1923-06-07;0.0
1923-06-08;0.0
1923-06-09;0.0
1923-06-10;0.0
1923-06-11;0.0
1923-06-12;0.0
1923-06-13;0.0
1923-06-14;0.0
1923-06-15;0.0
1923-06-16;0.0
1923-06-17;10.0
1923-06-18;10.0
1923-06-19;0.0
1923-06-20;0.0
1923-06-21;0.0
1923-06-22;12.0
1923-06-23;0.0
1923-06-24;0.0
1923-06-25;0.0
1923-06-26;0.0
1923-06-27;0.0
1923-06-28;32.0
1923-06-29;0.0
1923-06-30;0.0
1923-07-01;0.0
1923-07-02;0.0
1923-07-03;0.0
1923-07-04;0.0
1923-07-05;0.0
1923-07-06;0.0
1923-07-07;0.0
1923-07-08;0.0
1923-07-09;0.0
1923-07-10;0.0
1923-07-11;0.0
1923-07-12;0.0
1923-07-13;0.0
1923-07-14;0.0
1923-07-15;0.0
1923-07-16;0.0
1923-07-17;0.0
1923-07-18;0.0
1923-07-19;0.0
1923-07-20;0.0
1923-07-21;0.0
1923-07-22;0.0
1923-07-23;0.0
1923-07-24;0.0
1923-07-25;0.0
1923-07-26;0.0
1923-07-27;0.0
1923-07-28;0.0
1923-07-29;0.0
1923-07-30;0.0
1923-07-31;0.0
1923-08-01;0.0
1923-08-02;0.0
1923-08-03;0.0
1923-08-04;0.0
1923-08-05;0.0
1923-08-06;0.0
1923-08-07;0.0
1923-08-08;0.0
1923-08-09;0.0
1923-08-10;0.0
1923-08-11;0.0
1923-08-12;0.0
1923-08-13;0.0
1923-08-14;0.0
1923-08-15;0.0
1923-08-16;0.0
1923-08-17;0.0
1923-08-18;0.0
1923-08-19;0.0
1923-08-20;0.0
1923-08-21;0.0
1923-08-22;0.0
1923-08-23;0.0
1923-08-24;0.0
1923-08-25;40.0
1923-08-26;0.0
1923-08-27;0.0
1923-08-28;0.0
1923-08-29;0.0
1923-08-30;0.0
1923-08-31;0.0
1923-09-01;35.0
1923-09-02;0.0
1923-09-03;4.0
1923-09-04;0.0
1923-09-05;10.0
1923-09-06;0.0
1923-09-07;0.0
1923-09-08;0.0
1923-09-09;0.0
1923-09-10;0.0
1923-09-11;0.0
1923-09-12;0.0
1923-09-13;0.0
1923-09-14;0.0
1923-09-15;25.0
1923-09-16;5.0
1923-09-17;0.0
1923-09-18;30.0
1923-09-19;0.0
1923-09-20;0.0
1923-09-21;26.0
1923-09-22;3.0
1923-09-23;0.0
1923-09-24;0.0
1923-09-25;0.0
1923-09-26;0.0
1923-09-27;0.0
1923-09-28;0.0
1923-09-29;0.0
1923-09-30;0.0
1923-10-01;0.0
1923-10-02;0.0
1923-10-03;0.0
1923-10-04;0.0
1923-10-05;5.0
1923-10-06;6.0
1923-10-07;0.0
1923-10-08;0.0
1923-10-09;0.0
1923-10-10;0.0
1923-10-11;0.0
1923-10-12;0.0
1923-10-13;0.0
1923-10-14;0.0
1923-10-15;40.0
1923-10-16;0.0
1923-10-17;0.0
1923-10-18;0.0
1923-10-19;0.0
1923-10-20;0.0
1923-10-21;0.0
1923-10-22;0.0
1923-10-23;0.0
1923-10-24;15.0
1923-10-25;0.0
1923-10-26;0.0
1923-10-27;0.0
1923-10-28;0.0
1923-10-29;0.0
1923-10-30;0.0
1923-10-31;0.0
1923-11-01;0.0
1923-11-02;0.0
1923-11-03;0.0
1923-11-04;17.0
1923-11-05;5.0
1923-11-06;0.0
1923-11-07;0.0
1923-11-08;0.0
1923-11-09;20.0
1923-11-10;0.0
1923-11-11;6.0
1923-11-12;0.0
1923-11-13;0.0
1923-11-14;20.0
1923-11-15;10.0
1923-11-16;12.0
1923-11-17;0.0
1923-11-18;0.0
1923-11-19;15.5
1923-11-20;15.0
1923-11-21;0.0
1923-11-22;25.0
1923-11-23;15.0
1923-11-24;0.0
1923-11-25;0.0
1923-11-26;20.0
1923-11-27;0.0
1923-11-28;0.0
1923-11-29;65.0
1923-11-30;20.0
1923-12-01;25.0
1923-12-02;5.0
1923-12-03;3.0
1923-12-04;16.0
1923-12-05;20.0
1923-12-06;85.0
1923-12-07;0.0
1923-12-08;20.0
1923-12-09;0.0
1923-12-10;0.0
1923-12-11;0.0
1923-12-12;0.0
1923-12-13;7.0
1923-12-14;0.0
1923-12-15;0.0
1923-12-16;0.0
1923-12-17;0.0
1923-12-18;0.0
1923-12-19;0.0
1923-12-20;0.0
1923-12-21;0.0
1923-12-22;0.0
1923-12-23;0.0
1923-12-24;0.0
1923-12-25;10.0
1923-12-26;0.0
1923-12-27;0.0
1923-12-28;0.0
1923-12-29;15.0
1923-12-30;0.0
1923-12-31;5.0
1924-01-01;0.0
1924-01-02;0.0
1924-01-03;2.0
1924-01-04;10.0
1924-01-05;0.0
1924-01-06;0.0
1924-01-07;0.0
1924-01-08;7.0
1924-01-09;20.0
1924-01-10;12.0
1924-01-11;0.0
1924-01-12;0.0
1924-01-13;0.0
1924-01-14;0.0
1924-01-15;0.0
1924-01-16;20.0
1924-01-17;10.0
1924-01-18;0.0
1924-01-19;0.0
1924-01-20;25.0
1924-01-21;5.0
1924-01-22;0.0
1924-01-23;0.0
1924-01-24;0.0
1924-01-25;0.0
1924-01-26;0.0
1924-01-27;0.0
1924-01-28;0.0
1924-01-29;0.0
1924-01-30;0.0
1924-01-31;0.0
1924-02-01;0.0
1924-02-02;0.0
1924-02-03;0.0
1924-02-04;0.0
1924-02-05;0.0
1924-02-06;0.0
1924-02-07;0.0
1924-02-08;0.0
1924-02-09;0.0
1924-02-10;38.0
1924-02-11;10.0
1924-02-12;0.0
1924-02-13;0.0
1924-02-14;30.0
1924-02-15;0.0
1924-02-16;3.0
1924-02-17;0.0
1924-02-18;0.0
1924-02-19;0.0
1924-02-20;0.0
1924-02-21;0.0
1924-02-22;0.0
1924-02-23;0.0
1924-02-24;0.0
1924-02-25;0.0
1924-02-26;5.0
1924-02-27;15.0
1924-02-28;0.0
1924-02-29;0.0
1924-03-01;0.0
1924-03-02;0.0
1924-03-03;12.5
1924-03-04;10.0
1924-03-05;0.0
1924-03-06;0.0
1924-03-07;20.0
1924-03-08;5.0
1924-03-09;0.0
1924-03-10;0.0
1924-03-11;0.0
1924-03-12;0.0
1924-03-13;0.0
1924-03-14;0.0
1924-03-15;0.0
1924-03-16;0.0
1924-03-17;0.0
1924-03-18;0.0
1924-03-19;0.0
1924-03-20;0.0
1924-03-21;0.0
1924-03-22;30.0
1924-03-23;31.0
1924-03-24;20.0
1924-03-25;5.0
1924-03-26;2.0
1924-03-27;10.0
1924-03-28;10.0
1924-03-29;8.0
1924-03-30;0.0
1924-03-31;0.0
1924-04-01;0.0
1924-04-02;0.0
1924-04-03;25.0
1924-04-04;10.0
1924-04-05;0.0
1924-04-06;5.0
1924-04-07;10.0
1924-04-08;0.0
1924-04-09;7.0
1924-04-10;3.0
1924-04-11;0.0
1924-04-12;7.0
1924-04-13;0.0
1924-04-14;10.0
1924-04-15;0.0
1924-04-16;0.0
1924-04-17;0.0
1924-04-18;0.0
1924-04-19;0.0
1924-04-20;0.0
1924-04-21;0.0
1924-04-22;0.0
1924-04-23;0.0
1924-04-24;0.0
1924-04-25;0.0
1924-04-26;0.0
1924-04-27;0.0
1924-04-28;0.0
1924-04-29;0.0
1924-04-30;2.5
1924-05-01;0.0
1924-05-02;0.0
1924-05-03;0.0
1924-05-04;0.0
1924-05-05;0.0
1924-05-06;0.0
1924-05-07;0.0
1924-05-08;0.0
1924-05-09;0.0
1924-05-10;8.0
1924-05-11;2.5
1924-05-12;0.0
1924-05-13;0.0
1924-05-14;0.0
1924-05-15;0.0
1924-05-16;0.0
1924-05-17;0.0
1924-05-18;0.0
1924-05-19;0.0
1924-05-20;0.0
1924-05-21;0.0
1924-05-22;0.0
1924-05-23;0.0
1924-05-24;0.0
1924-05-25;0.0
1924-05-26;0.0
1924-05-27;38.0
1924-05-28;0.0
1924-05-29;0.0
1924-05-30;0.0
1924-05-31;0.0
1924-06-01;0.0
1924-06-02;0.0
1924-06-03;0.0
1924-06-04;0.0
1924-06-05;0.0
1924-06-06;0.0
1924-06-07;0.0
1924-06-08;0.0
1924-06-09;5.0
1924-06-10;0.0
1924-06-11;0.0
1924-06-12;7.0
1924-06-13;0.0
1924-06-14;3.0
1924-06-15;0.0
1924-06-16;0.0
1924-06-17;5.0
1924-06-18;0.0
1924-06-19;0.0
1924-06-20;0.0
1924-06-21;0.0
1924-06-22;3.0
1924-06-23;0.0
1924-06-24;10.0
1924-06-25;5.0
1924-06-26;0.0
1924-06-27;0.0
1924-06-28;0.0
1924-06-29;0.0
1924-06-30;0.0
1924-07-01;0.0
1924-07-02;0.0
1924-07-03;0.0
1924-07-04;0.0
1924-07-05;0.0
1924-07-06;0.0
1924-07-07;0.0
1924-07-08;0.0
1924-07-09;0.0
1924-07-10;0.0
1924-07-11;0.0
1924-07-12;0.0
1924-07-13;0.0
1924-07-14;0.0
1924-07-15;0.0
1924-07-16;0.0
1924-07-17;0.0
1924-07-18;0.0
1924-07-19;0.0
1924-07-20;0.0
1924-07-21;0.0
1924-07-22;3.0
1924-07-23;0.0
1924-07-24;0.0
1924-07-25;0.0
1924-07-26;0.0
1924-07-27;0.0
1924-07-28;30.0
1924-07-29;0.0
1924-07-30;50.0
1924-07-31;21.0
1924-08-01;0.0
1924-08-02;0.0
1924-08-03;0.0
1924-08-04;0.0
1924-08-05;0.0
1924-08-06;0.0
1924-08-07;0.0
1924-08-08;0.0
1924-08-09;0.0
1924-08-10;0.0
1924-08-11;0.0
1924-08-12;0.0
1924-08-13;0.0
1924-08-14;10.0
1924-08-15;0.0
1924-08-16;0.0
1924-08-17;0.0
1924-08-18;0.0
1924-08-19;0.0
1924-08-20;0.0
1924-08-21;10.0
1924-08-22;0.0
1924-08-23;5.0
1924-08-24;0.0
1924-08-25;0.0
1924-08-26;0.0
1924-08-27;0.0
1924-08-28;7.0
1924-08-29;0.0
1924-08-30;0.0
1924-08-31;0.0
1924-09-01;0.0
1924-09-02;0.0
1924-09-03;25.0
1924-09-04;20.0
1924-09-05;6.0
1924-09-06;0.0
1924-09-07;0.0
1924-09-08;0.0
1924-09-09;0.0
1924-09-10;0.0
1924-09-11;0.0
1924-09-12;0.0
1924-09-13;10.0
1924-09-14;0.0
1924-09-15;0.0
1924-09-16;0.0
1924-09-17;0.0
1924-09-18;0.0
1924-09-19;0.0
1924-09-20;0.0
1924-09-21;0.0
1924-09-22;0.0
1924-09-23;0.0
1924-09-24;0.0
1924-09-25;0.0
1924-09-26;5.0
1924-09-27;10.0
1924-09-28;0.0
1924-09-29;8.0
1924-09-30;0.0
1924-10-01;0.0
1924-10-02;6.5
1924-10-03;0.0
1924-10-04;0.0
1924-10-05;0.0
1924-10-06;12.0
1924-10-07;0.0
1924-10-08;0.0
1924-10-09;0.0
1924-10-10;0.0
1924-10-11;0.0
1924-10-12;0.0
1924-10-13;0.0
1924-10-14;0.0
1924-10-15;0.0
1924-10-16;0.0
1924-10-17;0.0
1924-10-18;0.0
1924-10-19;0.0
1924-10-20;0.0
1924-10-21;2.5
1924-10-22;0.0
1924-10-23;0.0
1924-10-24;0.0
1924-10-25;15.5
1924-10-26;0.0
1924-10-27;0.0
1924-10-28;21.0
1924-10-29;0.0
1924-10-30;0.0
1924-10-31;0.0
1924-11-01;0.0
1924-11-02;0.0
1924-11-03;0.0
1924-11-04;0.0
1924-11-05;0.0
1924-11-06;0.0
1924-11-07;0.0
1924-11-08;0.0
1924-11-09;0.0
1924-11-10;0.0
1924-11-11;0.0
1924-11-12;0.0
1924-11-13;0.0
1924-11-14;0.0
1924-11-15;0.0
1924-11-16;0.0
1924-11-17;0.0
1924-11-18;0.0
1924-11-19;0.0
1924-11-20;0.0
1924-11-21;0.0
1924-11-22;0.0
1924-11-23;0.0
1924-11-24;0.0
1924-11-25;0.0
1924-11-26;0.0
1924-11-27;0.0
1924-11-28;0.0
1924-11-29;0.0
1924-11-30;0.0
1924-12-01;0.0
1924-12-02;0.0
1924-12-03;40.0
1924-12-04;5.0
1924-12-05;0.0
1924-12-06;0.0
1924-12-07;0.0
1924-12-08;0.0
1924-12-09;0.0
1924-12-10;0.0
1924-12-11;0.0
1924-12-12;0.0
1924-12-13;0.0
1924-12-14;0.0
1924-12-15;0.0
1924-12-16;0.0
1924-12-17;0.0
1924-12-18;0.0
1924-12-19;0.0
1924-12-20;0.0
1924-12-21;0.0
1924-12-22;0.0
1924-12-23;0.0
1924-12-24;0.0
1924-12-25;0.0
1924-12-26;0.0
1924-12-27;0.0
1924-12-28;0.0
1924-12-29;20.0
1924-12-30;0.0
1924-12-31;0.0
1925-01-01;4.0
1925-01-02;0.0
1925-01-03;6.0
1925-01-04;0.0
1925-01-05;4.5
1925-01-06;0.0
1925-01-07;0.0
1925-01-08;0.0
1925-01-09;0.0
1925-01-10;0.0
1925-01-11;0.0
1925-01-12;0.0
1925-01-13;0.0
1925-01-14;0.0
1925-01-15;0.0
1925-01-16;0.0
1925-01-17;0.0
1925-01-18;0.0
1925-01-19;0.0
1925-01-20;0.0
1925-01-21;0.0
1925-01-22;0.0
1925-01-23;0.0
1925-01-24;0.0
1925-01-25;0.0
1925-01-26;2.0
1925-01-27;10.0
1925-01-28;0.0
1925-01-29;0.0
1925-01-30;0.0
1925-01-31;10.0
1925-02-01;0.0
1925-02-02;0.0
1925-02-03;0.0
1925-02-04;0.0
1925-02-05;0.0
1925-02-06;0.0
1925-02-07;0.0
1925-02-08;5.0
1925-02-09;0.0
1925-02-10;0.0
1925-02-11;0.0
1925-02-12;0.0
1925-02-13;10.0
1925-02-14;0.0
1925-02-15;0.0
1925-02-16;20.0
1925-02-17;0.0
1925-02-18;25.5
1925-02-19;23.0
1925-02-20;0.0
1925-02-21;0.0
1925-02-22;0.0
1925-02-23;0.0
1925-02-24;0.0
1925-02-25;0.0
1925-02-26;0.0
1925-02-27;20.0
1925-02-28;10.0
1925-03-01;15.0
1925-03-02;10.0
1925-03-03;5.0
1925-03-04;0.0
1925-03-05;0.0
1925-03-06;0.0
1925-03-07;0.0
1925-03-08;0.0
1925-03-09;5.0
1925-03-10;10.0
1925-03-11;0.0
1925-03-12;0.0
1925-03-13;0.0
1925-03-14;0.0
1925-03-15;0.0
1925-03-16;0.0
1925-03-17;0.0
1925-03-18;0.0
1925-03-19;0.0
1925-03-20;0.0
1925-03-21;0.0
1925-03-22;10.0
1925-03-23;11.5
1925-03-24;0.0
1925-03-25;0.0
1925-03-26;0.0
1925-03-27;0.0
1925-03-28;15.0
1925-03-29;0.0
1925-03-30;0.0
1925-03-31;0.0
1925-04-01;0.0
1925-04-02;0.0
1925-04-03;12.0
1925-04-04;6.0
1925-04-05;12.5
1925-04-06;0.0
1925-04-07;0.0
1925-04-08;30.0
1925-04-09;5.0
1925-04-10;0.0
1925-04-11;0.0
1925-04-12;0.0
1925-04-13;0.0
1925-04-14;0.0
1925-04-15;0.0
1925-04-16;0.0
1925-04-17;6.0
1925-04-18;0.0
1925-04-19;0.0
1925-04-20;0.0
1925-04-21;0.0
1925-04-22;0.0
1925-04-23;5.0
1925-04-24;0.0
1925-04-25;15.0
1925-04-26;14.0
1925-04-27;11.0
1925-04-28;3.2
1925-04-29;0.0
1925-04-30;1.0
1925-05-01;5.0
1925-05-02;0.0
1925-05-03;10.0
1925-05-04;0.0
1925-05-05;0.0
1925-05-06;0.0
1925-05-07;0.0
1925-05-08;0.0
1925-05-09;0.0
1925-05-10;35.0
1925-05-11;0.0
1925-05-12;13.0
1925-05-13;0.0
1925-05-14;0.0
1925-05-15;0.0
1925-05-16;0.0
1925-05-17;0.0
1925-05-18;0.0
1925-05-19;0.0
1925-05-20;0.0
1925-05-21;0.0
1925-05-22;0.0
1925-05-23;0.0
1925-05-24;10.0
1925-05-25;21.0
1925-05-26;15.0
1925-05-27;5.0
1925-05-28;0.0
1925-05-29;0.0
1925-05-30;3.0
1925-05-31;0.0
1925-06-01;0.0
1925-06-02;0.0
1925-06-03;0.0
1925-06-04;0.0
1925-06-05;0.0
1925-06-06;0.0
1925-06-07;0.0
1925-06-08;0.0
1925-06-09;0.0
1925-06-10;0.0
1925-06-11;0.0
1925-06-12;0.0
1925-06-13;0.0
1925-06-14;0.0
1925-06-15;0.0
1925-06-16;0.0
1925-06-17;0.0
1925-06-18;0.0
1925-06-19;0.0
1925-06-20;0.0
1925-06-21;0.0
1925-06-22;0.0
1925-06-23;5.0
1925-06-24;0.0
1925-06-25;3.0
1925-06-26;0.0
1925-06-27;4.0
1925-06-28;0.0
1925-06-29;7.5
1925-06-30;0.0
1925-07-01;0.0
1925-07-02;0.0
1925-07-03;0.0
1925-07-04;0.0
1925-07-05;12.0
1925-07-06;0.0
1925-07-07;12.5
1925-07-08;0.0
1925-07-09;0.0
1925-07-10;12.0
1925-07-11;0.0
1925-07-12;0.0
1925-07-13;0.0
1925-07-14;0.0
1925-07-15;0.0
1925-07-16;0.0
1925-07-17;0.0
1925-07-18;0.0
1925-07-19;0.0
1925-07-20;0.0
1925-07-21;0.0
1925-07-22;0.0
1925-07-23;0.0
1925-07-24;0.0
1925-07-25;0.0
1925-07-26;3.0
1925-07-27;0.0
1925-07-28;0.0
1925-07-29;0.0
1925-07-30;0.0
1925-07-31;0.0
1925-08-01;0.0
1925-08-02;0.0
1925-08-03;0.0
1925-08-04;0.0
1925-08-05;0.0
1925-08-06;0.0
1925-08-07;0.0
1925-08-08;0.0
1925-08-09;0.0
1925-08-10;0.0
1925-08-11;0.0
1925-08-12;0.0
1925-08-13;0.0
1925-08-14;0.0
1925-08-15;0.0
1925-08-16;0.0
1925-08-17;0.0
1925-08-18;0.0
1925-08-19;0.0
1925-08-20;0.0
1925-08-21;50.5
1925-08-22;0.0
1925-08-23;0.0
1925-08-24;20.0
1925-08-25;0.0
1925-08-26;21.5
1925-08-27;0.0
1925-08-28;0.0
1925-08-29;0.0
1925-08-30;0.0
1925-08-31;0.0
1925-09-01;0.0
1925-09-02;0.0
1925-09-03;0.0
1925-09-04;0.0
1925-09-05;5.0
1925-09-06;0.0
1925-09-07;0.0
1925-09-08;0.0
1925-09-09;0.0
1925-09-10;0.0
1925-09-11;5.0
1925-09-12;0.0
1925-09-13;5.0
1925-09-14;0.0
1925-09-15;5.2
1925-09-16;0.0
1925-09-17;0.0
1925-09-18;0.0
1925-09-19;0.0
1925-09-20;0.0
1925-09-21;0.0
1925-09-22;40.3
1925-09-23;5.0
1925-09-24;4.0
1925-09-25;0.0
1925-09-26;0.0
1925-09-27;0.0
1925-09-28;0.0
1925-09-29;0.0
1925-09-30;5.0
1925-10-01;0.0
1925-10-02;0.0
1925-10-03;0.0
1925-10-04;0.0
1925-10-05;0.0
1925-10-06;0.0
1925-10-07;0.0
1925-10-08;0.0
1925-10-09;0.0
1925-10-10;0.0
1925-10-11;0.0
1925-10-12;0.0
1925-10-13;13.0
1925-10-14;0.0
1925-10-15;12.0
1925-10-16;0.0
1925-10-17;0.0
1925-10-18;0.0
1925-10-19;0.0
1925-10-20;0.0
1925-10-21;0.0
1925-10-22;0.0
1925-10-23;0.0
1925-10-24;21.0
1925-10-25;20.0
1925-10-26;0.0
1925-10-27;0.0
1925-10-28;0.0
1925-10-29;0.0
1925-10-30;0.0
1925-10-31;0.0
1925-11-01;0.0
1925-11-02;0.0
1925-11-03;0.0
1925-11-04;0.0
1925-11-05;0.0
1925-11-06;0.0
1925-11-07;20.0
1925-11-08;0.0
1925-11-09;21.5
1925-11-10;25.0
1925-11-11;0.0
1925-11-12;15.0
1925-11-13;10.0
1925-11-14;10.0
1925-11-15;0.0
1925-11-16;0.0
1925-11-17;0.0
1925-11-18;0.0
1925-11-19;15.0
1925-11-20;0.0
1925-11-21;0.0
1925-11-22;0.0
1925-11-23;5.0
1925-11-24;5.0
1925-11-25;0.0
1925-11-26;0.0
1925-11-27;7.0
1925-11-28;0.0
1925-11-29;0.0
1925-11-30;5.0
1925-12-01;15.0
1925-12-02;15.0
1925-12-03;0.0
1925-12-04;3.0
1925-12-05;0.0
1925-12-06;0.0
1925-12-07;0.0
1925-12-08;0.0
1925-12-09;0.0
1925-12-10;0.0
1925-12-11;0.0
1925-12-12;2.0
1925-12-13;0.0
1925-12-14;0.0
1925-12-15;0.0
1925-12-16;0.0
1925-12-17;0.0
1925-12-18;3.0
1925-12-19;0.0
1925-12-20;20.5
1925-12-21;15.0
1925-12-22;10.0
1925-12-23;5.0
1925-12-24;10.0
1925-12-25;0.0
1925-12-26;0.0
1925-12-27;0.0
1925-12-28;20.0
1925-12-29;0.0
1925-12-30;0.0
1925-12-31;0.0
1926-01-01;0.0
1926-01-02;0.0
1926-01-03;25.0
1926-01-04;0.0
1926-01-05;0.0
1926-01-06;0.0
1926-01-07;0.0
1926-01-08;0.0
1926-01-09;0.0
1926-01-10;0.0
1926-01-11;0.0
1926-01-12;0.0
1926-01-13;0.0
1926-01-14;17.0
1926-01-15;0.0
1926-01-16;0.0
1926-01-17;18.0
1926-01-18;13.0
1926-01-19;0.0
1926-01-20;0.0
1926-01-21;0.0
1926-01-22;18.0
1926-01-23;0.0
1926-01-24;0.0
1926-01-25;0.0
1926-01-26;0.0
1926-01-27;0.0
1926-01-28;0.0
1926-01-29;0.0
1926-01-30;15.0
1926-01-31;20.0
1926-02-01;0.0
1926-02-02;0.0
1926-02-03;0.0
1926-02-04;25.5
1926-02-05;0.0
1926-02-06;0.0
1926-02-07;5.0
1926-02-08;4.5
1926-02-09;5.5
1926-02-10;0.0
1926-02-11;0.0
1926-02-12;5.0
1926-02-13;0.0
1926-02-14;0.0
1926-02-15;0.0
1926-02-16;0.0
1926-02-17;0.0
1926-02-18;0.0
1926-02-19;0.0
1926-02-20;0.0
1926-02-21;0.0
1926-02-22;0.0
1926-02-23;0.0
1926-02-24;0.0
1926-02-25;0.0
1926-02-26;0.0
1926-02-27;0.0
1926-02-28;0.0
1926-03-01;0.0
1926-03-02;0.0
1926-03-03;0.0
1926-03-04;0.0
1926-03-05;0.0
1926-03-06;20.0
1926-03-07;0.0
1926-03-08;0.0
1926-03-09;0.0
1926-03-10;0.0
1926-03-11;0.0
1926-03-12;0.0
1926-03-13;0.0
1926-03-14;0.0
1926-03-15;0.0
1926-03-16;0.0
1926-03-17;0.0
1926-03-18;0.0
1926-03-19;0.0
1926-03-20;0.0
1926-03-21;0.0
1926-03-22;5.0
1926-03-23;3.0
1926-03-24;27.0
1926-03-25;0.0
1926-03-26;0.0
1926-03-27;6.0
1926-03-28;0.0
1926-03-29;0.0
1926-03-30;0.0
1926-03-31;0.0
1926-04-01;0.0
1926-04-02;2.0
1926-04-03;0.0
1926-04-04;0.0
1926-04-05;0.0
1926-04-06;0.0
1926-04-07;0.0
1926-04-08;0.0
1926-04-09;0.0
1926-04-10;5.0
1926-04-11;0.0
1926-04-12;3.0
1926-04-13;4.0
1926-04-14;0.0
1926-04-15;0.0
1926-04-16;0.0
1926-04-17;0.0
1926-04-18;0.0
1926-04-19;5.5
1926-04-20;3.0
1926-04-21;12.0
1926-04-22;15.0
1926-04-23;12.0
1926-04-24;10.5
1926-04-25;11.0
1926-04-26;10.0
1926-04-27;0.0
1926-04-28;5.0
1926-04-29;0.0
1926-04-30;0.0
1926-05-01;0.0
1926-05-02;10.0
1926-05-03;25.0
1926-05-04;10.0
1926-05-05;7.0
1926-05-06;0.0
1926-05-07;0.0
1926-05-08;10.0
1926-05-09;0.0
1926-05-10;0.0
1926-05-11;0.0
1926-05-12;0.0
1926-05-13;0.0
1926-05-14;0.0
1926-05-15;3.0
1926-05-16;0.0
1926-05-17;4.0
1926-05-18;0.0
1926-05-19;0.0
1926-05-20;3.0
1926-05-21;0.0
1926-05-22;0.0
1926-05-23;0.0
1926-05-24;0.0
1926-05-25;0.0
1926-05-26;0.0
1926-05-27;0.0
1926-05-28;0.0
1926-05-29;0.0
1926-05-30;0.0
1926-05-31;0.0
1926-06-01;0.0
1926-06-02;0.0
1926-06-03;20.0
1926-06-04;40.0
1926-06-05;0.0
1926-06-06;0.0
1926-06-07;0.0
1926-06-08;0.0
1926-06-09;0.0
1926-06-10;0.0
1926-06-11;0.0
1926-06-12;0.0
1926-06-13;0.0
1926-06-14;10.0
1926-06-15;3.0
1926-06-16;0.0
1926-06-17;0.0
1926-06-18;0.0
1926-06-19;0.0
1926-06-20;0.0
1926-06-21;0.0
1926-06-22;0.0
1926-06-23;0.0
1926-06-24;0.0
1926-06-25;0.0
1926-06-26;0.0
1926-06-27;0.0
1926-06-28;0.0
1926-06-29;0.0
1926-06-30;0.0
1926-07-01;0.0
1926-07-02;0.0
1926-07-03;0.0
1926-07-04;0.0
1926-07-05;0.0
1926-07-06;0.0
1926-07-07;0.0
1926-07-08;5.0
1926-07-09;0.0
1926-07-10;6.0
1926-07-11;4.0
1926-07-12;0.0
1926-07-13;0.0
1926-07-14;0.0
1926-07-15;20.0
1926-07-16;0.0
1926-07-17;0.0
1926-07-18;0.0
1926-07-19;0.0
1926-07-20;0.0
1926-07-21;0.0
1926-07-22;0.0
1926-07-23;0.0
1926-07-24;0.0
1926-07-25;0.0
1926-07-26;0.0
1926-07-27;0.0
1926-07-28;2.0
1926-07-29;0.0
1926-07-30;0.0
1926-07-31;1.0
1926-08-01;3.0
1926-08-02;0.0
1926-08-03;0.0
1926-08-04;0.0
1926-08-05;2.0
1926-08-06;2.5
1926-08-07;0.0
1926-08-08;2.0
1926-08-09;4.0
1926-08-10;0.0
1926-08-11;0.0
1926-08-12;0.0
1926-08-13;0.0
1926-08-14;0.0
1926-08-15;0.0
1926-08-16;0.0
1926-08-17;0.0
1926-08-18;0.0
1926-08-19;0.0
1926-08-20;0.0
1926-08-21;0.0
1926-08-22;0.0
1926-08-23;0.0
1926-08-24;0.0
1926-08-25;0.0
1926-08-26;0.0
1926-08-27;0.0
1926-08-28;0.0
1926-08-29;0.0
1926-08-30;0.0
1926-08-31;0.0
1926-09-01;0.0
1926-09-02;0.0
1926-09-03;7.0
1926-09-04;0.0
1926-09-05;10.0
1926-09-06;15.0
1926-09-07;0.0
1926-09-08;0.0
1926-09-09;0.0
1926-09-10;0.0
1926-09-11;0.0
1926-09-12;0.0
1926-09-13;0.0
1926-09-14;0.0
1926-09-15;0.0
1926-09-16;0.0
1926-09-17;0.0
1926-09-18;0.0
1926-09-19;0.0
1926-09-20;0.0
1926-09-21;0.0
1926-09-22;0.0
1926-09-23;0.0
1926-09-24;0.0
1926-09-25;0.0
1926-09-26;0.0
1926-09-27;0.0
1926-09-28;30.0
1926-09-29;0.0
1926-09-30;5.0
1926-10-01;0.0
1926-10-02;0.0
1926-10-03;0.0
1926-10-04;0.0
1926-10-05;0.0
1926-10-06;0.0
1926-10-07;0.0
1926-10-08;0.0
1926-10-09;0.0
1926-10-10;2.5
1926-10-11;0.0
1926-10-12;0.0
1926-10-13;0.0
1926-10-14;0.0
1926-10-15;0.0
1926-10-16;0.0
1926-10-17;0.0
1926-10-18;0.0
1926-10-19;0.0
1926-10-20;0.0
1926-10-21;0.0
1926-10-22;60.0
1926-10-23;50.0
1926-10-24;25.0
1926-10-25;25.0
1926-10-26;5.0
1926-10-27;0.0
1926-10-28;3.0
1926-10-29;0.0
1926-10-30;5.0
1926-10-31;0.0
1926-11-01;30.0
1926-11-02;35.0
1926-11-03;15.0
1926-11-04;0.0
1926-11-05;0.0
1926-11-06;0.0
1926-11-07;0.0
1926-11-08;3.0
1926-11-09;30.0
1926-11-10;15.0
1926-11-11;20.0
1926-11-12;0.0
1926-11-13;0.0
1926-11-14;0.0
1926-11-15;0.0
1926-11-16;0.0
1926-11-17;0.0
1926-11-18;0.0
1926-11-19;0.0
1926-11-20;50.0
1926-11-21;0.0
1926-11-22;45.0
1926-11-23;35.0
1926-11-24;35.0
1926-11-25;0.0
1926-11-26;0.0
1926-11-27;0.0
1926-11-28;0.0
1926-11-29;0.0
1926-11-30;0.0
1926-12-01;0.0
1926-12-02;2.5
1926-12-03;0.0
1926-12-04;0.0
1926-12-05;0.0
1926-12-06;0.0
1926-12-07;0.0
1926-12-08;0.0
1926-12-09;0.0
1926-12-10;0.0
1926-12-11;0.0
1926-12-12;0.0
1926-12-13;0.0
1926-12-14;0.0
1926-12-15;0.0
1926-12-16;2.0
1926-12-17;0.0
1926-12-18;0.0
1926-12-19;0.0
1926-12-20;0.0
1926-12-21;0.0
1926-12-22;0.0
1926-12-23;5.0
1926-12-24;4.0
1926-12-25;0.0
1926-12-26;0.0
1926-12-27;0.0
1926-12-28;0.0
1926-12-29;0.0
1926-12-30;0.0
1926-12-31;0.0
1927-01-01;0.0
1927-01-02;0.0
1927-01-03;0.0
1927-01-04;7.0
1927-01-05;3.0
1927-01-06;0.0
1927-01-07;0.0
1927-01-08;0.0
1927-01-09;5.0
1927-01-10;0.0
1927-01-11;0.0
1927-01-12;0.0
1927-01-13;0.0
1927-01-14;10.0
1927-01-15;5.5
1927-01-16;0.0
1927-01-17;0.0
1927-01-18;10.0
1927-01-19;0.0
1927-01-20;0.0
1927-01-21;0.0
1927-01-22;0.0
1927-01-23;0.0
1927-01-24;0.0
1927-01-25;0.0
1927-01-26;0.0
1927-01-27;0.0
1927-01-28;0.0
1927-01-29;0.0
1927-01-30;0.0
1927-01-31;20.5
1927-02-01;0.0
1927-02-02;0.0
1927-02-03;0.0
1927-02-04;0.0
1927-02-05;0.0
1927-02-06;0.0
1927-02-07;3.0
1927-02-08;0.0
1927-02-09;0.0
1927-02-10;0.0
1927-02-11;0.0
1927-02-12;0.0
1927-02-13;0.0
1927-02-14;0.0
1927-02-15;0.0
1927-02-16;0.0
1927-02-17;0.0
1927-02-18;0.0
1927-02-19;0.0
1927-02-20;0.0
1927-02-21;0.0
1927-02-22;0.0
1927-02-23;0.0
1927-02-24;20.0
1927-02-25;0.0
1927-02-26;15.0
1927-02-27;0.0
1927-02-28;0.0
1927-03-01;0.0
1927-03-02;0.0
1927-03-03;0.0
1927-03-04;0.0
1927-03-05;0.0
1927-03-06;20.0
1927-03-07;0.0
1927-03-08;0.0
1927-03-09;0.0
1927-03-10;20.5
1927-03-11;0.0
1927-03-12;15.0
1927-03-13;40.0
1927-03-14;10.0
1927-03-15;5.0
1927-03-16;10.0
1927-03-17;0.0
1927-03-18;0.0
1927-03-19;0.0
1927-03-20;0.0
1927-03-21;0.0
1927-03-22;0.0
1927-03-23;0.0
1927-03-24;4.0
1927-03-25;6.5
1927-03-26;3.0
1927-03-27;0.0
1927-03-28;0.0
1927-03-29;13.0
1927-03-30;0.0
1927-03-31;8.0
1927-04-01;8.0
1927-04-02;20.0
1927-04-03;0.0
1927-04-04;0.0
1927-04-05;0.0
1927-04-06;0.0
1927-04-07;0.0
1927-04-08;0.0
1927-04-09;0.0
1927-04-10;7.5
1927-04-11;0.0
1927-04-12;0.0
1927-04-13;0.0
1927-04-14;0.0
1927-04-15;0.0
1927-04-16;22.0
1927-04-17;0.0
1927-04-18;3.0
1927-04-19;0.0
1927-04-20;0.0
1927-04-21;0.0
1927-04-22;0.0
1927-04-23;0.0
1927-04-24;0.0
1927-04-25;0.0
1927-04-26;0.0
1927-04-27;0.0
1927-04-28;0.0
1927-04-29;0.0
1927-04-30;0.0
1927-05-01;0.0
1927-05-02;0.0
1927-05-03;9.0
1927-05-04;2.0
1927-05-05;40.0
1927-05-06;0.0
1927-05-07;7.0
1927-05-08;3.0
1927-05-09;5.0
1927-05-10;10.0
1927-05-11;0.0
1927-05-12;10.0
1927-05-13;0.0
1927-05-14;0.0
1927-05-15;0.0
1927-05-16;0.0
1927-05-17;0.0
1927-05-18;0.0
1927-05-19;0.0
1927-05-20;0.0
1927-05-21;0.0
1927-05-22;0.0
1927-05-23;6.0
1927-05-24;4.0
1927-05-25;0.0
1927-05-26;0.0
1927-05-27;0.0
1927-05-28;0.0
1927-05-29;0.0
1927-05-30;0.0
1927-05-31;0.0
1927-06-01;0.0
1927-06-02;0.0
1927-06-03;0.0
1927-06-04;0.0
1927-06-05;35.0
1927-06-06;0.0
1927-06-07;0.0
1927-06-08;0.0
1927-06-09;0.0
1927-06-10;0.0
1927-06-11;0.0
1927-06-12;0.0
1927-06-13;0.0
1927-06-14;0.0
1927-06-15;0.0
1927-06-16;0.0
1927-06-17;0.0
1927-06-18;0.0
1927-06-19;0.0
1927-06-20;0.0
1927-06-21;0.0
1927-06-22;0.0
1927-06-23;0.0
1927-06-24;0.0
1927-06-25;0.0
1927-06-26;0.0
1927-06-27;0.0
1927-06-28;0.0
1927-06-29;0.0
1927-06-30;0.0
1927-07-01;0.0
1927-07-02;0.0
1927-07-03;0.0
1927-07-04;0.0
1927-07-05;0.0
1927-07-06;0.0
1927-07-07;0.0
1927-07-08;0.0
1927-07-09;0.0
1927-07-10;8.0
1927-07-11;0.0
1927-07-12;0.0
1927-07-13;0.0
1927-07-14;0.0
1927-07-15;0.0
1927-07-16;0.0
1927-07-17;0.0
1927-07-18;0.0
1927-07-19;0.0
1927-07-20;0.0
1927-07-21;0.0
1927-07-22;0.0
1927-07-23;0.0
1927-07-24;0.0
1927-07-25;0.0
1927-07-26;0.0
1927-07-27;0.0
1927-07-28;0.0
1927-07-29;0.0
1927-07-30;0.0
1927-07-31;0.0
1927-08-01;0.0
1927-08-02;0.0
1927-08-03;0.0
1927-08-04;0.0
1927-08-05;0.0
1927-08-06;4.0
1927-08-07;0.0
1927-08-08;0.0
1927-08-09;0.0
1927-08-10;0.0
1927-08-11;0.0
1927-08-12;0.0
1927-08-13;0.0
1927-08-14;0.0
1927-08-15;0.0
1927-08-16;0.0
1927-08-17;0.0
1927-08-18;0.0
1927-08-19;0.0
1927-08-20;4.0
1927-08-21;0.0
1927-08-22;0.0
1927-08-23;0.0
1927-08-24;0.0
1927-08-25;0.0
1927-08-26;0.0
1927-08-27;5.0
1927-08-28;0.0
1927-08-29;0.0
1927-08-30;0.0
1927-08-31;0.0
1927-09-01;0.0
1927-09-02;0.0
1927-09-03;0.0
1927-09-04;0.0
1927-09-05;3.0
1927-09-06;0.0
1927-09-07;0.0
1927-09-08;2.0
1927-09-09;0.0
1927-09-10;5.0
1927-09-11;0.0
1927-09-12;20.0
1927-09-13;0.0
1927-09-14;0.0
1927-09-15;0.0
1927-09-16;0.0
1927-09-17;30.0
1927-09-18;0.0
1927-09-19;0.0
1927-09-20;0.0
1927-09-21;0.0
1927-09-22;0.0
1927-09-23;0.0
1927-09-24;10.0
1927-09-25;10.0
1927-09-26;5.0
1927-09-27;5.0
1927-09-28;0.0
1927-09-29;0.0
1927-09-30;0.0
1927-10-01;0.0
1927-10-02;0.0
1927-10-03;0.0
1927-10-04;0.0
1927-10-05;0.0
1927-10-06;10.0
1927-10-07;0.0
1927-10-08;0.0
1927-10-09;0.0
1927-10-10;0.0
1927-10-11;0.0
1927-10-12;0.0
1927-10-13;0.0
1927-10-14;0.0
1927-10-15;0.0
1927-10-16;0.0
1927-10-17;17.0
1927-10-18;10.0
1927-10-19;10.0
1927-10-20;0.0
1927-10-21;0.0
1927-10-22;0.0
1927-10-23;15.0
1927-10-24;0.0
1927-10-25;0.0
1927-10-26;0.0
1927-10-27;0.0
1927-10-28;0.0
1927-10-29;0.0
1927-10-30;0.0
1927-10-31;0.0
1927-11-01;0.0
1927-11-02;0.0
1927-11-03;0.0
1927-11-04;0.0
1927-11-05;0.0
1927-11-06;0.0
1927-11-07;0.0
1927-11-08;0.0
1927-11-09;0.0
1927-11-10;0.0
1927-11-11;0.0
1927-11-12;15.0
1927-11-13;0.0
1927-11-14;18.0
1927-11-15;0.0
1927-11-16;0.0
1927-11-17;0.0
1927-11-18;0.0
1927-11-19;0.0
1927-11-20;0.0
1927-11-21;10.0
1927-11-22;40.0
1927-11-23;10.0
1927-11-24;5.0
1927-11-25;0.0
1927-11-26;0.0
1927-11-27;0.0
1927-11-28;0.0
1927-11-29;0.0
1927-11-30;5.0
1927-12-01;0.0
1927-12-02;0.0
1927-12-03;0.0
1927-12-04;0.0
1927-12-05;0.0
1927-12-06;0.0
1927-12-07;0.0
1927-12-08;0.0
1927-12-09;0.0
1927-12-10;0.0
1927-12-11;0.0
1927-12-12;18.0
1927-12-13;22.0
1927-12-14;0.0
1927-12-15;0.0
1927-12-16;5.0
1927-12-17;0.0
1927-12-18;0.0
1927-12-19;0.0
1927-12-20;0.0
1927-12-21;0.0
1927-12-22;0.0
1927-12-23;35.0
1927-12-24;25.0
1927-12-25;15.0
1927-12-26;0.0
1927-12-27;25.0
1927-12-28;0.0
1927-12-29;20.0
1927-12-30;0.0
1927-12-31;0.0
1928-01-01;0.0
1928-01-02;0.0
1928-01-03;0.0
1928-01-04;4.5
1928-01-05;0.0
1928-01-06;10.2
1928-01-07;0.0
1928-01-08;0.0
1928-01-09;0.0
1928-01-10;0.0
1928-01-11;0.0
1928-01-12;0.0
1928-01-13;0.0
1928-01-14;0.0
1928-01-15;0.0
1928-01-16;0.0
1928-01-17;7.2
1928-01-18;0.0
1928-01-19;0.0
1928-01-20;0.0
1928-01-21;0.0
1928-01-22;0.0
1928-01-23;0.0
1928-01-24;0.0
1928-01-25;0.0
1928-01-26;0.0
1928-01-27;4.5
1928-01-28;0.0
1928-01-29;0.0
1928-01-30;0.0
1928-01-31;5.0
1928-02-01;0.0
1928-02-02;0.0
1928-02-03;0.0
1928-02-04;0.0
1928-02-05;0.0
1928-02-06;0.0
1928-02-07;0.0
1928-02-08;0.0
1928-02-09;0.0
1928-02-10;0.0
1928-02-11;0.0
1928-02-12;23.0
1928-02-13;0.0
1928-02-14;0.0
1928-02-15;0.0
1928-02-16;0.0
1928-02-17;0.0
1928-02-18;0.0
1928-02-19;0.0
1928-02-20;0.0
1928-02-21;0.0
1928-02-22;0.0
1928-02-23;0.0
1928-02-24;0.0
1928-02-25;0.0
1928-02-26;0.0
1928-02-27;0.0
1928-02-28;0.0
1928-02-29;0.0
1928-03-01;0.0
1928-03-02;0.0
1928-03-03;0.0
1928-03-04;0.0
1928-03-05;12.0
1928-03-06;10.5
1928-03-07;0.0
1928-03-08;8.0
1928-03-09;12.2
1928-03-10;0.0
1928-03-11;14.0
1928-03-12;15.0
1928-03-13;0.0
1928-03-14;0.0
1928-03-15;20.0
1928-03-16;0.0
1928-03-17;0.0
1928-03-18;0.0
1928-03-19;0.0
1928-03-20;0.0
1928-03-21;0.0
1928-03-22;10.0
1928-03-23;0.0
1928-03-24;8.0
1928-03-25;7.0
1928-03-26;0.0
1928-03-27;0.0
1928-03-28;0.0
1928-03-29;15.0
1928-03-30;0.0
1928-03-31;0.0
1928-04-01;0.0
1928-04-02;29.7
1928-04-03;15.3
1928-04-04;0.0
1928-04-05;0.0
1928-04-06;0.0
1928-04-07;0.0
1928-04-08;4.0
1928-04-09;6.0
1928-04-10;0.0
1928-04-11;0.0
1928-04-12;6.0
1928-04-13;0.0
1928-04-14;0.0
1928-04-15;0.0
1928-04-16;14.0
1928-04-17;0.0
1928-04-18;0.0
1928-04-19;0.0
1928-04-20;0.0
1928-04-21;0.0
1928-04-22;0.0
1928-04-23;0.0
1928-04-24;5.0
1928-04-25;0.0
1928-04-26;0.0
1928-04-27;0.0
1928-04-28;0.0
1928-04-29;0.0
1928-04-30;7.0
1928-05-01;0.0
1928-05-02;0.0
1928-05-03;0.0
1928-05-04;0.0
1928-05-05;0.0
1928-05-06;0.0
1928-05-07;0.0
1928-05-08;0.0
1928-05-09;3.0
1928-05-10;0.0
1928-05-11;0.0
1928-05-12;25.0
1928-05-13;0.0
1928-05-14;0.0
1928-05-15;0.0
1928-05-16;0.0
1928-05-17;5.0
1928-05-18;7.0
1928-05-19;0.0
1928-05-20;0.0
1928-05-21;25.0
1928-05-22;0.0
1928-05-23;15.0
1928-05-24;7.5
1928-05-25;30.0
1928-05-26;40.0
1928-05-27;0.0
1928-05-28;0.0
1928-05-29;0.0
1928-05-30;0.0
1928-05-31;0.0
1928-06-01;0.0
1928-06-02;0.0
1928-06-03;0.0
1928-06-04;0.0
1928-06-05;0.0
1928-06-06;0.0
1928-06-07;0.0
1928-06-08;0.0
1928-06-09;0.0
1928-06-10;0.0
1928-06-11;0.0
1928-06-12;0.0
1928-06-13;0.0
1928-06-14;0.0
1928-06-15;0.0
1928-06-16;0.0
1928-06-17;7.0
1928-06-18;0.0
1928-06-19;0.0
1928-06-20;0.0
1928-06-21;0.0
1928-06-22;0.0
1928-06-23;0.0
1928-06-24;0.0
1928-06-25;0.0
1928-06-26;0.0
1928-06-27;0.0
1928-06-28;0.0
1928-06-29;0.0
1928-06-30;0.0
1928-07-01;0.0
1928-07-02;0.0
1928-07-03;0.0
1928-07-04;0.0
1928-07-05;0.0
1928-07-06;0.0
1928-07-07;0.0
1928-07-08;0.0
1928-07-09;0.0
1928-07-10;0.0
1928-07-11;0.0
1928-07-12;0.0
1928-07-13;0.0
1928-07-14;0.0
1928-07-15;0.0
1928-07-16;0.0
1928-07-17;0.0
1928-07-18;0.0
1928-07-19;0.0
1928-07-20;0.0
1928-07-21;0.0
1928-07-22;0.0
1928-07-23;0.0
1928-07-24;0.0
1928-07-25;0.0
1928-07-26;0.0
1928-07-27;0.0
1928-07-28;0.0
1928-07-29;0.0
1928-07-30;0.0
1928-07-31;0.0
1928-08-01;0.0
1928-08-02;0.0
1928-08-03;0.0
1928-08-04;0.0
1928-08-05;0.0
1928-08-06;0.0
1928-08-07;0.0
1928-08-08;0.0
1928-08-09;0.0
1928-08-10;0.0
1928-08-11;0.0
1928-08-12;0.0
1928-08-13;0.0
1928-08-14;0.0
1928-08-15;0.0
1928-08-16;0.0
1928-08-17;0.0
1928-08-18;0.0
1928-08-19;0.0
1928-08-20;0.0
1928-08-21;0.0
1928-08-22;0.0
1928-08-23;3.0
1928-08-24;0.0
1928-08-25;0.0
1928-08-26;0.0
1928-08-27;0.0
1928-08-28;0.0
1928-08-29;0.0
1928-08-30;10.0
1928-08-31;3.0
1928-09-01;0.0
1928-09-02;0.0
1928-09-03;0.0
1928-09-04;0.0
1928-09-05;0.0
1928-09-06;0.0
1928-09-07;0.0
1928-09-08;0.0
1928-09-09;0.0
1928-09-10;0.0
1928-09-11;0.0
1928-09-12;0.0
1928-09-13;15.0
1928-09-14;0.0
1928-09-15;13.0
1928-09-16;0.0
1928-09-17;23.0
1928-09-18;20.0
1928-09-19;3.5
1928-09-20;0.0
1928-09-21;0.0
1928-09-22;0.0
1928-09-23;11.0
1928-09-24;9.0
1928-09-25;0.0
1928-09-26;0.0
1928-09-27;40.5
1928-09-28;0.0
1928-09-29;0.0
1928-09-30;5.5
1928-10-01;0.0
1928-10-02;0.0
1928-10-03;0.0
1928-10-04;0.0
1928-10-05;35.0
1928-10-06;0.0
1928-10-07;0.0
1928-10-08;0.0
1928-10-09;0.0
1928-10-10;28.0
1928-10-11;12.5
1928-10-12;0.0
1928-10-13;0.0
1928-10-14;0.0
1928-10-15;5.0
1928-10-16;0.0
1928-10-17;0.0
1928-10-18;0.0
1928-10-19;0.0
1928-10-20;0.0
1928-10-21;0.0
1928-10-22;0.0
1928-10-23;12.0
1928-10-24;0.0
1928-10-25;0.0
1928-10-26;0.0
1928-10-27;10.0
1928-10-28;80.0
1928-10-29;10.0
1928-10-30;0.0
1928-10-31;15.0
1928-11-01;25.0
1928-11-02;3.0
1928-11-03;30.0
1928-11-04;0.0
1928-11-05;0.0
1928-11-06;25.0
1928-11-07;15.0
1928-11-08;35.0
1928-11-09;45.0
1928-11-10;4.0
1928-11-11;0.0
1928-11-12;0.0
1928-11-13;0.0
1928-11-14;0.0
1928-11-15;0.0
1928-11-16;5.0
1928-11-17;10.0
1928-11-18;0.0
1928-11-19;0.0
1928-11-20;0.0
1928-11-21;0.0
1928-11-22;0.0
1928-11-23;0.0
1928-11-24;10.0
1928-11-25;6.0
1928-11-26;14.0
1928-11-27;4.5
1928-11-28;25.0
1928-11-29;0.0
1928-11-30;0.0
1928-12-01;0.0
1928-12-02;0.0
1928-12-03;0.0
1928-12-04;0.0
1928-12-05;0.0
1928-12-06;0.0
1928-12-07;0.0
1928-12-08;0.0
1928-12-09;19.0
1928-12-10;0.0
1928-12-11;0.0
1928-12-12;28.0
1928-12-13;22.0
1928-12-14;0.0
1928-12-15;0.0
1928-12-16;0.0
1928-12-17;0.0
1928-12-18;0.0
1928-12-19;0.0
1928-12-20;0.0
1928-12-21;0.0
1928-12-22;0.0
1928-12-23;7.0
1928-12-24;0.0
1928-12-25;0.0
1928-12-26;0.0
1928-12-27;0.0
1928-12-28;0.0
1928-12-29;20.0
1928-12-30;0.0
1928-12-31;25.0
1929-01-01;25.0
1929-01-02;65.0
1929-01-03;5.0
1929-01-04;0.0
1929-01-05;0.0
1929-01-06;0.0
1929-01-07;0.0
1929-01-08;0.0
1929-01-09;0.0
1929-01-10;0.0
1929-01-11;0.0
1929-01-12;0.0
1929-01-13;0.0
1929-01-14;3.0
1929-01-15;17.0
1929-01-16;11.0
1929-01-17;3.0
1929-01-18;0.0
1929-01-19;0.0
1929-01-20;0.0
1929-01-21;0.0
1929-01-22;0.0
1929-01-23;0.0
1929-01-24;0.0
1929-01-25;9.0
1929-01-26;2.5
1929-01-27;0.0
1929-01-28;0.0
1929-01-29;0.0
1929-01-30;0.0
1929-01-31;0.0
1929-02-01;0.0
1929-02-02;0.0
1929-02-03;0.0
1929-02-04;0.0
1929-02-05;0.0
1929-02-06;0.0
1929-02-07;0.0
1929-02-08;0.0
1929-02-09;0.0
1929-02-10;0.0
1929-02-11;6.0
1929-02-12;17.0
1929-02-13;9.0
1929-02-14;0.0
1929-02-15;0.0
1929-02-16;0.0
1929-02-17;0.0
1929-02-18;0.0
1929-02-19;0.0
1929-02-20;0.0
1929-02-21;0.0
1929-02-22;0.0
1929-02-23;0.0
1929-02-24;0.0
1929-02-25;0.0
1929-02-26;0.0
1929-02-27;0.0
1929-02-28;4.0
1929-03-01;0.0
1929-03-02;0.0
1929-03-03;0.0
1929-03-04;0.0
1929-03-05;3.0
1929-03-06;0.0
1929-03-07;0.0
1929-03-08;0.0
1929-03-09;0.0
1929-03-10;0.0
1929-03-11;0.0
1929-03-12;0.0
1929-03-13;0.0
1929-03-14;0.0
1929-03-15;0.0
1929-03-16;0.0
1929-03-17;0.0
1929-03-18;0.0
1929-03-19;0.0
1929-03-20;0.0
1929-03-21;0.0
1929-03-22;0.0
1929-03-23;0.0
1929-03-24;0.0
1929-03-25;0.0
1929-03-26;0.0
1929-03-27;0.0
1929-03-28;0.0
1929-03-29;0.0
1929-03-30;0.0
1929-03-31;0.0
1929-04-01;0.0
1929-04-02;0.0
1929-04-03;10.0
1929-04-04;0.0
1929-04-05;0.0
1929-04-06;12.0
1929-04-07;13.0
1929-04-08;0.0
1929-04-09;0.0
1929-04-10;0.0
1929-04-11;0.0
1929-04-12;0.0
1929-04-13;0.0
1929-04-14;0.0
1929-04-15;0.0
1929-04-16;5.0
1929-04-17;6.0
1929-04-18;0.0
1929-04-19;0.0
1929-04-20;0.0
1929-04-21;0.0
1929-04-22;0.0
1929-04-23;8.0
1929-04-24;0.0
1929-04-25;0.0
1929-04-26;0.0
1929-04-27;0.0
1929-04-28;0.0
1929-04-29;9.0
1929-04-30;11.0
1929-05-01;0.0
1929-05-02;0.0
1929-05-03;10.0
1929-05-04;6.0
1929-05-05;8.0
1929-05-06;0.0
1929-05-07;0.0
1929-05-08;0.0
1929-05-09;0.0
1929-05-10;0.0
1929-05-11;0.0
1929-05-12;0.0
1929-05-13;0.0
1929-05-14;0.0
1929-05-15;0.0
1929-05-16;0.0
1929-05-17;0.0
1929-05-18;0.0
1929-05-19;0.0
1929-05-20;0.0
1929-05-21;0.0
1929-05-22;0.0
1929-05-23;0.0
1929-05-24;0.0
1929-05-25;0.0
1929-05-26;0.0
1929-05-27;0.0
1929-05-28;0.0
1929-05-29;0.0
1929-05-30;0.0
1929-05-31;0.0
1929-06-01;5.0
1929-06-02;0.0
1929-06-03;0.0
1929-06-04;0.0
1929-06-05;0.0
1929-06-06;0.0
1929-06-07;0.0
1929-06-08;0.0
1929-06-09;0.0
1929-06-10;0.0
1929-06-11;0.0
1929-06-12;0.0
1929-06-13;3.0
1929-06-14;0.0
1929-06-15;0.0
1929-06-16;0.0
1929-06-17;0.0
1929-06-18;0.0
1929-06-19;0.0
1929-06-20;0.0
1929-06-21;20.0
1929-06-22;2.0
1929-06-23;0.0
1929-06-24;0.0
1929-06-25;0.0
1929-06-26;0.0
1929-06-27;20.0
1929-06-28;0.0
1929-06-29;0.0
1929-06-30;0.0
1929-07-01;0.0
1929-07-02;0.0
1929-07-03;0.0
1929-07-04;0.0
1929-07-05;0.0
1929-07-06;0.0
1929-07-07;0.0
1929-07-08;0.0
1929-07-09;0.0
1929-07-10;0.0
1929-07-11;0.0
1929-07-12;0.0
1929-07-13;0.0
1929-07-14;0.0
1929-07-15;0.0
1929-07-16;0.0
1929-07-17;0.0
1929-07-18;0.0
1929-07-19;0.0
1929-07-20;0.0
1929-07-21;0.0
1929-07-22;0.0
1929-07-23;0.0
1929-07-24;0.0
1929-07-25;0.0
1929-07-26;0.0
1929-07-27;0.0
1929-07-28;0.0
1929-07-29;0.0
1929-07-30;0.0
1929-07-31;0.0
1929-08-01;0.0
1929-08-02;0.0
1929-08-03;25.0
1929-08-04;0.0
1929-08-05;0.0
1929-08-06;0.0
1929-08-07;0.0
1929-08-08;0.0
1929-08-09;0.0
1929-08-10;0.0
1929-08-11;0.0
1929-08-12;10.0
1929-08-13;0.0
1929-08-14;0.0
1929-08-15;0.0
1929-08-16;0.0
1929-08-17;0.0
1929-08-18;0.0
1929-08-19;0.0
1929-08-20;15.0
1929-08-21;0.0
1929-08-22;0.0
1929-08-23;0.0
1929-08-24;0.0
1929-08-25;0.0
1929-08-26;0.0
1929-08-27;0.0
1929-08-28;0.0
1929-08-29;0.0
1929-08-30;0.0
1929-08-31;0.0
1929-09-01;0.0
1929-09-02;0.0
1929-09-03;0.0
1929-09-04;0.0
1929-09-05;0.0
1929-09-06;0.0
1929-09-07;0.0
1929-09-08;0.0
1929-09-09;0.0
1929-09-10;0.0
1929-09-11;0.0
1929-09-12;0.0
1929-09-13;0.0
1929-09-14;0.0
1929-09-15;0.0
1929-09-16;0.0
1929-09-17;0.0
1929-09-18;0.0
1929-09-19;0.0
1929-09-20;0.0
1929-09-21;27.0
1929-09-22;10.5
1929-09-23;0.0
1929-09-24;0.0
1929-09-25;0.0
1929-09-26;0.0
1929-09-27;0.0
1929-09-28;0.0
1929-09-29;0.0
1929-09-30;0.0
1929-10-01;0.0
1929-10-02;0.0
1929-10-03;0.0
1929-10-04;0.0
1929-10-05;0.0
1929-10-06;0.0
1929-10-07;5.0
1929-10-08;0.0
1929-10-09;0.0
1929-10-10;0.0
1929-10-11;0.0
1929-10-12;0.0
1929-10-13;0.0
1929-10-14;0.0
1929-10-15;0.0
1929-10-16;0.0
1929-10-17;0.0
1929-10-18;0.0
1929-10-19;0.0
1929-10-20;29.0
1929-10-21;8.0
1929-10-22;0.0
1929-10-23;0.0
1929-10-24;0.0
1929-10-25;0.0
1929-10-26;17.0
1929-10-27;0.0
1929-10-28;37.0
1929-10-29;9.0
1929-10-30;10.0
1929-10-31;7.0
1929-11-01;9.0
1929-11-02;16.0
1929-11-03;10.0
1929-11-04;12.0
1929-11-05;0.0
1929-11-06;11.0
1929-11-07;0.0
1929-11-08;0.0
1929-11-09;4.0
1929-11-10;0.0
1929-11-11;6.0
1929-11-12;0.0
1929-11-13;0.0
1929-11-14;21.0
1929-11-15;0.0
1929-11-16;6.0
1929-11-17;0.0
1929-11-18;56.0
1929-11-19;0.0
1929-11-20;0.0
1929-11-21;0.0
1929-11-22;0.0
1929-11-23;0.0
1929-11-24;0.0
1929-11-25;0.0
1929-11-26;0.0
1929-11-27;0.0
1929-11-28;0.0
1929-11-29;10.0
1929-11-30;0.0
1929-12-01;15.0
1929-12-02;5.0
1929-12-03;0.0
1929-12-04;0.0
1929-12-05;0.0
1929-12-06;0.0
1929-12-07;0.0
1929-12-08;20.0
1929-12-09;0.0
1929-12-10;0.0
1929-12-11;10.0
1929-12-12;0.0
1929-12-13;0.0
1929-12-14;0.0
1929-12-15;0.0
1929-12-16;0.0
1929-12-17;0.0
1929-12-18;0.0
1929-12-19;0.0
1929-12-20;5.0
1929-12-21;0.0
1929-12-22;0.0
1929-12-23;8.5
1929-12-24;0.0
1929-12-25;0.0
1929-12-26;0.0
1929-12-27;8.0
1929-12-28;7.5
1929-12-29;0.0
1929-12-30;0.0
1929-12-31;0.0
1930-01-01;0.0
1930-01-02;0.0
1930-01-03;0.0
1930-01-04;0.0
1930-01-05;0.0
1930-01-06;0.0
1930-01-07;0.0
1930-01-08;0.0
1930-01-09;0.0
1930-01-10;0.0
1930-01-11;5.0
1930-01-12;20.0
1930-01-13;0.0
1930-01-14;0.0
1930-01-15;0.0
1930-01-16;12.0
1930-01-17;4.0
1930-01-18;0.0
1930-01-19;0.0
1930-01-20;0.0
1930-01-21;0.0
1930-01-22;0.0
1930-01-23;0.0
1930-01-24;0.0
1930-01-25;19.0
1930-01-26;15.0
1930-01-27;0.0
1930-01-28;20.0
1930-01-29;0.0
1930-01-30;0.0
1930-01-31;5.0
1930-02-01;0.0
1930-02-02;25.0
1930-02-03;7.0
1930-02-04;0.0
1930-02-05;8.0
1930-02-06;15.0
1930-02-07;10.0
1930-02-08;0.0
1930-02-09;0.0
1930-02-10;0.0
1930-02-11;0.0
1930-02-12;0.0
1930-02-13;0.0
1930-02-14;0.0
1930-02-15;0.0
1930-02-16;0.0
1930-02-17;0.0
1930-02-18;0.0
1930-02-19;0.0
1930-02-20;0.0
1930-02-21;0.0
1930-02-22;0.0
1930-02-23;0.0
1930-02-24;0.0
1930-02-25;0.0
1930-02-26;0.0
1930-02-27;0.0
1930-02-28;35.0
1930-03-01;8.0
1930-03-02;0.0
1930-03-03;0.0
1930-03-04;0.0
1930-03-05;0.0
1930-03-06;0.0
1930-03-07;0.0
1930-03-08;13.0
1930-03-09;17.0
1930-03-10;0.0
1930-03-11;9.0
1930-03-12;6.0
1930-03-13;0.0
1930-03-14;0.0
1930-03-15;10.0
1930-03-16;2.0
1930-03-17;0.0
1930-03-18;0.0
1930-03-19;0.0
1930-03-20;5.0
1930-03-21;0.0
1930-03-22;0.0
1930-03-23;0.0
1930-03-24;0.0
1930-03-25;5.0
1930-03-26;0.0
1930-03-27;0.0
1930-03-28;0.0
1930-03-29;0.0
1930-03-30;0.0
1930-03-31;0.0
1930-04-01;0.0
1930-04-02;0.0
1930-04-03;0.0
1930-04-04;30.0
1930-04-05;5.0
1930-04-06;15.0
1930-04-07;10.0
1930-04-08;0.0
1930-04-09;0.0
1930-04-10;0.0
1930-04-11;0.0
1930-04-12;0.0
1930-04-13;0.0
1930-04-14;30.5
1930-04-15;7.0
1930-04-16;3.0
1930-04-17;0.0
1930-04-18;7.0
1930-04-19;3.0
1930-04-20;0.0
1930-04-21;0.0
1930-04-22;0.0
1930-04-23;0.0
1930-04-24;0.0
1930-04-25;0.0
1930-04-26;0.0
1930-04-27;0.0
1930-04-28;0.0
1930-04-29;15.0
1930-04-30;25.0
1930-05-01;35.0
1930-05-02;8.0
1930-05-03;0.0
1930-05-04;0.0
1930-05-05;0.0
1930-05-06;0.0
1930-05-07;0.0
1930-05-08;0.0
1930-05-09;25.0
1930-05-10;11.0
1930-05-11;0.0
1930-05-12;0.0
1930-05-13;15.0
1930-05-14;0.0
1930-05-15;0.0
1930-05-16;0.0
1930-05-17;0.0
1930-05-18;0.0
1930-05-19;0.0
1930-05-20;27.0
1930-05-21;0.0
1930-05-22;0.0
1930-05-23;3.0
1930-05-24;0.0
1930-05-25;0.0
1930-05-26;11.0
1930-05-27;14.0
1930-05-28;0.0
1930-05-29;0.0
1930-05-30;0.0
1930-05-31;0.0
1930-06-01;0.0
1930-06-02;0.0
1930-06-03;0.0
1930-06-04;0.0
1930-06-05;0.0
1930-06-06;0.0
1930-06-07;12.0
1930-06-08;0.0
1930-06-09;7.0
1930-06-10;0.0
1930-06-11;0.0
1930-06-12;0.0
1930-06-13;0.0
1930-06-14;0.0
1930-06-15;0.0
1930-06-16;0.0
1930-06-17;0.0
1930-06-18;0.0
1930-06-19;0.0
1930-06-20;0.0
1930-06-21;0.0
1930-06-22;0.0
1930-06-23;0.0
1930-06-24;0.0
1930-06-25;0.0
1930-06-26;0.0
1930-06-27;0.0
1930-06-28;50.0
1930-06-29;0.0
1930-06-30;0.0
1930-07-01;0.0
1930-07-02;0.0
1930-07-03;0.0
1930-07-04;0.0
1930-07-05;0.0
1930-07-06;0.0
1930-07-07;0.0
1930-07-08;0.0
1930-07-09;0.0
1930-07-10;0.0
1930-07-11;5.0
1930-07-12;0.0
1930-07-13;7.0
1930-07-14;0.0
1930-07-15;0.0
1930-07-16;15.0
1930-07-17;0.0
1930-07-18;0.0
1930-07-19;0.0
1930-07-20;0.0
1930-07-21;0.0
1930-07-22;0.0
1930-07-23;0.0
1930-07-24;0.0
1930-07-25;0.0
1930-07-26;0.0
1930-07-27;0.0
1930-07-28;0.0
1930-07-29;0.0
1930-07-30;0.0
1930-07-31;0.0
1930-08-01;0.0
1930-08-02;0.0
1930-08-03;0.0
1930-08-04;0.0
1930-08-05;0.0
1930-08-06;0.0
1930-08-07;0.0
1930-08-08;0.0
1930-08-09;30.0
1930-08-10;0.0
1930-08-11;0.0
1930-08-12;0.0
1930-08-13;5.0
1930-08-14;15.0
1930-08-15;0.0
1930-08-16;0.0
1930-08-17;0.0
1930-08-18;0.0
1930-08-19;0.0
1930-08-20;0.0
1930-08-21;0.0
1930-08-22;0.0
1930-08-23;0.0
1930-08-24;0.0
1930-08-25;0.0
1930-08-26;0.0
1930-08-27;0.0
1930-08-28;0.0
1930-08-29;0.0
1930-08-30;0.0
1930-08-31;0.0
1930-09-01;0.0
1930-09-02;0.0
1930-09-03;0.0
1930-09-04;0.0
1930-09-05;0.0
1930-09-06;0.0
1930-09-07;0.0
1930-09-08;0.0
1930-09-09;0.0
1930-09-10;0.0
1930-09-11;0.0
1930-09-12;12.0
1930-09-13;8.0
1930-09-14;0.0
1930-09-15;0.0
1930-09-16;40.0
1930-09-17;0.0
1930-09-18;0.0
1930-09-19;0.0
1930-09-20;0.0
1930-09-21;20.0
1930-09-22;0.0
1930-09-23;0.0
1930-09-24;0.0
1930-09-25;0.0
1930-09-26;0.0
1930-09-27;0.0
1930-09-28;2.0
1930-09-29;20.0
1930-09-30;0.0
1930-10-01;0.0
1930-10-02;0.0
1930-10-03;0.0
1930-10-04;0.0
1930-10-05;0.0
1930-10-06;11.0
1930-10-07;9.0
1930-10-08;0.0
1930-10-09;0.0
1930-10-10;0.0
1930-10-11;3.0
1930-10-12;0.0
1930-10-13;10.0
1930-10-14;0.0
1930-10-15;0.0
1930-10-16;0.0
1930-10-17;0.0
1930-10-18;0.0
1930-10-19;0.0
1930-10-20;0.0
1930-10-21;3.0
1930-10-22;5.0
1930-10-23;0.0
1930-10-24;0.0
1930-10-25;40.0
1930-10-26;15.0
1930-10-27;0.0
1930-10-28;0.0
1930-10-29;0.0
1930-10-30;0.0
1930-10-31;0.0
1930-11-01;0.0
1930-11-02;0.0
1930-11-03;3.0
1930-11-04;26.0
1930-11-05;5.0
1930-11-06;0.0
1930-11-07;10.0
1930-11-08;0.0
1930-11-09;0.0
1930-11-10;0.0
1930-11-11;0.0
1930-11-12;0.0
1930-11-13;0.0
1930-11-14;0.0
1930-11-15;0.0
1930-11-16;0.0
1930-11-17;0.0
1930-11-18;0.0
1930-11-19;0.0
1930-11-20;0.0
1930-11-21;6.0
1930-11-22;0.0
1930-11-23;0.0
1930-11-24;0.0
1930-11-25;0.0
1930-11-26;0.0
1930-11-27;0.0
1930-11-28;0.0
1930-11-29;0.0
1930-11-30;0.0
1930-12-01;0.0
1930-12-02;0.0
1930-12-03;0.0
1930-12-04;0.0
1930-12-05;0.0
1930-12-06;0.0
1930-12-07;0.0
1930-12-08;25.0
1930-12-09;15.0
1930-12-10;15.0
1930-12-11;0.0
1930-12-12;0.0
1930-12-13;0.0
1930-12-14;0.0
1930-12-15;25.0
1930-12-16;3.0
1930-12-17;0.0
1930-12-18;0.0
1930-12-19;0.0
1930-12-20;0.0
1930-12-21;0.0
1930-12-22;0.0
1930-12-23;0.0
1930-12-24;0.0
1930-12-25;0.0
1930-12-26;0.0
1930-12-27;0.0
1930-12-28;0.0
1930-12-29;0.0
1930-12-30;15.0
1930-12-31;10.0
1931-01-01;25.0
1931-01-02;10.0
1931-01-03;5.0
1931-01-04;0.0
1931-01-05;0.0
1931-01-06;0.0
1931-01-07;0.0
1931-01-08;0.0
1931-01-09;0.0
1931-01-10;0.0
1931-01-11;0.0
1931-01-12;0.0
1931-01-13;0.0
1931-01-14;0.0
1931-01-15;5.0
1931-01-16;0.0
1931-01-17;0.0
1931-01-18;0.0
1931-01-19;0.0
1931-01-20;0.0
1931-01-21;0.0
1931-01-22;0.0
1931-01-23;0.0
1931-01-24;0.0
1931-01-25;25.0
1931-01-26;30.0
1931-01-27;0.0
1931-01-28;0.0
1931-01-29;0.0
1931-01-30;15.0
1931-01-31;5.0
1931-02-01;0.0
1931-02-02;0.0
1931-02-03;0.0
1931-02-04;0.0
1931-02-05;0.0
1931-02-06;10.2
1931-02-07;0.0
1931-02-08;0.0
1931-02-09;0.0
1931-02-10;0.0
1931-02-11;0.0
1931-02-12;0.0
1931-02-13;0.0
1931-02-14;12.0
1931-02-15;0.0
1931-02-16;0.0
1931-02-17;0.0
1931-02-18;53.0
1931-02-19;30.0
1931-02-20;11.0
1931-02-21;15.0
1931-02-22;0.0
1931-02-23;0.0
1931-02-24;0.0
1931-02-25;0.0
1931-02-26;0.0
1931-02-27;0.0
1931-02-28;0.0
1931-03-01;5.0
1931-03-02;0.0
1931-03-03;0.0
1931-03-04;0.0
1931-03-05;5.0
1931-03-06;5.0
1931-03-07;32.0
1931-03-08;31.0
1931-03-09;7.5
1931-03-10;0.0
1931-03-11;0.0
1931-03-12;10.0
1931-03-13;20.0
1931-03-14;25.0
1931-03-15;0.0
1931-03-16;15.0
1931-03-17;5.0
1931-03-18;0.0
1931-03-19;0.0
1931-03-20;0.0
1931-03-21;25.0
1931-03-22;40.0
1931-03-23;0.0
1931-03-24;0.0
1931-03-25;0.0
1931-03-26;0.0
1931-03-27;0.0
1931-03-28;0.0
1931-03-29;0.0
1931-03-30;0.0
1931-03-31;0.0
1931-04-01;0.0
1931-04-02;0.0
1931-04-03;0.0
1931-04-04;5.0
1931-04-05;0.0
1931-04-06;0.0
1931-04-07;0.0
1931-04-08;0.0
1931-04-09;0.0
1931-04-10;0.0
1931-04-11;0.0
1931-04-12;0.0
1931-04-13;0.0
1931-04-14;0.0
1931-04-15;0.0
1931-04-16;0.0
1931-04-17;10.0
1931-04-18;0.0
1931-04-19;2.0
1931-04-20;1.0
1931-04-21;0.0
1931-04-22;3.0
1931-04-23;2.0
1931-04-24;0.0
1931-04-25;0.0
1931-04-26;0.0
1931-04-27;2.0
1931-04-28;0.0
1931-04-29;0.0
1931-04-30;0.0
1931-05-01;3.0
1931-05-02;0.0
1931-05-03;15.0
1931-05-04;7.0
1931-05-05;4.0
1931-05-06;20.0
1931-05-07;4.0
1931-05-08;2.0
1931-05-09;0.0
1931-05-10;0.0
1931-05-11;0.0
1931-05-12;0.0
1931-05-13;0.0
1931-05-14;0.0
1931-05-15;0.0
1931-05-16;0.0
1931-05-17;0.0
1931-05-18;7.0
1931-05-19;8.0
1931-05-20;10.0
1931-05-21;3.0
1931-05-22;0.0
1931-05-23;0.0
1931-05-24;0.0
1931-05-25;0.0
1931-05-26;0.0
1931-05-27;0.0
1931-05-28;0.0
1931-05-29;0.0
1931-05-30;0.0
1931-05-31;0.0
1931-06-01;0.0
1931-06-02;0.0
1931-06-03;0.0
1931-06-04;0.0
1931-06-05;0.0
1931-06-06;0.0
1931-06-07;0.0
1931-06-08;0.0
1931-06-09;0.0
1931-06-10;0.0
1931-06-11;0.0
1931-06-12;0.0
1931-06-13;0.0
1931-06-14;0.0
1931-06-15;0.0
1931-06-16;0.0
1931-06-17;0.0
1931-06-18;0.0
1931-06-19;0.0
1931-06-20;0.0
1931-06-21;0.0
1931-06-22;0.0
1931-06-23;0.0
1931-06-24;0.0
1931-06-25;0.0
1931-06-26;0.0
1931-06-27;0.0
1931-06-28;0.0
1931-06-29;0.0
1931-06-30;0.0
1931-07-01;0.0
1931-07-02;0.0
1931-07-03;0.0
1931-07-04;0.0
1931-07-05;0.0
1931-07-06;0.0
1931-07-07;0.0
1931-07-08;0.0
1931-07-09;0.0
1931-07-10;0.0
1931-07-11;0.0
1931-07-12;0.0
1931-07-13;0.0
1931-07-14;0.0
1931-07-15;0.0
1931-07-16;0.0
1931-07-17;0.0
1931-07-18;0.0
1931-07-19;0.0
1931-07-20;0.0
1931-07-21;0.0
1931-07-22;0.0
1931-07-23;0.0
1931-07-24;0.0
1931-07-25;0.0
1931-07-26;0.0
1931-07-27;0.0
1931-07-28;0.0
1931-07-29;2.0
1931-07-30;0.0
1931-07-31;0.0
1931-08-01;0.0
1931-08-02;0.0
1931-08-03;0.0
1931-08-04;0.0
1931-08-05;0.0
1931-08-06;0.0
1931-08-07;0.0
1931-08-08;0.0
1931-08-09;0.0
1931-08-10;0.0
1931-08-11;0.0
1931-08-12;0.0
1931-08-13;0.0
1931-08-14;0.0
1931-08-15;0.0
1931-08-16;0.0
1931-08-17;0.0
1931-08-18;0.0
1931-08-19;0.0
1931-08-20;0.0
1931-08-21;0.0
1931-08-22;0.0
1931-08-23;0.0
1931-08-24;20.0
1931-08-25;0.0
1931-08-26;25.0
1931-08-27;0.0
1931-08-28;0.0
1931-08-29;0.0
1931-08-30;0.0
1931-08-31;0.0
1931-09-01;0.0
1931-09-02;3.0
1931-09-03;0.0
1931-09-04;0.0
1931-09-05;0.0
1931-09-06;0.0
1931-09-07;0.0
1931-09-08;0.0
1931-09-09;11.0
1931-09-10;15.0
1931-09-11;0.0
1931-09-12;5.0
1931-09-13;0.0
1931-09-14;0.0
1931-09-15;0.0
1931-09-16;0.0
1931-09-17;0.0
1931-09-18;0.0
1931-09-19;0.0
1931-09-20;0.0
1931-09-21;0.0
1931-09-22;0.0
1931-09-23;0.0
1931-09-24;0.0
1931-09-25;0.0
1931-09-26;0.0
1931-09-27;0.0
1931-09-28;0.0
1931-09-29;0.0
1931-09-30;0.0
1931-10-01;0.0
1931-10-02;0.0
1931-10-03;0.0
1931-10-04;0.0
1931-10-05;0.0
1931-10-06;0.0
1931-10-07;0.0
1931-10-08;0.0
1931-10-09;0.0
1931-10-10;0.0
1931-10-11;0.0
1931-10-12;0.0
1931-10-13;0.0
1931-10-14;0.0
1931-10-15;0.0
1931-10-16;0.0
1931-10-17;0.0
1931-10-18;0.0
1931-10-19;0.0
1931-10-20;0.0
1931-10-21;0.0
1931-10-22;0.0
1931-10-23;0.0
1931-10-24;5.0
1931-10-25;45.0
1931-10-26;40.0
1931-10-27;17.0
1931-10-28;13.0
1931-10-29;20.0
1931-10-30;30.0
1931-10-31;0.0
1931-11-01;0.0
1931-11-02;0.0
1931-11-03;0.0
1931-11-04;0.0
1931-11-05;0.0
1931-11-06;0.0
1931-11-07;15.0
1931-11-08;10.0
1931-11-09;15.0
1931-11-10;7.0
1931-11-11;50.0
1931-11-12;35.0
1931-11-13;5.0
1931-11-14;10.0
1931-11-15;0.0
1931-11-16;0.0
1931-11-17;0.0
1931-11-18;7.0
1931-11-19;0.0
1931-11-20;0.0
1931-11-21;0.0
1931-11-22;0.0
1931-11-23;0.0
1931-11-24;0.0
1931-11-25;6.0
1931-11-26;0.0
1931-11-27;7.0
1931-11-28;15.0
1931-11-29;15.0
1931-11-30;0.0
1931-12-01;0.0
1931-12-02;0.0
1931-12-03;0.0
1931-12-04;0.0
1931-12-05;0.0
1931-12-06;0.0
1931-12-07;0.0
1931-12-08;0.0
1931-12-09;0.0
1931-12-10;0.0
1931-12-11;0.0
1931-12-12;3.0
1931-12-13;0.0
1931-12-14;0.0
1931-12-15;0.0
1931-12-16;0.0
1931-12-17;0.0
1931-12-18;0.0
1931-12-19;3.0
1931-12-20;0.0
1931-12-21;0.0
1931-12-22;0.0
1931-12-23;0.0
1931-12-24;0.0
1931-12-25;0.0
1931-12-26;0.0
1931-12-27;0.0
1931-12-28;0.0
1931-12-29;0.0
1931-12-30;0.0
1931-12-31;0.0
1932-01-01;0.0
1932-01-02;0.0
1932-01-03;0.0
1932-01-04;0.0
1932-01-05;0.0
1932-01-06;0.0
1932-01-07;15.0
1932-01-08;10.0
1932-01-09;0.0
1932-01-10;0.0
1932-01-11;0.0
1932-01-12;5.0
1932-01-13;3.0
1932-01-14;0.0
1932-01-15;0.0
1932-01-16;0.0
1932-01-17;0.0
1932-01-18;0.0
1932-01-19;0.0
1932-01-20;0.0
1932-01-21;0.0
1932-01-22;0.0
1932-01-23;0.0
1932-01-24;0.0
1932-01-25;0.0
1932-01-26;0.0
1932-01-27;0.0
1932-01-28;0.0
1932-01-29;0.0
1932-01-30;0.0
1932-01-31;0.0
1932-02-01;0.0
1932-02-02;0.0
1932-02-03;0.0
1932-02-04;0.0
1932-02-05;0.0
1932-02-06;0.0
1932-02-07;0.0
1932-02-08;0.0
1932-02-09;0.0
1932-02-10;5.0
1932-02-11;7.0
1932-02-12;4.0
1932-02-13;0.0
1932-02-14;0.0
1932-02-15;0.0
1932-02-16;0.0
1932-02-17;0.0
1932-02-18;0.0
1932-02-19;0.0
1932-02-20;0.0
1932-02-21;0.0
1932-02-22;0.0
1932-02-23;0.0
1932-02-24;0.0
1932-02-25;0.0
1932-02-26;0.0
1932-02-27;0.0
1932-02-28;0.0
1932-02-29;0.0
1932-03-01;0.0
1932-03-02;12.0
1932-03-03;8.0
1932-03-04;0.0
1932-03-05;0.0
1932-03-06;0.0
1932-03-07;0.0
1932-03-08;0.0
1932-03-09;0.0
1932-03-10;1.0
1932-03-11;5.0
1932-03-12;5.0
1932-03-13;0.0
1932-03-14;0.0
1932-03-15;0.0
1932-03-16;0.0
1932-03-17;6.0
1932-03-18;14.0
1932-03-19;40.0
1932-03-20;0.0
1932-03-21;0.0
1932-03-22;0.0
1932-03-23;0.0
1932-03-24;0.0
1932-03-25;0.0
1932-03-26;0.0
1932-03-27;0.0
1932-03-28;0.0
1932-03-29;0.0
1932-03-30;8.0
1932-03-31;0.0
1932-04-01;0.0
1932-04-02;0.0
1932-04-03;2.0
1932-04-04;3.0
1932-04-05;0.0
1932-04-06;1.0
1932-04-07;0.0
1932-04-08;0.0
1932-04-09;2.0
1932-04-10;0.0
1932-04-11;0.0
1932-04-12;2.0
1932-04-13;0.0
1932-04-14;0.0
1932-04-15;0.0
1932-04-16;0.0
1932-04-17;5.0
1932-04-18;2.0
1932-04-19;7.0
1932-04-20;5.0
1932-04-21;0.0
1932-04-22;0.0
1932-04-23;0.0
1932-04-24;18.0
1932-04-25;61.0
1932-04-26;0.0
1932-04-27;0.0
1932-04-28;0.0
1932-04-29;0.0
1932-04-30;0.0
1932-05-01;0.0
1932-05-02;5.0
1932-05-03;15.0
1932-05-04;0.0
1932-05-05;18.0
1932-05-06;0.0
1932-05-07;0.0
1932-05-08;2.0
1932-05-09;5.0
1932-05-10;0.0
1932-05-11;0.0
1932-05-12;0.0
1932-05-13;0.0
1932-05-14;0.0
1932-05-15;0.0
1932-05-16;0.0
1932-05-17;0.0
1932-05-18;0.0
1932-05-19;0.0
1932-05-20;0.0
1932-05-21;0.0
1932-05-22;0.0
1932-05-23;3.0
1932-05-24;0.0
1932-05-25;20.0
1932-05-26;30.0
1932-05-27;0.0
1932-05-28;0.0
1932-05-29;5.0
1932-05-30;7.0
1932-05-31;0.0
1932-06-01;0.0
1932-06-02;0.0
1932-06-03;55.0
1932-06-04;0.0
1932-06-05;0.0
1932-06-06;0.0
1932-06-07;0.0
1932-06-08;0.0
1932-06-09;0.0
1932-06-10;0.0
1932-06-11;0.0
1932-06-12;0.0
1932-06-13;0.0
1932-06-14;10.0
1932-06-15;3.0
1932-06-16;7.0
1932-06-17;0.0
1932-06-18;0.0
1932-06-19;0.0
1932-06-20;0.0
1932-06-21;0.0
1932-06-22;9.5
1932-06-23;0.0
1932-06-24;15.0
1932-06-25;12.0
1932-06-26;0.0
1932-06-27;0.0
1932-06-28;0.0
1932-06-29;0.0
1932-06-30;0.0
1932-07-01;0.0
1932-07-02;0.0
1932-07-03;20.0
1932-07-04;0.0
1932-07-05;0.0
1932-07-06;0.0
1932-07-07;0.0
1932-07-08;0.0
1932-07-09;10.0
1932-07-10;15.0
1932-07-11;20.0
1932-07-12;5.0
1932-07-13;0.0
1932-07-14;15.0
1932-07-15;15.0
1932-07-16;0.0
1932-07-17;13.0
1932-07-18;10.5
1932-07-19;0.0
1932-07-20;0.0
1932-07-21;7.0
1932-07-22;0.0
1932-07-23;0.0
1932-07-25;0.0
1932-07-26;0.0
1932-07-27;0.0
1932-07-28;0.0
1932-07-29;0.0
1932-07-30;0.0
1932-07-31;0.0
1932-08-01;0.0
1932-08-02;0.0
1932-08-03;0.0
1932-08-04;0.0
1932-08-05;0.0
1932-08-06;0.0
1932-08-07;0.0
1932-08-08;0.0
1932-08-09;0.0
1932-08-10;0.0
1932-08-11;0.0
1932-08-12;0.0
1932-08-13;0.0
1932-08-14;0.0
1932-08-15;0.0
1932-08-16;0.0
1932-08-17;0.0
1932-08-18;0.0
1932-08-19;0.0
1932-08-20;0.0
1932-08-21;0.0
1932-08-22;0.0
1932-08-23;0.0
1932-08-24;0.0
1932-08-25;0.0
1932-08-26;0.0
1932-08-27;0.0
1932-08-28;0.0
1932-08-29;20.0
1932-08-30;0.0
1932-08-31;0.0
1932-09-01;24.0
1932-09-02;0.0
1932-09-03;0.0
1932-09-04;0.0
1932-09-05;0.0
1932-09-06;0.0
1932-09-07;0.0
1932-09-08;0.0
1932-09-09;0.0
1932-09-10;0.0
1932-09-11;0.0
1932-09-12;0.0
1932-09-13;0.0
1932-09-14;0.0
1932-09-15;0.0
1932-09-16;0.0
1932-09-17;0.0
1932-09-18;0.0
1932-09-19;0.0
1932-09-20;0.0
1932-09-21;0.0
1932-09-22;20.0
1932-09-23;0.0
1932-09-24;0.0
1932-09-25;20.0
1932-09-26;0.0
1932-09-27;5.0
1932-09-28;8.0
1932-09-29;0.0
1932-09-30;0.0
1932-10-01;0.0
1932-10-02;25.0
1932-10-03;0.0
1932-10-04;35.0
1932-10-05;0.0
1932-10-06;10.0
1932-10-07;8.0
1932-10-08;7.1
1932-10-09;11.0
1932-10-10;45.0
1932-10-11;30.0
1932-10-12;10.0
1932-10-13;0.0
1932-10-14;0.0
1932-10-15;0.0
1932-10-16;15.1
1932-10-17;0.0
1932-10-18;0.0
1932-10-19;0.0
1932-10-20;0.0
1932-10-21;0.0
1932-10-22;0.0
1932-10-23;0.0
1932-10-24;0.0
1932-10-25;0.0
1932-10-26;8.0
1932-10-27;0.0
1932-10-28;10.0
1932-10-29;0.0
1932-10-30;0.0
1932-10-31;0.0
1932-11-01;11.0
1932-11-02;0.0
1932-11-03;0.0
1932-11-04;0.0
1932-11-05;0.0
1932-11-06;0.0
1932-11-07;0.0
1932-11-08;0.0
1932-11-09;0.0
1932-11-10;5.0
1932-11-11;0.0
1932-11-12;0.0
1932-11-13;0.0
1932-11-14;0.0
1932-11-15;0.0
1932-11-16;0.0
1932-11-17;0.0
1932-11-18;0.0
1932-11-19;0.0
1932-11-20;0.0
1932-11-21;8.0
1932-11-22;0.0
1932-11-23;0.0
1932-11-24;0.0
1932-11-25;0.0
1932-11-26;0.0
1932-11-27;0.0
1932-11-28;6.0
1932-11-29;5.0
1932-11-30;0.0
1932-12-01;40.0
1932-12-02;60.0
1932-12-03;30.0
1932-12-04;12.0
1932-12-05;25.0
1932-12-06;28.0
1932-12-07;6.0
1932-12-08;0.0
1932-12-09;22.0
1932-12-10;0.0
1932-12-11;0.0
1932-12-12;0.0
1932-12-13;0.0
1932-12-14;0.0
1932-12-15;0.0
1932-12-16;0.0
1932-12-17;0.0
1932-12-18;0.0
1932-12-19;0.0
1932-12-20;0.0
1932-12-21;0.0
1932-12-22;0.0
1932-12-23;0.0
1932-12-24;0.0
1932-12-25;0.0
1932-12-26;0.0
1932-12-27;0.0
1932-12-28;0.0
1932-12-29;5.0
1932-12-30;0.0
1932-12-31;0.0
1933-01-01;3.0
1933-01-02;0.5
1933-01-03;5.0
1933-01-04;12.5
1933-01-05;0.0
1933-01-06;8.0
1933-01-07;29.0
1933-01-08;0.0
1933-01-09;0.0
1933-01-10;0.0
1933-01-11;0.0
1933-01-12;0.0
1933-01-13;0.0
1933-01-14;0.0
1933-01-15;0.0
1933-01-16;25.0
1933-01-17;0.0
1933-01-18;0.0
1933-01-19;15.0
1933-01-20;3.0
1933-01-21;0.0
1933-01-22;0.0
1933-01-23;0.0
1933-01-24;4.0
1933-01-25;0.0
1933-01-26;0.0
1933-01-27;0.0
1933-01-28;0.0
1933-01-29;0.0
1933-01-30;7.0
1933-01-31;18.0
1933-02-01;0.0
1933-02-02;0.0
1933-02-03;0.0
1933-02-04;0.0
1933-02-05;0.0
1933-02-06;0.0
1933-02-07;0.0
1933-02-09;0.0
1933-02-10;0.0
1933-02-11;0.0
1933-02-12;10.0
1933-02-13;0.0
1933-02-14;0.0
1933-02-15;0.0
1933-02-16;0.0
1933-02-17;0.0
1933-02-18;0.0
1933-02-19;4.0
1933-02-20;9.0
1933-02-22;1.0
1933-02-23;4.0
1933-02-24;0.0
1933-02-25;0.0
1933-02-26;0.0
1933-02-27;0.0
1933-02-28;0.0
1933-03-01;0.0
1933-03-02;0.0
1933-03-03;0.0
1933-03-04;5.0
1933-03-05;10.0
1933-03-06;4.0
1933-03-07;0.0
1933-03-08;0.0
1933-03-09;0.0
1933-03-10;0.0
1933-03-11;0.0
1933-03-12;0.0
1933-03-13;0.0
1933-03-14;0.0
1933-03-15;0.0
1933-03-16;0.0
1933-03-17;0.0
1933-03-18;5.0
1933-03-19;0.0
1933-03-20;0.0
1933-03-21;0.0
1933-03-22;0.0
1933-03-23;0.0
1933-03-24;0.0
1933-03-25;0.0
1933-03-26;0.0
1933-03-27;0.0
1933-03-28;0.0
1933-03-29;0.0
1933-03-30;0.0
1933-03-31;0.0
1933-05-01;0.0
1933-05-02;0.0
1933-05-03;0.0
1933-05-04;0.0
1933-05-05;0.0
1933-05-06;0.0
1933-05-07;0.0
1933-05-08;20.0
1933-05-09;7.0
1933-05-10;0.0
1933-05-11;6.0
1933-05-12;0.0
1933-05-13;0.0
1933-05-14;0.0
1933-05-15;5.0
1933-05-16;2.0
1933-05-17;0.0
1933-05-18;0.0
1933-05-19;0.0
1933-05-20;4.0
1933-05-21;0.0
1933-05-22;0.0
1933-05-23;0.0
1933-05-24;0.0
1933-05-25;0.0
1933-05-26;1.0
1933-05-27;10.0
1933-05-28;0.0
1933-05-29;0.0
1933-05-30;6.0
1933-05-31;9.0
1933-06-01;0.0
1933-06-02;0.0
1933-06-03;0.0
1933-06-04;0.0
1933-06-05;0.0
1933-06-06;0.0
1933-06-07;0.0
1933-06-08;0.0
1933-06-09;0.0
1933-06-10;0.0
1933-06-11;0.0
1933-06-12;5.0
1933-06-13;10.0
1933-06-14;0.0
1933-06-15;0.0
1933-06-16;0.0
1933-06-17;25.0
1933-06-18;12.0
1933-06-19;0.0
1933-06-20;8.0
1933-06-21;0.0
1933-06-22;0.0
1933-06-23;5.0
1933-06-24;5.0
1933-06-25;3.0
1933-06-26;0.0
1933-06-27;0.0
1933-06-28;8.0
1933-06-29;10.0
1933-06-30;0.0
1933-07-01;0.0
1933-07-02;0.0
1933-07-03;0.0
1933-07-04;0.0
1933-07-05;0.0
1933-07-06;0.0
1933-07-07;0.0
1933-07-08;0.0
1933-07-09;0.0
1933-07-10;0.0
1933-07-11;0.0
1933-07-12;0.0
1933-07-13;0.0
1933-07-14;0.0
1933-07-15;0.0
1933-07-16;0.0
1933-07-17;0.0
1933-07-18;0.0
1933-07-19;0.0
1933-07-20;0.0
1933-07-21;0.0
1933-07-22;0.0
1933-07-23;0.0
1933-07-24;0.0
1933-07-25;0.0
1933-07-26;0.0
1933-07-27;0.0
1933-07-28;0.0
1933-07-29;0.0
1933-07-30;0.0
1933-07-31;0.0
1933-08-01;0.0
1933-08-02;0.0
1933-08-03;0.0
1933-08-04;0.0
1933-08-05;0.0
1933-08-06;0.0
1933-08-07;0.0
1933-08-08;0.0
1933-08-09;0.0
1933-08-10;0.0
1933-08-11;0.0
1933-08-12;0.0
1933-08-13;0.0
1933-08-14;0.0
1933-08-15;0.0
1933-08-16;0.0
1933-08-17;0.0
1933-08-18;0.0
1933-08-19;0.0
1933-08-20;0.0
1933-08-21;0.0
1933-08-22;0.0
1933-08-23;0.0
1933-08-24;0.0
1933-08-25;0.0
1933-08-26;0.0
1933-08-27;0.0
1933-08-28;0.0
1933-08-29;0.8
1933-08-30;0.0
1933-08-31;0.0
1933-09-01;0.0
1933-09-02;0.0
1933-09-03;0.0
1933-09-04;0.0
1933-09-05;0.0
1933-09-06;0.0
1933-09-07;0.0
1933-09-08;0.0
1933-09-09;0.0
1933-09-10;0.0
1933-09-11;0.0
1933-09-12;7.2
1933-09-13;25.0
1933-09-14;0.0
1933-09-15;0.0
1933-09-16;0.0
1933-09-17;0.0
1933-09-18;0.0
1933-09-19;0.0
1933-09-20;0.0
1933-09-21;17.2
1933-09-22;60.2
1933-09-23;0.0
1933-09-24;0.0
1933-09-25;0.0
1933-09-26;0.0
1933-09-27;0.0
1933-09-28;0.0
1933-09-29;0.0
1933-09-30;0.0
1933-10-01;0.0
1933-10-02;0.0
1933-10-03;0.0
1933-10-04;0.0
1933-10-05;0.0
1933-10-06;0.0
1933-10-07;0.0
1933-10-08;0.0
1933-10-09;0.0
1933-10-10;71.0
1933-10-11;0.0
1933-10-12;0.0
1933-10-13;35.2
1933-10-14;0.0
1933-10-15;0.0
1933-10-16;0.0
1933-10-17;0.0
1933-10-18;8.5
1933-10-19;0.0
1933-10-20;0.0
1933-10-21;0.0
1933-10-22;0.0
1933-10-23;0.0
1933-10-24;0.0
1933-10-25;2.5
1933-10-26;3.2
1933-10-27;0.0
1933-10-28;0.0
1933-10-29;44.2
1933-10-30;21.3
1933-10-31;0.0
1933-11-01;0.0
1933-11-02;5.4
1933-11-03;0.0
1933-11-04;8.3
1933-11-05;0.0
1933-11-06;16.4
1933-11-07;0.0
1933-11-08;6.0
1933-11-09;0.0
1933-11-10;12.8
1933-11-11;4.0
1933-11-12;10.2
1933-11-13;15.2
1933-11-14;21.2
1933-11-15;0.0
1933-11-16;0.0
1933-11-17;0.0
1933-11-18;0.0
1933-11-19;0.0
1933-11-20;0.0
1933-11-21;30.3
1933-11-22;10.3
1933-11-23;0.0
1933-11-24;0.0
1933-11-25;0.0
1933-11-26;0.0
1933-11-27;3.2
1933-11-28;0.0
1933-11-29;0.0
1933-11-30;5.3
1933-12-01;0.0
1933-12-02;0.0
1933-12-03;0.0
1933-12-04;5.3
1933-12-05;0.0
1933-12-06;0.0
1933-12-07;0.0
1933-12-08;0.0
1933-12-09;0.0
1933-12-10;0.0
1933-12-11;0.0
1933-12-12;0.0
1933-12-13;10.6
1933-12-16;5.3
1933-12-17;0.0
1933-12-18;0.0
1933-12-19;0.0
1933-12-20;0.0
1933-12-21;0.0
1933-12-22;0.0
1933-12-23;0.0
1933-12-24;0.0
1933-12-25;0.0
1933-12-26;0.0
1933-12-27;0.0
1933-12-28;8.0
1933-12-29;0.0
1933-12-30;5.5
1933-12-31;0.0
1934-01-01;0.0
1934-01-02;0.0
1934-01-03;0.0
1934-01-04;0.0
1934-01-05;0.0
1934-01-06;0.0
1934-01-07;0.0
1934-01-08;0.0
1934-01-09;0.0
1934-01-10;0.0
1934-01-11;0.0
1934-01-12;0.0
1934-01-13;8.7
1934-01-14;4.6
1934-01-15;0.0
1934-01-16;3.7
1934-01-17;0.0
1934-01-18;0.0
1934-01-19;0.0
1934-01-20;0.0
1934-01-21;8.2
1934-01-22;0.0
1934-01-23;0.0
1934-01-24;0.0
1934-01-25;0.0
1934-01-26;0.0
1934-01-27;0.0
1934-01-28;5.3
1934-01-29;3.0
1934-01-30;0.0
1934-01-31;0.0
1934-02-01;0.0
1934-02-02;8.0
1934-02-03;10.5
1934-02-04;0.0
1934-02-05;0.0
1934-02-06;0.0
1934-02-07;0.0
1934-02-08;0.0
1934-02-09;0.0
1934-02-10;0.0
1934-02-11;13.0
1934-02-12;0.0
1934-02-13;0.0
1934-02-14;0.0
1934-02-15;0.0
1934-02-16;0.0
1934-02-17;0.0
1934-02-18;0.0
1934-02-19;0.0
1934-02-20;0.0
1934-02-21;0.0
1934-02-22;0.0
1934-02-23;0.0
1934-02-24;0.0
1934-02-25;0.0
1934-02-26;12.0
1934-02-27;28.0
1934-02-28;43.0
1934-03-01;10.5
1934-03-02;3.0
1934-03-03;0.0
1934-03-04;0.0
1934-03-05;0.0
1934-03-06;0.0
1934-03-07;0.0
1934-03-08;43.0
1934-03-09;0.0
1934-03-10;10.5
1934-03-11;12.6
1934-03-12;15.5
1934-03-13;68.0
1934-03-14;28.5
1934-03-15;18.5
1934-03-16;12.0
1934-03-17;10.7
1934-03-18;10.5
1934-03-19;15.8
1934-03-20;3.0
1934-03-21;0.0
1934-03-22;16.0
1934-03-23;0.0
1934-03-24;8.0
1934-03-25;0.0
1934-03-26;0.0
1934-03-27;0.0
1934-03-28;0.0
1934-03-29;0.0
1934-03-30;0.8
1934-03-31;0.0
1934-04-01;0.0
1934-04-02;0.0
1934-04-03;0.0
1934-04-04;0.0
1934-04-05;0.0
1934-04-06;0.0
1934-04-07;5.0
1934-04-08;55.0
1934-04-09;30.0
1934-04-10;3.0
1934-04-11;0.0
1934-04-12;0.0
1934-04-13;0.0
1934-04-14;6.5
1934-04-15;0.0
1934-04-16;0.0
1934-04-17;0.0
1934-04-18;0.0
1934-04-19;0.0
1934-04-20;0.0
1934-04-21;0.0
1934-04-22;0.0
1934-04-23;0.0
1934-04-24;2.2
1934-04-25;20.0
1934-04-26;35.0
1934-04-27;2.0
1934-04-28;0.0
1934-04-29;0.0
1934-04-30;0.0
1934-05-01;9.0
1934-05-02;0.0
1934-05-03;10.5
1934-05-04;12.0
1934-05-05;20.0
1934-05-06;0.0
1934-05-07;5.5
1934-05-08;0.0
1934-05-09;7.5
1934-05-10;0.0
1934-05-11;0.0
1934-05-12;0.0
1934-05-13;0.0
1934-05-14;10.2
1934-05-15;0.0
1934-05-16;10.5
1934-05-17;0.0
1934-05-18;0.0
1934-05-19;0.0
1934-05-20;0.0
1934-05-21;0.0
1934-05-22;0.0
1934-05-23;0.0
1934-05-24;0.0
1934-05-25;0.0
1934-05-26;0.0
1934-05-27;0.0
1934-05-28;0.0
1934-05-29;0.0
1934-05-30;0.0
1934-05-31;0.0
1934-06-01;0.0
1934-06-02;0.0
1934-06-03;0.0
1934-06-04;28.0
1934-06-05;0.0
1934-06-06;0.0
1934-06-07;8.5
1934-06-08;0.0
1934-06-09;0.0
1934-06-10;0.0
1934-06-11;0.0
1934-06-12;205.0
1934-06-13;5.0
1934-06-14;0.0
1934-06-15;0.0
1934-06-16;33.0
1934-06-17;0.0
1934-06-18;0.0
1934-06-19;0.0
1934-06-20;0.0
1934-06-21;10.1
1934-06-22;0.0
1934-06-23;0.0
1934-06-24;0.0
1934-06-25;0.0
1934-06-26;0.0
1934-06-27;0.0
1934-06-28;0.0
1934-06-29;0.0
1934-06-30;3.1
1934-07-01;0.0
1934-07-02;0.0
1934-07-03;0.0
1934-07-04;0.0
1934-07-05;0.0
1934-07-06;0.0
1934-07-07;0.0
1934-07-08;0.0
1934-07-09;0.0
1934-07-10;0.0
1934-07-11;0.0
1934-07-12;0.0
1934-07-13;0.0
1934-07-14;0.0
1934-07-15;0.0
1934-07-16;0.0
1934-07-17;0.0
1934-07-18;0.0
1934-07-19;0.0
1934-07-20;0.0
1934-07-21;0.0
1934-07-22;0.0
1934-07-23;0.0
1934-07-24;0.0
1934-07-25;0.0
1934-07-26;13.0
1934-07-27;0.0
1934-07-28;0.0
1934-07-29;0.0
1934-07-30;0.0
1934-07-31;0.0
1934-08-01;0.0
1934-08-02;0.0
1934-08-03;0.0
1934-08-04;0.0
1934-08-05;5.0
1934-08-06;0.0
1934-08-07;0.0
1934-08-08;0.0
1934-08-09;0.0
1934-08-10;0.0
1934-08-11;0.0
1934-08-12;0.0
1934-08-13;0.0
1934-08-14;0.0
1934-08-15;0.0
1934-08-16;0.0
1934-08-17;0.0
1934-08-18;0.0
1934-08-19;0.0
1934-08-20;0.0
1934-08-21;0.0
1934-08-22;0.0
1934-08-23;0.0
1934-08-24;0.0
1934-08-25;0.0
1934-08-26;0.0
1934-08-27;60.0
1934-08-28;0.0
1934-08-29;0.0
1934-08-30;0.0
1934-08-31;0.0
1934-09-01;10.1
1934-09-02;4.0
1934-09-03;0.0
1934-09-04;0.0
1934-09-05;0.0
1934-09-06;0.0
1934-09-07;0.0
1934-09-08;0.0
1934-09-09;0.0
1934-09-10;0.0
1934-09-11;0.0
1934-09-12;0.0
1934-09-13;0.0
1934-09-14;0.0
1934-09-15;0.0
1934-09-16;0.0
1934-09-17;0.0
1934-09-18;0.0
1934-09-19;0.0
1934-09-20;6.0
1934-09-21;0.0
1934-09-22;0.0
1934-09-23;0.0
1934-09-24;0.0
1934-09-25;0.0
1934-09-26;0.0
1934-09-27;0.0
1934-09-28;0.0
1934-09-29;0.0
1934-09-30;0.0
1934-10-01;0.0
1934-10-02;0.0
1934-10-03;0.0
1934-10-04;55.0
1934-10-05;33.5
1934-10-06;0.0
1934-10-07;0.0
1934-10-08;0.0
1934-10-09;0.0
1934-10-10;0.0
1934-10-11;10.2
1934-10-12;0.0
1934-10-13;0.0
1934-10-14;0.0
1934-10-15;0.0
1934-10-16;5.3
1934-10-17;0.0
1934-10-18;5.3
1934-10-19;0.0
1934-10-20;0.0
1934-10-21;0.0
1934-10-22;0.0
1934-10-23;0.0
1934-10-24;0.0
1934-10-25;0.0
1934-10-26;0.0
1934-10-27;0.0
1934-10-28;0.0
1934-10-29;5.2
1934-10-30;0.0
1934-10-31;5.3
1934-11-01;0.0
1934-11-02;0.0
1934-11-03;0.0
1934-11-04;6.3
1934-11-05;20.6
1934-11-06;0.0
1934-11-07;25.0
1934-11-08;10.2
1934-11-09;7.3
1934-11-10;0.0
1934-11-11;11.6
1934-11-12;4.2
1934-11-13;16.0
1934-11-14;9.0
1934-11-15;5.3
1934-11-16;9.0
1934-11-17;25.3
1934-11-18;18.8
1934-11-19;6.9
1934-11-20;0.0
1934-11-21;0.0
1934-11-22;0.0
1934-11-23;0.0
1934-11-24;0.0
1934-11-25;0.0
1934-11-26;0.0
1934-11-27;0.0
1934-11-28;0.0
1934-11-29;0.0
1934-11-30;0.0
1934-12-01;0.0
1934-12-02;0.0
1934-12-03;0.0
1934-12-04;6.2
1934-12-05;5.0
1934-12-06;0.0
1934-12-07;0.0
1934-12-08;0.0
1934-12-09;0.0
1934-12-10;0.0
1934-12-11;12.5
1934-12-12;28.0
1934-12-13;37.0
1934-12-14;37.2
1934-12-15;5.2
1934-12-16;31.0
1934-12-17;0.0
1934-12-18;0.0
1934-12-19;0.0
1934-12-20;0.0
1934-12-21;0.0
1934-12-22;0.0
1934-12-23;0.0
1934-12-24;0.0
1934-12-25;0.0
1934-12-26;0.0
1934-12-27;0.0
1934-12-28;5.0
1934-12-29;0.0
1934-12-30;0.0
1934-12-31;0.0
1935-01-01;0.0
1935-01-02;0.0
1935-01-03;0.0
1935-01-04;0.0
1935-01-05;1.3
1935-01-06;2.0
1935-01-07;0.0
1935-01-08;0.0
1935-01-09;0.0
1935-01-10;0.0
1935-01-11;0.0
1935-01-12;0.0
1935-01-13;1.5
1935-01-14;0.0
1935-01-15;0.0
1935-01-16;0.0
1935-01-17;0.0
1935-01-18;0.0
1935-01-19;0.0
1935-01-20;0.0
1935-01-21;2.0
1935-01-22;0.5
1935-01-23;0.0
1935-01-24;0.0
1935-01-25;2.0
1935-01-26;40.4
1935-01-27;25.0
1935-01-28;35.0
1935-01-29;0.0
1935-01-30;0.0
1935-01-31;0.0
1935-02-01;0.5
1935-02-02;0.0
1935-02-03;0.0
1935-02-04;0.0
1935-02-05;0.3
1935-02-06;0.0
1935-02-07;0.0
1935-02-08;10.0
1935-02-09;8.0
1935-02-10;0.0
1935-02-11;0.0
1935-02-12;0.0
1935-02-13;0.0
1935-02-14;0.0
1935-02-15;0.0
1935-02-16;0.0
1935-02-17;0.0
1935-02-18;0.0
1935-02-19;0.0
1935-02-20;0.0
1935-02-21;0.0
1935-02-22;0.0
1935-02-23;22.0
1935-02-24;3.5
1935-02-25;0.0
1935-02-26;1.0
1935-02-27;0.0
1935-02-28;15.0
1935-03-01;53.0
1935-03-02;6.0
1935-03-03;0.0
1935-03-04;0.0
1935-03-05;0.0
1935-03-06;0.0
1935-03-07;0.0
1935-03-08;0.0
1935-03-09;0.0
1935-03-10;0.0
1935-03-11;0.0
1935-03-12;0.0
1935-03-13;0.0
1935-03-14;0.0
1935-03-15;0.0
1935-03-16;0.0
1935-03-17;0.0
1935-03-18;0.0
1935-03-19;0.0
1935-03-20;0.0
1935-03-21;0.0
1935-03-22;1.0
1935-03-23;5.0
1935-03-24;0.0
1935-03-25;0.0
1935-03-26;0.0
1935-03-27;0.0
1935-03-28;0.0
1935-03-29;0.0
1935-03-30;0.0
1935-03-31;0.0
1935-04-01;0.0
1935-04-02;0.0
1935-04-03;2.0
1935-04-04;5.0
1935-04-05;2.0
1935-04-06;10.0
1935-04-07;2.5
1935-04-08;0.0
1935-04-09;0.0
1935-04-10;0.0
1935-04-11;0.0
1935-04-12;0.0
1935-04-13;2.0
1935-04-14;0.5
1935-04-15;6.0
1935-04-16;0.0
1935-04-17;0.0
1935-04-18;15.0
1935-04-19;0.0
1935-04-20;0.0
1935-04-21;0.0
1935-04-22;0.0
1935-04-23;2.5
1935-04-24;22.5
1935-04-25;3.5
1935-04-26;2.0
1935-04-27;0.0
1935-04-28;0.5
1935-04-29;0.0
1935-04-30;0.0
1935-05-01;0.0
1935-05-02;0.0
1935-05-03;0.0
1935-05-04;0.0
1935-05-05;0.0
1935-05-06;0.0
1935-05-07;3.0
1935-05-08;0.0
1935-05-09;0.4
1935-05-10;0.5
1935-05-11;0.0
1935-05-12;0.0
1935-05-13;1.5
1935-05-14;0.0
1935-05-15;0.0
1935-05-16;5.0
1935-05-17;6.0
1935-05-18;3.0
1935-05-19;2.4
1935-05-20;0.0
1935-05-21;0.0
1935-05-22;20.5
1935-05-23;0.0
1935-05-24;18.5
1935-05-25;0.0
1935-05-26;0.0
1935-05-27;0.0
1935-05-28;0.0
1935-05-29;5.0
1935-05-30;50.5
1935-05-31;0.0
1935-06-01;0.0
1935-06-02;70.0
1935-06-03;0.0
1935-06-04;0.0
1935-06-05;0.0
1935-06-06;0.0
1935-06-07;0.0
1935-06-08;0.0
1935-06-09;0.0
1935-06-10;0.0
1935-06-11;0.0
1935-06-12;0.0
1935-06-13;0.0
1935-06-14;0.0
1935-06-15;0.0
1935-06-16;0.0
1935-06-17;0.0
1935-06-18;0.0
1935-06-19;0.0
1935-06-20;0.0
1935-06-21;0.0
1935-06-22;0.0
1935-06-23;0.0
1935-06-24;0.0
1935-06-25;0.0
1935-06-26;0.0
1935-06-27;0.0
1935-06-28;0.0
1935-06-29;0.0
1935-06-30;0.0
1935-07-01;0.0
1935-07-02;0.0
1935-07-03;0.0
1935-07-04;3.5
1935-07-05;0.0
1935-07-06;0.0
1935-07-07;0.0
1935-07-08;0.0
1935-07-09;0.0
1935-07-10;0.0
1935-07-11;0.0
1935-07-12;0.0
1935-07-13;0.0
1935-07-14;0.0
1935-07-15;0.0
1935-07-16;0.0
1935-07-17;0.0
1935-07-18;0.0
1935-07-19;0.0
1935-07-20;0.0
1935-07-21;0.0
1935-07-22;0.0
1935-07-23;0.0
1935-07-24;0.0
1935-07-25;0.0
1935-07-26;0.0
1935-07-27;0.0
1935-07-28;0.0
1935-07-29;0.0
1935-07-30;0.0
1935-07-31;0.0
1935-08-01;0.0
1935-08-02;0.0
1935-08-03;0.0
1935-08-04;0.0
1935-08-05;0.0
1935-08-06;0.0
1935-08-07;0.0
1935-08-08;0.0
1935-08-09;0.0
1935-08-10;0.0
1935-08-11;0.0
1935-08-12;0.0
1935-08-13;0.0
1935-08-14;31.0
1935-08-15;34.0
1935-08-16;3.0
1935-08-17;0.0
1935-08-18;0.0
1935-08-19;0.0
1935-08-20;0.0
1935-08-21;0.0
1935-08-22;0.0
1935-08-23;0.0
1935-08-24;0.0
1935-08-25;0.0
1935-08-26;20.0
1935-08-27;0.0
1935-08-28;29.0
1935-08-29;0.0
1935-08-30;0.0
1935-08-31;0.0
1935-09-01;0.0
1935-09-02;0.0
1935-09-03;0.0
1935-09-04;7.5
1935-09-05;8.5
1935-09-06;0.0
1935-09-07;0.0
1935-09-08;0.0
1935-09-09;0.0
1935-09-10;0.0
1935-09-11;0.0
1935-09-12;0.0
1935-09-13;0.0
1935-09-14;0.0
1935-09-15;0.0
1935-09-16;0.0
1935-09-17;14.2
1935-09-18;0.0
1935-09-19;0.0
1935-09-20;0.0
1935-09-21;0.0
1935-09-22;0.0
1935-09-23;0.0
1935-09-24;0.0
1935-09-25;0.0
1935-09-26;0.0
1935-09-27;0.0
1935-09-28;0.0
1935-09-29;0.0
1935-09-30;0.0
1935-10-01;0.0
1935-10-02;100.7
1935-10-03;45.0
1935-10-04;0.0
1935-10-05;40.1
1935-10-06;12.3
1935-10-07;0.0
1935-10-08;0.0
1935-10-09;3.7
1935-10-10;0.0
1935-10-11;0.0
1935-10-12;0.0
1935-10-13;0.0
1935-10-14;0.0
1935-10-15;0.0
1935-10-16;0.0
1935-10-17;0.0
1935-10-18;0.0
1935-10-19;0.0
1935-10-20;15.7
1935-10-21;55.3
1935-10-22;25.6
1935-10-23;9.0
1935-10-24;0.0
1935-10-25;15.2
1935-10-26;5.0
1935-10-27;0.0
1935-10-28;0.0
1935-10-29;0.0
1935-10-30;0.0
1935-10-31;3.0
1935-11-01;0.0
1935-11-02;0.0
1935-11-03;0.0
1935-11-04;0.0
1935-11-05;12.0
1935-11-06;2.6
1935-11-07;1.5
1935-11-08;3.0
1935-11-09;19.0
1935-11-10;2.0
1935-11-11;21.0
1935-11-12;0.0
1935-11-13;0.0
1935-11-14;0.0
1935-11-15;0.0
1935-11-16;6.0
1935-11-17;2.0
1935-11-18;46.0
1935-11-19;8.8
1935-11-20;0.0
1935-11-21;24.0
1935-11-22;0.0
1935-11-23;11.5
1935-11-24;6.0
1935-11-25;18.5
1935-11-26;2.5
1935-11-27;0.0
1935-11-28;0.0
1935-11-29;2.0
1935-11-30;0.0
1935-12-01;6.5
1935-12-02;33.1
1935-12-03;0.0
1935-12-04;24.3
1935-12-05;15.6
1935-12-06;5.7
1935-12-07;0.0
1935-12-08;0.0
1935-12-09;0.0
1935-12-10;2.0
1935-12-11;0.0
1935-12-12;0.0
1935-12-13;0.0
1935-12-14;8.3
1935-12-15;3.1
1935-12-16;0.0
1935-12-17;0.0
1935-12-18;0.0
1935-12-19;0.0
1935-12-20;25.7
1935-12-21;6.3
1935-12-22;0.0
1935-12-23;12.6
1935-12-24;21.5
1935-12-25;0.0
1935-12-26;5.2
1935-12-27;2.4
1935-12-28;4.3
1935-12-29;1.5
1935-12-30;0.0
1935-12-31;2.6
1937-01-01;0.5
1937-01-02;0.0
1937-01-03;0.6
1937-01-04;0.0
1937-01-05;0.0
1937-01-06;5.1
1937-01-07;1.0
1937-01-08;0.0
1937-01-09;0.0
1937-01-10;0.0
1937-01-11;0.0
1937-01-12;0.0
1937-01-13;0.0
1937-01-14;0.0
1937-01-15;0.0
1937-01-16;9.6
1937-01-17;8.0
1937-01-18;4.1
1937-01-19;3.3
1937-01-20;5.0
1937-01-21;0.0
1937-01-22;1.6
1937-01-23;0.0
1937-01-24;0.0
1937-01-25;8.0
1937-01-26;25.3
1937-01-27;20.2
1937-01-28;10.1
1937-01-29;21.6
1937-01-30;3.5
1937-01-31;3.7
1937-02-01;0.0
1937-02-02;0.0
1937-02-03;0.0
1937-02-04;0.0
1937-02-05;0.0
1937-02-06;0.8
1937-02-07;0.0
1937-02-08;9.8
1937-02-09;8.3
1937-02-10;7.0
1937-02-11;15.5
1937-02-12;3.1
1937-02-13;0.0
1937-02-14;0.0
1937-02-15;0.0
1937-02-16;0.0
1937-02-17;2.3
1937-02-18;0.8
1937-02-19;0.0
1937-02-20;0.0
1937-02-21;0.0
1937-02-22;0.0
1937-02-23;42.5
1937-02-24;4.0
1937-02-25;1.0
1937-02-26;0.0
1937-02-27;0.0
1937-02-28;0.0
1937-03-01;5.2
1937-03-02;0.0
1937-03-03;0.0
1937-03-04;2.1
1937-03-05;13.1
1937-03-06;30.2
1937-03-07;0.0
1937-03-08;3.1
1937-03-09;14.0
1937-03-10;33.2
1937-03-11;5.1
1937-03-12;0.0
1937-03-13;20.3
1937-03-14;10.0
1937-03-15;7.2
1937-03-16;0.0
1937-03-17;0.0
1937-03-18;0.0
1937-03-19;0.0
1937-03-20;0.0
1937-03-21;15.1
1937-03-22;10.2
1937-03-23;10.1
1937-03-24;11.3
1937-03-25;3.2
1937-03-26;0.0
1937-03-27;0.0
1937-03-28;0.0
1937-03-29;31.8
1937-03-30;6.2
1937-03-31;0.0
1937-04-01;0.0
1937-04-02;0.0
1937-04-03;0.0
1937-04-04;30.3
1937-04-05;0.3
1937-04-06;0.0
1937-04-07;0.5
1937-04-08;0.0
1937-04-09;7.0
1937-04-10;0.0
1937-04-11;5.0
1937-04-12;0.5
1937-04-13;1.5
1937-04-14;10.0
1937-04-15;39.0
1937-04-16;0.0
1937-04-17;0.5
1937-04-18;2.5
1937-04-19;2.0
1937-04-20;2.0
1937-04-21;0.5
1937-04-22;13.2
1937-04-23;0.0
1937-04-24;0.0
1937-04-25;2.0
1937-04-26;0.0
1937-04-27;0.0
1937-04-28;2.0
1937-04-29;0.0
1937-04-30;0.0
1937-05-01;0.0
1937-05-02;0.0
1937-05-03;14.0
1937-05-04;0.0
1937-05-05;27.5
1937-05-06;0.0
1937-05-07;0.0
1937-05-08;0.0
1937-05-09;0.0
1937-05-10;0.0
1937-05-11;0.0
1937-05-12;0.0
1937-05-13;27.3
1937-05-14;8.6
1937-05-15;0.0
1937-05-16;0.0
1937-05-17;0.0
1937-05-18;0.0
1937-05-19;0.0
1937-05-20;0.0
1937-05-21;0.0
1937-05-22;7.0
1937-05-23;0.0
1937-05-24;0.0
1937-05-25;0.0
1937-05-26;0.0
1937-05-27;6.6
1937-05-28;0.0
1937-05-29;0.0
1937-05-30;8.1
1937-05-31;0.0
1937-06-01;0.0
1937-06-02;0.0
1937-06-03;0.0
1937-06-04;0.0
1937-06-05;0.0
1937-06-06;0.0
1937-06-07;4.6
1937-06-08;0.0
1937-06-09;0.0
1937-06-10;0.0
1937-06-11;0.0
1937-06-12;0.0
1937-06-13;0.0
1937-06-14;0.0
1937-06-15;1.3
1937-06-16;0.0
1937-06-17;13.1
1937-06-18;0.0
1937-06-19;1.3
1937-06-20;12.6
1937-06-21;0.0
1937-06-22;0.0
1937-06-23;0.0
1937-06-24;21.3
1937-06-25;22.6
1937-06-26;0.0
1937-06-27;0.0
1937-06-28;0.0
1937-06-29;10.1
1937-06-30;0.0
1937-07-01;0.0
1937-07-02;0.0
1937-07-03;0.0
1937-07-04;0.0
1937-07-05;0.0
1937-07-06;2.2
1937-07-07;0.0
1937-07-08;0.0
1937-07-09;0.0
1937-07-10;0.0
1937-07-11;0.0
1937-07-12;0.0
1937-07-13;0.0
1937-07-14;0.0
1937-07-15;0.0
1937-07-16;0.0
1937-07-17;12.1
1937-07-18;32.6
1937-07-19;21.5
1937-07-20;0.0
1937-07-21;0.0
1937-07-22;0.0
1937-07-23;0.0
1937-07-24;0.0
1937-07-25;0.0
1937-07-26;0.0
1937-07-27;0.0
1937-07-28;0.0
1937-07-29;0.0
1937-07-30;0.0
1937-07-31;0.0
1937-08-01;21.0
1937-08-02;20.0
1937-08-03;2.2
1937-08-04;0.0
1937-08-05;0.0
1937-08-06;0.0
1937-08-07;0.0
1937-08-08;0.0
1937-08-09;0.0
1937-08-10;0.0
1937-08-11;0.0
1937-08-12;0.0
1937-08-13;0.0
1937-08-14;0.0
1937-08-15;0.0
1937-08-16;0.0
1937-08-17;0.0
1937-08-18;0.0
1937-08-19;0.0
1937-08-20;0.0
1937-08-21;0.0
1937-08-22;0.0
1937-08-23;0.0
1937-08-24;0.0
1937-08-25;0.0
1937-08-26;3.1
1937-08-27;0.0
1937-08-28;0.0
1937-08-29;45.3
1937-08-30;31.2
1937-08-31;5.1
1937-09-01;10.3
1937-09-02;0.0
1937-09-03;0.0
1937-09-04;0.0
1937-09-05;0.0
1937-09-06;0.0
1937-09-07;0.0
1937-09-08;0.0
1937-09-09;0.0
1937-09-10;0.0
1937-09-11;45.0
1937-09-12;20.4
1937-09-13;0.0
1937-09-14;0.0
1937-09-15;10.0
1937-09-16;0.0
1937-09-17;0.0
1937-09-18;12.3
1937-09-19;15.6
1937-09-20;3.2
1937-09-21;5.1
1937-09-22;7.3
1937-09-23;20.2
1937-09-24;10.1
1937-09-25;0.0
1937-09-26;0.0
1937-09-27;0.0
1937-09-28;0.0
1937-09-29;0.0
1937-09-30;0.0
1937-10-01;12.5
1937-10-02;0.0
1937-10-03;0.0
1937-10-04;0.0
1937-10-05;78.5
1937-10-06;3.1
1937-10-07;21.5
1937-10-08;25.2
1937-10-09;0.0
1937-10-10;3.5
1937-10-11;0.0
1937-10-12;0.0
1937-10-13;0.0
1937-10-14;0.0
1937-10-15;0.0
1937-10-16;0.0
1937-10-17;0.0
1937-10-18;0.0
1937-10-19;0.0
1937-10-20;0.0
1937-10-21;0.0
1937-10-22;13.7
1937-10-23;21.5
1937-10-24;5.0
1937-10-25;10.1
1937-10-26;0.0
1937-10-27;0.0
1937-10-28;0.0
1937-10-29;9.0
1937-10-30;0.0
1937-10-31;0.6
1937-11-01;0.0
1937-11-02;0.0
1937-11-03;6.2
1937-11-04;0.0
1937-11-05;0.0
1937-11-08;0.0
1937-11-09;10.2
1937-11-11;74.2
1937-11-12;0.0
1937-11-13;0.0
1937-11-15;45.2
1937-11-16;0.0
1937-11-17;0.0
1937-11-18;50.2
1937-11-19;35.6
1937-11-20;16.2
1937-11-21;0.0
1937-11-23;10.2
1937-11-25;3.2
1937-11-27;0.0
1937-11-28;0.0
1937-11-29;7.0
1937-11-30;0.0
1937-12-01;0.0
1937-12-02;12.6
1937-12-03;30.1
1937-12-04;18.7
1937-12-05;0.0
1937-12-06;31.2
1937-12-07;9.0
1937-12-08;10.6
1937-12-09;10.7
1937-12-10;18.2
1937-12-11;16.0
1937-12-12;16.0
1937-12-13;4.5
1937-12-14;4.6
1937-12-15;15.2
1937-12-16;7.1
1937-12-17;3.2
1937-12-18;4.0
1937-12-19;0.0
1937-12-20;0.0
1937-12-21;0.0
1937-12-22;0.0
1937-12-23;0.0
1937-12-24;0.0
1937-12-25;0.0
1937-12-26;0.0
1937-12-27;0.0
1937-12-28;0.0
1937-12-29;0.0
1937-12-30;0.0
1937-12-31;0.0
1938-01-01;0.0
1938-01-02;0.0
1938-01-03;0.0
1938-01-04;0.0
1938-01-05;0.0
1938-01-06;0.0
1938-01-07;0.0
1938-01-08;0.0
1938-01-09;9.1
1938-01-10;25.4
1938-01-11;15.2
1938-01-12;10.2
1938-01-13;8.5
1938-01-14;0.0
1938-01-15;6.2
1938-01-16;10.2
1938-01-17;0.0
1938-01-18;9.0
1938-01-19;0.0
1938-01-20;4.1
1938-01-21;0.0
1938-01-22;0.0
1938-01-23;0.0
1938-01-24;0.0
1938-01-25;0.0
1938-01-26;0.0
1938-01-27;7.1
1938-01-28;3.2
1938-01-29;0.0
1938-01-30;5.2
1938-01-31;10.1
1938-02-01;0.0
1938-02-02;5.2
1938-02-03;0.0
1938-02-04;0.0
1938-02-05;0.0
1938-02-06;0.0
1938-02-07;0.0
1938-02-08;0.0
1938-02-09;0.0
1938-02-10;0.0
1938-02-11;0.0
1938-02-12;0.0
1938-02-13;0.0
1938-02-14;0.0
1938-02-15;0.0
1938-02-16;1.0
1938-02-17;0.0
1938-02-18;7.0
1938-02-19;0.0
1938-02-20;0.0
1938-02-21;0.0
1938-02-22;0.0
1938-02-23;0.0
1938-02-24;0.0
1938-02-25;0.0
1938-02-26;0.0
1938-02-27;0.0
1938-02-28;0.0
1938-03-01;0.0
1938-03-02;0.0
1938-03-03;0.0
1938-03-04;0.0
1938-03-05;0.0
1938-03-06;0.0
1938-03-07;0.0
1938-03-08;0.0
1938-03-09;0.0
1938-03-10;0.0
1938-03-11;0.0
1938-03-12;0.0
1938-03-13;0.0
1938-03-14;0.0
1938-03-15;0.0
1938-03-16;0.0
1938-03-17;0.0
1938-03-18;0.0
1938-03-19;0.0
1938-03-20;0.0
1938-03-21;0.0
1938-03-22;0.0
1938-03-23;0.0
1938-03-24;0.0
1938-03-25;0.0
1938-03-26;10.1
1938-03-27;10.0
1938-03-28;0.0
1938-03-29;0.0
1938-03-30;0.0
1938-03-31;0.0
1938-04-01;0.0
1938-04-02;0.0
1938-04-03;0.0
1938-04-04;1.2
1938-04-05;0.0
1938-04-06;0.0
1938-04-07;0.0
1938-04-08;0.0
1938-04-09;0.0
1938-04-10;0.0
1938-04-11;0.0
1938-04-12;0.0
1938-04-13;0.0
1938-04-14;0.0
1938-04-15;0.0
1938-04-16;0.0
1938-04-17;0.0
1938-04-18;0.0
1938-04-19;0.0
1938-04-20;0.0
1938-04-21;0.0
1938-04-22;0.0
1938-04-23;0.0
1938-04-24;0.0
1938-04-25;0.0
1938-04-26;0.0
1938-04-27;20.0
1938-04-28;24.0
1938-04-29;30.1
1938-04-30;25.0
1938-05-01;0.0
1938-05-02;0.0
1938-05-03;0.0
1938-05-04;0.0
1938-05-05;0.0
1938-05-06;0.0
1938-05-07;12.5
1938-05-08;13.0
1938-05-09;0.0
1938-05-10;7.3
1938-05-11;0.0
1938-05-12;0.0
1938-05-13;0.0
1938-05-14;0.0
1938-05-15;0.0
1938-05-16;0.0
1938-05-17;0.0
1938-05-18;12.5
1938-05-19;0.0
1938-05-20;10.2
1938-05-21;23.1
1938-05-22;9.0
1938-05-23;12.5
1938-05-24;10.7
1938-05-25;0.0
1938-05-26;0.0
1938-05-27;14.2
1938-05-28;0.0
1938-05-29;10.2
1938-05-30;0.0
1938-05-31;0.0
1938-06-01;0.0
1938-06-02;0.0
1938-06-03;0.0
1938-06-04;0.0
1938-06-05;0.0
1938-06-06;0.0
1938-06-07;0.0
1938-06-08;0.0
1938-06-09;0.0
1938-06-10;0.0
1938-06-11;0.0
1938-06-12;0.0
1938-06-13;34.0
1938-06-14;0.0
1938-06-15;0.0
1938-06-16;0.0
1938-06-17;0.0
1938-06-18;0.0
1938-06-19;0.0
1938-06-20;0.0
1938-06-21;0.0
1938-06-22;0.0
1938-06-23;0.0
1938-06-24;0.0
1938-06-25;0.0
1938-06-26;0.0
1938-06-27;0.0
1938-06-28;0.0
1938-06-29;0.0
1938-06-30;0.0
1938-07-01;0.0
1938-07-02;0.0
1938-07-03;0.0
1938-07-04;0.0
1938-07-05;0.0
1938-07-06;0.0
1938-07-07;0.0
1938-07-08;0.0
1938-07-09;0.0
1938-07-10;0.0
1938-07-11;0.0
1938-07-12;0.0
1938-07-13;0.0
1938-07-14;0.0
1938-07-15;0.0
1938-07-16;0.0
1938-07-17;0.0
1938-07-18;0.0
1938-07-19;0.0
1938-07-20;0.0
1938-07-21;0.0
1938-07-22;0.0
1938-07-23;0.0
1938-07-24;0.0
1938-07-25;0.0
1938-07-26;0.0
1938-07-27;0.0
1938-07-28;0.0
1938-07-29;0.0
1938-07-30;0.0
1938-07-31;0.0
1938-08-01;0.0
1938-08-02;0.1
1938-08-03;0.0
1938-08-04;0.0
1938-08-05;0.0
1938-08-06;0.0
1938-08-07;0.0
1938-08-08;0.0
1938-08-09;0.0
1938-08-10;0.0
1938-08-11;16.1
1938-08-12;0.0
1938-08-13;0.0
1938-08-14;4.0
1938-08-15;0.0
1938-08-16;0.0
1938-08-17;0.0
1938-08-18;0.0
1938-08-19;0.0
1938-08-20;0.0
1938-08-21;0.0
1938-08-22;4.3
1938-08-23;0.0
1938-08-24;0.0
1938-08-25;0.0
1938-08-26;0.0
1938-08-27;0.0
1938-08-28;7.5
1938-08-29;8.3
1938-08-30;0.0
1938-08-31;25.5
1938-09-01;0.0
1938-09-02;0.0
1938-09-03;0.0
1938-09-04;0.0
1938-09-05;9.5
1938-09-06;0.0
1938-09-07;0.0
1938-09-08;0.0
1938-09-09;2.1
1938-09-10;12.3
1938-09-11;0.0
1938-09-12;0.0
1938-09-13;0.0
1938-09-14;0.0
1938-09-15;0.0
1938-09-16;8.5
1938-09-17;0.0
1938-09-18;0.0
1938-09-19;0.0
1938-09-20;0.0
1938-09-21;0.0
1938-09-22;0.0
1938-09-23;0.0
1938-09-24;0.0
1938-09-25;0.0
1938-09-26;0.0
1938-09-27;0.0
1938-09-28;6.3
1938-09-29;0.0
1938-09-30;5.1
1938-10-01;20.1
1938-10-02;6.0
1938-10-03;0.0
1938-10-04;1.5
1938-10-05;61.5
1938-10-06;6.2
1938-10-07;0.0
1938-10-08;0.0
1938-10-09;2.0
1938-10-10;0.0
1938-10-11;0.0
1938-10-12;0.0
1938-10-13;0.0
1938-10-14;0.0
1938-10-15;0.0
1938-10-16;0.0
1938-10-17;0.0
1938-10-18;0.0
1938-10-19;0.0
1938-10-20;0.0
1938-10-21;0.0
1938-10-22;0.0
1938-10-23;0.0
1938-10-24;0.0
1938-10-25;0.0
1938-10-26;18.0
1938-10-27;10.0
1938-10-28;8.5
1938-10-29;15.2
1938-10-30;14.0
1938-10-31;7.1
1938-11-01;0.0
1938-11-02;0.0
1938-11-03;0.0
1938-11-04;0.0
1938-11-05;0.0
1938-11-06;0.0
1938-11-07;0.0
1938-11-08;0.0
1938-11-09;0.0
1938-11-10;5.0
1938-11-11;0.0
1938-11-12;0.0
1938-11-13;0.0
1938-11-14;0.0
1938-11-15;0.0
1938-11-16;0.0
1938-11-17;0.0
1938-11-18;0.0
1938-11-19;0.0
1938-11-20;2.0
1938-11-21;10.3
1938-11-22;42.5
1938-11-23;9.1
1938-11-24;1.5
1938-11-25;1.5
1938-11-26;0.0
1938-11-27;2.2
1938-11-28;24.2
1938-11-29;8.3
1938-11-30;2.0
1938-12-01;0.0
1938-12-02;7.2
1938-12-03;0.0
1938-12-04;0.0
1938-12-05;0.0
1938-12-06;0.0
1938-12-07;9.6
1938-12-08;0.0
1938-12-09;0.0
1938-12-10;0.0
1938-12-11;0.0
1938-12-12;0.0
1938-12-13;0.0
1938-12-14;0.0
1938-12-15;0.0
1938-12-16;0.0
1938-12-17;0.0
1938-12-18;0.0
1938-12-19;0.0
1938-12-20;12.1
1938-12-21;0.0
1938-12-22;0.0
1938-12-23;10.1
1938-12-24;0.0
1938-12-25;0.0
1938-12-26;0.0
1938-12-27;0.0
1938-12-28;0.0
1938-12-29;0.0
1938-12-30;0.0
1938-12-31;0.0
1939-01-01;0.0
1939-01-02;0.0
1939-01-03;10.2
1939-01-04;0.0
1939-01-05;0.0
1939-01-06;7.3
1939-01-07;0.0
1939-01-08;0.0
1939-01-09;0.0
1939-01-10;0.0
1939-01-11;0.0
1939-01-12;35.0
1939-01-13;20.1
1939-01-14;12.2
1939-01-15;0.0
1939-01-16;0.0
1939-01-17;0.0
1939-01-18;0.0
1939-01-19;0.0
1939-01-20;0.0
1939-01-21;0.0
1939-01-22;0.0
1939-01-23;0.0
1939-01-24;8.5
1939-01-25;0.0
1939-01-26;10.8
1939-01-27;25.3
1939-01-28;15.1
1939-01-29;0.0
1939-01-30;0.0
1939-01-31;0.0
1939-02-01;0.0
1939-02-02;0.0
1939-02-03;0.0
1939-02-04;0.0
1939-02-05;0.0
1939-02-06;0.0
1939-02-07;0.0
1939-02-08;0.0
1939-02-09;0.0
1939-02-10;0.0
1939-02-11;0.0
1939-02-12;0.0
1939-02-13;0.0
1939-02-14;0.0
1939-02-15;0.0
1939-02-16;0.0
1939-02-17;0.0
1939-02-18;0.0
1939-02-19;0.0
1939-02-20;0.0
1939-02-21;0.0
1939-02-22;0.0
1939-02-23;0.0
1939-02-24;10.2
1939-02-25;5.1
1939-02-26;0.0
1939-02-27;4.8
1939-02-28;3.1
1939-03-01;0.0
1939-03-02;3.8
1939-03-03;0.0
1939-03-04;0.0
1939-03-05;0.0
1939-03-06;0.0
1939-03-07;0.0
1939-03-08;2.7
1939-03-09;0.0
1939-03-10;0.0
1939-03-11;0.0
1939-03-12;0.0
1939-03-13;0.0
1939-03-14;0.0
1939-03-15;0.0
1939-03-16;0.0
1939-03-17;0.0
1939-03-18;9.2
1939-03-19;0.0
1939-03-20;0.0
1939-03-21;0.0
1939-03-22;0.0
1939-03-23;0.0
1939-03-24;3.8
1939-03-25;0.0
1939-03-26;9.3
1939-03-27;8.6
1939-03-28;10.2
1939-03-29;14.1
1939-03-30;0.0
1939-03-31;0.0
1939-04-01;0.0
1939-04-02;0.0
1939-04-03;0.0
1939-04-04;0.0
1939-04-05;0.0
1939-04-06;0.0
1939-04-07;0.0
1939-04-08;0.0
1939-04-09;0.0
1939-04-10;0.0
1939-04-11;0.0
1939-04-12;0.0
1939-04-13;0.0
1939-04-14;0.0
1939-04-15;0.0
1939-04-16;0.0
1939-04-17;0.0
1939-04-18;0.0
1939-04-19;0.0
1939-04-20;5.4
1939-04-21;0.0
1939-04-22;0.0
1939-04-23;0.0
1939-04-24;0.0
1939-04-25;0.0
1939-04-26;0.0
1939-04-27;0.0
1939-04-28;20.1
1939-04-29;10.0
1939-04-30;0.0
1939-05-01;0.0
1939-05-02;0.0
1939-05-03;16.8
1939-05-04;9.0
1939-05-05;4.6
1939-05-06;3.1
1939-05-07;2.4
1939-05-08;0.0
1939-05-09;5.1
1939-05-10;0.0
1939-05-11;0.0
1939-05-12;0.0
1939-05-13;12.6
1939-05-14;40.1
1939-05-15;0.0
1939-05-16;0.0
1939-05-17;0.0
1939-05-18;0.0
1939-05-19;0.0
1939-05-20;5.3
1939-05-21;20.3
1939-05-22;0.0
1939-05-23;12.6
1939-05-24;0.0
1939-05-25;10.3
1939-05-26;0.0
1939-05-27;21.6
1939-05-28;0.0
1939-05-29;40.2
1939-05-30;5.2
1939-05-31;3.3
1939-06-01;48.8
1939-06-02;0.0
1939-06-03;0.0
1939-06-04;0.0
1939-06-05;0.0
1939-06-06;0.0
1939-06-07;0.0
1939-06-08;0.0
1939-06-09;0.0
1939-06-10;0.0
1939-06-11;0.0
1939-06-12;3.1
1939-06-13;18.5
1939-06-14;22.0
1939-06-15;10.2
1939-06-16;0.0
1939-06-17;0.0
1939-06-18;0.0
1939-06-19;0.0
1939-06-20;0.0
1939-06-21;35.3
1939-06-22;0.0
1939-06-23;0.0
1939-06-24;0.0
1939-06-25;0.0
1939-06-26;0.0
1939-06-27;0.0
1939-06-28;0.0
1939-06-29;0.0
1939-06-30;0.0
1939-07-01;0.0
1939-07-02;0.0
1939-07-03;0.0
1939-07-04;0.0
1939-07-05;0.0
1939-07-06;0.0
1939-07-07;0.0
1939-07-08;0.0
1939-07-09;0.0
1939-07-10;0.0
1939-07-11;0.0
1939-07-12;0.0
1939-07-13;0.0
1939-07-14;0.0
1939-07-15;0.0
1939-07-16;0.0
1939-07-17;0.0
1939-07-18;0.0
1939-07-19;0.0
1939-07-20;0.0
1939-07-21;0.0
1939-07-22;0.0
1939-07-23;0.0
1939-07-24;0.0
1939-07-25;0.0
1939-07-26;0.0
1939-07-27;0.0
1939-07-28;6.1
1939-07-29;0.0
1939-07-30;0.0
1939-07-31;0.0
1939-08-01;0.0
1939-08-02;0.0
1939-08-03;0.0
1939-08-04;0.0
1939-08-05;0.0
1939-08-07;0.0
1939-08-08;0.0
1939-08-09;0.0
1939-08-10;0.0
1939-08-11;0.0
1939-08-12;0.0
1939-08-13;0.0
1939-08-14;0.0
1939-08-15;0.0
1939-08-16;0.0
1939-08-17;0.0
1939-08-18;0.0
1939-08-19;0.0
1939-08-20;0.0
1939-08-21;17.2
1939-08-22;0.0
1939-08-23;0.0
1939-08-24;4.1
1939-08-25;15.2
1939-08-26;10.0
1939-08-27;0.0
1939-08-28;0.0
1939-08-29;0.0
1939-08-30;0.0
1939-08-31;0.0
1939-09-01;0.0
1939-09-02;0.0
1939-09-03;0.0
1939-09-04;0.0
1939-09-05;7.0
1939-09-06;6.9
1939-09-07;6.9
1939-09-08;0.0
1939-09-09;0.0
1939-09-10;0.0
1939-09-11;0.0
1939-09-12;0.0
1939-09-13;0.0
1939-09-14;4.1
1939-09-15;4.1
1939-09-16;4.1
1939-09-17;0.0
1939-09-18;8.3
1939-09-19;0.0
1939-09-20;8.1
1939-09-21;0.0
1939-09-22;9.1
1939-09-23;0.0
1939-09-24;0.0
1939-09-25;0.0
1939-09-26;0.0
1939-09-27;0.0
1939-09-28;8.3
1939-09-29;4.1
1939-09-30;6.3
1939-10-01;8.1
1939-10-02;15.3
1939-10-03;20.1
1939-10-04;30.2
1939-10-05;0.0
1939-10-06;7.2
1939-10-07;0.0
1939-10-08;0.0
1939-10-09;0.0
1939-10-10;4.1
1939-10-11;0.0
1939-10-12;0.0
1939-10-13;21.3
1939-10-14;0.0
1939-10-15;0.0
1939-10-16;0.0
1939-10-17;8.3
1939-10-18;0.0
1939-10-19;0.0
1939-10-20;2.0
1939-10-21;0.0
1939-10-22;0.0
1939-10-23;4.1
1939-10-24;21.3
1939-10-25;10.1
1939-10-26;0.0
1939-10-27;15.6
1939-10-28;10.1
1939-10-29;8.3
1939-10-30;0.0
1939-10-31;10.2
1939-11-01;20.4
1939-11-02;20.3
1939-11-03;0.0
1939-11-04;13.5
1939-11-05;13.5
1939-11-06;8.0
1939-11-07;0.0
1939-11-08;0.0
1939-11-09;0.0
1939-11-10;0.0
1939-11-11;0.0
1939-11-12;0.0
1939-11-13;0.0
1939-11-14;0.0
1939-11-15;0.0
1939-11-16;21.0
1939-11-17;0.0
1939-11-18;0.0
1939-11-19;0.0
1939-11-20;8.2
1939-11-21;0.0
1939-11-22;0.0
1939-11-23;0.0
1939-11-24;0.0
1939-11-25;0.0
1939-11-26;4.7
1939-11-27;0.0
1939-11-28;0.0
1939-11-29;2.4
1939-11-30;0.0
1939-12-01;0.0
1939-12-02;0.0
1939-12-03;0.0
1939-12-04;20.1
1939-12-05;31.3
1939-12-06;12.6
1939-12-07;8.4
1939-12-08;0.0
1939-12-09;0.0
1939-12-10;0.0
1939-12-11;12.1
1939-12-12;0.0
1939-12-13;0.0
1939-12-14;0.0
1939-12-15;0.0
1939-12-16;48.1
1939-12-17;50.2
1939-12-18;0.0
1939-12-19;0.0
1939-12-20;6.3
1939-12-21;0.0
1939-12-22;0.0
1939-12-23;0.0
1939-12-24;6.3
1939-12-25;5.1
1939-12-26;3.1
1939-12-27;0.0
1939-12-28;0.0
1939-12-29;0.0
1939-12-30;0.0
1939-12-31;0.0
1940-02-01;20.2
1940-02-02;11.2
1940-02-03;0.0
1940-02-04;0.0
1940-02-05;2.0
1940-02-06;0.0
1940-02-07;6.0
1940-02-08;8.2
1940-02-09;4.0
1940-02-10;4.3
1940-02-11;0.0
1940-02-12;2.3
1940-02-13;11.1
1940-02-14;0.0
1940-02-15;0.0
1940-02-16;0.0
1940-02-17;1.0
1940-02-18;4.2
1940-02-19;3.1
1940-02-20;0.0
1940-02-21;0.0
1940-02-22;0.0
1940-02-23;0.0
1940-02-24;0.0
1940-02-25;0.0
1940-02-26;0.0
1940-02-27;0.0
1940-02-28;0.0
1940-02-29;0.0
1940-03-01;0.0
1940-03-02;0.0
1940-03-03;0.0
1940-03-04;0.0
1940-03-05;0.0
1940-03-06;0.0
1940-03-07;0.0
1940-03-08;0.0
1940-03-09;0.0
1940-03-10;0.0
1940-03-11;0.0
1940-03-12;6.3
1940-03-13;10.5
1940-03-14;3.0
1940-03-15;2.8
1940-03-16;0.0
1940-03-17;0.0
1940-03-18;0.0
1940-03-19;0.0
1940-03-20;0.0
1940-03-21;0.0
1940-03-22;0.0
1940-03-23;0.0
1940-03-24;10.0
1940-03-25;0.0
1940-03-26;6.2
1940-03-27;11.0
1940-03-28;9.2
1940-03-29;0.0
1940-03-30;0.0
1940-03-31;0.0
1940-05-01;30.0
1940-05-02;0.0
1940-05-03;7.3
1940-05-04;5.0
1940-05-05;0.0
1940-05-06;0.0
1940-05-07;0.0
1940-05-08;0.0
1940-05-09;0.0
1940-05-10;0.0
1940-05-11;0.0
1940-05-12;0.0
1940-05-13;0.0
1940-05-14;0.0
1940-05-15;0.3
1940-05-16;20.0
1940-05-17;10.2
1940-05-18;14.6
1940-05-19;0.0
1940-05-20;0.0
1940-05-21;0.0
1940-05-22;0.0
1940-05-23;0.0
1940-05-24;0.6
1940-05-25;0.0
1940-05-26;0.0
1940-05-27;0.0
1940-05-28;0.0
1940-05-29;0.0
1940-05-30;40.0
1940-05-31;4.7
1940-06-01;0.0
1940-06-02;0.0
1940-06-03;0.0
1940-06-04;0.0
1940-06-05;0.0
1940-06-06;0.0
1940-06-07;0.0
1940-06-08;0.0
1940-06-09;0.0
1940-06-10;0.0
1940-06-11;0.0
1940-06-12;0.0
1940-06-13;0.0
1940-06-14;0.0
1940-06-15;11.0
1940-06-16;30.2
1940-06-17;0.0
1940-06-18;8.1
1940-06-19;0.0
1940-06-20;10.3
1940-06-21;2.1
1940-06-22;4.1
1940-06-23;29.2
1940-06-24;3.0
1940-06-25;25.5
1940-06-26;1.0
1940-06-27;0.0
1940-06-28;5.0
1940-06-29;0.0
1940-06-30;0.0
1940-07-01;0.0
1940-07-02;5.5
1940-07-03;0.0
1940-07-04;0.0
1940-07-05;3.1
1940-07-06;0.0
1940-07-07;0.0
1940-07-08;15.0
1940-07-09;7.0
1940-07-10;0.0
1940-07-11;0.0
1940-07-12;0.0
1940-07-13;0.0
1940-07-14;0.0
1940-07-15;0.0
1940-07-16;0.0
1940-07-17;4.2
1940-07-18;0.0
1940-07-19;0.0
1940-07-20;0.0
1940-07-21;0.0
1940-07-22;0.0
1940-07-23;0.0
1940-07-24;0.0
1940-07-25;0.0
1940-07-26;0.0
1940-07-27;0.0
1940-07-28;0.0
1940-07-29;0.0
1940-07-30;0.0
1940-07-31;0.0
1940-08-01;0.0
1940-08-02;0.0
1940-08-03;0.0
1940-08-04;0.0
1940-08-05;0.0
1940-08-06;0.0
1940-08-07;40.1
1940-08-08;0.0
1940-08-09;0.0
1940-08-10;0.0
1940-08-11;0.0
1940-08-12;0.0
1940-08-13;0.0
1940-08-14;0.0
1940-08-15;0.0
1940-08-16;0.0
1940-08-17;0.0
1940-08-18;0.0
1940-08-19;0.0
1940-08-20;0.0
1940-08-21;42.1
1940-08-22;2.0
1940-08-23;28.0
1940-08-24;0.0
1940-08-25;0.0
1940-08-26;0.0
1940-08-27;0.0
1940-08-28;0.0
1940-08-29;0.0
1940-08-30;0.0
1940-08-31;0.0
1940-09-01;0.0
1940-09-02;0.0
1940-09-03;0.0
1940-09-04;0.0
1940-09-05;0.0
1940-09-06;0.0
1940-09-07;0.0
1940-09-08;0.0
1940-09-09;0.0
1940-09-10;7.0
1940-09-11;12.1
1940-09-12;0.0
1940-09-13;0.0
1940-09-14;1.2
1940-09-15;20.0
1940-09-16;35.8
1940-09-17;0.0
1940-09-18;0.0
1940-09-19;0.0
1940-09-20;0.0
1940-09-21;0.0
1940-09-22;0.0
1940-09-23;0.0
1940-09-24;0.0
1940-09-25;0.0
1940-09-26;0.0
1940-09-27;0.0
1940-09-28;0.0
1940-09-29;0.0
1940-09-30;0.0
1940-10-01;12.0
1940-10-02;7.2
1940-10-03;18.2
1940-10-04;0.0
1940-10-05;22.8
1940-10-06;0.0
1940-10-07;0.0
1940-10-08;0.0
1940-10-09;0.0
1940-10-10;0.0
1940-10-11;8.3
1940-10-12;5.6
1940-10-13;20.0
1940-10-14;10.0
1940-10-15;0.0
1940-10-16;0.0
1940-10-17;0.0
1940-10-18;0.0
1940-10-19;0.0
1940-10-20;0.0
1940-10-21;9.0
1940-10-22;0.0
1940-10-23;0.0
1940-10-24;17.6
1940-10-25;11.2
1940-10-26;40.8
1940-10-27;6.0
1940-10-28;21.3
1940-10-29;9.0
1940-10-30;5.0
1940-10-31;0.0
1940-11-01;0.0
1940-11-02;7.2
1940-11-03;12.5
1940-11-04;0.0
1940-11-05;0.0
1940-11-06;0.0
1940-11-07;0.0
1940-11-08;21.2
1940-11-09;0.0
1940-11-10;0.0
1940-11-11;6.2
1940-11-12;10.2
1940-11-13;8.3
1940-11-14;0.0
1940-11-15;6.1
1940-11-16;25.7
1940-11-17;22.6
1940-11-18;10.0
1940-11-19;8.6
1940-11-20;2.1
1940-11-21;0.0
1940-11-22;0.0
1940-11-23;0.0
1940-11-24;5.5
1940-11-25;0.0
1940-11-26;0.0
1940-11-27;0.0
1940-11-28;4.4
1940-11-29;6.3
1940-11-30;3.4
