data;mm
1921-04-01;0.0
1921-04-02;0.0
1921-04-03;0.0
1921-04-04;0.0
1921-04-05;0.0
1921-04-06;0.8
1921-04-07;1.5
1921-04-08;0.6
1921-04-09;0.0
1921-04-10;0.0
1921-04-11;0.0
1921-04-12;0.0
1921-04-13;0.0
1921-04-14;0.0
1921-04-15;2.0
1921-04-16;10.3
1921-04-17;2.6
1921-04-18;5.7
1921-04-19;0.8
1921-04-20;2.5
1921-04-21;1.4
1921-04-22;3.2
1921-04-23;0.0
1921-04-24;5.8
1921-04-25;2.0
1921-04-26;3.0
1921-04-27;0.0
1921-04-28;4.3
1921-04-29;3.0
1921-04-30;0.2
1921-05-01;2.7
1921-05-02;5.4
1921-05-03;10.5
1921-05-04;12.0
1921-05-05;15.0
1921-05-06;0.0
1921-05-07;0.0
1921-05-08;0.0
1921-05-09;0.0
1921-05-10;0.0
1921-05-11;0.0
1921-05-12;10.3
1921-05-13;12.5
1921-05-14;10.0
1921-05-15;0.0
1921-05-16;30.5
1921-05-17;0.0
1921-05-18;0.0
1921-05-19;0.0
1921-05-20;0.0
1921-05-21;5.4
1921-05-22;12.6
1921-05-23;0.0
1921-05-24;0.0
1921-05-25;0.0
1921-05-26;0.0
1921-05-27;0.0
1921-05-28;0.0
1921-05-29;20.8
1921-05-30;5.3
1921-05-31;7.6
1921-06-01;2.3
1921-06-02;0.0
1921-06-03;5.7
1921-06-04;8.5
1921-06-05;0.0
1921-06-06;0.0
1921-06-07;0.0
1921-06-08;0.0
1921-06-09;0.0
1921-06-10;30.7
1921-06-11;0.0
1921-06-12;0.0
1921-06-13;0.0
1921-06-14;20.3
1921-06-15;0.0
1921-06-16;0.0
1921-06-17;0.0
1921-06-18;0.0
1921-06-19;12.5
1921-06-20;30.5
1921-06-21;0.0
1921-06-22;0.0
1921-06-23;0.0
1921-06-24;0.0
1921-06-25;2.0
1921-06-26;40.6
1921-06-27;0.0
1921-06-28;0.0
1921-06-29;0.0
1921-06-30;0.0
1921-07-01;0.0
1921-07-02;0.0
1921-07-03;30.5
1921-07-04;0.0
1921-07-05;0.0
1921-07-06;0.0
1921-07-07;0.0
1921-07-08;0.0
1921-07-09;0.0
1921-07-10;0.0
1921-07-11;0.0
1921-07-12;0.0
1921-07-13;0.0
1921-07-14;0.0
1921-07-15;0.0
1921-07-16;0.0
1921-07-17;0.0
1921-07-18;0.0
1921-07-19;0.0
1921-07-20;0.0
1921-07-21;0.0
1921-07-22;0.0
1921-07-23;0.0
1921-07-24;0.0
1921-07-25;0.0
1921-07-26;0.0
1921-07-27;0.0
1921-07-28;0.0
1921-07-29;0.0
1921-07-30;0.0
1921-07-31;0.0
1921-08-01;0.0
1921-08-02;0.0
1921-08-03;0.0
1921-08-04;20.3
1921-08-05;0.0
1921-08-06;0.0
1921-08-07;0.0
1921-08-08;0.0
1921-08-09;0.0
1921-08-10;0.0
1921-08-11;0.0
1921-08-12;60.3
1921-08-13;0.0
1921-08-14;0.0
1921-08-15;0.0
1921-08-16;0.0
1921-08-17;0.0
1921-08-18;0.0
1921-08-19;0.0
1921-08-20;47.5
1921-08-21;0.0
1921-08-22;0.0
1921-08-23;0.0
1921-08-24;0.0
1921-08-25;0.0
1921-08-26;0.0
1921-08-27;0.0
1921-08-28;0.0
1921-08-29;0.0
1921-08-30;0.0
1921-08-31;0.0
1921-09-01;0.0
1921-09-02;0.0
1921-09-03;0.0
1921-09-04;0.0
1921-09-05;2.3
1921-09-06;2.5
1921-09-07;0.0
1921-09-08;0.0
1921-09-09;0.0
1921-09-10;0.0
1921-09-11;0.0
1921-09-12;0.0
1921-09-13;0.0
1921-09-14;0.0
1921-09-15;0.0
1921-09-16;0.0
1921-09-17;0.0
1921-09-18;0.0
1921-09-19;0.0
1921-09-20;0.0
1921-09-21;0.0
1921-09-22;0.0
1921-09-23;0.0
1921-09-24;0.0
1921-09-25;0.0
1921-09-26;0.0
1921-09-27;0.0
1921-09-28;0.0
1921-09-29;0.0
1921-09-30;0.0
1921-10-01;0.0
1921-10-02;0.0
1921-10-03;0.0
1921-10-04;0.0
1921-10-05;0.0
1921-10-06;0.0
1921-10-07;0.0
1921-10-08;0.0
1921-10-09;0.0
1921-10-10;0.0
1921-10-11;0.0
1921-10-12;0.0
1921-10-13;0.0
1921-10-14;0.0
1921-10-15;0.0
1921-10-16;0.0
1921-10-17;0.0
1921-10-18;0.0
1921-10-19;0.0
1921-10-20;0.0
1921-10-21;7.5
1921-10-22;10.4
1921-10-23;8.3
1921-10-24;0.0
1921-10-25;0.0
1921-10-26;0.0
1921-10-27;0.0
1921-10-28;0.0
1921-10-29;0.0
1921-10-30;0.0
1921-10-31;0.0
1921-11-01;0.0
1921-11-02;5.3
1921-11-03;3.2
1921-11-04;0.0
1921-11-05;0.0
1921-11-06;10.5
1921-11-07;3.2
1921-11-08;1.5
1921-11-09;5.0
1921-11-10;0.0
1921-11-11;0.0
1921-11-12;0.0
1921-11-13;0.0
1921-11-14;0.0
1921-11-15;0.0
1921-11-16;0.0
1921-11-17;2.3
1921-11-18;1.4
1921-11-19;0.0
1921-11-20;0.0
1921-11-21;0.0
1921-11-22;0.0
1921-11-23;0.0
1921-11-24;0.0
1921-11-25;0.0
1921-11-26;0.0
1921-11-27;0.0
1921-11-28;0.0
1921-11-29;0.0
1921-11-30;0.0
1921-12-01;0.0
1921-12-02;0.0
1921-12-03;0.0
1921-12-04;0.0
1921-12-05;0.0
1921-12-06;0.0
1921-12-07;0.0
1921-12-08;0.0
1921-12-09;0.0
1921-12-10;0.0
1921-12-11;0.0
1921-12-12;0.0
1921-12-13;0.0
1921-12-14;5.2
1921-12-15;0.0
1921-12-16;0.0
1921-12-17;0.0
1921-12-18;0.0
1921-12-19;0.0
1921-12-20;0.0
1921-12-21;0.0
1921-12-22;0.0
1921-12-23;3.5
1921-12-24;0.0
1921-12-25;2.7
1921-12-26;0.0
1921-12-27;0.0
1921-12-28;0.0
1921-12-29;0.0
1921-12-30;0.0
1921-12-31;0.0
1923-07-01;0.0
1923-07-02;0.0
1923-07-03;0.0
1923-07-04;0.0
1923-07-05;0.0
1923-07-06;0.0
1923-07-07;0.0
1923-07-08;0.0
1923-07-09;0.0
1923-07-10;0.0
1923-07-11;0.0
1923-07-12;0.0
1923-07-13;0.0
1923-07-14;0.0
1923-07-15;0.0
1923-07-16;0.0
1923-07-17;0.0
1923-07-18;0.0
1923-07-19;0.0
1923-07-20;0.0
1923-07-21;0.0
1923-07-22;0.0
1923-07-23;0.0
1923-07-24;0.0
1923-07-25;0.0
1923-07-26;0.0
1923-07-27;0.0
1923-07-28;0.0
1923-07-29;0.0
1923-07-30;0.0
1923-07-31;0.0
1923-08-01;0.0
1923-08-02;0.0
1923-08-03;0.0
1923-08-04;0.0
1923-08-05;0.0
1923-08-06;0.0
1923-08-07;0.0
1923-08-08;0.0
1923-08-09;0.0
1923-08-10;0.0
1923-08-11;0.0
1923-08-12;0.0
1923-08-13;0.0
1923-08-14;0.0
1923-08-15;0.0
1923-08-16;0.0
1923-08-17;1.0
1923-08-18;0.0
1923-08-19;0.0
1923-08-20;0.0
1923-08-21;0.0
1923-08-22;0.0
1923-08-23;1.0
1923-08-24;0.0
1923-08-25;30.0
1923-08-26;2.0
1923-08-27;0.0
1923-08-28;0.0
1923-08-29;0.0
1923-08-30;0.0
1923-08-31;0.0
1923-09-01;22.0
1923-09-02;0.0
1923-09-03;0.0
1923-09-04;4.0
1923-09-05;15.0
1923-09-06;0.0
1923-09-07;0.0
1923-09-08;0.0
1923-09-09;0.0
1923-09-10;0.0
1923-09-11;0.0
1923-09-12;0.0
1923-09-13;0.0
1923-09-14;0.0
1923-09-15;12.2
1923-09-16;14.4
1923-09-17;1.0
1923-09-18;21.6
1923-09-19;9.0
1923-09-20;0.0
1923-09-21;4.0
1923-09-22;0.4
1923-09-23;0.0
1923-09-24;4.6
1923-09-25;0.0
1923-09-26;0.0
1923-09-27;0.0
1923-09-28;0.0
1923-09-29;0.0
1923-09-30;0.0
1923-10-01;0.0
1923-10-02;0.0
1923-10-03;0.0
1923-10-04;0.0
1923-10-05;12.4
1923-10-06;10.6
1923-10-07;0.0
1923-10-08;0.0
1923-10-09;0.0
1923-10-10;0.0
1923-10-11;0.0
1923-10-12;0.0
1923-10-13;0.0
1923-10-14;0.0
1923-10-15;23.4
1923-10-16;0.0
1923-10-17;0.0
1923-10-18;0.0
1923-10-19;0.0
1923-10-20;0.0
1923-10-21;0.0
1923-10-22;0.0
1923-10-23;0.0
1923-10-24;1.0
1923-10-25;0.6
1923-10-26;0.0
1923-10-27;0.0
1923-10-28;0.0
1923-10-29;0.0
1923-10-30;0.0
1923-10-31;0.0
1923-11-01;0.0
1923-11-02;0.0
1923-11-03;0.0
1923-11-04;6.0
1923-11-05;11.4
1923-11-06;0.0
1923-11-07;0.0
1923-11-08;6.0
1923-11-09;5.4
1923-11-10;8.0
1923-11-11;2.0
1923-11-12;0.2
1923-11-13;0.0
1923-11-14;0.0
1923-11-15;0.0
1923-11-16;0.0
1923-11-17;7.0
1923-11-18;6.0
1923-11-19;21.6
1923-11-20;18.0
1923-11-21;0.0
1923-11-22;18.0
1923-11-23;8.4
1923-11-24;5.0
1923-11-25;8.0
1923-11-26;6.0
1923-11-27;2.0
1923-11-28;2.4
1923-11-29;22.0
1923-11-30;44.0
1923-12-01;20.0
1923-12-02;2.0
1923-12-03;1.2
1923-12-04;11.0
1923-12-05;0.6
1923-12-06;62.0
1923-12-07;3.0
1923-12-08;4.8
1923-12-09;0.0
1923-12-10;0.0
1923-12-11;2.0
1923-12-12;0.0
1923-12-13;1.4
1923-12-14;0.0
1923-12-15;1.4
1923-12-16;0.0
1923-12-17;0.0
1923-12-18;0.0
1923-12-19;0.0
1923-12-20;5.8
1923-12-21;0.0
1923-12-22;0.0
1923-12-23;0.0
1923-12-24;0.0
1923-12-25;1.6
1923-12-26;0.0
1923-12-27;1.6
1923-12-28;0.4
1923-12-29;9.0
1923-12-30;0.0
1923-12-31;3.0
1924-01-01;0.0
1924-01-02;0.0
1924-01-03;0.0
1924-01-04;0.0
1924-01-05;12.0
1924-01-06;0.0
1924-01-07;0.0
1924-01-08;4.0
1924-01-09;17.0
1924-01-10;0.0
1924-01-11;0.0
1924-01-12;0.0
1924-01-13;0.0
1924-01-14;0.0
1924-01-15;0.0
1924-01-16;5.5
1924-01-17;21.0
1924-01-18;0.0
1924-01-19;0.0
1924-01-20;8.5
1924-01-21;11.0
1924-01-22;0.0
1924-01-23;0.0
1924-01-24;0.0
1924-01-25;0.0
1924-01-26;0.0
1924-01-27;0.0
1924-01-28;0.0
1924-01-29;0.0
1924-01-30;0.0
1924-01-31;0.5
1924-02-01;0.0
1924-02-02;0.0
1924-02-03;0.0
1924-02-04;0.0
1924-02-05;0.0
1924-02-06;0.0
1924-02-07;0.0
1924-02-08;0.0
1924-02-09;0.0
1924-02-10;18.0
1924-02-11;25.0
1924-02-12;11.0
1924-02-13;0.0
1924-02-14;23.0
1924-02-15;1.0
1924-02-16;0.0
1924-02-17;0.0
1924-02-18;0.0
1924-02-19;0.0
1924-02-20;0.0
1924-02-21;0.0
1924-02-22;0.0
1924-02-23;0.0
1924-02-24;1.0
1924-02-25;0.0
1924-02-26;5.0
1924-02-27;30.0
1924-02-28;0.0
1924-02-29;0.0
1924-03-01;0.0
1924-03-02;0.0
1924-03-03;0.0
1924-03-04;1.5
1924-03-05;6.0
1924-03-06;0.0
1924-03-07;10.0
1924-03-08;3.0
1924-03-09;0.0
1924-03-10;0.0
1924-03-11;0.0
1924-03-12;0.0
1924-03-13;0.0
1924-03-14;0.0
1924-03-15;0.0
1924-03-16;0.0
1924-03-17;0.0
1924-03-18;0.0
1924-03-19;0.0
1924-03-20;0.0
1924-03-21;0.0
1924-03-22;30.0
1924-03-23;1.0
1924-03-24;5.0
1924-03-25;2.0
1924-03-26;3.0
1924-03-27;0.0
1924-03-28;0.0
1924-03-29;8.0
1924-03-30;7.5
1924-03-31;0.0
1924-04-01;15.0
1924-04-02;4.0
1924-04-03;16.5
1924-04-04;11.5
1924-04-05;0.0
1924-04-06;2.5
1924-04-07;7.0
1924-04-08;0.5
1924-04-09;0.0
1924-04-10;1.5
1924-04-11;9.5
1924-04-12;1.5
1924-04-13;5.5
1924-04-14;2.0
1924-04-15;0.0
1924-04-16;6.5
1924-04-17;0.0
1924-04-18;0.0
1924-04-19;0.0
1924-04-20;0.0
1924-04-21;0.0
1924-04-22;0.0
1924-04-23;0.0
1924-04-24;0.0
1924-04-25;0.0
1924-04-26;0.0
1924-04-27;0.0
1924-04-28;0.0
1924-04-29;0.0
1924-04-30;0.9
1924-05-01;0.0
1924-05-02;0.0
1924-05-03;0.0
1924-05-04;0.0
1924-05-05;0.0
1924-05-06;0.0
1924-05-07;0.0
1924-05-08;1.0
1924-05-09;0.0
1924-05-10;12.0
1924-05-11;3.5
1924-05-12;0.0
1924-05-13;0.0
1924-05-14;0.0
1924-05-15;0.0
1924-05-16;0.0
1924-05-17;0.0
1924-05-18;0.0
1924-05-19;0.0
1924-05-20;0.0
1924-05-21;0.0
1924-05-22;0.0
1924-05-23;0.0
1924-05-24;0.0
1924-05-25;0.0
1924-05-26;5.5
1924-05-27;32.0
1924-05-28;5.5
1924-05-29;0.0
1924-05-30;0.0
1924-05-31;0.0
1924-06-01;0.0
1924-06-02;0.0
1924-06-03;0.0
1924-06-04;0.0
1924-06-05;0.0
1924-06-06;0.0
1924-06-07;0.0
1924-06-08;0.0
1924-06-09;1.5
1924-06-10;0.0
1924-06-11;0.0
1924-06-12;7.0
1924-06-13;7.5
1924-06-14;0.0
1924-06-15;0.0
1924-06-16;4.5
1924-06-17;0.0
1924-06-18;0.0
1924-06-19;0.0
1924-06-20;0.0
1924-06-21;0.0
1924-06-22;2.5
1924-06-23;0.0
1924-06-24;11.0
1924-06-25;0.0
1924-06-26;0.0
1924-06-27;0.0
1924-06-28;0.0
1924-06-29;0.0
1924-06-30;0.0
1924-07-01;0.0
1924-07-02;0.0
1924-07-03;0.0
1924-07-04;0.0
1924-07-05;0.0
1924-07-06;0.0
1924-07-07;0.0
1924-07-08;0.0
1924-07-09;1.5
1924-07-10;0.0
1924-07-11;0.0
1924-07-12;0.0
1924-07-13;0.0
1924-07-14;0.0
1924-07-15;0.0
1924-07-16;0.0
1924-07-17;0.0
1924-07-18;0.0
1924-07-19;0.0
1924-07-20;0.0
1924-07-21;0.0
1924-07-22;0.0
1924-07-23;0.0
1924-07-24;6.0
1924-07-25;0.0
1924-07-26;0.0
1924-07-27;20.0
1924-07-28;16.6
1924-07-29;0.0
1924-07-30;31.0
1924-07-31;25.0
1924-08-01;0.0
1924-08-02;0.0
1924-08-03;0.0
1924-08-04;0.0
1924-08-05;0.0
1924-08-06;0.0
1924-08-07;0.0
1924-08-08;0.0
1924-08-09;0.0
1924-08-10;0.5
1924-08-11;0.0
1924-08-12;0.0
1924-08-13;0.0
1924-08-14;15.5
1924-08-15;0.5
1924-08-16;0.0
1924-08-17;2.5
1924-08-18;0.0
1924-08-19;0.0
1924-08-20;0.0
1924-08-21;5.0
1924-08-22;0.0
1924-08-23;10.5
1924-08-24;0.0
1924-08-25;0.0
1924-08-26;0.0
1924-08-27;0.0
1924-08-28;10.5
1924-08-29;0.0
1924-08-30;0.0
1924-08-31;0.0
1924-09-01;0.0
1924-09-02;0.0
1924-09-03;0.0
1924-09-04;10.0
1924-09-05;32.5
1924-09-06;0.0
1924-09-07;0.0
1924-09-08;0.0
1924-09-09;0.0
1924-09-10;0.0
1924-09-11;0.0
1924-09-12;16.7
1924-09-13;0.0
1924-09-14;0.0
1924-09-15;0.0
1924-09-16;0.0
1924-09-17;0.0
1924-09-18;0.0
1924-09-19;0.0
1924-09-20;0.0
1924-09-21;0.0
1924-09-22;0.0
1924-09-23;0.0
1924-09-24;0.0
1924-09-25;15.0
1924-09-26;11.0
1924-09-27;0.0
1924-09-28;3.8
1924-09-29;0.0
1924-09-30;0.0
1924-10-01;0.0
1924-10-02;3.5
1924-10-03;2.6
1924-10-04;0.0
1924-10-05;10.0
1924-10-06;0.0
1924-10-07;0.0
1924-10-08;0.0
1924-10-09;0.0
1924-10-10;0.0
1924-10-11;0.0
1924-10-12;0.0
1924-10-13;0.0
1924-10-14;0.0
1924-10-15;0.0
1924-10-16;0.0
1924-10-17;0.0
1924-10-18;0.0
1924-10-19;0.0
1924-10-20;0.0
1924-10-21;4.5
1924-10-22;0.0
1924-10-23;2.0
1924-10-24;0.0
1924-10-25;26.0
1924-10-26;0.0
1924-10-27;0.0
1924-10-28;19.5
1924-10-29;0.0
1924-10-30;0.0
1924-10-31;1.1
1924-11-01;0.0
1924-11-02;0.0
1924-11-03;0.0
1924-11-04;0.0
1924-11-05;0.0
1924-11-06;0.0
1924-11-07;0.0
1924-11-08;0.0
1924-11-09;0.0
1924-11-10;0.0
1924-11-11;0.0
1924-11-12;0.0
1924-11-13;0.6
1924-11-14;0.0
1924-11-15;0.0
1924-11-16;0.0
1924-11-17;0.0
1924-11-18;0.0
1924-11-19;0.5
1924-11-20;0.0
1924-11-21;0.0
1924-11-22;0.0
1924-11-23;0.0
1924-11-24;0.0
1924-11-25;0.0
1924-11-26;0.0
1924-11-27;0.0
1924-11-28;0.0
1924-11-29;0.0
1924-11-30;0.0
1924-12-01;0.0
1924-12-02;0.0
1924-12-03;22.0
1924-12-04;40.0
1924-12-05;1.5
1924-12-06;0.0
1924-12-07;6.0
1924-12-08;1.0
1924-12-09;0.0
1924-12-10;0.0
1924-12-11;0.0
1924-12-12;0.0
1924-12-13;0.0
1924-12-14;0.0
1924-12-15;0.0
1924-12-16;0.0
1924-12-17;0.0
1924-12-18;0.0
1924-12-19;0.0
1924-12-20;0.0
1924-12-21;0.0
1924-12-22;0.0
1924-12-23;0.0
1924-12-24;0.0
1924-12-25;0.0
1924-12-26;0.0
1924-12-27;0.0
1924-12-28;0.0
1924-12-29;9.5
1924-12-30;8.5
1924-12-31;0.0
1925-01-01;2.0
1925-01-02;0.8
1925-01-03;1.0
1925-01-04;0.0
1925-01-05;0.0
1925-01-06;0.6
1925-01-07;4.0
1925-01-08;0.0
1925-01-09;0.0
1925-01-10;0.0
1925-01-11;0.0
1925-01-12;0.0
1925-01-13;0.0
1925-01-14;0.0
1925-01-15;0.0
1925-01-16;0.0
1925-01-17;0.0
1925-01-18;0.0
1925-01-19;0.0
1925-01-20;0.0
1925-01-21;0.0
1925-01-22;0.0
1925-01-23;0.0
1925-01-24;0.0
1925-01-25;6.0
1925-01-26;2.8
1925-01-27;2.5
1925-01-28;0.5
1925-01-29;4.2
1925-01-30;0.0
1925-01-31;0.0
1925-02-01;0.0
1925-02-02;0.0
1925-02-03;0.0
1925-02-04;0.0
1925-02-05;0.0
1925-02-06;0.0
1925-02-07;0.0
1925-02-08;10.4
1925-02-09;0.0
1925-02-10;0.0
1925-02-11;0.0
1925-02-12;0.6
1925-02-13;9.8
1925-02-14;20.4
1925-02-15;0.0
1925-02-16;21.0
1925-02-17;24.3
1925-02-18;9.5
1925-02-19;27.4
1925-02-20;0.0
1925-02-21;11.6
1925-02-22;0.0
1925-02-23;0.0
1925-02-24;3.2
1925-02-25;0.0
1925-02-26;0.4
1925-02-27;2.5
1925-02-28;32.3
1925-03-01;8.4
1925-03-02;10.0
1925-03-03;0.0
1925-03-04;0.0
1925-03-05;1.3
1925-03-06;0.0
1925-03-07;0.0
1925-03-08;0.0
1925-03-09;0.0
1925-03-10;10.0
1925-03-11;0.0
1925-03-12;0.0
1925-03-13;0.0
1925-03-14;0.0
1925-03-15;0.0
1925-03-16;0.0
1925-03-17;0.7
1925-03-18;0.0
1925-03-19;0.0
1925-03-20;0.0
1925-03-21;0.0
1925-03-22;5.2
1925-03-23;4.5
1925-03-24;0.0
1925-03-25;0.0
1925-03-26;7.3
1925-03-27;1.7
1925-03-28;5.0
1925-03-29;0.4
1925-03-30;0.0
1925-03-31;0.0
1925-04-01;0.0
1925-04-02;0.0
1925-04-03;3.0
1925-04-04;0.0
1925-04-05;5.9
1925-04-06;0.0
1925-04-07;0.0
1925-04-08;4.8
1925-04-09;10.5
1925-04-10;0.0
1925-04-11;0.0
1925-04-12;0.0
1925-04-13;0.0
1925-04-14;0.0
1925-04-15;0.0
1925-04-16;2.4
1925-04-17;3.0
1925-04-18;0.0
1925-04-19;0.0
1925-04-20;0.0
1925-04-21;0.0
1925-04-22;0.0
1925-04-23;2.0
1925-04-24;0.7
1925-04-25;20.0
1925-04-26;9.5
1925-04-27;13.4
1925-04-28;5.0
1925-04-29;0.0
1925-04-30;0.0
1925-05-01;0.0
1925-05-02;6.0
1925-05-03;3.5
1925-05-04;0.0
1925-05-05;0.0
1925-05-06;0.0
1925-05-07;0.0
1925-05-08;0.0
1925-05-09;0.0
1925-05-10;0.0
1925-05-11;6.2
1925-05-12;3.8
1925-05-13;0.0
1925-05-14;0.0
1925-05-15;0.0
1925-05-16;0.0
1925-05-17;7.6
1925-05-18;4.2
1925-05-19;3.5
1925-05-20;0.0
1925-05-21;0.0
1925-05-22;0.0
1925-05-23;1.4
1925-05-24;7.6
1925-05-25;19.5
1925-05-26;2.5
1925-05-27;21.0
1925-05-28;0.0
1925-05-29;2.0
1925-05-30;0.0
1925-05-31;0.0
1925-06-01;0.0
1925-06-02;0.0
1925-06-03;0.0
1925-06-04;0.0
1925-06-05;0.0
1925-06-06;0.0
1925-06-07;0.0
1925-06-08;0.0
1925-06-09;0.0
1925-06-10;0.0
1925-06-11;0.0
1925-06-12;0.0
1925-06-13;0.0
1925-06-14;1.7
1925-06-15;0.0
1925-06-16;0.0
1925-06-17;0.0
1925-06-18;0.0
1925-06-19;0.0
1925-06-20;0.0
1925-06-21;0.0
1925-06-22;8.0
1925-06-23;0.0
1925-06-24;5.2
1925-06-25;0.0
1925-06-26;5.0
1925-06-27;0.3
1925-06-28;4.3
1925-06-29;1.7
1925-06-30;0.0
1925-07-01;0.0
1925-07-02;0.0
1925-07-03;0.0
1925-07-04;0.0
1925-07-05;0.0
1925-07-06;7.5
1925-07-07;0.0
1925-07-08;0.0
1925-07-09;5.0
1925-07-10;0.0
1925-07-11;0.0
1925-07-12;20.5
1925-07-13;13.5
1925-07-14;0.0
1925-07-15;0.0
1925-07-16;0.0
1925-07-17;0.0
1925-07-18;0.0
1925-07-19;0.5
1925-07-20;0.0
1925-07-21;0.0
1925-07-22;0.0
1925-07-23;0.0
1925-07-24;0.0
1925-07-25;3.3
1925-07-26;0.0
1925-07-27;0.0
1925-07-28;0.0
1925-07-29;0.0
1925-07-30;0.0
1925-07-31;0.0
1925-08-01;0.0
1925-08-02;0.0
1925-08-03;0.0
1925-08-04;0.0
1925-08-05;0.0
1925-08-06;0.0
1925-08-07;0.0
1925-08-08;0.0
1925-08-09;0.0
1925-08-10;0.0
1925-08-11;0.0
1925-08-12;0.0
1925-08-13;0.0
1925-08-14;0.0
1925-08-15;0.0
1925-08-16;0.0
1925-08-17;0.0
1925-08-18;0.0
1925-08-19;0.0
1925-08-20;0.0
1925-08-21;53.0
1925-08-22;0.0
1925-08-23;0.0
1925-08-24;0.8
1925-08-25;22.0
1925-08-26;0.0
1925-08-27;0.0
1925-08-28;0.0
1925-08-29;0.0
1925-08-30;0.0
1925-08-31;0.0
1925-09-01;0.0
1925-09-02;0.0
1925-09-03;0.0
1925-09-04;0.0
1925-09-05;0.0
1925-09-06;8.0
1925-09-07;0.0
1925-09-08;0.0
1925-09-09;0.0
1925-09-10;0.0
1925-09-11;2.8
1925-09-12;0.0
1925-09-13;0.0
1925-09-14;16.1
1925-09-15;0.8
1925-09-16;0.0
1925-09-17;0.0
1925-09-18;0.0
1925-09-19;0.0
1925-09-20;0.0
1925-09-21;0.0
1925-09-22;46.7
1925-09-23;9.2
1925-09-24;1.1
1925-09-25;0.6
1925-09-26;0.0
1925-09-27;0.0
1925-09-28;0.0
1925-09-29;0.0
1925-09-30;15.3
1925-10-01;0.0
1925-10-02;0.0
1925-10-03;0.0
1925-10-04;0.0
1925-10-05;0.0
1925-10-06;0.0
1925-10-07;0.0
1925-10-08;0.0
1925-10-09;0.0
1925-10-10;0.0
1925-10-11;0.0
1925-10-12;0.0
1925-10-13;16.2
1925-10-14;0.6
1925-10-15;0.0
1925-10-16;0.0
1925-10-17;0.0
1925-10-18;0.0
1925-10-19;0.0
1925-10-20;0.0
1925-10-21;0.0
1925-10-22;0.0
1925-10-23;0.0
1925-10-24;23.4
1925-10-25;17.8
1925-10-26;0.5
1925-10-27;0.0
1925-10-28;0.0
1925-10-29;0.0
1925-10-30;0.0
1925-10-31;0.0
1925-11-01;0.0
1925-11-02;2.8
1925-11-03;0.0
1925-11-04;1.4
1925-11-05;0.0
1925-11-06;27.5
1925-11-07;18.0
1925-11-08;0.4
1925-11-09;31.1
1925-11-10;0.0
1925-11-11;2.6
1925-11-12;3.3
1925-11-13;13.5
1925-11-14;2.5
1925-11-15;3.2
1925-11-16;0.0
1925-11-17;0.0
1925-11-18;2.5
1925-11-19;4.0
1925-11-20;0.0
1925-11-21;0.0
1925-11-22;0.0
1925-11-23;0.0
1925-11-24;5.0
1925-11-25;3.2
1925-11-26;0.0
1925-11-27;0.0
1925-11-28;17.5
1925-11-29;3.1
1925-11-30;0.0
1925-12-01;0.0
1925-12-02;18.2
1925-12-03;1.5
1925-12-04;0.9
1925-12-05;0.0
1925-12-06;0.0
1925-12-07;0.0
1925-12-08;0.0
1925-12-09;0.0
1925-12-10;0.0
1925-12-11;6.6
1925-12-12;0.0
1925-12-13;4.2
1925-12-14;0.0
1925-12-15;0.0
1925-12-16;0.0
1925-12-17;0.0
1925-12-18;0.0
1925-12-19;0.0
1925-12-20;10.0
1925-12-21;60.0
1925-12-22;6.2
1925-12-23;14.3
1925-12-24;0.0
1925-12-25;8.4
1925-12-26;0.0
1925-12-27;1.1
1925-12-28;1.0
1925-12-29;0.0
1925-12-30;0.0
1925-12-31;0.0
1926-01-01;0.0
1926-01-02;0.0
1926-01-03;19.8
1926-01-04;0.0
1926-01-05;0.0
1926-01-06;0.0
1926-01-07;0.0
1926-01-08;0.0
1926-01-09;0.0
1926-01-10;0.0
1926-01-11;0.0
1926-01-12;0.0
1926-01-13;0.0
1926-01-14;6.8
1926-01-15;19.0
1926-01-16;0.0
1926-01-17;37.8
1926-01-18;0.0
1926-01-19;0.0
1926-01-20;4.2
1926-01-21;0.0
1926-01-22;9.4
1926-01-23;0.0
1926-01-24;0.0
1926-01-25;0.0
1926-01-26;0.0
1926-01-27;0.0
1926-01-28;0.0
1926-01-29;0.0
1926-01-30;0.0
1926-01-31;10.2
1926-02-01;0.0
1926-02-02;0.0
1926-02-03;0.0
1926-02-04;10.4
1926-02-05;0.0
1926-02-06;0.0
1926-02-07;14.0
1926-02-08;25.2
1926-02-09;0.0
1926-02-10;9.6
1926-02-11;14.0
1926-02-12;0.0
1926-02-13;0.0
1926-02-14;0.0
1926-02-15;0.0
1926-02-16;0.0
1926-02-17;0.0
1926-02-18;0.0
1926-02-19;2.4
1926-02-20;0.0
1926-02-21;0.0
1926-02-22;0.0
1926-02-23;0.0
1926-02-24;0.0
1926-02-25;0.0
1926-02-26;0.0
1926-02-27;0.0
1926-02-28;0.0
1926-03-01;0.0
1926-03-02;0.0
1926-03-03;0.0
1926-03-04;0.0
1926-03-05;5.0
1926-03-06;12.4
1926-03-07;0.0
1926-03-08;0.0
1926-03-09;0.0
1926-03-10;0.0
1926-03-11;0.0
1926-03-12;0.0
1926-03-13;0.0
1926-03-14;0.0
1926-03-15;0.0
1926-03-16;0.0
1926-03-17;5.0
1926-03-18;0.0
1926-03-19;0.0
1926-03-20;0.0
1926-03-21;2.0
1926-03-22;0.0
1926-03-23;8.4
1926-03-24;5.2
1926-03-25;0.0
1926-03-26;0.0
1926-03-27;6.8
1926-03-28;13.0
1926-03-29;0.0
1926-03-30;0.0
1926-03-31;0.0
1926-04-01;4.2
1926-04-02;0.0
1926-04-03;0.0
1926-04-04;0.0
1926-04-05;0.0
1926-04-06;0.0
1926-04-07;0.0
1926-04-08;0.0
1926-04-09;0.0
1926-04-10;1.4
1926-04-11;0.0
1926-04-12;0.0
1926-04-13;0.0
1926-04-14;0.0
1926-04-15;0.0
1926-04-16;0.0
1926-04-17;0.0
1926-04-18;0.0
1926-04-19;5.8
1926-04-20;4.2
1926-04-21;7.4
1926-04-22;21.0
1926-04-23;11.0
1926-04-24;14.2
1926-04-25;5.8
1926-04-26;0.0
1926-04-27;11.0
1926-04-28;0.0
1926-04-29;0.0
1926-04-30;0.0
1926-05-01;0.0
1926-05-02;17.4
1926-05-03;20.0
1926-05-04;2.4
1926-05-05;1.2
1926-05-06;1.6
1926-05-07;10.2
1926-05-08;0.0
1926-05-09;0.0
1926-05-10;0.0
1926-05-11;0.0
1926-05-12;0.0
1926-05-13;0.0
1926-05-14;0.0
1926-05-15;4.2
1926-05-16;0.8
1926-05-17;8.4
1926-05-18;2.8
1926-05-19;3.2
1926-05-20;1.6
1926-05-21;0.0
1926-05-22;0.0
1926-05-23;0.0
1926-05-24;0.0
1926-05-25;0.0
1926-05-26;0.0
1926-05-27;0.0
1926-05-28;0.0
1926-05-29;0.0
1926-05-30;0.0
1926-05-31;0.0
1926-06-01;12.6
1926-06-02;0.0
1926-06-03;20.8
1926-06-04;12.0
1926-06-05;0.8
1926-06-06;0.0
1926-06-07;0.0
1926-06-08;0.0
1926-06-09;0.0
1926-06-10;0.0
1926-06-11;0.0
1926-06-12;0.0
1926-06-13;0.0
1926-06-14;8.4
1926-06-15;7.0
1926-06-16;0.0
1926-06-17;0.0
1926-06-18;0.0
1926-06-19;12.0
1926-06-20;0.0
1926-06-21;0.0
1926-06-22;0.0
1926-06-23;0.0
1926-06-24;1.6
1926-06-25;0.0
1926-06-26;0.0
1926-06-27;0.0
1926-06-28;0.0
1926-06-29;0.0
1926-06-30;0.0
1926-07-01;0.0
1926-07-02;0.0
1926-07-03;0.0
1926-07-04;0.0
1926-07-05;0.0
1926-07-06;0.0
1926-07-07;0.0
1926-07-08;14.0
1926-07-09;11.2
1926-07-10;5.0
1926-07-11;0.0
1926-07-12;2.6
1926-07-13;0.0
1926-07-14;0.0
1926-07-15;19.0
1926-07-16;0.0
1926-07-17;0.0
1926-07-18;0.0
1926-07-19;0.0
1926-07-20;0.0
1926-07-21;0.0
1926-07-22;0.0
1926-07-23;0.0
1926-07-24;0.0
1926-07-25;0.0
1926-07-26;0.0
1926-07-27;0.0
1926-07-28;6.8
1926-07-29;0.0
1926-07-30;0.0
1926-07-31;8.2
1926-08-01;11.8
1926-08-02;0.0
1926-08-03;0.0
1926-08-04;0.0
1926-08-05;19.8
1926-08-06;0.0
1926-08-07;0.0
1926-08-08;22.2
1926-08-09;22.0
1926-08-10;0.0
1926-08-11;0.0
1926-08-12;0.0
1926-08-13;0.0
1926-08-14;0.0
1926-08-15;0.0
1926-08-16;0.0
1926-08-17;0.0
1926-08-18;0.0
1926-08-19;0.0
1926-08-20;0.0
1926-08-21;0.0
1926-08-22;0.0
1926-08-23;0.0
1926-08-24;0.0
1926-08-25;0.0
1926-08-26;0.0
1926-08-27;0.0
1926-08-28;0.0
1926-08-29;0.0
1926-08-30;0.0
1926-08-31;0.0
1926-09-01;0.0
1926-09-02;0.0
1926-09-03;0.0
1926-09-04;0.0
1926-09-05;12.4
1926-09-06;8.6
1926-09-07;1.8
1926-09-08;0.0
1926-09-09;0.0
1926-09-10;0.0
1926-09-11;0.0
1926-09-12;0.0
1926-09-13;0.0
1926-09-14;8.2
1926-09-15;0.0
1926-09-16;0.0
1926-09-17;0.0
1926-09-18;0.0
1926-09-19;0.0
1926-09-20;0.0
1926-09-21;0.0
1926-09-22;0.0
1926-09-23;0.0
1926-09-24;0.0
1926-09-25;0.0
1926-09-26;2.0
1926-09-27;0.6
1926-09-28;37.0
1926-09-29;0.0
1926-09-30;4.0
1926-10-01;0.0
1926-10-02;0.0
1926-10-03;0.0
1926-10-04;0.0
1926-10-05;0.0
1926-10-06;0.0
1926-10-07;0.0
1926-10-08;0.0
1926-10-09;1.8
1926-10-10;10.0
1926-10-11;0.0
1926-10-12;0.0
1926-10-13;0.0
1926-10-14;0.0
1926-10-15;0.0
1926-10-16;0.0
1926-10-17;0.0
1926-10-18;0.0
1926-10-19;0.0
1926-10-20;0.0
1926-10-21;2.8
1926-10-22;72.6
1926-10-23;46.0
1926-10-24;55.0
1926-10-25;3.4
1926-10-26;0.0
1926-10-27;4.2
1926-10-28;0.0
1926-10-29;6.0
1926-10-30;0.0
1926-10-31;1.0
1926-11-01;5.0
1926-11-02;50.0
1926-11-03;19.6
1926-11-04;2.0
1926-11-05;0.0
1926-11-06;2.0
1926-11-07;0.0
1926-11-08;11.8
1926-11-09;23.0
1926-11-10;41.2
1926-11-11;9.0
1926-11-12;0.0
1926-11-13;0.0
1926-11-14;0.0
1926-11-15;0.0
1926-11-16;0.0
1926-11-17;0.0
1926-11-18;0.0
1926-11-19;18.2
1926-11-20;22.4
1926-11-21;14.2
1926-11-22;48.4
1926-11-23;31.0
1926-11-24;12.0
1926-11-25;0.0
1926-11-26;0.0
1926-11-27;5.0
1926-11-28;3.0
1926-11-29;0.0
1926-11-30;0.0
1926-12-01;10.6
1926-12-02;5.2
1926-12-03;0.0
1926-12-04;0.0
1926-12-05;0.0
1926-12-06;8.2
1926-12-07;4.8
1926-12-08;0.0
1926-12-09;0.0
1926-12-10;0.0
1926-12-11;0.0
1926-12-12;0.0
1926-12-13;0.0
1926-12-14;0.0
1926-12-15;0.0
1926-12-16;3.0
1926-12-17;0.0
1926-12-18;2.4
1926-12-19;0.0
1926-12-20;0.0
1926-12-21;0.0
1926-12-22;0.0
1926-12-23;2.0
1926-12-24;0.0
1926-12-25;0.6
1926-12-26;0.0
1926-12-27;11.4
1926-12-28;1.2
1926-12-29;0.0
1926-12-30;0.0
1926-12-31;0.0
1927-01-01;0.0
1927-01-02;0.0
1927-01-03;0.0
1927-01-04;14.0
1927-01-05;17.8
1927-01-06;0.0
1927-01-07;0.0
1927-01-08;3.9
1927-01-09;0.0
1927-01-10;0.0
1927-01-11;0.0
1927-01-12;0.0
1927-01-13;0.0
1927-01-14;0.0
1927-01-15;19.4
1927-01-16;0.0
1927-01-17;16.1
1927-01-18;7.0
1927-01-19;9.8
1927-01-20;0.0
1927-01-21;0.0
1927-01-22;0.0
1927-01-23;0.0
1927-01-24;0.0
1927-01-25;0.0
1927-01-26;0.0
1927-01-27;0.0
1927-01-28;0.0
1927-01-29;0.0
1927-01-30;0.0
1927-01-31;20.0
1927-02-01;3.5
1927-02-02;0.0
1927-02-03;0.0
1927-02-04;0.0
1927-02-05;0.0
1927-02-06;0.0
1927-02-07;0.0
1927-02-08;5.5
1927-02-09;0.0
1927-02-10;0.0
1927-02-11;0.0
1927-02-12;0.0
1927-02-13;0.0
1927-02-14;0.0
1927-02-15;0.0
1927-02-16;0.0
1927-02-17;0.0
1927-02-18;0.0
1927-02-19;2.1
1927-02-20;4.9
1927-02-21;0.0
1927-02-22;0.0
1927-02-23;5.5
1927-02-24;16.5
1927-02-25;0.0
1927-02-26;10.0
1927-02-27;7.5
1927-02-28;0.0
1927-03-01;0.0
1927-03-02;0.0
1927-03-03;0.0
1927-03-04;0.0
1927-03-05;0.0
1927-03-06;29.0
1927-03-07;1.8
1927-03-08;4.5
1927-03-09;0.9
1927-03-10;1.4
1927-03-11;35.0
1927-03-12;0.8
1927-03-13;45.6
1927-03-14;12.3
1927-03-15;1.4
1927-03-16;0.0
1927-03-17;0.0
1927-03-18;0.0
1927-03-19;0.0
1927-03-20;0.0
1927-03-21;0.0
1927-03-22;0.0
1927-03-23;0.0
1927-03-24;0.0
1927-03-25;18.9
1927-03-26;0.0
1927-03-27;0.0
1927-03-28;0.0
1927-03-29;20.5
1927-03-30;0.0
1927-03-31;9.3
1927-04-01;8.5
1927-04-02;13.6
1927-04-03;0.0
1927-04-04;0.0
1927-04-05;0.0
1927-04-06;0.0
1927-04-07;0.0
1927-04-08;0.0
1927-04-09;0.0
1927-04-10;6.2
1927-04-11;20.0
1927-04-12;0.0
1927-04-13;0.0
1927-04-14;0.0
1927-04-15;0.0
1927-04-16;9.8
1927-04-17;3.7
1927-04-18;0.0
1927-04-19;0.0
1927-04-20;0.0
1927-04-21;0.0
1927-04-22;0.0
1927-04-23;0.0
1927-04-24;0.0
1927-04-25;0.0
1927-04-26;0.0
1927-04-27;0.0
1927-04-28;0.0
1927-04-29;0.0
1927-04-30;0.0
1927-05-01;0.0
1927-05-02;0.0
1927-05-03;0.2
1927-05-04;6.0
1927-05-05;10.0
1927-05-06;0.0
1927-05-07;0.0
1927-05-08;10.2
1927-05-09;2.3
1927-05-10;24.5
1927-05-11;0.5
1927-05-12;0.0
1927-05-13;0.0
1927-05-14;0.0
1927-05-15;0.0
1927-05-16;0.0
1927-05-17;0.0
1927-05-18;0.0
1927-05-19;0.0
1927-05-20;5.0
1927-05-21;0.0
1927-05-22;0.0
1927-05-23;1.0
1927-05-24;0.0
1927-05-25;0.0
1927-05-26;0.0
1927-05-27;1.5
1927-05-28;0.0
1927-05-29;0.0
1927-05-30;0.0
1927-05-31;0.0
1927-06-01;0.0
1927-06-02;0.0
1927-06-03;0.0
1927-06-04;0.0
1927-06-05;16.5
1927-06-06;5.0
1927-06-07;0.0
1927-06-08;0.0
1927-06-09;0.0
1927-06-10;0.0
1927-06-11;0.0
1927-06-12;0.0
1927-06-13;0.0
1927-06-14;0.0
1927-06-15;0.0
1927-06-16;0.0
1927-06-17;0.0
1927-06-18;0.0
1927-06-19;7.0
1927-06-20;0.0
1927-06-21;0.0
1927-06-22;0.0
1927-06-23;0.0
1927-06-24;0.0
1927-06-25;0.0
1927-06-26;0.0
1927-06-27;0.0
1927-06-28;0.0
1927-06-29;0.0
1927-06-30;0.0
1927-07-01;1.2
1927-07-02;0.0
1927-07-03;0.0
1927-07-04;0.0
1927-07-05;0.0
1927-07-06;0.0
1927-07-07;0.0
1927-07-08;0.0
1927-07-09;0.0
1927-07-10;0.0
1927-07-11;0.0
1927-07-12;0.3
1927-07-13;0.0
1927-07-14;0.0
1927-07-15;0.0
1927-07-16;0.0
1927-07-17;0.0
1927-07-18;0.0
1927-07-19;0.0
1927-07-20;0.0
1927-07-21;0.0
1927-07-22;0.0
1927-07-23;0.0
1927-07-24;0.0
1927-07-25;0.0
1927-07-26;0.0
1927-07-27;0.0
1927-07-28;0.0
1927-07-29;0.0
1927-07-30;0.0
1927-07-31;0.0
1927-08-01;0.0
1927-08-02;0.0
1927-08-03;0.0
1927-08-04;0.0
1927-08-05;0.0
1927-08-06;0.2
1927-08-07;0.0
1927-08-08;0.0
1927-08-09;0.0
1927-08-10;0.0
1927-08-11;0.0
1927-08-12;0.0
1927-08-13;0.0
1927-08-14;0.0
1927-08-15;0.0
1927-08-16;0.0
1927-08-17;0.0
1927-08-18;0.0
1927-08-19;0.0
1927-08-20;0.0
1927-08-21;0.0
1927-08-22;0.0
1927-08-23;0.0
1927-08-24;0.0
1927-08-25;0.0
1927-08-26;0.0
1927-08-27;6.4
1927-08-28;0.0
1927-08-29;0.0
1927-08-30;0.0
1927-08-31;0.0
1927-09-01;0.0
1927-09-02;0.0
1927-09-03;0.0
1927-09-04;0.0
1927-09-05;0.8
1927-09-06;0.0
1927-09-07;0.0
1927-09-08;0.5
1927-09-09;0.0
1927-09-10;0.0
1927-09-11;0.0
1927-09-12;24.0
1927-09-13;0.0
1927-09-14;0.0
1927-09-15;0.0
1927-09-16;0.0
1927-09-17;39.0
1927-09-18;0.0
1927-09-19;0.0
1927-09-20;0.0
1927-09-21;0.0
1927-09-22;0.0
1927-09-23;0.0
1927-09-24;6.4
1927-09-25;20.7
1927-09-26;8.4
1927-09-27;0.0
1927-09-28;0.0
1927-09-29;0.0
1927-09-30;0.0
1927-10-01;0.0
1927-10-02;0.0
1927-10-03;0.0
1927-10-04;0.0
1927-10-05;0.0
1927-10-06;1.2
1927-10-07;0.0
1927-10-08;0.0
1927-10-09;0.0
1927-10-10;0.0
1927-10-11;0.0
1927-10-12;0.0
1927-10-13;0.0
1927-10-14;0.0
1927-10-15;0.0
1927-10-16;0.0
1927-10-17;21.2
1927-10-18;20.1
1927-10-19;15.0
1927-10-20;0.0
1927-10-21;0.0
1927-10-22;0.0
1927-10-23;5.4
1927-10-24;1.6
1927-10-25;0.0
1927-10-26;0.0
1927-10-27;0.0
1927-10-28;0.0
1927-10-29;0.0
1927-10-30;0.0
1927-10-31;0.0
1927-11-01;0.0
1927-11-02;0.0
1927-11-03;0.0
1927-11-04;0.0
1927-11-05;0.0
1927-11-06;0.0
1927-11-07;0.0
1927-11-08;1.3
1927-11-09;0.0
1927-11-10;29.4
1927-11-11;4.5
1927-11-12;5.1
1927-11-13;0.0
1927-11-14;19.0
1927-11-15;0.0
1927-11-16;0.0
1927-11-17;0.0
1927-11-18;0.0
1927-11-19;0.0
1927-11-20;11.0
1927-11-21;10.8
1927-11-22;31.2
1927-11-23;28.4
1927-11-24;0.0
1927-11-25;0.0
1927-11-26;0.0
1927-11-27;0.0
1927-11-28;0.0
1927-11-29;0.0
1927-11-30;0.0
1927-12-01;5.5
1927-12-02;0.0
1927-12-03;0.0
1927-12-04;0.0
1927-12-05;1.0
1927-12-06;0.0
1927-12-07;9.0
1927-12-08;0.0
1927-12-09;0.0
1927-12-10;0.0
1927-12-11;0.0
1927-12-12;4.0
1927-12-13;7.5
1927-12-14;1.5
1927-12-15;0.0
1927-12-16;0.0
1927-12-17;0.0
1927-12-18;0.0
1927-12-19;1.2
1927-12-20;0.0
1927-12-21;0.0
1927-12-22;0.0
1927-12-23;20.0
1927-12-24;0.0
1927-12-25;19.8
1927-12-26;9.4
1927-12-27;22.5
1927-12-28;0.0
1927-12-29;15.2
1927-12-30;0.0
1927-12-31;0.0
1928-01-01;0.0
1928-01-02;0.0
1928-01-03;1.2
1928-01-04;2.6
1928-01-05;0.0
1928-01-06;0.0
1928-01-07;0.0
1928-01-08;0.0
1928-01-09;0.0
1928-01-10;0.0
1928-01-11;0.0
1928-01-12;0.0
1928-01-13;0.0
1928-01-14;0.0
1928-01-15;0.0
1928-01-16;0.5
1928-01-17;10.2
1928-01-18;0.0
1928-01-19;0.0
1928-01-20;0.0
1928-01-21;0.0
1928-01-22;0.0
1928-01-23;0.0
1928-01-24;0.0
1928-01-25;0.5
1928-01-26;9.1
1928-01-27;1.9
1928-01-28;5.0
1928-01-29;0.0
1928-01-30;0.0
1928-01-31;0.0
1928-02-01;0.0
1928-02-02;0.0
1928-02-03;5.0
1928-02-04;0.0
1928-02-05;0.0
1928-02-06;0.0
1928-02-07;0.0
1928-02-08;0.0
1928-02-09;0.0
1928-02-10;0.0
1928-02-11;0.0
1928-02-12;10.2
1928-02-13;0.0
1928-02-14;0.0
1928-02-15;0.0
1928-02-16;0.0
1928-02-17;0.0
1928-02-18;0.8
1928-02-19;0.0
1928-02-20;0.0
1928-02-21;0.0
1928-02-22;0.0
1928-02-23;0.0
1928-02-24;0.0
1928-02-25;0.0
1928-02-26;0.0
1928-02-27;0.0
1928-02-28;0.0
1928-02-29;0.0
1928-03-01;0.0
1928-03-02;0.0
1928-03-03;0.0
1928-03-04;7.2
1928-03-05;7.0
1928-03-06;16.0
1928-03-07;0.9
1928-03-08;0.0
1928-03-09;3.1
1928-03-10;17.0
1928-03-11;1.2
1928-03-12;12.7
1928-03-13;0.0
1928-03-14;3.0
1928-03-15;0.0
1928-03-16;0.0
1928-03-17;0.0
1928-03-18;0.0
1928-03-19;0.0
1928-03-20;0.0
1928-03-21;3.0
1928-03-22;58.2
1928-03-23;16.3
1928-03-24;0.0
1928-03-25;12.8
1928-03-26;8.3
1928-03-27;25.1
1928-03-28;3.2
1928-03-29;0.0
1928-03-30;0.0
1928-03-31;4.1
1928-04-01;0.0
1928-04-02;28.1
1928-04-03;0.0
1928-04-04;0.0
1928-04-05;0.0
1928-04-06;0.0
1928-04-07;0.0
1928-04-08;0.0
1928-04-09;21.6
1928-04-10;0.0
1928-04-11;0.0
1928-04-12;7.4
1928-04-13;0.0
1928-04-14;0.0
1928-04-15;0.0
1928-04-16;12.5
1928-04-17;1.6
1928-04-18;0.0
1928-04-19;0.0
1928-04-20;0.0
1928-04-21;0.0
1928-04-22;0.0
1928-04-23;0.0
1928-04-24;2.4
1928-04-25;0.0
1928-04-26;0.0
1928-04-27;0.0
1928-04-28;0.0
1928-04-29;0.0
1928-04-30;0.0
1928-05-01;0.0
1928-05-02;1.8
1928-05-03;0.0
1928-05-04;0.0
1928-05-05;5.2
1928-05-06;2.8
1928-05-07;1.8
1928-05-08;0.0
1928-05-09;1.2
1928-05-10;0.0
1928-05-11;0.0
1928-05-12;5.3
1928-05-13;0.0
1928-05-14;0.0
1928-05-15;0.0
1928-05-16;0.0
1928-05-17;0.0
1928-05-18;12.2
1928-05-19;0.0
1928-05-20;0.0
1928-05-21;11.3
1928-05-22;0.0
1928-05-23;14.0
1928-05-24;8.2
1928-05-25;30.3
1928-05-26;27.2
1928-05-27;0.0
1928-05-28;0.0
1928-05-29;0.0
1928-05-30;0.0
1928-05-31;0.0
1928-06-01;0.0
1928-06-02;0.0
1928-06-03;1.2
1928-06-04;0.0
1928-06-05;0.0
1928-06-06;0.0
1928-06-07;1.4
1928-06-08;3.0
1928-06-09;0.0
1928-06-10;0.0
1928-06-11;0.0
1928-06-12;0.0
1928-06-13;0.0
1928-06-14;0.0
1928-06-15;0.0
1928-06-16;0.0
1928-06-17;0.0
1928-06-18;0.0
1928-06-19;0.0
1928-06-20;2.4
1928-06-21;0.0
1928-06-22;0.0
1928-06-23;0.0
1928-06-24;0.0
1928-06-25;0.0
1928-06-26;0.0
1928-06-27;0.0
1928-06-28;0.0
1928-06-29;0.0
1928-06-30;0.0
1928-07-01;0.0
1928-07-02;0.0
1928-07-03;0.0
1928-07-04;0.0
1928-07-05;0.0
1928-07-06;0.0
1928-07-07;0.0
1928-07-08;0.0
1928-07-09;0.0
1928-07-10;0.0
1928-07-11;0.0
1928-07-12;0.0
1928-07-13;0.0
1928-07-14;0.0
1928-07-15;0.0
1928-07-16;0.0
1928-07-17;0.0
1928-07-18;0.0
1928-07-19;38.0
1928-07-20;0.0
1928-07-21;0.0
1928-07-22;0.0
1928-07-23;0.0
1928-07-24;0.0
1928-07-25;0.0
1928-07-26;0.0
1928-07-27;0.0
1928-07-28;0.0
1928-07-29;0.0
1928-07-30;0.0
1928-07-31;0.0
1928-08-01;0.0
1928-08-02;0.0
1928-08-03;0.0
1928-08-04;0.0
1928-08-05;0.0
1928-08-06;3.2
1928-08-07;0.0
1928-08-08;0.0
1928-08-09;0.0
1928-08-10;0.0
1928-08-11;0.0
1928-08-12;0.0
1928-08-13;11.2
1928-08-14;0.0
1928-08-15;0.0
1928-08-16;0.0
1928-08-17;0.8
1928-08-18;0.0
1928-08-19;0.0
1928-08-20;0.0
1928-08-21;0.0
1928-08-22;1.5
1928-08-23;10.0
1928-08-24;0.0
1928-08-25;0.0
1928-08-26;0.0
1928-08-27;0.0
1928-08-28;0.0
1928-08-29;0.0
1928-08-30;5.9
1928-08-31;4.2
1928-09-01;0.0
1928-09-02;0.0
1928-09-03;10.0
1928-09-04;3.6
1928-09-05;0.0
1928-09-06;0.0
1928-09-07;0.0
1928-09-08;0.0
1928-09-09;0.0
1928-09-10;0.0
1928-09-11;0.0
1928-09-12;0.0
1928-09-13;10.2
1928-09-14;29.5
1928-09-15;0.0
1928-09-16;9.4
1928-09-17;17.2
1928-09-18;16.8
1928-09-19;0.0
1928-09-20;0.0
1928-09-21;0.0
1928-09-22;5.0
1928-09-23;7.5
1928-09-24;15.0
1928-09-25;0.0
1928-09-26;0.0
1928-09-27;53.0
1928-09-28;0.0
1928-09-29;0.0
1928-09-30;0.0
1928-10-01;0.0
1928-10-02;0.0
1928-10-03;0.0
1928-10-04;0.0
1928-10-05;31.4
1928-10-06;0.0
1928-10-07;0.0
1928-10-08;0.0
1928-10-09;0.0
1928-10-10;27.2
1928-10-11;22.0
1928-10-12;0.0
1928-10-13;0.0
1928-10-14;5.4
1928-10-15;3.1
1928-10-16;0.0
1928-10-17;0.0
1928-10-18;0.0
1928-10-19;0.0
1928-10-20;0.0
1928-10-21;0.0
1928-10-22;0.0
1928-10-23;33.0
1928-10-24;0.0
1928-10-25;0.0
1928-10-26;0.0
1928-10-27;3.0
1928-10-28;65.4
1928-10-29;35.0
1928-10-30;0.0
1928-10-31;12.4
1928-11-01;15.2
1928-11-02;3.1
1928-11-03;8.0
1928-11-04;30.2
1928-11-05;9.4
1928-11-06;17.1
1928-11-07;15.0
1928-11-08;20.0
1928-11-09;29.0
1928-11-10;16.2
1928-11-11;0.0
1928-11-12;0.0
1928-11-13;0.0
1928-11-14;0.0
1928-11-15;0.0
1928-11-16;0.0
1928-11-17;2.4
1928-11-18;2.1
1928-11-19;0.0
1928-11-20;0.0
1928-11-21;0.0
1928-11-22;0.0
1928-11-23;0.0
1928-11-24;0.0
1928-11-25;0.0
1928-11-26;16.2
1928-11-27;5.8
1928-11-28;21.5
1928-11-29;0.0
1928-11-30;0.0
1928-12-01;0.0
1928-12-02;0.0
1928-12-03;0.0
1928-12-04;0.0
1928-12-05;0.0
1928-12-06;0.0
1928-12-07;0.0
1928-12-08;0.0
1928-12-09;16.2
1928-12-10;0.0
1928-12-11;7.8
1928-12-12;35.0
1928-12-13;8.4
1928-12-14;2.1
1928-12-15;0.0
1928-12-16;0.0
1928-12-17;0.0
1928-12-18;0.0
1928-12-19;0.0
1928-12-20;0.0
1928-12-21;0.0
1928-12-22;0.0
1928-12-23;10.1
1928-12-24;1.2
1928-12-25;0.0
1928-12-26;0.0
1928-12-27;0.0
1928-12-28;0.0
1928-12-29;8.2
1928-12-30;3.4
1928-12-31;35.6
1929-01-01;0.0
1929-01-02;55.3
1929-01-03;4.6
1929-01-04;3.2
1929-01-05;0.0
1929-01-06;0.0
1929-01-07;0.0
1929-01-08;0.0
1929-01-09;0.0
1929-01-10;0.0
1929-01-11;0.0
1929-01-12;0.0
1929-01-13;0.0
1929-01-14;9.4
1929-01-15;9.7
1929-01-16;0.0
1929-01-17;0.0
1929-01-18;0.0
1929-01-19;0.0
1929-01-20;0.0
1929-01-21;0.0
1929-01-22;0.0
1929-01-23;0.0
1929-01-24;0.0
1929-01-25;8.4
1929-01-26;15.0
1929-01-27;0.0
1929-01-28;0.0
1929-01-29;0.0
1929-01-30;0.0
1929-01-31;0.0
1929-02-01;0.0
1929-02-02;0.0
1929-02-03;0.0
1929-02-04;0.0
1929-02-05;0.0
1929-02-06;0.0
1929-02-07;0.0
1929-02-08;0.0
1929-02-09;0.0
1929-02-10;0.0
1929-02-11;8.2
1929-02-12;21.4
1929-02-13;6.2
1929-02-14;5.4
1929-02-15;0.0
1929-02-16;0.0
1929-02-17;0.0
1929-02-18;0.0
1929-02-19;0.0
1929-02-20;0.0
1929-02-21;0.0
1929-02-22;0.0
1929-02-23;0.0
1929-02-24;0.0
1929-02-25;0.0
1929-02-26;0.0
1929-02-27;0.0
1929-02-28;24.2
1929-03-01;0.0
1929-03-02;0.0
1929-03-03;0.0
1929-03-04;0.0
1929-03-05;7.4
1929-03-06;0.0
1929-03-07;0.0
1929-03-08;0.0
1929-03-09;0.0
1929-03-10;0.0
1929-03-11;0.0
1929-03-12;0.0
1929-03-13;0.0
1929-03-14;0.0
1929-03-15;0.0
1929-03-16;0.0
1929-03-17;0.0
1929-03-18;0.0
1929-03-19;0.0
1929-03-20;0.0
1929-03-21;0.0
1929-03-22;0.0
1929-03-23;0.0
1929-03-24;0.0
1929-03-25;0.0
1929-03-26;0.0
1929-03-27;0.0
1929-03-28;0.0
1929-03-29;0.0
1929-03-30;0.0
1929-03-31;0.0
1929-04-01;0.0
1929-04-02;0.0
1929-04-03;13.2
1929-04-04;0.0
1929-04-05;0.0
1929-04-06;10.0
1929-04-07;7.4
1929-04-08;0.0
1929-04-09;0.0
1929-04-10;0.0
1929-04-11;0.0
1929-04-12;0.0
1929-04-13;0.0
1929-04-14;0.0
1929-04-15;0.0
1929-04-16;21.5
1929-04-17;0.0
1929-04-18;0.0
1929-04-19;0.0
1929-04-20;0.0
1929-04-21;0.0
1929-04-22;0.0
1929-04-23;10.0
1929-04-24;0.0
1929-04-25;0.0
1929-04-26;0.0
1929-04-27;0.0
1929-04-28;0.0
1929-04-29;5.0
1929-04-30;13.8
1929-05-01;4.2
1929-05-02;5.0
1929-05-03;20.0
1929-05-04;0.0
1929-05-05;0.0
1929-05-06;0.0
1929-05-07;0.0
1929-05-08;0.0
1929-05-09;0.0
1929-05-10;0.0
1929-05-11;1.4
1929-05-12;0.0
1929-05-13;0.0
1929-05-14;0.0
1929-05-15;0.0
1929-05-16;4.9
1929-05-17;0.0
1929-05-18;0.0
1929-05-19;0.0
1929-05-20;0.0
1929-05-21;0.0
1929-05-22;0.0
1929-05-23;0.0
1929-05-24;5.2
1929-05-25;0.0
1929-05-26;0.0
1929-05-27;0.0
1929-05-28;6.0
1929-05-29;7.8
1929-05-30;0.0
1929-05-31;0.0
1929-06-01;0.0
1929-06-02;0.0
1929-06-03;0.0
1929-06-04;0.0
1929-06-05;0.0
1929-06-06;0.0
1929-06-07;0.0
1929-06-08;0.0
1929-06-09;0.0
1929-06-10;0.0
1929-06-11;0.0
1929-06-12;0.0
1929-06-13;0.0
1929-06-14;0.0
1929-06-15;0.0
1929-06-16;0.0
1929-06-17;2.1
1929-06-18;0.0
1929-06-19;0.0
1929-06-20;0.0
1929-06-21;5.2
1929-06-22;0.0
1929-06-23;0.0
1929-06-24;0.0
1929-06-25;0.0
1929-06-26;0.0
1929-06-27;13.2
1929-06-28;0.0
1929-06-29;0.0
1929-06-30;0.0
1929-07-01;0.0
1929-07-02;0.0
1929-07-03;0.0
1929-07-04;0.0
1929-07-05;0.0
1929-07-06;0.0
1929-07-07;0.0
1929-07-08;0.0
1929-07-09;0.0
1929-07-10;0.0
1929-07-11;0.0
1929-07-12;0.0
1929-07-13;0.0
1929-07-14;0.0
1929-07-15;0.0
1929-07-16;0.0
1929-07-17;0.0
1929-07-18;0.0
1929-07-19;0.0
1929-07-20;0.0
1929-07-21;0.0
1929-07-22;28.2
1929-07-23;0.0
1929-07-24;0.0
1929-07-25;0.0
1929-07-26;6.1
1929-07-27;0.0
1929-07-28;0.0
1929-07-29;0.0
1929-07-30;0.0
1929-07-31;0.0
1929-08-01;0.0
1929-08-02;0.0
1929-08-03;0.9
1929-08-04;0.0
1929-08-05;0.0
1929-08-06;0.0
1929-08-07;0.0
1929-08-08;0.0
1929-08-09;0.0
1929-08-10;3.0
1929-08-11;5.1
1929-08-12;4.0
1929-08-13;0.0
1929-08-14;0.0
1929-08-15;0.0
1929-08-16;0.0
1929-08-17;0.0
1929-08-18;0.0
1929-08-19;0.0
1929-08-20;15.0
1929-08-21;0.0
1929-08-22;0.0
1929-08-23;0.0
1929-08-24;0.0
1929-08-25;0.0
1929-08-26;0.0
1929-08-27;0.0
1929-08-28;0.0
1929-08-29;0.0
1929-08-30;0.0
1929-08-31;0.0
1929-09-01;0.0
1929-09-02;0.0
1929-09-03;0.0
1929-09-04;0.0
1929-09-05;0.0
1929-09-06;0.0
1929-09-07;0.0
1929-09-08;0.0
1929-09-09;0.0
1929-09-10;0.0
1929-09-11;0.0
1929-09-12;0.0
1929-09-13;2.1
1929-09-14;0.0
1929-09-15;0.0
1929-09-16;0.0
1929-09-17;0.0
1929-09-18;0.0
1929-09-19;0.0
1929-09-20;0.0
1929-09-21;20.0
1929-09-22;2.0
1929-09-23;0.0
1929-09-24;0.0
1929-09-25;0.0
1929-09-26;0.0
1929-09-27;0.0
1929-09-28;0.0
1929-09-29;0.0
1929-09-30;0.0
1929-10-01;0.0
1929-10-02;0.8
1929-10-03;0.0
1929-10-04;0.0
1929-10-05;0.0
1929-10-06;0.0
1929-10-07;0.0
1929-10-08;0.5
1929-10-09;0.0
1929-10-10;0.0
1929-10-11;0.0
1929-10-12;0.0
1929-10-13;0.0
1929-10-14;0.0
1929-10-15;0.0
1929-10-16;0.0
1929-10-17;0.0
1929-10-18;6.2
1929-10-19;2.3
1929-10-20;10.0
1929-10-21;0.0
1929-10-22;0.0
1929-10-23;0.0
1929-10-24;3.5
1929-10-25;18.4
1929-10-26;20.2
1929-10-27;2.4
1929-10-28;0.0
1929-10-29;0.0
1929-10-30;0.3
1929-10-31;4.2
1929-11-01;0.0
1929-11-02;14.4
1929-11-03;18.2
1929-11-04;0.0
1929-11-05;0.0
1929-11-06;0.0
1929-11-07;0.0
1929-11-08;13.5
1929-11-09;0.4
1929-11-10;0.0
1929-11-11;0.0
1929-11-12;0.0
1929-11-13;7.0
1929-11-14;1.6
1929-11-15;0.0
1929-11-16;0.0
1929-11-17;30.4
1929-11-18;8.0
1929-11-19;0.0
1929-11-20;0.0
1929-11-21;0.0
1929-11-22;0.0
1929-11-23;0.0
1929-11-24;0.0
1929-11-25;6.4
1929-11-26;0.0
1929-11-27;0.0
1929-11-28;0.0
1929-11-29;1.8
1929-11-30;5.4
1929-12-01;11.3
1929-12-02;0.4
1929-12-03;0.0
1929-12-04;0.0
1929-12-05;0.0
1929-12-06;0.0
1929-12-07;0.0
1929-12-08;10.3
1929-12-09;0.0
1929-12-10;0.0
1929-12-11;11.5
1929-12-12;0.0
1929-12-13;0.0
1929-12-14;0.0
1929-12-15;0.0
1929-12-16;0.0
1929-12-17;0.0
1929-12-18;0.0
1929-12-19;0.3
1929-12-20;0.8
1929-12-21;0.0
1929-12-22;0.0
1929-12-23;2.4
1929-12-24;8.6
1929-12-25;0.0
1929-12-26;0.0
1929-12-27;5.0
1929-12-28;0.0
1929-12-29;0.0
1929-12-30;1.4
1929-12-31;6.5
1930-01-01;0.0
1930-01-02;0.0
1930-01-03;0.0
1930-01-04;0.0
1930-01-05;0.0
1930-01-06;0.0
1930-01-07;0.0
1930-01-08;0.0
1930-01-09;0.0
1930-01-10;0.0
1930-01-11;4.2
1930-01-12;11.3
1930-01-13;0.0
1930-01-14;0.0
1930-01-15;0.0
1930-01-16;10.0
1930-01-17;0.4
1930-01-18;0.0
1930-01-19;0.0
1930-01-20;0.0
1930-01-21;0.0
1930-01-22;0.0
1930-01-23;0.0
1930-01-24;0.0
1930-01-25;11.0
1930-01-26;9.2
1930-01-27;3.3
1930-01-28;13.1
1930-01-29;0.0
1930-01-30;0.0
1930-01-31;6.5
1930-02-01;17.1
1930-02-02;0.9
1930-02-03;0.0
1930-02-04;9.0
1930-02-05;11.2
1930-02-06;0.0
1930-02-07;0.0
1930-02-08;0.0
1930-02-09;0.0
1930-02-10;0.0
1930-02-11;0.0
1930-02-12;0.0
1930-02-13;0.0
1930-02-14;0.0
1930-02-15;0.0
1930-02-16;0.0
1930-02-17;0.0
1930-02-18;11.0
1930-02-19;0.0
1930-02-20;0.0
1930-02-21;0.0
1930-02-22;0.0
1930-02-23;0.0
1930-02-24;0.0
1930-02-25;0.0
1930-02-26;0.0
1930-02-27;0.0
1930-02-28;25.2
1930-03-01;16.5
1930-03-02;0.0
1930-03-03;0.0
1930-03-04;0.0
1930-03-05;0.0
1930-03-06;0.0
1930-03-07;0.0
1930-03-08;22.5
1930-03-09;17.2
1930-03-10;0.0
1930-03-11;16.5
1930-03-12;0.0
1930-03-13;0.0
1930-03-14;0.0
1930-03-15;8.6
1930-03-16;3.8
1930-03-17;0.0
1930-03-18;0.0
1930-03-19;8.2
1930-03-20;4.5
1930-03-21;0.0
1930-03-22;0.0
1930-03-23;0.0
1930-03-24;0.0
1930-03-25;16.2
1930-03-26;0.0
1930-03-27;0.0
1930-03-28;0.0
1930-03-29;0.0
1930-03-30;0.0
1930-03-31;2.1
1930-04-01;0.0
1930-04-02;0.0
1930-04-03;0.0
1930-04-04;7.2
1930-04-05;9.1
1930-04-06;12.4
1930-04-07;17.6
1930-04-08;0.0
1930-04-09;0.0
1930-04-10;0.0
1930-04-11;0.0
1930-04-12;0.0
1930-04-13;0.0
1930-04-14;38.0
1930-04-15;6.0
1930-04-16;0.0
1930-04-17;0.0
1930-04-18;1.3
1930-04-19;0.0
1930-04-20;0.0
1930-04-21;0.0
1930-04-22;0.0
1930-04-23;0.0
1930-04-24;0.0
1930-04-25;0.0
1930-04-26;0.0
1930-04-27;0.0
1930-04-28;0.0
1930-04-29;7.5
1930-04-30;17.4
1930-05-01;10.2
1930-05-02;10.8
1930-05-03;3.1
1930-05-04;0.0
1930-05-05;0.0
1930-05-06;0.0
1930-05-07;0.0
1930-05-08;27.0
1930-05-09;10.4
1930-05-10;5.2
1930-05-11;0.0
1930-05-12;0.0
1930-05-13;0.0
1930-05-14;0.0
1930-05-15;0.0
1930-05-16;0.0
1930-05-17;0.0
1930-05-18;0.0
1930-05-19;0.0
1930-05-20;20.2
1930-05-21;0.0
1930-05-22;0.0
1930-05-23;5.0
1930-05-24;0.3
1930-05-25;0.0
1930-05-26;0.0
1930-05-27;20.8
1930-05-28;0.0
1930-05-29;0.0
1930-05-30;0.0
1930-05-31;0.0
1930-06-01;0.0
1930-06-02;0.0
1930-06-03;0.0
1930-06-04;0.0
1930-06-05;0.0
1930-06-06;0.0
1930-06-07;3.1
1930-06-08;0.0
1930-06-09;0.0
1930-06-10;7.4
1930-06-11;0.0
1930-06-12;0.0
1930-06-13;20.2
1930-06-14;0.0
1930-06-15;7.0
1930-06-16;0.0
1930-06-17;0.0
1930-06-18;0.0
1930-06-19;0.0
1930-06-20;0.0
1930-06-21;0.0
1930-06-22;0.0
1930-06-23;0.0
1930-06-24;0.0
1930-06-25;0.0
1930-06-26;0.0
1930-06-27;2.5
1930-06-28;17.4
1930-06-29;5.6
1930-06-30;0.0
1930-07-01;0.0
1930-07-02;0.0
1930-07-03;0.0
1930-07-04;0.0
1930-07-05;0.0
1930-07-06;0.0
1930-07-07;0.0
1930-07-08;0.0
1930-07-09;0.0
1930-07-10;0.0
1930-07-11;0.0
1930-07-12;9.5
1930-07-13;15.3
1930-07-14;0.0
1930-07-15;0.0
1930-07-16;0.0
1930-07-17;0.0
1930-07-18;0.0
1930-07-19;0.0
1930-07-20;0.0
1930-07-21;0.0
1930-07-22;0.0
1930-07-23;0.0
1930-07-24;0.0
1930-07-25;21.4
1930-07-26;0.0
1930-07-27;0.0
1930-07-28;0.0
1930-07-29;0.0
1930-07-30;0.0
1930-07-31;0.0
1930-08-01;0.0
1930-08-02;0.0
1930-08-03;0.0
1930-08-04;0.0
1930-08-05;0.0
1930-08-06;0.0
1930-08-07;0.0
1930-08-08;0.0
1930-08-09;18.1
1930-08-10;0.0
1930-08-11;0.0
1930-08-12;0.0
1930-08-13;0.0
1930-08-14;35.4
1930-08-15;0.0
1930-08-16;0.0
1930-08-17;0.0
1930-08-18;0.0
1930-08-19;0.0
1930-08-20;0.0
1930-08-21;0.0
1930-08-22;0.0
1930-08-23;0.0
1930-08-24;0.0
1930-08-25;0.0
1930-08-26;0.0
1930-08-27;0.0
1930-08-28;0.0
1930-08-29;0.0
1930-08-30;0.0
1930-08-31;0.0
1930-09-01;0.0
1930-09-02;0.0
1930-09-03;0.0
1930-09-04;0.0
1930-09-05;0.0
1930-09-06;0.0
1930-09-07;0.0
1930-09-08;0.0
1930-09-09;0.0
1930-09-10;0.0
1930-09-11;0.0
1930-09-12;8.5
1930-09-13;7.6
1930-09-14;0.0
1930-09-15;3.7
1930-09-16;0.0
1930-09-17;0.0
1930-09-18;0.0
1930-09-19;0.0
1930-09-20;0.0
1930-09-21;16.4
1930-09-22;0.0
1930-09-23;0.0
1930-09-24;0.0
1930-09-25;0.0
1930-09-26;0.0
1930-09-27;0.0
1930-09-28;9.2
1930-09-29;25.4
1930-09-30;0.0
1930-10-01;0.0
1930-10-02;0.0
1930-10-03;0.0
1930-10-04;0.0
1930-10-05;10.4
1930-10-06;5.0
1930-10-07;0.0
1930-10-08;0.0
1930-10-09;0.0
1930-10-10;0.0
1930-10-11;0.0
1930-10-12;0.0
1930-10-13;18.4
1930-10-14;0.0
1930-10-15;0.0
1930-10-16;0.0
1930-10-17;0.0
1930-10-18;0.0
1930-10-19;0.0
1930-10-20;0.0
1930-10-21;24.1
1930-10-22;2.1
1930-10-23;0.0
1930-10-24;0.0
1930-10-25;12.4
1930-10-26;25.0
1930-10-27;0.0
1930-10-28;0.0
1930-10-29;0.0
1930-10-30;0.0
1930-10-31;0.0
1930-11-01;12.4
1930-11-02;5.3
1930-11-03;12.5
1930-11-04;11.4
1930-11-05;5.2
1930-11-06;0.0
1930-11-07;0.0
1930-11-08;0.0
1930-11-09;0.0
1930-11-10;0.0
1930-11-11;0.0
1930-11-12;0.0
1930-11-13;0.0
1930-11-14;0.0
1930-11-15;0.0
1930-11-16;0.0
1930-11-17;0.0
1930-11-18;0.0
1930-11-19;0.0
1930-11-20;4.5
1930-11-21;0.0
1930-11-22;0.0
1930-11-23;0.0
1930-11-24;0.0
1930-11-25;0.0
1930-11-26;0.0
1930-11-27;0.0
1930-11-28;0.0
1930-11-29;0.0
1930-11-30;0.0
1930-12-01;0.0
1930-12-02;0.0
1930-12-03;0.0
1930-12-04;0.0
1930-12-05;0.0
1930-12-06;0.0
1930-12-07;0.0
1930-12-08;5.1
1930-12-09;8.7
1930-12-10;30.0
1930-12-11;0.0
1930-12-12;0.0
1930-12-13;0.0
1930-12-14;0.0
1930-12-15;13.0
1930-12-16;0.0
1930-12-17;0.0
1930-12-18;0.0
1930-12-19;0.0
1930-12-20;0.0
1930-12-21;0.0
1930-12-22;0.0
1930-12-23;0.0
1930-12-24;0.0
1930-12-25;0.0
1930-12-26;0.0
1930-12-27;0.0
1930-12-28;2.4
1930-12-29;3.1
1930-12-30;15.2
1930-12-31;0.0
1931-01-01;31.0
1931-01-02;5.4
1931-01-03;0.0
1931-01-04;5.0
1931-01-05;0.0
1931-01-06;0.0
1931-01-07;0.0
1931-01-08;0.0
1931-01-09;0.0
1931-01-10;0.0
1931-01-11;0.0
1931-01-12;0.0
1931-01-13;0.0
1931-01-14;0.0
1931-01-15;0.0
1931-01-16;0.0
1931-01-17;0.0
1931-01-18;0.0
1931-01-19;0.0
1931-01-20;0.0
1931-01-21;0.0
1931-01-22;0.0
1931-01-23;0.0
1931-01-24;16.2
1931-01-25;12.4
1931-01-26;7.0
1931-01-27;0.0
1931-01-28;0.0
1931-01-29;0.0
1931-01-30;11.0
1931-01-31;8.2
1931-02-01;0.0
1931-02-02;0.0
1931-02-03;0.0
1931-02-04;0.0
1931-02-05;0.0
1931-02-06;3.5
1931-02-07;0.0
1931-02-08;0.0
1931-02-09;0.0
1931-02-10;0.0
1931-02-11;0.0
1931-02-12;0.0
1931-02-13;20.0
1931-02-14;27.4
1931-02-15;0.0
1931-02-16;0.0
1931-02-17;4.0
1931-02-18;43.2
1931-02-19;15.5
1931-02-20;40.2
1931-02-21;11.4
1931-02-22;0.0
1931-02-23;0.0
1931-02-24;0.0
1931-02-25;0.0
1931-02-26;0.0
1931-02-27;0.0
1931-02-28;2.4
1931-03-01;0.0
1931-03-02;0.0
1931-03-03;0.0
1931-03-04;6.8
1931-03-05;1.4
1931-03-06;15.6
1931-03-07;23.1
1931-03-08;8.6
1931-03-09;2.0
1931-03-10;0.7
1931-03-11;0.0
1931-03-12;4.1
1931-03-13;5.0
1931-03-14;21.5
1931-03-15;0.0
1931-03-16;6.0
1931-03-17;1.5
1931-03-18;0.0
1931-03-19;0.0
1931-03-20;0.0
1931-03-21;19.0
1931-03-22;23.4
1931-03-23;0.0
1931-03-24;0.0
1931-03-25;0.0
1931-03-26;0.0
1931-03-27;0.0
1931-03-28;0.0
1931-03-29;0.0
1931-03-30;0.0
1931-03-31;0.0
1931-04-01;0.0
1931-04-02;0.0
1931-04-03;2.0
1931-04-04;10.2
1931-04-05;0.0
1931-04-06;0.0
1931-04-07;0.0
1931-04-08;0.0
1931-04-09;0.0
1931-04-10;0.0
1931-04-11;0.0
1931-04-12;0.0
1931-04-13;0.0
1931-04-14;0.0
1931-04-15;0.0
1931-04-16;0.0
1931-04-17;39.5
1931-04-18;0.0
1931-04-19;13.0
1931-04-20;3.1
1931-04-21;0.0
1931-04-22;9.2
1931-04-23;1.5
1931-04-24;0.0
1931-04-25;0.0
1931-04-26;0.0
1931-04-27;0.0
1931-04-28;0.0
1931-04-29;0.0
1931-04-30;0.0
1931-05-01;2.0
1931-05-02;0.0
1931-05-03;11.4
1931-05-04;18.2
1931-05-05;0.0
1931-05-06;23.7
1931-05-07;2.4
1931-05-08;3.1
1931-05-09;0.0
1931-05-10;0.0
1931-05-11;0.0
1931-05-12;0.0
1931-05-13;0.0
1931-05-14;0.0
1931-05-15;0.0
1931-05-16;0.0
1931-05-17;0.0
1931-05-18;8.2
1931-05-19;7.8
1931-05-20;9.1
1931-05-21;3.1
1931-05-22;0.0
1931-05-23;0.0
1931-05-24;0.0
1931-05-25;0.0
1931-05-26;0.0
1931-05-27;0.0
1931-05-28;0.0
1931-05-29;0.0
1931-05-30;0.0
1931-05-31;1.2
1931-06-01;0.0
1931-06-02;0.0
1931-06-03;0.0
1931-06-04;0.0
1931-06-05;0.0
1931-06-06;0.0
1931-06-07;0.0
1931-06-08;0.0
1931-06-09;0.0
1931-06-10;0.0
1931-06-11;0.0
1931-06-12;0.0
1931-06-13;0.0
1931-06-14;0.0
1931-06-15;0.0
1931-06-16;0.0
1931-06-17;0.0
1931-06-18;0.0
1931-06-19;0.0
1931-06-20;0.0
1931-06-21;0.0
1931-06-22;0.0
1931-06-23;0.0
1931-06-24;0.0
1931-06-25;0.0
1931-06-26;0.0
1931-06-27;0.0
1931-06-28;0.0
1931-06-29;0.0
1931-06-30;19.0
1931-07-01;0.0
1931-07-02;0.0
1931-07-03;0.0
1931-07-04;0.0
1931-07-05;0.0
1931-07-06;0.0
1931-07-07;0.0
1931-07-08;0.0
1931-07-09;0.0
1931-07-10;0.0
1931-07-11;0.0
1931-07-12;0.0
1931-07-13;0.0
1931-07-14;0.0
1931-07-15;0.0
1931-07-16;0.0
1931-07-17;0.0
1931-07-18;0.0
1931-07-19;0.0
1931-07-20;0.0
1931-07-21;0.0
1931-07-22;0.0
1931-07-23;0.0
1931-07-24;0.0
1931-07-25;0.0
1931-07-26;0.0
1931-07-27;0.0
1931-07-28;0.0
1931-07-29;4.2
1931-07-30;0.0
1931-07-31;0.0
1931-08-01;0.0
1931-08-02;0.0
1931-08-03;7.0
1931-08-04;0.0
1931-08-05;0.0
1931-08-06;0.0
1931-08-07;0.0
1931-08-08;0.0
1931-08-09;0.0
1931-08-10;0.0
1931-08-11;0.0
1931-08-12;0.0
1931-08-13;0.0
1931-08-14;0.0
1931-08-15;0.0
1931-08-16;0.0
1931-08-17;0.0
1931-08-18;0.0
1931-08-19;0.0
1931-08-20;0.0
1931-08-21;0.0
1931-08-22;0.0
1931-08-23;0.0
1931-08-24;25.3
1931-08-25;0.0
1931-08-26;0.0
1931-08-27;0.0
1931-08-28;0.0
1931-08-29;0.0
1931-08-30;0.0
1931-08-31;0.0
1931-09-01;0.0
1931-09-02;6.7
1931-09-03;0.0
1931-09-04;0.0
1931-09-05;0.0
1931-09-06;0.0
1931-09-07;0.0
1931-09-08;0.0
1931-09-09;14.3
1931-09-10;0.0
1931-09-11;0.0
1931-09-12;7.2
1931-09-13;0.0
1931-09-14;0.0
1931-09-15;0.0
1931-09-16;0.0
1931-09-17;0.0
1931-09-18;0.0
1931-09-19;0.0
1931-09-20;0.0
1931-09-21;0.0
1931-09-22;3.2
1931-09-23;0.0
1931-09-24;0.0
1931-09-25;0.0
1931-09-26;0.0
1931-09-27;0.0
1931-09-28;0.0
1931-09-29;0.2
1931-09-30;0.0
1931-10-01;0.0
1931-10-02;0.0
1931-10-03;0.0
1931-10-04;0.0
1931-10-05;0.0
1931-10-06;0.0
1931-10-07;0.0
1931-10-08;0.0
1931-10-09;0.0
1931-10-10;0.0
1931-10-11;0.0
1931-10-12;0.0
1931-10-13;0.0
1931-10-14;3.2
1931-10-15;0.0
1931-10-16;0.0
1931-10-17;0.0
1931-10-18;0.0
1931-10-19;0.0
1931-10-20;0.0
1931-10-21;0.0
1931-10-22;0.0
1931-10-23;0.0
1931-10-24;20.8
1931-10-25;3.4
1931-10-26;45.5
1931-10-27;12.4
1931-10-28;14.2
1931-10-29;8.6
1931-10-30;0.0
1931-10-31;0.0
1931-11-01;0.0
1931-11-02;0.0
1931-11-03;0.0
1931-11-04;0.0
1931-11-05;0.0
1931-11-06;0.0
1931-11-07;23.4
1931-11-08;29.6
1931-11-09;6.0
1931-11-10;21.2
1931-11-11;10.8
1931-11-12;31.0
1931-11-13;10.1
1931-11-14;5.0
1931-11-15;0.0
1931-11-16;0.0
1931-11-17;0.0
1931-11-18;7.0
1931-11-19;0.0
1931-11-20;0.0
1931-11-21;0.0
1931-11-22;0.0
1931-11-23;0.0
1931-11-24;0.0
1931-11-25;0.0
1931-11-26;0.0
1931-11-27;6.4
1931-11-28;3.2
1931-11-29;7.3
1931-11-30;0.0
1931-12-01;0.0
1931-12-02;0.0
1931-12-03;0.0
1931-12-04;0.0
1931-12-05;0.0
1931-12-06;0.0
1931-12-07;0.0
1931-12-08;0.0
1931-12-09;7.0
1931-12-10;0.0
1931-12-11;0.0
1931-12-12;0.7
1931-12-13;0.0
1931-12-14;0.0
1931-12-15;0.0
1931-12-16;0.0
1931-12-17;0.0
1931-12-18;0.0
1931-12-19;0.4
1931-12-20;1.2
1931-12-21;0.0
1931-12-22;0.0
1931-12-23;0.0
1931-12-24;0.0
1931-12-25;0.0
1931-12-26;0.0
1931-12-27;0.0
1931-12-28;0.0
1931-12-29;0.0
1931-12-30;19.0
1931-12-31;5.0
1932-01-01;1.3
1932-01-02;0.0
1932-01-03;0.0
1932-01-04;0.0
1932-01-05;0.0
1932-01-06;0.0
1932-01-07;2.0
1932-01-08;0.0
1932-01-09;5.0
1932-01-10;0.0
1932-01-11;0.0
1932-01-12;4.8
1932-01-13;1.5
1932-01-14;0.0
1932-01-15;0.0
1932-01-16;0.0
1932-01-17;0.0
1932-01-18;0.0
1932-01-19;0.0
1932-01-20;0.0
1932-01-21;0.0
1932-01-22;0.0
1932-01-23;0.0
1932-01-24;0.0
1932-01-25;0.0
1932-01-26;0.0
1932-01-27;0.0
1932-01-28;0.0
1932-01-29;0.0
1932-01-30;0.0
1932-01-31;0.0
1932-02-01;0.0
1932-02-02;0.0
1932-02-03;0.0
1932-02-04;0.0
1932-02-05;0.0
1932-02-06;0.0
1932-02-07;0.0
1932-02-08;0.0
1932-02-09;3.0
1932-02-10;5.2
1932-02-11;16.1
1932-02-12;7.3
1932-02-13;0.0
1932-02-14;0.0
1932-02-15;0.0
1932-02-16;0.0
1932-02-17;0.0
1932-02-18;0.0
1932-02-19;0.0
1932-02-20;0.0
1932-02-21;0.0
1932-02-22;0.0
1932-02-23;0.0
1932-02-24;0.0
1932-02-25;0.0
1932-02-26;0.0
1932-02-27;0.0
1932-02-28;0.0
1932-02-29;0.0
1932-03-01;0.0
1932-03-02;2.1
1932-03-03;0.4
1932-03-04;0.0
1932-03-05;0.0
1932-03-06;0.0
1932-03-07;0.0
1932-03-08;0.0
1932-03-09;0.0
1932-03-10;0.0
1932-03-11;8.2
1932-03-12;20.0
1932-03-13;0.0
1932-03-14;0.0
1932-03-15;0.0
1932-03-16;0.0
1932-03-17;3.8
1932-03-18;18.4
1932-03-19;23.5
1932-03-20;0.0
1932-03-21;0.0
1932-03-22;0.0
1932-03-23;0.0
1932-03-24;0.0
1932-03-25;0.0
1932-03-26;0.0
1932-03-27;0.0
1932-03-28;0.0
1932-03-29;0.0
1932-03-30;21.3
1932-03-31;0.0
1932-04-01;0.0
1932-04-02;4.8
1932-04-03;7.5
1932-04-04;0.0
1932-04-05;3.6
1932-04-06;5.3
1932-04-07;0.0
1932-04-08;0.0
1932-04-09;0.0
1932-04-10;0.0
1932-04-11;0.0
1932-04-12;8.6
1932-04-13;0.0
1932-04-14;0.0
1932-04-15;0.0
1932-04-16;0.0
1932-04-17;10.2
1932-04-18;9.5
1932-04-19;5.4
1932-04-20;0.0
1932-04-21;0.0
1932-04-22;0.0
1932-04-23;0.0
1932-04-24;19.0
1932-04-25;15.3
1932-04-26;0.0
1932-04-27;0.0
1932-04-28;4.0
1932-04-29;0.0
1932-04-30;0.0
1932-05-01;0.0
1932-05-02;15.2
1932-05-03;0.0
1932-05-04;8.3
1932-05-05;13.1
1932-05-06;0.0
1932-05-07;0.0
1932-05-08;9.5
1932-05-09;2.3
1932-05-10;0.0
1932-05-11;0.0
1932-05-12;0.0
1932-05-13;0.0
1932-05-14;0.0
1932-05-15;0.0
1932-05-16;0.0
1932-05-17;0.0
1932-05-18;0.0
1932-05-19;0.0
1932-05-20;0.0
1932-05-21;0.0
1932-05-22;0.0
1932-05-23;25.4
1932-05-24;6.8
1932-05-25;12.0
1932-05-26;16.7
1932-05-27;0.0
1932-05-28;0.0
1932-05-29;10.1
1932-05-30;14.2
1932-05-31;0.0
1932-06-01;0.0
1932-06-02;0.0
1932-06-03;45.3
1932-06-04;0.0
1932-06-05;0.0
1932-06-06;0.0
1932-06-07;0.0
1932-06-08;0.0
1932-06-09;12.0
1932-06-10;0.0
1932-06-11;0.0
1932-06-12;0.0
1932-06-13;0.0
1932-06-14;5.3
1932-06-15;0.0
1932-06-16;0.0
1932-06-17;0.0
1932-06-18;0.0
1932-06-19;0.0
1932-06-20;0.0
1932-06-21;4.2
1932-06-22;10.4
1932-06-23;15.8
1932-06-24;6.3
1932-06-25;0.0
1932-06-26;0.0
1932-06-27;0.0
1932-06-28;0.0
1932-06-29;0.0
1932-06-30;0.0
1932-07-01;12.3
1932-07-02;0.0
1932-07-03;5.8
1932-07-04;0.0
1932-07-05;0.0
1932-07-06;0.0
1932-07-07;0.0
1932-07-08;0.0
1932-07-09;12.6
1932-07-10;10.2
1932-07-11;16.0
1932-07-12;0.0
1932-07-13;0.0
1932-07-14;4.4
1932-07-15;0.0
1932-07-16;0.0
1932-07-17;18.0
1932-07-18;0.0
1932-07-19;0.0
1932-07-20;24.5
1932-07-21;3.4
1932-07-22;0.0
1932-07-23;0.0
1932-07-24;0.0
1932-07-25;0.0
1932-07-26;0.0
1932-07-27;0.0
1932-07-28;0.0
1932-07-29;0.0
1932-07-30;0.0
1932-07-31;0.0
1932-08-01;0.0
1932-08-02;0.0
1932-08-03;0.0
1932-08-04;0.0
1932-08-05;0.0
1932-08-06;0.0
1932-08-07;0.0
1932-08-08;0.0
1932-08-09;0.0
1932-08-10;0.0
1932-08-11;0.0
1932-08-12;0.0
1932-08-13;0.0
1932-08-14;0.0
1932-08-15;0.0
1932-08-16;0.0
1932-08-17;0.0
1932-08-18;0.0
1932-08-19;0.0
1932-08-20;0.0
1932-08-21;0.0
1932-08-22;0.0
1932-08-23;0.0
1932-08-24;0.0
1932-08-25;0.0
1932-08-26;0.0
1932-08-27;0.0
1932-08-28;0.0
1932-08-29;10.0
1932-08-30;1.5
1932-08-31;0.0
1932-09-01;4.1
1932-09-02;10.2
1932-09-03;7.1
1932-09-04;10.3
1932-09-05;0.0
1932-09-06;0.0
1932-09-07;0.0
1932-09-08;0.0
1932-09-09;0.0
1932-09-10;0.0
1932-09-11;0.0
1932-09-12;0.0
1932-09-13;0.0
1932-09-14;0.0
1932-09-15;0.0
1932-09-16;0.0
1932-09-17;0.0
1932-09-18;0.0
1932-09-19;0.0
1932-09-20;0.0
1932-09-21;0.0
1932-09-22;21.3
1932-09-23;10.4
1932-09-24;8.2
1932-09-25;12.3
1932-09-26;11.4
1932-09-27;9.8
1932-09-28;4.9
1932-09-29;0.0
1932-09-30;0.0
1932-10-01;0.0
1932-10-02;0.0
1932-10-03;0.0
1932-10-04;40.2
1932-10-05;0.0
1932-10-06;25.0
1932-10-07;7.3
1932-10-08;10.8
1932-10-09;4.5
1932-10-10;21.7
1932-10-11;3.5
1932-10-12;4.2
1932-10-13;0.0
1932-10-14;0.0
1932-10-15;0.0
1932-10-16;26.6
1932-10-17;0.0
1932-10-18;0.0
1932-10-19;0.0
1932-10-20;0.0
1932-10-21;0.0
1932-10-22;0.0
1932-10-23;0.0
1932-10-24;5.2
1932-10-25;4.2
1932-10-26;0.0
1932-10-27;0.0
1932-10-28;5.1
1932-10-29;0.0
1932-10-30;0.0
1932-10-31;13.0
1932-11-01;0.0
1932-11-02;0.0
1932-11-03;0.0
1932-11-04;0.0
1932-11-05;0.0
1932-11-06;0.0
1932-11-07;3.5
1932-11-08;0.9
1932-11-09;0.0
1932-11-10;5.2
1932-11-11;4.6
1932-11-12;0.0
1932-11-13;0.0
1932-11-14;0.0
1932-11-15;0.0
1932-11-16;0.0
1932-11-17;0.0
1932-11-18;0.0
1932-11-19;8.5
1932-11-20;7.8
1932-11-21;8.0
1932-11-22;0.0
1932-11-23;0.0
1932-11-24;0.0
1932-11-25;0.0
1932-11-26;0.0
1932-11-27;0.0
1932-11-28;10.5
1932-11-29;5.8
1932-11-30;24.2
1932-12-01;22.0
1932-12-02;10.8
1932-12-03;0.5
1932-12-04;11.0
1932-12-05;5.0
1932-12-06;5.7
1932-12-07;11.5
1932-12-08;8.0
1932-12-09;11.4
1932-12-10;0.0
1932-12-11;14.5
1932-12-12;0.0
1932-12-13;0.0
1932-12-14;0.0
1932-12-15;0.0
1932-12-16;0.0
1932-12-17;0.0
1932-12-18;0.0
1932-12-19;0.0
1932-12-20;0.0
1932-12-21;0.0
1932-12-22;0.0
1932-12-23;0.0
1932-12-24;0.0
1932-12-25;0.0
1932-12-26;0.0
1932-12-27;0.0
1932-12-28;0.0
1932-12-29;0.0
1932-12-30;6.4
1932-12-31;5.0
1933-01-01;0.5
1933-01-02;0.0
1933-01-03;0.0
1933-01-04;6.1
1933-01-05;0.0
1933-01-06;19.5
1933-01-07;0.0
1933-01-08;0.0
1933-01-09;0.0
1933-01-10;0.0
1933-01-11;0.0
1933-01-12;0.0
1933-01-13;0.0
1933-01-14;0.0
1933-01-15;0.0
1933-01-16;11.5
1933-01-17;0.0
1933-01-18;14.6
1933-01-19;1.0
1933-01-20;0.0
1933-01-21;0.0
1933-01-22;0.0
1933-01-23;0.0
1933-01-24;0.3
1933-01-25;0.0
1933-01-26;0.0
1933-01-27;0.0
1933-01-28;0.0
1933-01-29;20.6
1933-01-30;6.1
1933-01-31;9.0
1933-02-01;0.0
1933-02-02;0.0
1933-02-03;0.0
1933-02-04;0.0
1933-02-05;0.0
1933-02-06;0.0
1933-02-07;0.0
1933-02-08;3.8
1933-02-09;0.0
1933-02-10;0.0
1933-02-11;0.0
1933-02-12;20.0
1933-02-13;2.1
1933-02-14;0.0
1933-02-15;0.0
1933-02-16;0.0
1933-02-17;0.0
1933-02-18;0.0
1933-02-19;2.4
1933-02-20;13.8
1933-02-21;11.2
1933-02-22;2.4
1933-02-23;0.0
1933-02-24;0.0
1933-02-25;0.0
1933-02-26;0.0
1933-02-27;0.0
1933-02-28;0.0
1933-03-01;0.0
1933-03-02;0.0
1933-03-03;5.5
1933-03-04;2.5
1933-03-05;13.4
1933-03-06;31.5
1933-03-07;0.0
1933-03-08;0.0
1933-03-09;0.0
1933-03-10;0.0
1933-03-11;0.0
1933-03-12;0.0
1933-03-13;0.0
1933-03-14;0.0
1933-03-15;0.0
1933-03-16;0.0
1933-03-17;0.0
1933-03-18;10.0
1933-03-19;3.6
1933-03-20;0.0
1933-03-21;4.0
1933-03-22;0.0
1933-03-23;0.0
1933-03-24;0.0
1933-03-25;0.0
1933-03-26;0.0
1933-03-27;0.0
1933-03-28;0.0
1933-03-29;0.0
1933-03-30;0.0
1933-03-31;0.0
1933-04-01;0.0
1933-04-02;0.0
1933-04-03;0.0
1933-04-04;0.0
1933-04-05;0.0
1933-04-06;0.0
1933-04-07;0.0
1933-04-08;0.0
1933-04-09;0.0
1933-04-10;0.0
1933-04-11;0.0
1933-04-12;0.0
1933-04-13;0.0
1933-04-14;0.0
1933-04-15;0.0
1933-04-16;0.0
1933-04-17;0.0
1933-04-18;0.0
1933-04-19;6.3
1933-04-20;15.4
1933-04-21;5.9
1933-04-22;25.0
1933-04-23;8.4
1933-04-24;0.0
1933-04-25;0.0
1933-04-26;0.8
1933-04-27;0.0
1933-04-28;0.0
1933-04-29;0.0
1933-04-30;2.1
1933-05-01;0.0
1933-05-02;0.0
1933-05-03;0.0
1933-05-04;4.8
1933-05-05;0.0
1933-05-06;0.0
1933-05-07;0.0
1933-05-08;14.3
1933-05-09;0.0
1933-05-10;0.0
1933-05-11;26.4
1933-05-12;3.5
1933-05-13;0.0
1933-05-14;0.0
1933-05-15;0.0
1933-05-16;4.6
1933-05-17;0.0
1933-05-18;0.0
1933-05-19;0.0
1933-05-20;0.0
1933-05-21;0.0
1933-05-22;0.0
1933-05-23;0.0
1933-05-24;0.0
1933-05-25;0.0
1933-05-26;0.0
1933-05-27;14.5
1933-05-28;0.0
1933-05-29;0.0
1933-05-30;6.4
1933-05-31;7.1
1933-06-01;0.0
1933-06-02;0.0
1933-06-03;0.0
1933-06-04;0.0
1933-06-05;0.0
1933-06-06;0.0
1933-06-07;0.0
1933-06-08;0.0
1933-06-09;0.0
1933-06-10;0.0
1933-06-11;0.0
1933-06-12;0.0
1933-06-13;8.4
1933-06-14;12.5
1933-06-15;10.8
1933-06-16;0.0
1933-06-17;18.3
1933-06-18;0.0
1933-06-19;0.0
1933-06-20;0.0
1933-06-21;0.0
1933-06-22;0.0
1933-06-23;4.0
1933-06-24;6.8
1933-06-25;0.0
1933-06-26;0.0
1933-06-27;7.4
1933-06-28;0.0
1933-06-29;27.0
1933-06-30;0.0
1933-07-01;0.0
1933-07-02;0.0
1933-07-03;0.0
1933-07-04;0.0
1933-07-05;0.0
1933-07-06;0.0
1933-07-07;0.0
1933-07-08;0.0
1933-07-09;0.0
1933-07-10;0.0
1933-07-11;0.0
1933-07-12;0.0
1933-07-13;0.0
1933-07-14;0.0
1933-07-15;0.0
1933-07-16;0.0
1933-07-17;0.0
1933-07-18;0.0
1933-07-19;0.0
1933-07-20;0.0
1933-07-21;0.0
1933-07-22;0.0
1933-07-23;0.0
1933-07-24;0.0
1933-07-25;0.0
1933-07-26;0.0
1933-07-27;0.0
1933-07-28;0.0
1933-07-29;0.0
1933-07-30;0.0
1933-07-31;2.5
1933-08-01;0.0
1933-08-02;0.0
1933-08-03;0.0
1933-08-04;0.0
1933-08-05;0.0
1933-08-06;0.0
1933-08-07;0.0
1933-08-08;0.0
1933-08-09;0.0
1933-08-10;0.0
1933-08-11;0.0
1933-08-12;0.0
1933-08-13;0.0
1933-08-14;0.0
1933-08-15;0.0
1933-08-16;0.0
1933-08-17;0.0
1933-08-18;0.0
1933-08-19;0.0
1933-08-20;0.0
1933-08-21;0.0
1933-08-22;0.0
1933-08-23;0.0
1933-08-24;0.0
1933-08-25;0.0
1933-08-26;0.0
1933-08-27;0.0
1933-08-28;0.0
1933-08-29;0.0
1933-08-30;0.0
1933-08-31;0.0
1933-09-01;0.0
1933-09-02;17.5
1933-09-03;0.0
1933-09-04;0.0
1933-09-05;0.0
1933-09-06;0.0
1933-09-07;0.0
1933-09-08;0.0
1933-09-09;0.0
1933-09-10;0.0
1933-09-11;0.0
1933-09-12;11.5
1933-09-13;17.4
1933-09-14;0.0
1933-09-15;0.0
1933-09-16;0.0
1933-09-17;0.0
1933-09-18;0.0
1933-09-19;0.0
1933-09-20;3.4
1933-09-21;12.2
1933-09-22;35.4
1933-09-23;11.3
1933-09-24;0.0
1933-09-25;0.0
1933-09-26;0.0
1933-09-27;0.0
1933-09-28;0.0
1933-09-29;0.0
1933-09-30;0.0
1933-10-01;0.0
1933-10-02;0.0
1933-10-03;0.0
1933-10-04;0.0
1933-10-05;0.0
1933-10-06;0.0
1933-10-07;0.0
1933-10-08;0.0
1933-10-09;0.0
1933-10-10;49.6
1933-10-11;0.0
1933-10-12;0.0
1933-10-13;23.2
1933-10-14;0.0
1933-10-15;0.0
1933-10-16;0.0
1933-10-17;1.3
1933-10-18;10.5
1933-10-19;0.0
1933-10-20;0.0
1933-10-21;0.0
1933-10-22;0.0
1933-10-23;0.0
1933-10-24;0.0
1933-10-25;10.2
1933-10-26;6.0
1933-10-27;0.0
1933-10-28;0.0
1933-10-29;48.7
1933-10-30;15.0
1933-10-31;8.4
1933-11-01;12.4
1933-11-02;3.2
1933-11-03;0.0
1933-11-04;2.0
1933-11-05;1.2
1933-11-06;16.1
1933-11-07;0.0
1933-11-08;3.5
1933-11-09;0.0
1933-11-10;4.3
1933-11-11;6.0
1933-11-12;23.4
1933-11-13;14.8
1933-11-14;12.3
1933-11-15;0.0
1933-11-16;0.0
1933-11-17;0.0
1933-11-18;0.0
1933-11-19;0.0
1933-11-20;0.0
1933-11-21;2.5
1933-11-22;9.4
1933-11-23;0.0
1933-11-24;0.0
1933-11-25;0.0
1933-11-26;0.6
1933-11-27;10.3
1933-11-28;16.2
1933-11-29;0.0
1933-11-30;12.0
1933-12-01;0.0
1933-12-02;0.0
1933-12-03;0.0
1933-12-04;0.0
1933-12-05;0.0
1933-12-06;0.0
1933-12-07;0.0
1933-12-08;9.0
1933-12-09;0.0
1933-12-10;0.0
1933-12-11;0.0
1933-12-12;0.0
1933-12-13;35.4
1933-12-14;32.6
1933-12-15;17.0
1933-12-16;10.0
1933-12-17;6.3
1933-12-18;0.0
1933-12-19;0.0
1933-12-20;0.0
1933-12-21;0.0
1933-12-22;0.0
1933-12-23;0.0
1933-12-24;0.0
1933-12-25;0.0
1933-12-26;10.8
1933-12-27;3.9
1933-12-28;22.4
1933-12-29;0.0
1933-12-30;0.3
1933-12-31;0.0
1934-01-01;0.0
1934-01-02;0.4
1934-01-03;0.0
1934-01-04;0.0
1934-01-05;0.0
1934-01-06;0.0
1934-01-07;0.0
1934-01-08;0.0
1934-01-09;0.0
1934-01-10;0.0
1934-01-11;0.0
1934-01-12;0.0
1934-01-13;6.6
1934-01-14;0.0
1934-01-15;0.0
1934-01-16;17.9
1934-01-17;0.0
1934-01-18;0.0
1934-01-19;0.0
1934-01-20;3.2
1934-01-21;11.4
1934-01-22;0.0
1934-01-23;0.0
1934-01-24;0.0
1934-01-25;0.0
1934-01-26;0.0
1934-01-27;0.0
1934-01-28;5.7
1934-01-29;0.0
1934-01-30;2.8
1934-01-31;0.0
1934-02-01;0.0
1934-02-02;3.2
1934-02-03;8.4
1934-02-04;0.0
1934-02-05;0.0
1934-02-06;0.0
1934-02-07;0.0
1934-02-08;0.0
1934-02-09;0.0
1934-02-10;0.0
1934-02-11;0.8
1934-02-12;0.0
1934-02-13;0.0
1934-02-14;0.0
1934-02-15;0.0
1934-02-16;0.0
1934-02-17;0.0
1934-02-18;0.0
1934-02-19;0.0
1934-02-20;0.0
1934-02-21;0.0
1934-02-22;0.0
1934-02-23;0.0
1934-02-24;0.0
1934-02-25;0.0
1934-02-26;10.4
1934-02-27;43.5
1934-02-28;48.0
1934-03-01;8.2
1934-03-02;18.5
1934-03-03;0.0
1934-03-04;2.6
1934-03-05;0.0
1934-03-06;0.0
1934-03-07;0.0
1934-03-08;2.8
1934-03-09;0.0
1934-03-10;1.3
1934-03-11;4.7
1934-03-12;20.6
1934-03-13;54.2
1934-03-14;53.5
1934-03-15;4.8
1934-03-16;5.2
1934-03-17;9.5
1934-03-18;30.4
1934-03-19;4.6
1934-03-20;0.0
1934-03-21;0.0
1934-03-22;11.0
1934-03-23;0.4
1934-03-24;0.0
1934-03-25;2.3
1934-03-26;0.0
1934-03-27;0.0
1934-03-28;0.0
1934-03-29;0.0
1934-03-30;0.0
1934-03-31;0.0
1934-04-01;0.0
1934-04-02;0.0
1934-04-03;1.3
1934-04-04;0.0
1934-04-05;0.0
1934-04-06;6.7
1934-04-07;0.0
1934-04-08;44.6
1934-04-09;25.3
1934-04-10;17.1
1934-04-11;2.1
1934-04-12;0.0
1934-04-13;0.0
1934-04-14;9.6
1934-04-15;0.0
1934-04-16;0.0
1934-04-17;0.0
1934-04-18;0.0
1934-04-19;0.0
1934-04-20;0.0
1934-04-21;2.1
1934-04-22;4.2
1934-04-23;1.8
1934-04-24;22.0
1934-04-25;12.3
1934-04-26;5.6
1934-04-27;0.0
1934-04-28;0.8
1934-04-29;0.0
1934-04-30;0.0
1934-05-01;1.9
1934-05-02;0.0
1934-05-03;0.0
1934-05-04;28.5
1934-05-05;1.5
1934-05-06;1.0
1934-05-07;0.0
1934-05-08;0.0
1934-05-09;0.0
1934-05-10;0.0
1934-05-11;0.0
1934-05-12;0.0
1934-05-13;0.0
1934-05-14;1.8
1934-05-15;0.0
1934-05-16;2.5
1934-05-17;0.0
1934-05-18;0.0
1934-05-19;4.1
1934-05-20;0.0
1934-05-21;0.0
1934-05-22;0.0
1934-05-23;0.0
1934-05-24;0.0
1934-05-25;0.0
1934-05-26;0.0
1934-05-27;0.0
1934-05-28;0.0
1934-05-29;0.0
1934-05-30;0.0
1934-05-31;0.0
1934-06-01;0.0
1934-06-02;0.0
1934-06-03;6.5
1934-06-04;31.8
1934-06-05;0.4
1934-06-06;8.6
1934-06-07;77.6
1934-06-08;0.0
1934-06-09;0.0
1934-06-10;2.5
1934-06-11;0.0
1934-06-12;7.5
1934-06-13;4.6
1934-06-14;0.0
1934-06-15;0.0
1934-06-16;8.0
1934-06-17;0.0
1934-06-18;0.0
1934-06-19;0.0
1934-06-20;0.0
1934-06-21;15.2
1934-06-22;0.0
1934-06-23;0.0
1934-06-24;0.0
1934-06-25;0.0
1934-06-26;0.0
1934-06-27;0.0
1934-06-28;0.0
1934-06-29;0.0
1934-06-30;21.0
1934-07-01;0.7
1934-07-02;0.0
1934-07-03;0.0
1934-07-04;0.0
1934-07-05;0.0
1934-07-06;0.0
1934-07-07;0.0
1934-07-08;0.0
1934-07-09;0.0
1934-07-10;0.0
1934-07-11;0.0
1934-07-12;0.0
1934-07-13;0.0
1934-07-14;0.0
1934-07-15;5.8
1934-07-16;7.7
1934-07-17;0.0
1934-07-18;0.0
1934-07-19;0.0
1934-07-20;0.0
1934-07-21;0.0
1934-07-22;0.0
1934-07-23;0.0
1934-07-24;0.0
1934-07-25;0.0
1934-07-26;6.2
1934-07-27;0.0
1934-07-28;0.0
1934-07-29;0.0
1934-07-30;0.0
1934-07-31;0.0
1934-08-01;0.0
1934-08-02;0.0
1934-08-03;0.0
1934-08-04;15.0
1934-08-05;3.5
1934-08-06;0.0
1934-08-07;0.0
1934-08-08;0.0
1934-08-09;1.5
1934-08-10;0.0
1934-08-11;0.0
1934-08-12;0.0
1934-08-13;0.0
1934-08-14;0.0
1934-08-15;0.0
1934-08-16;0.0
1934-08-17;0.0
1934-08-18;0.0
1934-08-19;0.0
1934-08-20;0.0
1934-08-21;0.0
1934-08-22;5.0
1934-08-23;0.1
1934-08-24;0.0
1934-08-25;0.0
1934-08-26;0.0
1934-08-27;27.3
1934-08-28;1.2
1934-08-29;0.0
1934-08-30;0.0
1934-08-31;0.0
1934-09-01;7.8
1934-09-02;0.7
1934-09-03;0.0
1934-09-04;0.0
1934-09-05;0.0
1934-09-06;0.0
1934-09-07;0.0
1934-09-08;0.0
1934-09-09;0.0
1934-09-10;0.0
1934-09-11;0.7
1934-09-12;2.2
1934-09-13;0.0
1934-09-14;1.6
1934-09-15;0.0
1934-09-16;0.0
1934-09-17;0.0
1934-09-18;0.0
1934-09-19;0.0
1934-09-20;7.3
1934-09-21;0.0
1934-09-22;0.0
1934-09-23;0.0
1934-09-24;0.0
1934-09-25;0.0
1934-09-26;0.0
1934-09-27;0.0
1934-09-28;0.0
1934-09-29;0.0
1934-09-30;0.0
1934-10-01;0.0
1934-10-02;0.0
1934-10-03;0.0
1934-10-04;37.8
1934-10-05;27.1
1934-10-06;0.0
1934-10-07;5.0
1934-10-08;0.0
1934-10-09;0.0
1934-10-10;0.0
1934-10-11;6.5
1934-10-12;0.0
1934-10-13;0.0
1934-10-14;0.0
1934-10-15;0.0
1934-10-16;5.3
1934-10-17;0.0
1934-10-18;0.2
1934-10-19;0.0
1934-10-20;0.0
1934-10-21;0.0
1934-10-22;0.0
1934-10-23;0.0
1934-10-24;0.0
1934-10-25;0.0
1934-10-26;0.0
1934-10-27;0.0
1934-10-28;0.0
1934-10-29;0.0
1934-10-30;6.5
1934-10-31;0.0
1934-11-01;3.0
1934-11-02;0.0
1934-11-03;0.0
1934-11-04;27.5
1934-11-05;1.0
1934-11-06;0.0
1934-11-07;20.0
1934-11-08;13.0
1934-11-09;0.0
1934-11-10;0.0
1934-11-11;26.2
1934-11-12;1.8
1934-11-13;6.5
1934-11-14;0.9
1934-11-15;0.0
1934-11-16;14.5
1934-11-17;45.0
1934-11-18;10.0
1934-11-19;2.3
1934-11-20;0.0
1934-11-21;0.0
1934-11-22;0.0
1934-11-23;0.0
1934-11-24;0.0
1934-11-25;0.0
1934-11-26;0.0
1934-11-27;0.0
1934-11-28;0.0
1934-11-29;0.0
1934-11-30;0.0
1934-12-01;0.0
1934-12-02;0.0
1934-12-03;0.0
1934-12-04;0.0
1934-12-05;3.5
1934-12-06;0.0
1934-12-07;0.0
1934-12-08;0.5
1934-12-09;0.0
1934-12-10;0.0
1934-12-11;25.0
1934-12-12;1.5
1934-12-13;39.8
1934-12-14;39.2
1934-12-15;1.6
1934-12-16;17.0
1934-12-17;3.3
1934-12-18;0.0
1934-12-19;0.0
1934-12-20;0.0
1934-12-21;0.0
1934-12-22;0.0
1934-12-23;0.0
1934-12-24;0.0
1934-12-25;0.0
1934-12-26;0.0
1934-12-27;0.0
1934-12-28;0.0
1934-12-29;0.0
1934-12-30;0.0
1934-12-31;0.0
1935-01-01;8.2
1935-01-02;0.0
1935-01-03;0.0
1935-01-04;0.0
1935-01-05;2.1
1935-01-06;0.0
1935-01-07;0.0
1935-01-08;0.9
1935-01-09;0.0
1935-01-10;0.0
1935-01-11;0.0
1935-01-12;0.0
1935-01-13;0.0
1935-01-14;0.0
1935-01-15;0.0
1935-01-16;0.0
1935-01-17;0.0
1935-01-18;0.0
1935-01-19;0.0
1935-01-20;0.0
1935-01-21;5.6
1935-01-22;0.0
1935-01-23;0.0
1935-01-24;0.0
1935-01-25;16.2
1935-01-26;49.8
1935-01-27;23.5
1935-01-28;0.0
1935-01-29;0.0
1935-01-30;0.0
1935-01-31;0.0
1935-02-01;0.0
1935-02-02;0.0
1935-02-03;0.0
1935-02-04;0.0
1935-02-05;0.0
1935-02-06;0.0
1935-02-07;0.0
1935-02-08;34.5
1935-02-09;19.0
1935-02-10;0.0
1935-02-11;0.0
1935-02-12;0.0
1935-02-13;0.0
1935-02-14;0.0
1935-02-15;0.0
1935-02-16;0.0
1935-02-17;0.0
1935-02-18;0.0
1935-02-19;0.0
1935-02-20;0.0
1935-02-21;0.0
1935-02-22;0.0
1935-02-23;27.4
1935-02-24;8.2
1935-02-25;7.5
1935-02-26;0.0
1935-02-27;9.8
1935-02-28;11.4
1935-03-01;53.0
1935-03-02;4.2
1935-03-03;0.0
1935-03-04;0.0
1935-03-05;0.0
1935-03-06;0.0
1935-03-07;0.0
1935-03-08;0.0
1935-03-09;0.0
1935-03-10;0.0
1935-03-11;0.0
1935-03-12;0.0
1935-03-13;0.0
1935-03-14;0.0
1935-03-15;0.0
1935-03-16;0.0
1935-03-17;0.0
1935-03-18;0.0
1935-03-19;0.0
1935-03-20;0.0
1935-03-21;0.0
1935-03-22;0.0
1935-03-23;0.3
1935-03-24;4.1
1935-03-25;0.0
1935-03-26;0.0
1935-03-27;0.0
1935-03-28;0.0
1935-03-29;0.0
1935-03-30;0.0
1935-03-31;0.0
1935-04-01;0.0
1935-04-02;0.0
1935-04-03;2.5
1935-04-04;10.0
1935-04-05;0.0
1935-04-06;7.0
1935-04-07;0.8
1935-04-08;0.0
1935-04-09;0.0
1935-04-10;0.0
1935-04-11;0.0
1935-04-12;0.0
1935-04-13;0.0
1935-04-14;3.2
1935-04-15;1.7
1935-04-16;0.0
1935-04-17;0.0
1935-04-18;21.5
1935-04-19;1.2
1935-04-20;0.0
1935-04-21;0.0
1935-04-22;0.0
1935-04-23;1.5
1935-04-24;16.3
1935-04-25;5.5
1935-04-26;0.0
1935-04-27;0.0
1935-04-28;0.0
1935-04-29;0.0
1935-04-30;0.0
1935-05-01;0.0
1935-05-02;2.9
1935-05-03;0.0
1935-05-04;0.0
1935-05-05;0.0
1935-05-06;0.0
1935-05-07;2.4
1935-05-08;0.5
1935-05-09;10.7
1935-05-10;0.0
1935-05-11;0.0
1935-05-12;0.0
1935-05-13;0.0
1935-05-14;3.3
1935-05-15;0.0
1935-05-16;6.5
1935-05-17;4.0
1935-05-18;0.0
1935-05-19;4.2
1935-05-20;0.0
1935-05-21;0.0
1935-05-22;0.0
1935-05-23;11.3
1935-05-24;26.1
1935-05-25;0.0
1935-05-26;0.0
1935-05-27;0.0
1935-05-28;0.0
1935-05-29;6.0
1935-05-30;14.5
1935-05-31;7.6
1935-06-01;0.0
1935-06-02;3.1
1935-06-03;0.0
1935-06-04;0.0
1935-06-05;0.0
1935-06-06;0.0
1935-06-07;0.0
1935-06-08;0.0
1935-06-09;0.0
1935-06-10;0.0
1935-06-11;0.0
1935-06-12;0.0
1935-06-13;0.0
1935-06-14;0.0
1935-06-15;0.0
1935-06-16;0.0
1935-06-17;0.0
1935-06-18;0.0
1935-06-19;0.0
1935-06-20;0.0
1935-06-21;0.0
1935-06-22;0.0
1935-06-23;0.0
1935-06-24;0.0
1935-06-25;0.0
1935-06-26;0.0
1935-06-27;0.0
1935-06-28;0.0
1935-06-29;0.0
1935-06-30;0.0
1935-07-01;0.0
1935-07-02;0.0
1935-07-03;0.0
1935-07-04;0.0
1935-07-05;0.0
1935-07-06;0.0
1935-07-07;0.0
1935-07-08;0.9
1935-07-09;0.0
1935-07-10;0.0
1935-07-11;0.0
1935-07-12;0.0
1935-07-13;0.0
1935-07-14;0.0
1935-07-15;0.0
1935-07-16;0.0
1935-07-17;0.0
1935-07-18;0.0
1935-07-19;0.0
1935-07-20;0.0
1935-07-21;0.0
1935-07-22;0.0
1935-07-23;0.0
1935-07-24;0.0
1935-07-25;0.0
1935-07-26;0.0
1935-07-27;0.0
1935-07-28;0.0
1935-07-29;0.0
1935-07-30;0.0
1935-07-31;0.0
1935-08-01;0.0
1935-08-02;0.0
1935-08-03;0.0
1935-08-04;0.9
1935-08-05;0.0
1935-08-06;0.0
1935-08-07;0.0
1935-08-08;0.0
1935-08-09;0.0
1935-08-10;0.0
1935-08-11;0.0
1935-08-12;0.0
1935-08-13;0.0
1935-08-14;13.5
1935-08-15;1.2
1935-08-16;0.0
1935-08-17;0.0
1935-08-18;0.0
1935-08-19;0.0
1935-08-20;0.0
1935-08-21;0.0
1935-08-22;0.0
1935-08-23;0.0
1935-08-24;0.0
1935-08-25;0.0
1935-08-26;14.5
1935-08-27;0.0
1935-08-28;10.2
1935-08-29;0.0
1935-08-30;0.0
1935-08-31;0.0
1935-09-01;0.0
1935-09-02;0.0
1935-09-03;1.7
1935-09-04;0.0
1935-09-05;10.6
1935-09-06;0.0
1935-09-07;0.0
1935-09-08;0.0
1935-09-09;0.0
1935-09-10;0.0
1935-09-11;9.4
1935-09-12;0.0
1935-09-13;0.0
1935-09-14;0.0
1935-09-15;0.0
1935-09-16;6.3
1935-09-17;2.6
1935-09-18;0.0
1935-09-19;0.0
1935-09-20;0.0
1935-09-21;0.0
1935-09-22;0.0
1935-09-23;0.0
1935-09-24;0.0
1935-09-25;5.0
1935-09-26;0.0
1935-09-27;0.0
1935-09-28;0.0
1935-09-29;0.0
1935-09-30;0.0
1935-10-01;0.0
1935-10-02;76.5
1935-10-03;16.0
1935-10-04;0.0
1935-10-05;20.2
1935-10-06;55.0
1935-10-07;6.1
1935-10-08;0.0
1935-10-09;8.3
1935-10-10;11.4
1935-10-11;0.0
1935-10-12;0.0
1935-10-13;1.5
1935-10-14;0.0
1935-10-15;5.0
1935-10-16;0.0
1935-10-17;0.0
1935-10-18;0.0
1935-10-19;0.0
1935-10-20;6.2
1935-10-21;61.3
1935-10-22;11.2
1935-10-23;9.0
1935-10-24;0.0
1935-10-25;17.3
1935-10-26;17.5
1935-10-27;0.0
1935-10-28;0.0
1935-10-29;0.0
1935-10-30;0.0
1935-10-31;1.3
1935-11-01;0.0
1935-11-02;0.0
1935-11-03;0.0
1935-11-04;0.0
1935-11-05;9.0
1935-11-06;0.0
1935-11-07;4.7
1935-11-08;3.9
1935-11-09;0.0
1935-11-10;0.0
1935-11-11;30.5
1935-11-12;0.0
1935-11-13;0.0
1935-11-14;0.0
1935-11-15;0.0
1935-11-16;8.3
1935-11-17;1.6
1935-11-18;43.2
1935-11-19;2.9
1935-11-20;0.0
1935-11-21;20.5
1935-11-22;0.0
1935-11-23;5.0
1935-11-24;0.0
1935-11-25;11.5
1935-11-26;2.4
1935-11-27;0.0
1935-11-28;0.0
1935-11-29;0.0
1935-11-30;0.0
1935-12-01;7.4
1935-12-02;10.9
1935-12-03;2.2
1935-12-04;12.3
1935-12-05;3.5
1935-12-06;1.4
1935-12-07;0.0
1935-12-08;0.0
1935-12-09;0.0
1935-12-10;0.0
1935-12-11;0.0
1935-12-12;0.0
1935-12-13;0.0
1935-12-14;9.0
1935-12-15;3.2
1935-12-16;4.8
1935-12-17;0.4
1935-12-18;23.5
1935-12-19;3.4
1935-12-20;0.4
1935-12-21;11.5
1935-12-22;0.0
1935-12-23;0.0
1935-12-24;15.0
1935-12-25;11.4
1935-12-26;10.8
1935-12-27;5.2
1935-12-28;1.7
1935-12-29;0.0
1935-12-30;0.2
1935-12-31;0.0
1936-01-01;0.0
1936-01-02;10.2
1936-01-03;4.7
1936-01-04;25.4
1936-01-05;18.3
1936-01-06;0.0
1936-01-07;0.0
1936-01-08;16.3
1936-01-09;0.0
1936-01-10;0.7
1936-01-11;0.0
1936-01-12;0.0
1936-01-13;0.0
1936-01-14;0.0
1936-01-15;0.0
1936-01-16;0.0
1936-01-17;0.8
1936-01-18;14.5
1936-01-19;0.0
1936-01-20;12.3
1936-01-21;21.0
1936-01-22;4.3
1936-01-23;10.5
1936-01-24;0.0
1936-01-25;1.0
1936-01-26;0.0
1936-01-27;15.7
1936-01-28;6.8
1936-01-29;0.0
1936-01-30;7.6
1936-01-31;0.0
1936-02-01;0.0
1936-02-02;2.9
1936-02-03;7.0
1936-02-04;0.0
1936-02-05;0.9
1936-02-06;0.0
1936-02-07;0.0
1936-02-08;0.0
1936-02-09;0.0
1936-02-10;0.0
1936-02-11;2.5
1936-02-12;0.0
1936-02-13;0.0
1936-02-14;0.0
1936-02-15;2.4
1936-02-16;0.0
1936-02-17;3.3
1936-02-18;17.2
1936-02-19;0.0
1936-02-21;0.0
1936-02-22;6.2
1936-02-23;0.0
1936-02-24;3.0
1936-02-25;4.8
1936-02-26;0.0
1936-02-27;0.3
1936-02-28;15.3
1936-02-29;20.2
1936-03-01;15.0
1936-03-02;6.8
1936-03-03;10.0
1936-03-04;0.0
1936-03-05;0.0
1936-03-06;3.6
1936-03-07;4.1
1936-03-08;0.0
1936-03-09;0.0
1936-03-10;0.0
1936-03-11;0.0
1936-03-12;0.0
1936-03-13;1.9
1936-03-14;0.0
1936-03-15;0.0
1936-03-16;4.5
1936-03-17;1.3
1936-03-18;0.0
1936-03-19;0.0
1936-03-20;0.0
1936-03-21;0.0
1936-03-22;0.0
1936-03-23;0.0
1936-03-24;6.3
1936-03-25;1.5
1936-03-26;0.0
1936-03-27;10.8
1936-03-28;6.1
1936-03-29;0.0
1936-03-30;14.2
1936-03-31;0.0
1936-04-01;0.0
1936-04-02;0.0
1936-04-03;0.0
1936-04-04;0.0
1936-04-05;3.3
1936-04-06;0.0
1936-04-07;0.0
1936-04-08;2.3
1936-04-09;3.2
1936-04-10;0.0
1936-04-11;0.0
1936-04-12;0.0
1936-04-13;0.0
1936-04-14;11.5
1936-04-15;0.0
1936-04-16;3.9
1936-04-17;23.0
1936-04-18;9.5
1936-04-19;0.2
1936-04-20;0.0
1936-04-21;6.3
1936-04-22;0.0
1936-04-23;6.8
1936-04-24;0.9
1936-04-25;0.0
1936-04-26;0.0
1936-04-27;0.0
1936-04-28;0.0
1936-04-29;21.0
1936-04-30;8.0
1936-05-01;3.2
1936-05-02;0.3
1936-05-03;0.0
1936-05-04;7.1
1936-05-05;1.2
1936-05-06;0.0
1936-05-07;0.0
1936-05-08;3.8
1936-05-09;0.0
1936-05-10;0.0
1936-05-11;0.0
1936-05-12;0.0
1936-05-13;1.2
1936-05-14;0.0
1936-05-15;0.0
1936-05-16;6.2
1936-05-17;0.0
1936-05-18;0.0
1936-05-19;0.0
1936-05-20;15.4
1936-05-21;1.8
1936-05-22;15.0
1936-05-23;4.9
1936-05-24;0.0
1936-05-25;0.3
1936-05-26;0.0
1936-05-27;0.0
1936-05-28;0.0
1936-05-29;0.0
1936-05-30;0.0
1936-05-31;5.3
1936-06-01;0.9
1936-06-02;0.0
1936-06-03;0.0
1936-06-04;5.7
1936-06-05;12.5
1936-06-06;0.0
1936-06-07;0.0
1936-06-08;0.0
1936-06-09;0.0
1936-06-10;6.0
1936-06-11;0.0
1936-06-12;17.7
1936-06-13;0.0
1936-06-14;0.0
1936-06-15;0.0
1936-06-16;0.0
1936-06-17;0.0
1936-06-18;0.0
1936-06-19;0.0
1936-06-20;1.4
1936-06-21;0.0
1936-06-22;0.0
1936-06-23;0.0
1936-06-24;0.0
1936-06-25;0.0
1936-06-26;0.0
1936-06-27;0.0
1936-06-28;13.3
1936-06-29;3.6
1936-06-30;0.0
1936-07-01;0.0
1936-07-02;0.0
1936-07-03;32.0
1936-07-04;0.0
1936-07-05;0.0
1936-07-06;0.0
1936-07-07;0.0
1936-07-08;0.0
1936-07-09;0.0
1936-07-10;0.0
1936-07-11;0.0
1936-07-12;0.0
1936-07-13;0.0
1936-07-14;0.0
1936-07-15;0.0
1936-07-16;0.0
1936-07-17;0.0
1936-07-18;0.0
1936-07-19;0.0
1936-07-20;0.0
1936-07-21;0.0
1936-07-22;0.0
1936-07-23;0.0
1936-07-24;0.0
1936-07-25;0.0
1936-07-26;0.0
1936-07-27;0.0
1936-07-28;0.0
1936-07-29;0.0
1936-07-30;0.0
1936-07-31;0.0
1936-08-01;0.0
1936-08-02;0.0
1936-08-03;0.0
1936-08-04;0.0
1936-08-05;0.0
1936-08-06;0.0
1936-08-07;0.0
1936-08-08;0.0
1936-08-09;0.0
1936-08-10;0.0
1936-08-11;0.0
1936-08-12;0.0
1936-08-13;0.0
1936-08-14;0.0
1936-08-15;0.0
1936-08-16;0.0
1936-08-17;0.0
1936-08-18;0.0
1936-08-19;0.0
1936-08-20;0.0
1936-08-21;0.0
1936-08-22;0.0
1936-08-23;0.3
1936-08-24;0.4
1936-08-25;0.0
1936-08-26;0.0
1936-08-27;0.0
1936-08-28;0.0
1936-08-29;0.0
1936-08-30;0.0
1936-08-31;0.0
1936-09-01;0.0
1936-09-02;0.0
1936-09-03;0.0
1936-09-04;0.0
1936-09-05;0.0
1936-09-06;0.0
1936-09-07;1.2
1936-09-08;0.0
1936-09-09;0.0
1936-09-10;0.0
1936-09-11;0.0
1936-09-12;5.4
1936-09-13;0.0
1936-09-14;0.0
1936-09-15;0.0
1936-09-16;0.0
1936-09-17;8.4
1936-09-18;34.3
1936-09-19;3.2
1936-09-20;0.0
1936-09-21;0.0
1936-09-22;0.0
1936-09-23;0.0
1936-09-24;0.0
1936-09-25;0.0
1936-09-26;62.5
1936-09-27;0.0
1936-09-28;15.1
1936-09-29;16.5
1936-09-30;0.9
1936-10-01;0.0
1936-10-02;0.0
1936-10-03;4.4
1936-10-04;0.0
1936-10-05;0.0
1936-10-06;0.0
1936-10-07;90.8
1936-10-08;51.6
1936-10-09;12.4
1936-10-10;15.3
1936-10-11;25.0
1936-10-12;0.0
1936-10-13;0.0
1936-10-14;3.4
1936-10-15;0.0
1936-10-16;0.0
1936-10-17;0.0
1936-10-18;0.0
1936-10-19;0.0
1936-10-20;0.0
1936-10-21;1.9
1936-10-22;0.0
1936-10-23;0.0
1936-10-24;0.0
1936-10-25;0.0
1936-10-26;0.0
1936-10-27;0.0
1936-10-28;0.0
1936-10-29;5.3
1936-10-30;0.0
1936-10-31;0.0
1936-11-01;0.0
1936-11-02;0.0
1936-11-03;0.0
1936-11-04;0.0
1936-11-05;0.0
1936-11-06;0.0
1936-11-07;0.0
1936-11-08;13.8
1936-11-09;0.0
1936-11-10;18.3
1936-11-11;0.0
1936-11-12;0.0
1936-11-13;0.0
1936-11-14;0.0
1936-11-15;4.2
1936-11-16;0.0
1936-11-17;0.0
1936-11-18;0.0
1936-11-19;0.0
1936-11-20;0.0
1936-11-21;0.0
1936-11-22;0.0
1936-11-23;0.0
1936-11-24;0.0
1936-11-25;0.0
1936-11-26;0.0
1936-11-27;0.0
1936-11-28;0.0
1936-11-29;0.0
1936-11-30;0.0
1936-12-01;0.0
1936-12-02;0.0
1936-12-03;0.0
1936-12-04;0.0
1936-12-05;0.0
1936-12-06;2.6
1936-12-07;3.5
1936-12-08;6.4
1936-12-09;0.0
1936-12-10;0.0
1936-12-11;3.4
1936-12-12;0.0
1936-12-13;0.0
1936-12-14;0.0
1936-12-15;8.8
1936-12-16;0.0
1936-12-17;0.0
1936-12-18;0.0
1936-12-19;0.0
1936-12-20;0.0
1936-12-21;0.0
1936-12-22;0.0
1936-12-23;0.0
1936-12-24;0.0
1936-12-25;0.0
1936-12-26;0.0
1936-12-27;0.0
1936-12-28;0.0
1936-12-29;0.0
1936-12-30;0.0
1936-12-31;0.5
1937-01-01;6.1
1937-01-02;0.0
1937-01-03;0.7
1937-01-04;0.0
1937-01-05;0.3
1937-01-06;3.1
1937-01-07;3.4
1937-01-08;0.0
1937-01-09;0.0
1937-01-10;0.0
1937-01-11;0.0
1937-01-12;0.0
1937-01-13;0.0
1937-01-14;0.0
1937-01-15;0.0
1937-01-16;9.3
1937-01-17;2.8
1937-01-18;2.2
1937-01-19;2.1
1937-01-20;5.0
1937-01-21;0.0
1937-01-22;0.0
1937-01-23;0.0
1937-01-24;0.0
1937-01-25;6.6
1937-01-26;19.2
1937-01-27;23.2
1937-01-28;19.4
1937-01-29;23.3
1937-01-30;1.2
1937-01-31;3.4
1937-02-01;0.0
1937-02-02;0.0
1937-02-03;0.0
1937-02-04;0.0
1937-02-05;0.0
1937-02-06;1.5
1937-02-07;2.1
1937-02-08;1.4
1937-02-09;10.8
1937-02-10;2.9
1937-02-11;7.3
1937-02-12;1.8
1937-02-13;0.0
1937-02-14;0.0
1937-02-15;0.3
1937-02-16;0.0
1937-02-17;0.0
1937-02-18;1.2
1937-02-19;0.0
1937-02-20;0.0
1937-02-21;0.0
1937-02-22;0.0
1937-02-23;20.0
1937-02-24;5.4
1937-02-25;0.0
1937-02-26;0.0
1937-02-27;0.0
1937-02-28;0.0
1937-03-01;12.4
1937-03-02;0.5
1937-03-03;0.0
1937-03-04;0.0
1937-03-05;18.0
1937-03-06;24.2
1937-03-07;0.0
1937-03-08;8.0
1937-03-09;12.0
1937-03-10;31.0
1937-03-11;0.4
1937-03-12;0.9
1937-03-13;0.0
1937-03-14;35.2
1937-03-15;28.0
1937-03-16;0.0
1937-03-17;0.0
1937-03-18;0.0
1937-03-19;0.0
1937-03-20;0.0
1937-03-21;5.7
1937-03-22;18.9
1937-03-23;6.5
1937-03-24;19.8
1937-03-25;3.9
1937-03-26;0.0
1937-03-27;3.0
1937-03-28;0.0
1937-03-29;39.0
1937-03-30;4.3
1937-03-31;0.0
1937-04-01;0.0
1937-04-02;0.0
1937-04-03;0.0
1937-04-04;25.0
1937-04-05;0.4
1937-04-06;0.0
1937-04-07;2.3
1937-04-08;0.0
1937-04-09;2.2
1937-04-10;0.0
1937-04-11;1.4
1937-04-12;0.0
1937-04-13;0.0
1937-04-14;3.5
1937-04-15;0.6
1937-04-16;0.0
1937-04-17;0.8
1937-04-18;2.3
1937-04-19;0.2
1937-04-20;2.1
1937-04-21;0.0
1937-04-22;10.0
1937-04-23;0.0
1937-04-24;0.0
1937-04-25;1.0
1937-04-26;1.2
1937-04-27;0.0
1937-04-28;0.0
1937-04-29;0.0
1937-04-30;0.0
1937-05-01;0.0
1937-05-02;0.0
1937-05-03;9.8
1937-05-04;0.0
1937-05-05;0.5
1937-05-06;3.2
1937-05-07;0.0
1937-05-08;0.0
1937-05-09;0.0
1937-05-10;0.0
1937-05-11;0.0
1937-05-12;0.0
1937-05-13;11.8
1937-05-14;12.2
1937-05-15;0.0
1937-05-16;0.0
1937-05-17;0.0
1937-05-18;0.0
1937-05-19;0.0
1937-05-20;0.0
1937-05-21;0.0
1937-05-22;4.3
1937-05-23;0.0
1937-05-24;0.0
1937-05-25;0.0
1937-05-26;0.0
1937-05-27;0.0
1937-05-28;0.0
1937-05-29;0.0
1937-05-30;0.0
1937-05-31;0.0
1937-06-01;0.0
1937-06-02;0.0
1937-06-03;0.0
1937-06-04;0.0
1937-06-05;0.0
1937-06-06;0.0
1937-06-07;11.5
1937-06-08;0.0
1937-06-09;0.0
1937-06-10;0.0
1937-06-11;0.0
1937-06-12;0.0
1937-06-13;8.3
1937-06-14;0.0
1937-06-15;2.2
1937-06-16;26.1
1937-06-17;0.0
1937-06-18;0.0
1937-06-19;10.2
1937-06-20;14.4
1937-06-21;0.0
1937-06-22;0.0
1937-06-23;0.0
1937-06-24;21.8
1937-06-25;0.9
1937-06-26;0.0
1937-06-27;0.0
1937-06-28;15.7
1937-06-29;6.5
1937-06-30;0.0
1937-07-01;0.0
1937-07-02;0.0
1937-07-03;0.0
1937-07-04;0.0
1937-07-05;0.0
1937-07-06;2.1
1937-07-07;0.0
1937-07-08;0.0
1937-07-09;0.0
1937-07-10;0.0
1937-07-11;0.0
1937-07-12;0.0
1937-07-13;0.0
1937-07-14;0.0
1937-07-15;0.0
1937-07-16;0.0
1937-07-17;18.5
1937-07-18;72.4
1937-07-19;4.0
1937-07-20;0.0
1937-07-21;0.0
1937-07-22;0.0
1937-07-23;0.0
1937-07-24;0.0
1937-07-25;0.0
1937-07-26;0.0
1937-07-27;0.0
1937-07-28;0.0
1937-07-29;0.0
1937-07-30;0.0
1937-07-31;0.0
1937-08-01;23.3
1937-08-02;11.2
1937-08-03;4.5
1937-08-04;0.0
1937-08-05;0.0
1937-08-06;0.0
1937-08-07;0.0
1937-08-08;0.0
1937-08-09;0.0
1937-08-10;0.0
1937-08-11;0.0
1937-08-12;0.0
1937-08-13;0.0
1937-08-14;0.0
1937-08-15;13.2
1937-08-16;0.0
1937-08-17;1.8
1937-08-18;0.0
1937-08-19;0.0
1937-08-20;0.0
1937-08-21;4.7
1937-08-22;0.0
1937-08-23;0.0
1937-08-24;0.0
1937-08-25;0.0
1937-08-26;0.0
1937-08-27;0.0
1937-08-28;0.0
1937-08-29;1.4
1937-08-30;8.9
1937-09-01;16.8
1937-09-02;0.0
1937-09-03;0.0
1937-09-04;0.0
1937-09-05;0.0
1937-09-06;0.0
1937-09-07;0.0
1937-09-08;0.0
1937-09-09;0.0
1937-09-10;0.8
1937-09-11;31.4
1937-09-12;29.2
1937-09-13;0.0
1937-09-14;0.0
1937-09-15;15.6
1937-09-16;0.0
1937-09-17;0.0
1937-09-18;7.8
1937-09-19;73.4
1937-09-20;6.3
1937-09-21;0.0
1937-09-22;11.3
1937-09-23;0.0
1937-09-24;18.4
1937-09-25;0.0
1937-09-26;0.0
1937-09-27;0.0
1937-09-28;0.0
1937-09-29;0.0
1937-09-30;0.0
1937-10-01;4.0
1937-10-02;0.0
1937-10-03;0.0
1937-10-04;0.0
1937-10-05;75.8
1937-10-06;1.5
1937-10-07;15.3
1937-10-08;23.4
1937-10-09;0.0
1937-10-10;0.0
1937-10-11;0.0
1937-10-12;0.0
1937-10-13;0.0
1937-10-14;0.0
1937-10-15;0.0
1937-10-16;0.0
1937-10-17;0.0
1937-10-18;0.0
1937-10-19;2.4
1937-10-20;0.0
1937-10-21;0.0
1937-10-22;8.8
1937-10-23;14.0
1937-10-24;20.8
1937-10-25;10.5
1937-10-26;0.0
1937-10-27;0.0
1937-10-28;0.0
1937-10-29;14.0
1937-10-30;0.4
1937-10-31;0.3
1937-11-01;0.0
1937-11-02;0.0
1937-11-03;8.3
1937-11-04;0.0
1937-11-05;0.0
1937-11-06;6.4
1937-11-07;6.6
1937-11-08;0.0
1937-11-09;10.8
1937-11-10;5.2
1937-11-11;18.4
1937-11-12;25.6
1937-11-13;0.0
1937-11-14;0.0
1937-11-15;23.4
1937-11-16;0.0
1937-11-17;0.0
1937-11-18;39.8
1937-11-19;1.4
1937-11-20;19.7
1937-11-21;0.0
1937-11-22;2.8
1937-11-23;2.5
1937-11-24;0.0
1937-11-25;7.0
1937-11-26;4.8
1937-11-27;0.0
1937-11-28;0.9
1937-11-29;0.0
1937-11-30;0.0
1937-12-01;0.0
1937-12-02;10.3
1937-12-03;22.8
1937-12-04;22.4
1937-12-05;0.9
1937-12-06;11.5
1937-12-07;9.8
1937-12-08;11.2
1937-12-09;18.1
1937-12-10;13.6
1937-12-11;7.7
1937-12-12;21.3
1937-12-13;1.3
1937-12-14;0.0
1937-12-15;22.5
1937-12-16;8.0
1937-12-17;1.1
1937-12-18;4.8
1937-12-19;0.6
1937-12-20;0.0
1937-12-21;0.0
1937-12-22;0.0
1937-12-23;0.0
1937-12-24;0.0
1937-12-25;0.0
1937-12-26;0.0
1937-12-27;0.0
1937-12-28;0.0
1937-12-29;0.0
1937-12-30;0.0
1937-12-31;0.0
1938-01-01;0.0
1938-01-02;0.0
1938-01-03;0.0
1938-01-04;0.0
1938-01-05;0.0
1938-01-06;0.0
1938-01-07;0.0
1938-01-08;3.5
1938-01-09;0.0
1938-01-10;27.5
1938-01-11;12.0
1938-01-12;0.4
1938-01-13;0.0
1938-01-14;0.0
1938-01-15;0.0
1938-01-16;0.0
1938-01-17;0.0
1938-01-18;0.0
1938-01-19;0.0
1938-01-20;7.0
1938-01-21;0.0
1938-01-22;0.0
1938-01-23;0.0
1938-01-24;0.0
1938-01-25;0.0
1938-01-26;0.0
1938-01-27;0.0
1938-01-28;11.8
1938-01-29;0.0
1938-01-30;6.1
1938-01-31;3.2
1938-02-01;0.0
1938-02-02;1.7
1938-02-03;8.8
1938-02-04;0.0
1938-02-05;0.0
1938-02-06;0.0
1938-02-07;0.0
1938-02-08;0.0
1938-02-09;0.0
1938-02-10;0.0
1938-02-11;1.5
1938-02-12;0.0
1938-02-13;0.0
1938-02-14;0.0
1938-02-15;0.0
1938-02-16;0.0
1938-02-17;0.0
1938-02-18;5.8
1938-02-19;3.9
1938-02-20;0.0
1938-02-21;0.0
1938-02-22;0.0
1938-02-23;0.0
1938-02-24;0.0
1938-02-25;0.0
1938-02-26;0.0
1938-02-27;0.0
1938-02-28;0.0
1938-03-01;0.0
1938-03-02;0.0
1938-03-03;0.0
1938-03-04;0.0
1938-03-05;0.0
1938-03-06;0.0
1938-03-07;0.0
1938-03-08;0.0
1938-03-09;0.0
1938-03-10;0.0
1938-03-11;0.0
1938-03-12;0.0
1938-03-13;0.0
1938-03-14;0.0
1938-03-15;0.0
1938-03-16;0.0
1938-03-17;0.0
1938-03-18;0.0
1938-03-19;0.0
1938-03-20;0.0
1938-03-21;0.0
1938-03-22;0.0
1938-03-23;0.0
1938-03-24;0.0
1938-03-25;0.0
1938-03-26;10.8
1938-03-27;2.3
1938-03-28;0.0
1938-03-29;0.0
1938-03-30;0.0
1938-03-31;0.0
1938-04-01;0.0
1938-04-02;0.0
1938-04-03;0.0
1938-04-04;0.0
1938-04-05;0.0
1938-04-06;0.0
1938-04-07;0.0
1938-04-08;0.0
1938-04-09;0.0
1938-04-10;0.0
1938-04-11;0.0
1938-04-12;0.0
1938-04-13;0.0
1938-04-14;0.0
1938-04-15;0.0
1938-04-16;0.0
1938-04-17;0.0
1938-04-18;0.0
1938-04-19;0.0
1938-04-20;0.0
1938-04-21;0.0
1938-04-22;0.0
1938-04-23;0.7
1938-04-24;0.0
1938-04-25;0.0
1938-04-26;1.8
1938-04-27;21.2
1938-04-28;7.5
1938-04-29;16.8
1938-04-30;24.5
1938-05-01;0.0
1938-05-02;2.4
1938-05-03;0.0
1938-05-04;0.9
1938-05-05;0.0
1938-05-06;1.8
1938-05-07;13.3
1938-05-08;3.6
1938-05-09;0.0
1938-05-10;8.2
1938-05-11;1.8
1938-05-12;0.0
1938-05-13;0.0
1938-05-14;0.0
1938-05-15;1.2
1938-05-16;0.0
1938-05-17;0.0
1938-05-18;8.8
1938-05-19;0.0
1938-05-20;7.6
1938-05-21;4.8
1938-05-22;28.2
1938-05-23;9.1
1938-05-24;0.0
1938-05-25;0.7
1938-05-26;0.0
1938-05-27;12.8
1938-05-28;2.4
1938-05-29;7.2
1938-05-30;0.0
1938-05-31;0.0
1938-06-01;0.0
1938-06-02;0.0
1938-06-03;0.0
1938-06-04;0.0
1938-06-05;0.0
1938-06-06;0.0
1938-06-07;0.0
1938-06-08;0.0
1938-06-09;0.0
1938-06-10;0.0
1938-06-11;0.0
1938-06-12;0.0
1938-06-13;31.5
1938-06-14;0.0
1938-06-15;2.3
1938-06-16;0.0
1938-06-17;0.0
1938-06-18;0.0
1938-06-19;0.0
1938-06-20;0.0
1938-06-21;0.0
1938-06-22;0.0
1938-06-23;0.0
1938-06-24;0.0
1938-06-25;0.0
1938-06-26;0.0
1938-06-27;0.0
1938-06-28;0.0
1938-06-29;0.0
1938-06-30;0.0
1938-07-01;0.0
1938-07-02;0.0
1938-07-03;4.0
1938-07-04;5.0
1938-07-05;0.0
1938-07-06;0.0
1938-07-07;0.0
1938-07-08;0.0
1938-07-09;0.0
1938-07-10;0.0
1938-07-11;0.0
1938-07-12;0.0
1938-07-13;0.0
1938-07-14;0.0
1938-07-15;0.0
1938-07-16;0.0
1938-07-17;0.0
1938-07-18;0.0
1938-07-19;0.2
1938-07-20;0.0
1938-07-21;0.0
1938-07-22;0.0
1938-07-23;0.0
1938-07-24;0.0
1938-07-25;0.0
1938-07-26;0.0
1938-07-27;0.0
1938-07-28;0.0
1938-07-29;0.0
1938-07-30;0.0
1938-07-31;0.0
1938-08-01;0.0
1938-08-02;0.0
1938-08-03;0.0
1938-08-04;0.0
1938-08-05;0.0
1938-08-06;0.0
1938-08-07;0.0
1938-08-08;4.7
1938-08-09;0.0
1938-08-10;0.0
1938-08-11;21.5
1938-08-12;0.0
1938-08-13;0.0
1938-08-14;25.8
1938-08-15;0.0
1938-08-16;0.0
1938-08-17;0.0
1938-08-18;0.0
1938-08-19;0.0
1938-08-20;0.0
1938-08-21;0.0
1938-08-22;10.8
1938-08-23;0.0
1938-08-24;0.0
1938-08-25;0.0
1938-08-26;0.0
1938-08-27;0.0
1938-08-28;9.1
1938-08-29;3.5
1938-08-30;0.0
1938-08-31;14.5
1938-09-01;1.2
1938-09-02;0.0
1938-09-03;0.0
1938-09-04;0.0
1938-09-05;0.0
1938-09-06;0.0
1938-09-07;0.0
1938-09-08;0.0
1938-09-09;4.5
1938-09-10;7.4
1938-09-11;0.0
1938-09-12;0.0
1938-09-13;0.0
1938-09-14;0.0
1938-09-15;0.0
1938-09-16;6.3
1938-09-17;0.0
1938-09-18;0.0
1938-09-19;0.0
1938-09-20;0.0
1938-09-21;0.0
1938-09-22;0.0
1938-09-23;0.0
1938-09-24;0.0
1938-09-25;0.0
1938-09-26;0.0
1938-09-27;0.0
1938-09-28;1.8
1938-09-29;1.7
1938-09-30;0.0
1938-10-01;4.2
1938-10-02;5.4
1938-10-03;0.0
1938-10-04;0.0
1938-10-05;23.5
1938-10-06;18.0
1938-10-07;0.0
1938-10-08;0.0
1938-10-09;0.0
1938-10-10;0.0
1938-10-11;0.0
1938-10-12;0.0
1938-10-13;0.0
1938-10-14;0.0
1938-10-15;0.0
1938-10-16;0.0
1938-10-17;0.0
1938-10-18;0.0
1938-10-19;0.0
1938-10-20;0.0
1938-10-21;0.0
1938-10-22;0.0
1938-10-23;0.0
1938-10-24;0.0
1938-10-25;0.0
1938-10-26;8.4
1938-10-27;10.3
1938-10-28;3.2
1938-10-29;2.7
1938-10-30;17.4
1938-10-31;2.3
1938-11-01;0.0
1938-11-02;0.0
1938-11-03;0.0
1938-11-04;0.0
1938-11-05;0.0
1938-11-06;0.0
1938-11-07;0.0
1938-11-08;0.0
1938-11-09;0.0
1938-11-10;0.0
1938-11-11;0.0
1938-11-12;0.0
1938-11-13;0.0
1938-11-14;0.0
1938-11-15;0.0
1938-11-16;0.0
1938-11-17;0.0
1938-11-18;0.0
1938-11-19;0.0
1938-11-20;0.0
1938-11-21;10.5
1938-11-22;53.0
1938-11-23;5.5
1938-11-24;0.4
1938-11-25;0.0
1938-11-26;0.0
1938-11-27;3.5
1938-11-28;41.7
1938-11-29;0.0
1938-11-30;0.0
1938-12-01;0.0
1938-12-02;12.5
1938-12-03;0.0
1938-12-04;0.0
1938-12-05;0.0
1938-12-06;0.0
1938-12-07;5.8
1938-12-08;0.0
1938-12-09;0.0
1938-12-10;0.0
1938-12-11;0.0
1938-12-12;0.0
1938-12-13;0.0
1938-12-14;0.0
1938-12-15;0.0
1938-12-16;0.0
1938-12-17;0.0
1938-12-18;0.0
1938-12-19;0.0
1938-12-20;20.5
1938-12-21;15.2
1938-12-22;3.8
1938-12-23;11.3
1938-12-24;0.0
1938-12-25;0.0
1938-12-26;0.0
1938-12-27;0.0
1938-12-28;0.0
1938-12-29;0.0
1938-12-30;0.0
1938-12-31;0.0
1939-01-01;0.0
1939-01-02;3.5
1939-01-03;29.6
1939-01-04;1.9
1939-01-05;0.0
1939-01-06;4.3
1939-01-07;0.0
1939-01-08;0.0
1939-01-09;0.0
1939-01-10;0.0
1939-01-11;0.0
1939-01-12;3.4
1939-01-13;25.2
1939-01-14;1.1
1939-01-15;0.0
1939-01-16;0.0
1939-01-17;0.0
1939-01-18;0.0
1939-01-19;0.0
1939-01-20;0.3
1939-01-21;0.0
1939-01-22;0.0
1939-01-23;0.0
1939-01-24;30.0
1939-01-25;2.5
1939-01-26;0.0
1939-01-27;19.0
1939-01-28;3.5
1939-01-29;0.0
1939-01-30;0.0
1939-01-31;0.0
1939-02-01;0.0
1939-02-02;0.0
1939-02-03;0.0
1939-02-04;0.0
1939-02-05;0.0
1939-02-06;0.0
1939-02-07;0.0
1939-02-08;0.0
1939-02-09;0.0
1939-02-10;0.0
1939-02-11;0.0
1939-02-12;0.0
1939-02-13;0.0
1939-02-14;2.3
1939-02-15;0.0
1939-02-16;0.0
1939-02-17;0.0
1939-02-18;0.0
1939-02-19;0.0
1939-02-20;0.0
1939-02-21;0.0
1939-02-22;0.0
1939-02-23;0.0
1939-02-24;16.8
1939-02-25;7.3
1939-02-26;0.0
1939-02-27;1.5
1939-02-28;0.0
1939-03-01;2.3
1939-03-02;4.2
1939-03-03;0.0
1939-03-04;0.0
1939-03-05;0.0
1939-03-06;0.0
1939-03-07;0.0
1939-03-08;12.7
1939-03-09;0.0
1939-03-10;0.0
1939-03-11;0.0
1939-03-12;0.0
1939-03-13;10.0
1939-03-14;0.0
1939-03-15;0.0
1939-03-16;0.0
1939-03-17;0.0
1939-03-18;22.0
1939-03-19;2.4
1939-03-20;0.0
1939-03-21;0.0
1939-03-22;0.0
1939-03-23;0.0
1939-03-24;30.0
1939-03-25;0.0
1939-03-26;0.0
1939-03-27;8.4
1939-03-28;0.0
1939-03-29;2.5
1939-03-30;0.0
1939-03-31;0.0
1939-04-01;0.0
1939-04-02;0.0
1939-04-03;0.6
1939-04-04;0.0
1939-04-05;0.0
1939-04-06;0.0
1939-04-07;0.0
1939-04-08;0.0
1939-04-09;0.0
1939-04-10;0.0
1939-04-11;0.0
1939-04-12;0.0
1939-04-13;0.0
1939-04-14;0.0
1939-04-15;0.0
1939-04-16;0.0
1939-04-17;0.0
1939-04-18;0.0
1939-04-19;12.5
1939-04-20;10.9
1939-04-21;0.0
1939-04-22;0.0
1939-04-23;0.0
1939-04-24;0.0
1939-04-25;0.0
1939-04-26;0.0
1939-04-27;0.0
1939-04-28;3.9
1939-04-29;2.7
1939-04-30;5.4
1939-05-01;1.0
1939-05-02;2.1
1939-05-03;12.3
1939-05-04;2.4
1939-05-05;2.9
1939-05-06;1.2
1939-05-07;1.4
1939-05-08;0.3
1939-05-09;0.0
1939-05-10;0.8
1939-05-11;0.0
1939-05-12;10.0
1939-05-13;6.4
1939-05-14;31.6
1939-05-15;1.5
1939-05-16;0.0
1939-05-17;0.0
1939-05-18;0.0
1939-05-19;0.0
1939-05-20;0.0
1939-05-21;8.4
1939-05-22;14.0
1939-05-23;0.0
1939-05-24;0.0
1939-05-25;0.0
1939-05-26;4.1
1939-05-27;10.8
1939-05-28;0.0
1939-05-29;14.3
1939-05-30;15.4
1939-05-31;24.0
1939-06-01;1.5
1939-06-02;0.0
1939-06-03;0.0
1939-06-04;0.0
1939-06-05;0.0
1939-06-06;0.0
1939-06-07;0.0
1939-06-08;0.0
1939-06-09;0.0
1939-06-10;0.0
1939-06-11;0.0
1939-06-12;0.0
1939-06-13;15.4
1939-06-14;12.2
1939-06-15;32.0
1939-06-16;3.9
1939-06-17;0.0
1939-06-18;0.0
1939-06-19;0.0
1939-06-20;0.0
1939-06-21;11.5
1939-06-22;2.8
1939-06-23;0.0
1939-06-24;0.0
1939-06-25;0.4
1939-06-26;0.0
1939-06-27;0.0
1939-06-28;0.0
1939-06-29;0.0
1939-06-30;0.0
1939-07-01;0.0
1939-07-02;0.0
1939-07-03;0.0
1939-07-04;0.0
1939-07-05;0.0
1939-07-06;0.0
1939-07-07;0.0
1939-07-08;0.0
1939-07-09;0.0
1939-07-10;0.0
1939-07-11;0.0
1939-07-12;0.0
1939-07-13;0.0
1939-07-14;0.0
1939-07-15;0.0
1939-07-16;0.0
1939-07-17;0.0
1939-07-18;0.0
1939-07-19;0.0
1939-07-20;0.0
1939-07-21;0.0
1939-07-22;0.0
1939-07-23;1.8
1939-07-24;0.0
1939-07-25;0.0
1939-07-26;0.0
1939-07-27;0.0
1939-07-28;10.5
1939-07-29;0.0
1939-07-30;0.0
1939-07-31;0.0
1939-08-01;0.0
1939-08-02;0.0
1939-08-03;0.0
1939-08-04;0.0
1939-08-05;0.0
1939-08-06;6.4
1939-08-07;0.0
1939-08-08;0.0
1939-08-09;0.0
1939-08-10;0.0
1939-08-11;0.0
1939-08-12;0.0
1939-08-13;0.0
1939-08-14;18.3
1939-08-15;0.0
1939-08-16;0.0
1939-08-17;0.0
1939-08-18;0.0
1939-08-19;0.0
1939-08-20;0.0
1939-08-21;6.5
1939-08-22;0.0
1939-08-23;0.0
1939-08-24;0.0
1939-08-25;17.6
1939-08-26;3.5
1939-08-27;0.0
1939-08-28;0.0
1939-08-29;0.0
1939-08-30;0.0
1939-08-31;0.0
1939-09-01;0.0
1939-09-02;0.0
1939-09-03;0.5
1939-09-04;0.0
1939-09-05;16.5
1939-09-06;3.3
1939-09-07;2.2
1939-09-08;0.0
1939-09-09;0.0
1939-09-10;0.0
1939-09-11;0.0
1939-09-12;0.0
1939-09-13;2.5
1939-09-14;17.4
1939-09-15;51.0
1939-09-16;10.4
1939-09-17;2.6
1939-09-18;0.0
1939-09-19;4.3
1939-09-20;3.9
1939-09-21;0.0
1939-09-22;2.4
1939-09-23;13.0
1939-09-24;0.0
1939-09-25;0.0
1939-09-26;0.0
1939-09-27;0.0
1939-09-28;1.5
1939-09-29;0.0
1939-09-30;0.7
1939-10-01;5.0
1939-10-02;12.5
1939-10-03;2.4
1939-10-04;20.0
1939-10-05;1.2
1939-10-06;22.4
1939-10-07;2.1
1939-10-08;10.3
1939-10-09;1.0
1939-10-10;0.0
1939-10-11;0.0
1939-10-12;0.0
1939-10-13;12.4
1939-10-14;9.6
1939-10-15;0.0
1939-10-16;0.0
1939-10-17;0.0
1939-10-18;0.0
1939-10-19;0.0
1939-10-20;0.0
1939-10-21;0.0
1939-10-22;0.0
1939-10-23;23.3
1939-10-24;0.0
1939-10-25;0.0
1939-10-26;8.1
1939-10-27;13.8
1939-10-28;25.2
1939-10-29;2.5
1939-10-30;0.0
1939-10-31;1.6
1939-11-01;0.0
1939-11-02;15.0
1939-11-03;0.0
1939-11-04;0.0
1939-11-05;27.5
1939-11-06;6.4
1939-11-07;0.0
1939-11-08;0.0
1939-11-09;0.0
1939-11-10;0.0
1939-11-11;0.0
1939-11-12;0.0
1939-11-13;0.0
1939-11-14;0.0
1939-11-15;0.0
1939-11-16;25.2
1939-11-17;0.0
1939-11-18;0.0
1939-11-19;0.0
1939-11-20;4.5
1939-11-21;0.0
1939-11-22;0.0
1939-11-23;0.0
1939-11-24;0.0
1939-11-25;0.0
1939-11-26;0.0
1939-11-27;0.0
1939-11-28;0.0
1939-11-29;0.0
1939-11-30;0.0
1939-12-01;0.0
1939-12-02;0.0
1939-12-03;0.0
1939-12-04;11.8
1939-12-05;23.4
1939-12-06;15.9
1939-12-07;10.6
1939-12-08;0.0
1939-12-09;0.0
1939-12-10;0.0
1939-12-11;0.0
1939-12-12;15.2
1939-12-13;0.0
1939-12-14;0.0
1939-12-15;0.0
1939-12-16;32.7
1939-12-17;13.5
1939-12-18;0.0
1939-12-19;0.8
1939-12-20;11.6
1939-12-21;0.0
1939-12-22;0.0
1939-12-23;0.0
1939-12-24;9.4
1939-12-25;12.8
1939-12-26;2.5
1939-12-27;3.6
1939-12-28;0.0
1939-12-29;0.0
1939-12-30;0.0
1939-12-31;0.0
1940-01-01;0.2
1940-01-02;0.0
1940-01-03;0.0
1940-01-04;0.6
1940-01-05;3.3
1940-01-06;0.0
1940-01-07;0.0
1940-01-08;0.0
1940-01-09;0.0
1940-01-10;0.0
1940-01-11;0.9
1940-01-12;0.0
1940-01-13;0.0
1940-01-14;0.0
1940-01-15;0.0
1940-01-16;0.0
1940-01-17;2.4
1940-01-18;0.0
1940-01-19;10.0
1940-01-20;3.6
1940-01-21;3.5
1940-01-22;4.0
1940-01-23;7.2
1940-01-24;2.5
1940-01-25;0.0
1940-01-26;0.0
1940-01-27;0.0
1940-01-28;0.0
1940-01-29;0.0
1940-01-30;0.0
1940-01-31;12.6
1940-02-01;4.0
1940-02-02;9.5
1940-02-03;7.2
1940-02-04;0.0
1940-02-05;1.3
1940-02-06;0.0
1940-02-07;17.9
1940-02-08;0.4
1940-02-09;5.2
1940-02-10;19.6
1940-02-11;0.0
1940-02-12;5.2
1940-02-13;18.4
1940-02-14;0.0
1940-02-15;0.0
1940-02-16;0.0
1940-02-17;0.3
1940-02-18;8.0
1940-02-19;0.0
1940-02-20;0.0
1940-02-21;0.0
1940-02-22;0.0
1940-02-23;0.0
1940-02-24;0.0
1940-02-25;0.0
1940-02-26;0.0
1940-02-27;0.0
1940-02-28;0.0
1940-02-29;0.0
1940-03-01;0.0
1940-03-02;0.0
1940-03-03;0.0
1940-03-04;0.0
1940-03-05;0.0
1940-03-06;0.0
1940-03-07;0.0
1940-03-08;0.0
1940-03-09;0.0
1940-03-10;0.0
1940-03-11;0.0
1940-03-12;0.0
1940-03-13;6.2
1940-03-14;3.6
1940-03-15;0.0
1940-03-16;0.0
1940-03-17;0.0
1940-03-18;0.0
1940-03-19;0.0
1940-03-20;0.0
1940-03-21;0.0
1940-03-22;0.0
1940-03-23;0.0
1940-03-24;1.6
1940-03-25;0.0
1940-03-26;0.0
1940-03-27;4.2
1940-03-28;3.9
1940-03-29;4.7
1940-03-30;0.0
1940-03-31;0.0
1940-04-01;0.0
1940-04-02;0.0
1940-04-03;0.0
1940-04-04;0.0
1940-04-05;1.6
1940-04-06;7.2
1940-04-08;0.0
1940-04-09;0.0
1940-04-10;0.0
1940-04-11;0.0
1940-04-12;0.0
1940-04-13;0.0
1940-04-14;0.0
1940-04-15;0.0
1940-04-16;0.0
1940-04-17;0.0
1940-04-18;0.0
1940-04-19;0.0
1940-04-20;0.0
1940-04-21;6.8
1940-04-22;0.0
1940-04-23;0.0
1940-04-24;0.0
1940-04-25;2.9
1940-04-26;6.8
1940-04-27;3.5
1940-04-28;6.4
1940-04-29;0.0
1940-04-30;9.2
1940-05-01;15.2
1940-05-02;3.4
1940-05-03;12.0
1940-05-04;1.9
1940-05-05;0.0
1940-05-06;6.1
1940-05-07;2.4
1940-05-08;0.0
1940-05-09;0.0
1940-05-10;0.0
1940-05-11;0.0
1940-05-12;0.0
1940-05-13;0.0
1940-05-14;0.0
1940-05-15;0.0
1940-05-16;9.1
1940-05-17;15.0
1940-05-18;6.8
1940-05-19;0.0
1940-05-20;0.0
1940-05-21;0.0
1940-05-22;0.0
1940-05-23;0.0
1940-05-24;1.3
1940-05-25;0.0
1940-05-26;0.0
1940-05-27;0.0
1940-05-28;0.0
1940-05-29;0.0
1940-05-30;20.1
1940-05-31;0.0
1940-06-01;0.0
1940-06-02;2.0
1940-06-03;0.0
1940-06-04;0.0
1940-06-05;0.0
1940-06-06;0.0
1940-06-07;0.0
1940-06-08;0.0
1940-06-09;0.0
1940-06-10;0.0
1940-06-11;0.0
1940-06-12;0.0
1940-06-13;0.0
1940-06-14;0.0
1940-06-15;9.6
1940-06-16;13.2
1940-06-17;0.0
1940-06-18;2.8
1940-06-19;0.0
1940-06-20;6.2
1940-06-21;0.0
1940-06-22;0.0
1940-06-23;7.4
1940-06-24;8.0
1940-06-25;16.8
1940-06-26;0.0
1940-06-27;0.0
1940-06-28;29.4
1940-06-29;2.6
1940-06-30;0.0
1940-07-01;0.0
1940-07-02;3.6
1940-07-03;0.0
1940-07-04;0.0
1940-07-05;2.8
1940-07-06;0.0
1940-07-07;0.0
1940-07-08;16.0
1940-07-09;2.0
1940-07-10;0.0
1940-07-11;0.0
1940-07-12;0.0
1940-07-13;0.0
1940-07-14;0.0
1940-07-15;0.0
1940-07-16;0.0
1940-07-17;5.0
1940-07-18;1.4
1940-07-19;0.0
1940-07-20;0.0
1940-07-21;0.0
1940-07-22;0.0
1940-07-23;0.0
1940-07-24;0.0
1940-07-25;0.0
1940-07-26;0.0
1940-07-27;0.0
1940-07-28;0.0
1940-07-29;0.0
1940-07-30;0.0
1940-07-31;0.0
1940-08-01;0.0
1940-08-02;0.0
1940-08-03;0.0
1940-08-04;0.0
1940-08-05;0.0
1940-08-06;0.0
1940-08-07;10.0
1940-08-08;0.0
1940-08-09;0.0
1940-08-10;0.0
1940-08-11;0.0
1940-08-12;0.0
1940-08-13;0.0
1940-08-14;0.0
1940-08-15;0.0
1940-08-16;0.0
1940-08-17;0.0
1940-08-18;0.0
1940-08-19;0.0
1940-08-20;0.0
1940-08-21;43.0
1940-08-22;0.0
1940-08-23;11.8
1940-08-24;0.0
1940-08-25;0.0
1940-08-26;0.0
1940-08-27;0.0
1940-08-28;0.0
1940-08-29;0.0
1940-08-30;0.0
1940-08-31;0.0
1940-09-01;0.0
1940-09-02;0.0
1940-09-03;0.0
1940-09-04;0.0
1940-09-05;0.0
1940-09-06;0.0
1940-09-07;0.0
1940-09-08;0.0
1940-09-09;0.0
1940-09-10;6.4
1940-09-11;18.2
1940-09-12;0.0
1940-09-13;0.0
1940-09-14;3.8
1940-09-15;5.5
1940-09-16;30.0
1940-09-17;0.0
1940-09-18;0.0
1940-09-19;0.0
1940-09-20;0.0
1940-09-21;0.0
1940-09-22;0.0
1940-09-23;0.0
1940-09-24;0.0
1940-09-25;0.0
1940-09-26;0.0
1940-09-27;0.0
1940-09-28;0.0
1940-09-29;0.0
1940-09-30;0.0
1940-10-01;13.8
1940-10-02;25.6
1940-10-03;10.4
1940-10-04;0.0
1940-10-05;12.0
1940-10-06;0.0
1940-10-07;0.0
1940-10-08;0.0
1940-10-09;0.0
1940-10-10;0.0
1940-10-11;10.7
1940-10-12;25.9
1940-10-13;9.2
1940-10-14;15.0
1940-10-15;0.0
1940-10-16;0.0
1940-10-17;0.0
1940-10-18;0.0
1940-10-19;0.0
1940-10-20;0.0
1940-10-21;0.0
1940-10-22;0.0
1940-10-23;0.0
1940-10-24;8.4
1940-10-25;10.6
1940-10-26;7.9
1940-10-27;25.3
1940-10-28;12.4
1940-10-29;6.2
1940-10-30;4.2
1940-10-31;2.0
1940-11-01;0.0
1940-11-02;1.7
1940-11-03;0.0
1940-11-04;0.0
1940-11-05;0.0
1940-11-06;0.0
1940-11-07;0.0
1940-11-08;4.0
1940-11-09;0.0
1940-11-10;0.0
1940-11-11;0.0
1940-11-12;4.2
1940-11-13;19.4
1940-11-14;5.5
1940-11-15;7.4
1940-11-16;52.6
1940-11-17;16.0
1940-11-18;27.3
1940-11-19;6.1
1940-11-20;0.0
1940-11-21;0.0
1940-11-22;0.0
1940-11-23;0.0
1940-11-24;3.5
1940-11-25;0.0
1940-11-26;0.0
1940-11-27;0.0
1940-11-28;0.0
1940-11-29;9.2
1940-11-30;10.8
1940-12-01;1.8
1940-12-02;0.0
1940-12-03;0.0
1940-12-04;0.0
1940-12-05;0.0
1940-12-06;0.0
1940-12-07;0.0
1940-12-08;11.9
1940-12-09;0.0
1940-12-10;0.0
1940-12-11;2.4
1940-12-12;0.0
1940-12-13;0.0
1940-12-14;0.0
1940-12-15;0.0
1940-12-16;0.0
1940-12-17;0.0
1940-12-18;0.0
1940-12-19;0.0
1940-12-20;0.0
1940-12-21;0.0
1940-12-22;0.0
1940-12-23;0.0
1940-12-24;0.2
1940-12-25;0.3
1940-12-26;0.0
1940-12-27;0.0
1940-12-28;0.0
1940-12-29;0.0
1940-12-30;0.0
1940-12-31;0.0
1941-01-01;6.8
1941-01-02;14.7
1941-01-03;32.4
1941-01-04;10.7
1941-01-05;0.9
1941-01-06;0.0
1941-01-07;0.0
1941-01-08;0.0
1941-01-09;0.0
1941-01-10;8.5
1941-01-11;0.0
1941-01-12;0.0
1941-01-13;0.0
1941-01-14;0.0
1941-01-15;0.0
1941-01-16;1.5
1941-01-17;15.0
1941-01-18;2.3
1941-01-19;0.0
1941-01-20;14.5
1941-01-21;2.1
1941-01-22;18.5
1941-01-23;11.2
1941-01-24;20.0
1941-01-25;0.3
1941-01-26;2.4
1941-01-27;0.0
1941-01-28;0.0
1941-01-29;0.0
1941-01-30;0.0
1941-01-31;0.0
1941-02-01;6.9
1941-02-02;30.0
1941-02-03;0.7
1941-02-04;16.5
1941-02-05;7.0
1941-02-06;0.0
1941-02-07;0.0
1941-02-08;0.0
1941-02-09;0.0
1941-02-10;0.0
1941-02-11;0.0
1941-02-12;0.0
1941-02-13;6.5
1941-02-14;64.5
1941-02-15;14.0
1941-02-16;8.7
1941-02-17;28.5
1941-02-18;16.8
1941-02-19;3.6
1941-02-20;2.2
1941-02-21;11.4
1941-02-22;6.4
1941-02-23;6.2
1941-02-24;4.0
1941-02-25;1.2
1941-02-26;0.0
1941-02-27;0.6
1941-02-28;0.0
1941-03-01;0.0
1941-03-02;0.0
1941-03-03;0.0
1941-03-04;6.2
1941-03-05;11.1
1941-03-06;0.5
1941-03-07;0.0
1941-03-08;0.0
1941-03-09;6.8
1941-03-10;0.0
1941-03-11;0.9
1941-03-12;0.0
1941-03-13;0.0
1941-03-14;0.0
1941-03-15;0.0
1941-03-16;0.0
1941-03-17;0.0
1941-03-18;9.1
1941-03-19;0.0
1941-03-20;0.0
1941-03-21;0.0
1941-03-22;0.0
1941-03-23;0.0
1941-03-24;0.0
1941-03-25;0.8
1941-03-26;0.0
1941-03-27;0.0
1941-03-28;0.0
1941-03-29;2.1
1941-03-30;0.0
1941-03-31;12.4
1941-04-01;0.0
1941-04-02;7.8
1941-04-03;12.2
1941-04-04;0.0
1941-04-05;0.0
1941-04-06;2.5
1941-04-07;21.2
1941-04-08;13.8
1941-04-09;0.0
1941-04-10;0.0
1941-04-11;0.0
1941-04-12;0.0
1941-04-13;0.0
1941-04-14;0.0
1941-04-15;0.0
1941-04-16;0.0
1941-04-17;0.0
1941-04-18;0.0
1941-04-19;0.0
1941-04-20;0.0
1941-04-21;0.0
1941-04-22;0.0
1941-04-23;0.0
1941-04-24;0.0
1941-04-25;27.6
1941-04-26;18.4
1941-04-27;1.2
1941-04-28;16.2
1941-04-29;18.5
1941-04-30;0.0
1941-05-01;7.9
1941-05-02;16.8
1941-05-03;1.4
1941-05-04;16.0
1941-05-05;14.3
1941-05-06;0.0
1941-05-07;0.0
1941-05-08;0.0
1941-05-09;0.0
1941-05-10;0.0
1941-05-11;11.5
1941-05-12;15.8
1941-05-13;0.0
1941-05-14;0.0
1941-05-15;0.0
1941-05-16;0.0
1941-05-17;0.0
1941-05-18;0.0
1941-05-19;0.0
1941-05-20;15.0
1941-05-21;0.0
1941-05-22;0.0
1941-05-23;0.0
1941-05-24;0.0
1941-05-25;13.2
1941-05-26;0.0
1941-05-27;0.0
1941-05-28;11.0
1941-05-29;0.0
1941-05-30;0.0
1941-05-31;0.0
1941-06-01;0.0
1941-06-02;0.0
1941-06-03;0.0
1941-06-04;0.0
1941-06-05;0.0
1941-06-06;0.0
1941-06-07;0.0
1941-06-08;0.0
1941-06-09;0.0
1941-06-10;17.1
1941-06-11;12.7
1941-06-12;0.0
1941-06-13;0.0
1941-06-14;20.2
1941-06-15;6.4
1941-06-16;0.0
1941-06-17;0.0
1941-06-18;0.0
1941-06-19;0.0
1941-06-20;0.0
1941-06-21;0.0
1941-06-22;3.5
1941-06-23;0.0
1941-06-24;23.2
1941-06-25;0.0
1941-06-26;0.0
1941-06-27;0.0
1941-06-28;0.0
1941-06-29;0.0
1941-06-30;7.4
1941-07-01;20.0
1941-07-02;0.0
1941-07-03;0.0
1941-07-04;0.0
1941-07-05;0.0
1941-07-06;0.0
1941-07-07;0.0
1941-07-08;0.0
1941-07-09;0.0
1941-07-10;0.0
1941-07-11;0.7
1941-07-12;0.0
1941-07-13;0.0
1941-07-14;0.0
1941-07-15;0.0
1941-07-16;0.0
1941-07-17;11.5
1941-07-18;0.0
1941-07-19;0.0
1941-07-20;0.0
1941-07-21;0.0
1941-07-22;0.0
1941-07-23;0.0
1941-07-24;0.0
1941-07-25;0.0
1941-07-26;0.0
1941-07-27;0.0
1941-07-28;0.0
1941-07-29;0.0
1941-07-30;0.0
1941-07-31;0.0
1941-08-01;0.0
1941-08-02;2.7
1941-08-03;0.0
1941-08-04;0.0
1941-08-05;0.0
1941-08-06;0.0
1941-08-07;0.0
1941-08-08;0.0
1941-08-09;0.0
1941-08-10;0.0
1941-08-11;0.0
1941-08-12;0.0
1941-08-13;0.0
1941-08-14;0.0
1941-08-15;0.0
1941-08-16;0.0
1941-08-17;0.0
1941-08-18;0.0
1941-08-19;0.0
1941-08-20;0.0
1941-08-21;0.0
1941-08-22;0.0
1941-08-23;0.0
1941-08-24;0.0
1941-08-25;0.0
1941-08-26;0.0
1941-08-27;0.0
1941-08-28;5.8
1941-08-29;0.0
1941-08-30;0.0
1941-08-31;0.0
1941-09-01;0.0
1941-09-02;0.0
1941-09-03;0.0
1941-09-04;0.0
1941-09-05;0.0
1941-09-06;0.0
1941-09-07;0.0
1941-09-08;0.0
1941-09-09;6.7
1941-09-10;0.0
1941-09-11;0.0
1941-09-12;0.0
1941-09-13;0.0
1941-09-14;0.0
1941-09-15;0.0
1941-09-16;0.0
1941-09-17;3.6
1941-09-18;0.0
1941-09-19;0.0
1941-09-20;0.0
1941-09-21;0.0
1941-09-22;0.0
1941-09-23;0.0
1941-09-24;0.0
1941-09-25;0.0
1941-09-26;0.0
1941-09-27;0.0
1941-09-28;0.0
1941-09-29;0.0
1941-09-30;11.0
1941-10-01;2.7
1941-10-02;0.0
1941-10-03;9.6
1941-10-04;0.5
1941-10-05;0.0
1941-10-06;0.0
1941-10-07;0.0
1941-10-08;0.0
1941-10-09;0.0
1941-10-10;0.0
1941-10-11;0.0
1941-10-12;3.4
1941-10-13;0.0
1941-10-14;0.0
1941-10-15;6.3
1941-10-16;0.0
1941-10-17;0.0
1941-10-18;0.0
1941-10-19;0.0
1941-10-20;0.0
1941-10-21;0.0
1941-10-22;0.0
1941-10-23;22.4
1941-10-24;20.0
1941-10-25;2.6
1941-10-26;0.0
1941-10-27;0.0
1941-10-28;0.6
1941-10-29;0.0
1941-10-30;5.0
1941-10-31;3.4
1941-11-01;21.2
1941-11-02;7.4
1941-11-03;0.0
1941-11-04;2.6
1941-11-05;10.0
1941-11-06;5.4
1941-11-07;0.0
1941-11-08;0.0
1941-11-09;0.0
1941-11-10;3.3
1941-11-11;11.8
1941-11-12;2.1
1941-11-13;2.5
1941-11-14;0.0
1941-11-15;5.2
1941-11-16;0.0
1941-11-17;0.0
1941-11-18;8.4
1941-11-19;0.0
1941-11-20;3.6
1941-11-21;0.8
1941-11-22;35.0
1941-11-23;3.7
1941-11-24;0.0
1941-11-25;0.0
1941-11-26;0.0
1941-11-27;0.0
1941-11-28;0.0
1941-11-29;0.0
1941-11-30;0.0
1941-12-01;0.0
1941-12-02;0.0
1941-12-03;0.0
1941-12-04;0.0
1941-12-05;0.0
1941-12-06;0.0
1941-12-07;2.1
1941-12-08;20.0
1941-12-09;0.5
1941-12-10;0.0
1941-12-11;0.0
1941-12-12;0.0
1941-12-13;0.0
1941-12-14;0.0
1941-12-15;0.0
1941-12-16;0.0
1941-12-17;1.4
1941-12-18;18.1
1941-12-19;6.2
1941-12-20;0.0
1941-12-21;0.0
1941-12-22;0.0
1941-12-23;0.0
1941-12-24;0.0
1941-12-25;0.0
1941-12-26;0.0
1941-12-27;0.2
1941-12-28;0.0
1941-12-29;0.0
1941-12-30;0.0
1941-12-31;0.0
1951-01-01;9.5
1951-01-02;9.7
1951-01-03;50.1
1951-01-04;1.5
1951-01-05;0.0
1951-01-06;0.0
1951-01-07;0.0
1951-01-08;0.5
1951-01-09;0.9
1951-01-10;1.9
1951-01-11;0.0
1951-01-12;1.6
1951-01-13;17.5
1951-01-14;0.0
1951-01-15;0.0
1951-01-16;6.5
1951-01-17;0.0
1951-01-18;0.0
1951-01-19;0.0
1951-01-20;0.0
1951-01-21;0.0
1951-01-22;0.0
1951-01-23;0.0
1951-01-24;1.3
1951-01-25;0.5
1951-01-26;10.0
1951-01-27;6.1
1951-01-28;7.0
1951-01-29;1.8
1951-01-30;2.2
1951-01-31;0.0
1951-02-01;0.1
1951-02-02;0.0
1951-02-03;0.0
1951-02-04;0.0
1951-02-05;40.1
1951-02-06;72.2
1951-02-07;34.0
1951-02-08;3.8
1951-02-09;0.0
1951-02-10;0.0
1951-02-11;0.0
1951-02-12;0.0
1951-02-13;2.5
1951-02-14;46.0
1951-02-15;2.0
1951-02-16;7.0
1951-02-17;0.0
1951-02-18;0.0
1951-02-19;10.0
1951-02-20;12.5
1951-02-21;6.0
1951-02-22;30.0
1951-02-23;0.0
1951-02-24;1.0
1951-02-25;30.0
1951-02-26;5.0
1951-02-27;2.0
1951-02-28;0.5
1951-03-01;0.0
1951-03-02;0.0
1951-03-03;0.0
1951-03-04;0.0
1951-03-05;0.0
1951-03-06;7.0
1951-03-07;39.0
1951-03-08;0.0
1951-03-09;8.2
1951-03-10;3.1
1951-03-11;0.0
1951-03-12;22.8
1951-03-13;0.0
1951-03-14;14.0
1951-03-15;0.0
1951-03-16;0.0
1951-03-17;0.0
1951-03-18;0.0
1951-03-19;0.0
1951-03-20;2.0
1951-03-21;0.0
1951-03-22;14.2
1951-03-23;0.0
1951-03-24;0.0
1951-03-25;25.8
1951-03-26;12.0
1951-03-27;0.0
1951-03-28;0.0
1951-03-29;1.0
1951-03-30;0.4
1951-03-31;6.5
1951-04-01;3.0
1951-04-02;0.0
1951-04-03;0.0
1951-04-04;31.4
1951-04-05;0.0
1951-04-06;0.0
1951-04-07;0.0
1951-04-08;0.0
1951-04-09;14.0
1951-04-10;1.5
1951-04-11;0.0
1951-04-12;3.1
1951-04-13;0.0
1951-04-14;0.0
1951-04-15;0.0
1951-04-16;0.0
1951-04-17;0.0
1951-04-18;0.0
1951-04-19;0.0
1951-04-20;0.0
1951-04-21;0.0
1951-04-22;0.0
1951-04-23;0.0
1951-04-24;0.0
1951-04-25;0.0
1951-04-26;0.0
1951-04-27;0.0
1951-04-28;0.0
1951-04-29;12.1
1951-04-30;0.0
1951-05-01;7.0
1951-05-02;0.0
1951-05-03;0.2
1951-05-04;0.0
1951-05-05;0.0
1951-05-06;0.0
1951-05-07;0.0
1951-05-08;13.8
1951-05-09;9.0
1951-05-10;10.0
1951-05-11;4.2
1951-05-12;0.0
1951-05-13;0.0
1951-05-14;0.0
1951-05-15;13.0
1951-05-16;15.1
1951-05-17;0.0
1951-05-18;6.8
1951-05-19;2.0
1951-05-20;35.0
1951-05-21;0.0
1951-05-22;0.0
1951-05-23;0.0
1951-05-24;0.0
1951-05-25;0.0
1951-05-26;0.0
1951-05-27;0.0
1951-05-28;0.0
1951-05-29;0.0
1951-05-30;0.0
1951-05-31;0.0
1951-06-01;0.0
1951-06-02;0.0
1951-06-03;1.6
1951-06-04;0.6
1951-06-05;9.0
1951-06-06;0.0
1951-06-07;0.0
1951-06-08;0.0
1951-06-09;21.2
1951-06-10;5.3
1951-06-11;0.0
1951-06-12;0.0
1951-06-13;0.0
1951-06-14;0.0
1951-06-15;0.0
1951-06-16;0.0
1951-06-17;0.0
1951-06-18;0.0
1951-06-19;0.0
1951-06-20;0.0
1951-06-21;0.0
1951-06-22;0.0
1951-06-23;0.0
1951-06-24;7.0
1951-06-25;0.0
1951-06-26;5.0
1951-06-27;0.0
1951-06-28;0.0
1951-06-29;0.0
1951-06-30;0.0
1951-07-01;20.0
1951-07-02;0.0
1951-07-03;0.0
1951-07-04;0.0
1951-07-05;0.0
1951-07-06;0.0
1951-07-07;0.0
1951-07-08;0.0
1951-07-09;5.0
1951-07-10;2.4
1951-07-11;0.0
1951-07-12;0.0
1951-07-13;0.0
1951-07-14;0.0
1951-07-15;3.0
1951-07-16;0.0
1951-07-17;2.0
1951-07-18;0.0
1951-07-19;0.0
1951-07-20;0.0
1951-07-21;0.0
1951-07-22;0.0
1951-07-23;0.0
1951-07-24;0.0
1951-07-25;0.0
1951-07-26;10.1
1951-07-27;0.0
1951-07-28;0.0
1951-07-29;0.0
1951-07-30;0.0
1951-07-31;0.0
1951-08-01;0.0
1951-08-02;0.0
1951-08-03;0.0
1951-08-04;0.0
1951-08-05;0.0
1951-08-06;0.0
1951-08-07;0.0
1951-08-08;0.0
1951-08-09;0.0
1951-08-10;0.0
1951-08-11;2.0
1951-08-12;10.0
1951-08-13;0.0
1951-08-14;0.0
1951-08-15;0.0
1951-08-16;0.0
1951-08-17;0.0
1951-08-18;0.0
1951-08-19;0.0
1951-08-20;0.0
1951-08-21;0.0
1951-08-22;0.0
1951-08-23;4.2
1951-08-24;0.0
1951-08-25;0.0
1951-08-26;0.0
1951-08-27;1.0
1951-08-28;0.0
1951-08-29;0.0
1951-08-30;0.0
1951-08-31;0.0
1951-09-01;0.0
1951-09-02;0.0
1951-09-03;0.0
1951-09-04;0.0
1951-09-05;0.0
1951-09-06;0.0
1951-09-07;1.0
1951-09-08;5.5
1951-09-09;0.0
1951-09-10;0.0
1951-09-11;0.0
1951-09-12;0.0
1951-09-13;0.0
1951-09-14;0.0
1951-09-15;0.0
1951-09-16;0.0
1951-09-17;0.0
1951-09-18;50.0
1951-09-19;15.0
1951-09-20;0.0
1951-09-21;0.0
1951-09-22;0.0
1951-09-23;0.0
1951-09-24;0.0
1951-09-25;67.0
1951-09-26;3.0
1951-09-27;0.0
1951-09-28;0.0
1951-09-29;2.0
1951-09-30;6.0
1951-10-01;5.0
1951-10-02;15.0
1951-10-03;0.0
1951-10-04;0.0
1951-10-05;0.0
1951-10-06;0.0
1951-10-07;0.0
1951-10-08;0.0
1951-10-09;4.8
1951-10-10;2.5
1951-10-11;0.0
1951-10-12;0.0
1951-10-13;0.0
1951-10-14;0.0
1951-10-15;0.0
1951-10-16;0.0
1951-10-17;0.0
1951-10-18;0.0
1951-10-19;4.0
1951-10-20;0.6
1951-10-21;0.0
1951-10-22;0.0
1951-10-23;10.0
1951-10-24;3.8
1951-10-25;40.0
1951-10-26;0.1
1951-10-27;1.0
1951-10-28;0.0
1951-10-29;0.0
1951-10-30;0.0
1951-10-31;0.0
1951-11-01;38.0
1951-11-02;8.0
1951-11-03;0.0
1951-11-04;5.1
1951-11-05;0.0
1951-11-06;0.1
1951-11-07;0.0
1951-11-08;21.0
1951-11-09;30.0
1951-11-10;8.0
1951-11-11;0.0
1951-11-12;26.0
1951-11-13;13.8
1951-11-14;10.6
1951-11-15;0.0
1951-11-16;0.0
1951-11-17;0.0
1951-11-18;0.0
1951-11-19;0.0
1951-11-20;0.0
1951-11-21;0.0
1951-11-22;23.5
1951-11-23;3.5
1951-11-24;0.0
1951-11-25;0.0
1951-11-26;0.0
1951-11-27;38.0
1951-11-28;0.0
1951-11-29;0.0
1951-11-30;0.0
1951-12-01;0.0
1951-12-02;0.0
1951-12-03;0.0
1951-12-04;18.0
1951-12-05;0.0
1951-12-06;0.0
1951-12-07;1.0
1951-12-08;18.1
1951-12-09;0.0
1951-12-10;1.1
1951-12-11;0.0
1951-12-12;0.0
1951-12-13;0.0
1951-12-14;0.0
1951-12-15;0.0
1951-12-16;0.0
1951-12-17;0.0
1951-12-18;0.0
1951-12-19;0.0
1951-12-20;0.0
1951-12-21;0.0
1951-12-22;0.0
1951-12-23;0.0
1951-12-24;0.0
1951-12-25;0.0
1951-12-26;4.0
1951-12-27;11.0
1951-12-28;2.0
1951-12-29;0.0
1951-12-30;0.0
1951-12-31;0.0
1952-01-01;0.0
1952-01-02;6.0
1952-01-03;0.0
1952-01-04;16.0
1952-01-05;0.0
1952-01-06;0.0
1952-01-07;0.0
1952-01-08;0.0
1952-01-09;0.0
1952-01-10;5.0
1952-01-11;3.0
1952-01-12;7.0
1952-01-13;13.2
1952-01-14;0.0
1952-01-15;0.0
1952-01-16;0.0
1952-01-17;6.0
1952-01-18;17.0
1952-01-19;0.0
1952-01-20;0.0
1952-01-21;0.0
1952-01-22;0.0
1952-01-23;0.0
1952-01-24;0.0
1952-01-25;6.0
1952-01-26;10.0
1952-01-27;16.0
1952-01-28;18.2
1952-01-29;0.0
1952-01-30;0.0
1952-01-31;0.0
1952-02-01;22.3
1952-02-02;19.2
1952-02-03;0.0
1952-02-04;0.0
1952-02-05;0.0
1952-02-06;0.0
1952-02-07;0.0
1952-02-08;0.0
1952-02-09;0.0
1952-02-10;0.0
1952-02-11;0.0
1952-02-12;6.5
1952-02-13;11.2
1952-02-14;31.0
1952-02-15;30.0
1952-02-16;9.2
1952-02-17;0.0
1952-02-18;0.0
1952-02-19;0.0
1952-02-20;0.0
1952-02-21;0.0
1952-02-22;0.0
1952-02-23;0.0
1952-02-24;0.0
1952-02-25;0.0
1952-02-26;0.0
1952-02-27;0.0
1952-02-28;0.0
1952-02-29;0.0
1952-03-01;0.0
1952-03-02;0.0
1952-03-03;0.0
1952-03-04;0.0
1952-03-05;0.0
1952-03-06;0.5
1952-03-07;0.0
1952-03-08;0.0
1952-03-09;0.0
1952-03-10;0.0
1952-03-11;0.0
1952-03-12;0.0
1952-03-13;0.0
1952-03-14;0.0
1952-03-15;0.0
1952-03-16;0.0
1952-03-17;0.0
1952-03-18;0.0
1952-03-19;0.0
1952-03-20;0.0
1952-03-21;0.0
1952-03-22;0.0
1952-03-23;0.0
1952-03-24;0.0
1952-03-25;0.0
1952-03-26;3.2
1952-03-27;0.5
1952-03-28;0.6
1952-03-29;0.0
1952-03-30;0.0
1952-03-31;8.0
1952-04-01;6.0
1952-04-02;36.0
1952-04-03;8.0
1952-04-04;0.0
1952-04-05;0.0
1952-04-06;6.0
1952-04-07;4.0
1952-04-08;0.0
1952-04-09;0.0
1952-04-10;0.0
1952-04-11;0.0
1952-04-12;0.0
1952-04-13;0.0
1952-04-14;0.0
1952-04-15;0.0
1952-04-16;0.0
1952-04-17;0.0
1952-04-18;0.0
1952-04-19;0.0
1952-04-20;0.0
1952-04-21;0.0
1952-04-22;0.0
1952-04-23;5.0
1952-04-24;0.0
1952-04-25;5.5
1952-04-26;0.0
1952-04-27;9.5
1952-04-28;0.0
1952-04-29;10.0
1952-04-30;0.0
1952-05-01;0.0
1952-05-02;0.0
1952-05-03;0.8
1952-05-04;8.0
1952-05-05;5.0
1952-05-06;0.0
1952-05-07;3.5
1952-05-08;0.0
1952-05-09;0.5
1952-05-10;0.0
1952-05-11;0.0
1952-05-12;0.0
1952-05-13;0.0
1952-05-14;0.0
1952-05-15;0.0
1952-05-16;0.0
1952-05-17;0.0
1952-05-18;0.0
1952-05-19;0.0
1952-05-20;0.0
1952-05-21;5.5
1952-05-22;0.0
1952-05-23;0.0
1952-05-24;0.0
1952-05-25;0.0
1952-05-26;0.0
1952-05-27;0.0
1952-05-28;0.0
1952-05-29;0.0
1952-05-30;0.0
1952-05-31;0.0
1952-06-01;0.0
1952-06-02;0.0
1952-06-03;0.0
1952-06-04;0.0
1952-06-05;0.0
1952-06-06;0.0
1952-06-07;0.0
1952-06-08;0.0
1952-06-09;0.0
1952-06-10;12.0
1952-06-11;18.0
1952-06-12;0.0
1952-06-13;0.0
1952-06-14;0.0
1952-06-15;0.0
1952-06-16;0.0
1952-06-17;0.0
1952-06-18;0.0
1952-06-19;0.0
1952-06-20;0.0
1952-06-21;0.0
1952-06-22;0.0
1952-06-23;0.0
1952-06-24;0.0
1952-06-25;0.0
1952-06-26;0.0
1952-06-27;0.0
1952-06-28;0.0
1952-06-29;0.0
1952-06-30;0.0
1952-07-01;0.0
1952-07-02;0.0
1952-07-03;0.0
1952-07-04;0.0
1952-07-05;0.0
1952-07-06;0.0
1952-07-07;0.0
1952-07-08;0.0
1952-07-09;0.0
1952-07-10;0.0
1952-07-11;0.0
1952-07-12;0.0
1952-07-13;0.0
1952-07-14;0.0
1952-07-15;0.0
1952-07-16;0.0
1952-07-17;0.0
1952-07-18;0.0
1952-07-19;0.0
1952-07-20;0.0
1952-07-21;0.0
1952-07-22;0.0
1952-07-23;0.0
1952-07-24;0.0
1952-07-25;0.0
1952-07-26;0.0
1952-07-27;0.0
1952-07-28;13.0
1952-07-29;20.0
1952-07-30;0.0
1952-07-31;0.0
1952-08-01;0.0
1952-08-02;0.0
1952-08-03;0.0
1952-08-04;0.0
1952-08-05;0.0
1952-08-06;0.0
1952-08-07;0.0
1952-08-08;0.0
1952-08-09;0.0
1952-08-10;0.0
1952-08-11;4.0
1952-08-12;0.0
1952-08-13;0.0
1952-08-14;0.0
1952-08-15;0.0
1952-08-16;0.0
1952-08-17;0.0
1952-08-18;0.0
1952-08-19;0.0
1952-08-20;9.0
1952-08-21;0.0
1952-08-22;3.0
1952-08-23;0.0
1952-08-24;10.0
1952-08-25;3.2
1952-08-26;0.0
1952-08-27;0.0
1952-08-28;0.0
1952-08-29;0.0
1952-08-30;0.0
1952-08-31;0.0
1952-09-01;0.0
1952-09-02;0.0
1952-09-03;0.0
1952-09-04;0.0
1952-09-05;0.0
1952-09-06;0.0
1952-09-07;10.6
1952-09-08;0.0
1952-09-09;3.0
1952-09-10;0.0
1952-09-11;3.0
1952-09-12;14.0
1952-09-13;0.0
1952-09-14;0.0
1952-09-15;0.0
1952-09-16;0.0
1952-09-17;0.0
1952-09-18;110.0
1952-09-19;4.0
1952-09-20;1.0
1952-09-21;0.0
1952-09-22;0.0
1952-09-23;0.0
1952-09-24;0.0
1952-09-25;0.0
1952-09-26;14.0
1952-09-27;1.8
1952-09-28;0.0
1952-09-29;0.0
1952-09-30;27.0
1952-10-01;0.0
1952-10-02;21.0
1952-10-03;0.0
1952-10-04;0.0
1952-10-05;5.0
1952-10-06;0.0
1952-10-07;0.0
1952-10-08;1.5
1952-10-09;0.0
1952-10-10;0.0
1952-10-11;0.0
1952-10-12;0.0
1952-10-13;0.0
1952-10-14;21.0
1952-10-15;2.0
1952-10-16;0.0
1952-10-17;0.0
1952-10-18;0.0
1952-10-19;0.0
1952-10-20;1.5
1952-10-21;0.0
1952-10-22;27.0
1952-10-23;10.0
1952-10-24;0.5
1952-10-25;0.0
1952-10-26;0.0
1952-10-27;14.0
1952-10-28;0.0
1952-10-29;0.0
1952-10-30;10.0
1952-10-31;5.0
1952-11-01;0.0
1952-11-02;0.0
1952-11-03;0.0
1952-11-04;0.0
1952-11-05;0.0
1952-11-06;0.0
1952-11-07;0.0
1952-11-08;4.2
1952-11-09;0.0
1952-11-10;0.0
1952-11-11;0.0
1952-11-12;0.0
1952-11-13;0.0
1952-11-14;0.0
1952-11-15;0.0
1952-11-16;0.0
1952-11-17;0.0
1952-11-18;1.0
1952-11-19;5.0
1952-11-20;27.5
1952-11-21;0.0
1952-11-22;3.5
1952-11-23;13.3
1952-11-24;3.2
1952-11-25;6.5
1952-11-26;7.3
1952-11-27;0.3
1952-11-28;0.0
1952-11-29;0.0
1952-11-30;0.0
1952-12-01;1.5
1952-12-02;5.0
1952-12-03;8.7
1952-12-04;14.3
1952-12-05;0.0
1952-12-06;3.0
1952-12-07;0.0
1952-12-08;0.0
1952-12-09;0.0
1952-12-10;0.0
1952-12-11;0.0
1952-12-12;2.0
1952-12-13;26.0
1952-12-14;28.0
1952-12-15;31.0
1952-12-16;10.0
1952-12-17;0.0
1952-12-18;4.5
1952-12-19;0.0
1952-12-20;0.0
1952-12-21;0.0
1952-12-22;0.0
1952-12-23;0.0
1952-12-24;0.0
1952-12-25;0.0
1952-12-26;0.0
1952-12-27;16.8
1952-12-28;24.0
1952-12-29;10.0
1952-12-30;19.0
1952-12-31;12.9
1953-01-01;40.0
1953-01-02;0.0
1953-01-03;0.0
1953-01-04;0.0
1953-01-05;5.0
1953-01-06;0.0
1953-01-07;0.0
1953-01-08;5.0
1953-01-09;0.0
1953-01-10;0.0
1953-01-11;0.0
1953-01-12;0.0
1953-01-13;0.0
1953-01-14;0.0
1953-01-15;0.0
1953-01-16;0.0
1953-01-17;0.0
1953-01-18;0.0
1953-01-19;0.0
1953-01-20;0.0
1953-01-21;0.0
1953-01-22;0.0
1953-01-23;0.0
1953-01-24;0.0
1953-01-25;6.7
1953-01-26;10.0
1953-01-27;3.5
1953-01-28;0.0
1953-01-29;0.0
1953-01-30;0.0
1953-01-31;0.0
1953-02-01;3.0
1953-02-02;0.0
1953-02-03;0.0
1953-02-04;0.0
1953-02-05;0.0
1953-02-06;5.2
1953-02-07;0.0
1953-02-08;0.0
1953-02-09;0.0
1953-02-10;0.0
1953-02-11;15.0
1953-02-12;25.0
1953-02-13;27.0
1953-02-14;7.5
1953-02-15;2.0
1953-02-16;0.0
1953-02-17;0.0
1953-02-18;0.0
1953-02-19;0.0
1953-02-20;0.0
1953-02-21;0.0
1953-02-22;0.0
1953-02-23;0.0
1953-02-24;0.0
1953-02-25;0.0
1953-02-26;0.0
1953-02-27;0.0
1953-02-28;0.0
1953-03-01;0.0
1953-03-02;0.0
1953-03-03;0.0
1953-03-04;0.0
1953-03-05;0.0
1953-03-06;0.0
1953-03-07;0.0
1953-03-08;0.0
1953-03-09;0.0
1953-03-10;0.0
1953-03-11;0.0
1953-03-12;0.0
1953-03-13;0.0
1953-03-14;0.0
1953-03-15;0.0
1953-03-16;0.0
1953-03-17;0.0
1953-03-18;0.0
1953-03-19;0.0
1953-03-20;0.0
1953-03-21;0.0
1953-03-22;0.0
1953-03-23;0.0
1953-03-24;0.0
1953-03-25;0.0
1953-03-26;0.0
1953-03-27;0.0
1953-03-28;0.0
1953-03-29;0.0
1953-03-30;0.0
1953-03-31;0.0
1953-04-01;0.0
1953-04-02;0.0
1953-04-03;0.0
1953-04-04;0.0
1953-04-05;0.0
1953-04-06;0.0
1953-04-07;0.0
1953-04-08;0.0
1953-04-09;0.0
1953-04-10;0.2
1953-04-11;0.0
1953-04-12;0.0
1953-04-13;0.0
1953-04-14;0.0
1953-04-15;19.0
1953-04-16;23.0
1953-04-17;0.0
1953-04-18;0.0
1953-04-19;0.0
1953-04-20;0.0
1953-04-21;0.0
1953-04-22;0.0
1953-04-23;0.0
1953-04-24;0.0
1953-04-25;0.1
1953-04-26;0.2
1953-04-27;36.0
1953-04-28;0.0
1953-04-29;0.0
1953-04-30;0.0
1953-05-01;0.0
1953-05-02;0.0
1953-05-03;0.0
1953-05-04;0.0
1953-05-05;0.0
1953-05-06;0.0
1953-05-07;0.0
1953-05-08;6.5
1953-05-09;0.0
1953-05-10;0.0
1953-05-11;0.0
1953-05-12;17.0
1953-05-13;6.0
1953-05-14;14.0
1953-05-15;2.0
1953-05-16;0.0
1953-05-17;0.0
1953-05-18;0.0
1953-05-19;0.0
1953-05-20;0.0
1953-05-21;0.0
1953-05-22;0.4
1953-05-23;0.0
1953-05-24;0.0
1953-05-25;0.0
1953-05-26;0.0
1953-05-27;0.0
1953-05-28;0.0
1953-05-29;11.0
1953-05-30;0.0
1953-05-31;0.0
1953-06-01;0.4
1953-06-02;0.1
1953-06-03;10.0
1953-06-04;0.0
1953-06-05;0.0
1953-06-06;0.0
1953-06-07;10.1
1953-06-08;9.0
1953-06-09;21.7
1953-06-10;10.0
1953-06-11;3.0
1953-06-12;1.0
1953-06-13;0.0
1953-06-14;0.0
1953-06-15;15.2
1953-06-16;0.0
1953-06-17;0.0
1953-06-18;0.0
1953-06-19;0.0
1953-06-20;0.0
1953-06-21;0.0
1953-06-22;0.0
1953-06-23;0.0
1953-06-24;0.0
1953-06-25;0.0
1953-06-26;0.5
1953-06-27;0.0
1953-06-28;0.0
1953-06-29;0.0
1953-06-30;8.0
1953-07-01;0.0
1953-07-02;0.0
1953-07-03;0.0
1953-07-04;13.2
1953-07-05;0.0
1953-07-06;0.0
1953-07-07;0.0
1953-07-08;0.0
1953-07-09;0.0
1953-07-10;0.0
1953-07-11;7.0
1953-07-12;0.0
1953-07-13;16.0
1953-07-14;0.0
1953-07-15;0.0
1953-07-16;0.0
1953-07-17;0.0
1953-07-18;0.0
1953-07-19;0.0
1953-07-20;0.0
1953-07-21;0.0
1953-07-22;0.0
1953-07-23;0.0
1953-07-24;0.0
1953-07-25;0.0
1953-07-26;0.0
1953-07-27;0.0
1953-07-28;0.0
1953-07-29;0.0
1953-07-30;0.0
1953-07-31;0.0
1953-08-01;0.0
1953-08-02;0.0
1953-08-03;0.0
1953-08-04;0.0
1953-08-05;0.0
1953-08-06;0.0
1953-08-07;0.0
1953-08-08;0.0
1953-08-09;0.0
1953-08-10;0.0
1953-08-11;0.0
1953-08-12;0.0
1953-08-13;0.0
1953-08-14;0.0
1953-08-15;0.0
1953-08-16;0.0
1953-08-17;0.0
1953-08-18;0.0
1953-08-19;0.0
1953-08-20;0.0
1953-08-21;0.0
1953-08-22;8.0
1953-08-23;0.0
1953-08-24;0.0
1953-08-25;0.0
1953-08-26;0.0
1953-08-27;18.2
1953-08-28;0.0
1953-08-29;0.0
1953-08-30;0.0
1953-08-31;0.0
1953-09-01;0.0
1953-09-02;0.0
1953-09-03;0.0
1953-09-04;0.0
1953-09-05;0.0
1953-09-06;0.0
1953-09-07;0.0
1953-09-08;0.0
1953-09-09;0.0
1953-09-10;0.0
1953-09-11;0.0
1953-09-12;2.0
1953-09-13;0.0
1953-09-14;0.0
1953-09-15;0.0
1953-09-16;17.0
1953-09-17;29.0
1953-09-18;5.0
1953-09-19;10.0
1953-09-20;162.0
1953-09-21;4.0
1953-09-22;0.0
1953-09-23;0.0
1953-09-24;0.0
1953-09-25;0.0
1953-09-26;0.0
1953-09-27;0.0
1953-09-28;0.0
1953-09-29;1.5
1953-09-30;11.5
1953-10-01;2.4
1953-10-02;0.0
1953-10-03;0.0
1953-10-04;5.0
1953-10-05;7.0
1953-10-06;0.0
1953-10-07;0.0
1953-10-08;0.0
1953-10-09;0.0
1953-10-10;0.0
1953-10-11;0.0
1953-10-12;0.0
1953-10-13;0.0
1953-10-14;27.4
1953-10-15;5.3
1953-10-16;19.2
1953-10-17;0.0
1953-10-18;0.0
1953-10-19;2.0
1953-10-20;0.4
1953-10-21;0.0
1953-10-22;0.0
1953-10-23;0.0
1953-10-24;10.0
1953-10-25;19.0
1953-10-26;10.0
1953-10-27;3.0
1953-10-28;0.0
1953-10-29;0.0
1953-10-30;0.0
1953-10-31;0.0
1953-11-01;0.0
1953-11-02;0.8
1953-11-03;35.0
1953-11-04;3.4
1953-11-05;0.0
1953-11-06;0.0
1953-11-07;0.0
1953-11-08;0.0
1953-11-09;0.0
1953-11-10;0.0
1953-11-11;0.0
1953-11-12;0.0
1953-11-13;0.0
1953-11-14;0.0
1953-11-15;0.0
1953-11-16;0.0
1953-11-17;0.0
1953-11-18;0.0
1953-11-19;0.0
1953-11-20;0.0
1953-11-21;0.0
1953-11-22;0.0
1953-11-23;0.0
1953-11-24;0.0
1953-11-25;0.0
1953-11-26;0.0
1953-11-27;0.0
1953-11-28;0.0
1953-11-29;0.0
1953-11-30;0.0
1953-12-01;0.0
1953-12-02;0.0
1953-12-03;0.0
1953-12-04;0.0
1953-12-05;0.0
1953-12-06;0.0
1953-12-07;0.0
1953-12-08;4.4
1953-12-09;20.0
1953-12-10;6.0
1953-12-11;8.0
1953-12-12;0.5
1953-12-13;0.0
1953-12-14;0.0
1953-12-15;0.0
1953-12-16;0.0
1953-12-17;0.0
1953-12-18;0.0
1953-12-19;0.0
1953-12-20;15.0
1953-12-21;5.1
1953-12-22;0.0
1953-12-23;0.0
1953-12-24;0.0
1953-12-25;0.0
1953-12-26;0.0
1953-12-27;0.0
1953-12-28;0.0
1953-12-29;0.0
1953-12-30;0.0
1953-12-31;0.0
1954-02-01;0.0
1954-02-02;0.0
1954-02-03;0.0
1954-02-04;0.0
1954-02-05;0.0
1954-02-06;0.0
1954-02-07;0.0
1954-02-08;2.0
1954-02-09;15.0
1954-02-10;0.0
1954-02-11;13.0
1954-02-12;30.0
1954-02-13;0.0
1954-02-14;0.0
1954-02-15;0.0
1954-02-16;0.0
1954-02-17;0.0
1954-02-18;0.0
1954-02-19;0.0
1954-02-20;0.0
1954-02-21;0.0
1954-02-22;0.0
1954-02-23;0.0
1954-02-24;0.0
1954-02-25;0.0
1954-02-26;15.2
1954-02-27;4.5
1954-02-28;0.0
1954-03-01;0.0
1954-03-02;0.0
1954-03-03;21.0
1954-03-04;25.0
1954-03-05;11.3
1954-03-06;0.2
1954-03-07;0.0
1954-03-08;0.0
1954-03-09;0.0
1954-03-10;0.0
1954-03-11;0.0
1954-03-12;0.0
1954-03-13;0.0
1954-03-14;3.5
1954-03-15;0.0
1954-03-16;0.0
1954-03-17;0.0
1954-03-18;0.0
1954-03-19;0.0
1954-03-20;2.5
1954-03-21;3.2
1954-03-22;0.0
1954-03-23;0.0
1954-03-24;7.0
1954-03-25;0.0
1954-03-26;0.0
1954-03-27;0.0
1954-03-28;14.0
1954-03-29;0.0
1954-03-30;0.0
1954-03-31;0.0
1954-04-01;0.0
1954-04-02;0.0
1954-04-03;0.0
1954-04-04;0.0
1954-04-05;0.0
1954-04-06;0.0
1954-04-07;0.0
1954-04-08;7.5
1954-04-09;0.0
1954-04-10;0.0
1954-04-11;0.0
1954-04-12;0.0
1954-04-13;0.0
1954-04-14;0.0
1954-04-15;0.0
1954-04-16;0.0
1954-04-17;10.0
1954-04-18;0.0
1954-04-19;0.0
1954-04-20;8.2
1954-04-21;3.0
1954-04-22;2.0
1954-04-23;0.0
1954-04-24;0.0
1954-04-25;0.0
1954-04-26;0.0
1954-04-27;10.2
1954-04-28;27.0
1954-04-29;8.0
1954-04-30;6.0
1954-05-01;5.3
1954-05-02;11.5
1954-05-03;5.0
1954-05-04;9.0
1954-05-05;42.0
1954-05-06;4.5
1954-05-07;1.5
1954-05-08;0.0
1954-05-09;0.0
1954-05-10;0.0
1954-05-11;0.0
1954-05-12;0.0
1954-05-13;0.0
1954-05-14;1.5
1954-05-15;9.0
1954-05-16;22.0
1954-05-17;5.4
1954-05-18;2.5
1954-05-19;15.2
1954-05-20;11.3
1954-05-21;4.2
1954-05-22;29.0
1954-05-23;7.5
1954-05-24;7.8
1954-05-25;0.0
1954-05-26;0.0
1954-05-27;0.0
1954-05-28;0.0
1954-05-29;0.0
1954-05-30;0.0
1954-05-31;0.0
1954-06-01;0.0
1954-06-02;4.0
1954-06-03;0.0
1954-06-04;10.0
1954-06-05;33.2
1954-06-06;1.2
1954-06-07;0.0
1954-06-08;0.0
1954-06-09;0.0
1954-06-10;0.0
1954-06-11;6.7
1954-06-12;0.0
1954-06-13;0.0
1954-06-14;0.0
1954-06-15;5.0
1954-06-16;5.5
1954-06-17;0.0
1954-06-18;0.0
1954-06-19;0.0
1954-06-20;0.0
1954-06-21;0.0
1954-06-22;2.0
1954-06-23;0.0
1954-06-24;0.0
1954-06-25;0.0
1954-06-26;0.0
1954-06-27;0.0
1954-06-28;0.0
1954-06-29;0.0
1954-06-30;0.0
1954-07-01;0.0
1954-07-02;14.0
1954-07-03;0.0
1954-07-04;0.7
1954-07-05;0.0
1954-07-06;0.0
1954-07-07;0.0
1954-07-08;0.0
1954-07-09;0.0
1954-07-10;0.0
1954-07-11;0.0
1954-07-12;0.0
1954-07-13;7.4
1954-07-14;1.8
1954-07-15;0.0
1954-07-16;0.2
1954-07-17;0.0
1954-07-18;0.0
1954-07-19;0.0
1954-07-20;0.0
1954-07-21;0.0
1954-07-22;0.0
1954-07-23;0.0
1954-07-24;0.0
1954-07-25;0.0
1954-07-26;0.0
1954-07-27;0.0
1954-07-28;0.0
1954-07-29;0.0
1954-07-30;0.0
1954-07-31;0.0
1954-08-01;0.0
1954-08-02;0.0
1954-08-03;0.0
1954-08-04;0.0
1954-08-05;0.0
1954-08-06;0.0
1954-08-07;0.0
1954-08-08;0.0
1954-08-09;0.0
1954-08-10;0.0
1954-08-11;0.0
1954-08-12;0.0
1954-08-13;0.0
1954-08-14;0.0
1954-08-15;0.0
1954-08-16;45.0
1954-08-17;5.0
1954-08-18;0.0
1954-08-19;0.0
1954-08-20;0.0
1954-08-21;0.0
1954-08-22;35.0
1954-08-23;5.0
1954-08-24;5.3
1954-08-25;18.0
1954-08-26;10.0
1954-08-27;2.2
1954-08-28;0.0
1954-08-29;0.0
1954-08-30;10.0
1954-08-31;0.0
1954-09-01;0.0
1954-09-02;0.0
1954-09-03;0.0
1954-09-04;0.0
1954-09-05;0.0
1954-09-06;0.0
1954-09-07;0.0
1954-09-08;0.0
1954-09-09;0.0
1954-09-10;0.0
1954-09-11;0.0
1954-09-12;0.0
1954-09-13;0.0
1954-09-14;0.0
1954-09-15;0.0
1954-09-16;0.0
1954-09-17;0.0
1954-09-18;0.0
1954-09-19;0.0
1954-09-20;0.0
1954-09-21;0.0
1954-09-22;0.0
1954-09-23;5.1
1954-09-24;0.0
1954-09-25;0.0
1954-09-26;14.0
1954-09-27;0.0
1954-09-28;0.0
1954-09-29;9.0
1954-09-30;0.0
1954-10-01;0.0
1954-10-02;0.0
1954-10-03;0.0
1954-10-04;0.0
1954-10-05;0.0
1954-10-06;0.0
1954-10-07;0.0
1954-10-08;29.3
1954-10-09;0.0
1954-10-10;0.0
1954-10-11;0.0
1954-10-12;0.0
1954-10-13;0.0
1954-10-14;0.0
1954-10-15;0.0
1954-10-16;0.0
1954-10-17;0.0
1954-10-18;0.0
1954-10-19;0.0
1954-10-20;0.0
1954-10-21;0.0
1954-10-22;0.0
1954-10-23;22.5
1954-10-24;0.0
1954-10-25;0.0
1954-10-26;23.4
1954-10-27;0.0
1954-10-28;0.0
1954-10-29;0.0
1954-10-30;0.0
1954-10-31;0.0
1954-11-01;0.0
1954-11-02;0.0
1954-11-03;0.0
1954-11-04;5.5
1954-11-05;0.0
1954-11-06;0.0
1954-11-07;0.0
1954-11-08;12.2
1954-11-09;20.0
1954-11-10;24.0
1954-11-11;4.6
1954-11-12;0.0
1954-11-13;0.0
1954-11-14;0.0
1954-11-15;0.0
1954-11-16;0.0
1954-11-17;0.0
1954-11-18;0.0
1954-11-19;0.0
1954-11-20;0.0
1954-11-21;0.0
1954-11-22;0.0
1954-11-23;0.0
1954-11-24;0.0
1954-11-25;14.0
1954-11-26;4.3
1954-11-27;0.0
1954-11-28;0.0
1954-11-29;4.2
1954-11-30;0.0
1954-12-01;0.0
1954-12-02;4.2
1954-12-03;0.0
1954-12-04;0.0
1954-12-05;0.0
1954-12-06;0.0
1954-12-07;4.3
1954-12-08;38.2
1954-12-09;0.0
1954-12-10;0.0
1954-12-11;1.2
1954-12-12;13.4
1954-12-13;0.0
1954-12-14;0.0
1954-12-15;0.0
1954-12-16;0.0
1954-12-17;0.0
1954-12-18;0.0
1954-12-19;0.0
1954-12-20;0.0
1954-12-21;0.0
1954-12-22;0.0
1954-12-23;0.0
1954-12-24;0.0
1954-12-25;0.0
1954-12-26;0.0
1954-12-27;0.0
1954-12-28;0.0
1954-12-29;0.0
1954-12-30;0.0
1954-12-31;0.0
1955-01-01;0.0
1955-01-02;0.0
1955-01-03;0.0
1955-01-04;1.5
1955-01-05;0.0
1955-01-06;0.0
1955-01-07;16.4
1955-01-08;1.4
1955-01-09;0.0
1955-01-10;0.0
1955-01-11;0.0
1955-01-12;4.4
1955-01-13;1.3
1955-01-14;3.0
1955-01-15;9.0
1955-01-16;0.0
1955-01-17;20.2
1955-01-18;10.0
1955-01-19;14.0
1955-01-20;0.0
1955-01-21;0.0
1955-01-22;0.0
1955-01-23;0.0
1955-01-24;0.0
1955-01-25;0.0
1955-01-26;0.0
1955-01-27;0.0
1955-01-28;0.0
1955-01-29;0.0
1955-01-30;0.0
1955-01-31;0.0
1955-02-01;0.0
1955-02-02;0.0
1955-02-03;0.0
1955-02-04;9.0
1955-02-05;1.0
1955-02-06;3.0
1955-02-07;10.0
1955-02-08;0.0
1955-02-09;0.0
1955-02-10;2.0
1955-02-11;0.0
1955-02-12;0.0
1955-02-13;13.2
1955-02-14;3.5
1955-02-15;0.0
1955-02-16;10.2
1955-02-17;29.3
1955-02-18;40.0
1955-02-19;14.4
1955-02-20;10.0
1955-02-21;5.0
1955-02-22;8.0
1955-02-23;15.2
1955-02-24;16.5
1955-02-25;18.5
1955-02-26;8.3
1955-02-27;14.0
1955-02-28;8.5
1955-03-01;4.5
1955-03-02;0.0
1955-03-03;0.0
1955-03-04;0.0
1955-03-05;0.0
1955-03-06;3.0
1955-03-07;10.0
1955-03-08;0.0
1955-03-09;0.0
1955-03-10;7.0
1955-03-11;0.0
1955-03-12;10.0
1955-03-13;0.0
1955-03-14;0.0
1955-03-15;0.0
1955-03-16;0.0
1955-03-17;0.0
1955-03-18;0.7
1955-03-19;0.0
1955-03-20;0.0
1955-03-21;10.2
1955-03-22;20.8
1955-03-23;0.0
1955-03-24;0.0
1955-03-25;0.0
1955-03-26;0.0
1955-03-27;0.0
1955-03-28;0.0
1955-03-29;0.0
1955-03-30;1.5
1955-03-31;2.0
1955-04-01;0.0
1955-04-02;0.0
1955-04-03;0.0
1955-04-04;0.0
1955-04-05;0.0
1955-04-06;0.0
1955-04-07;0.5
1955-04-08;8.3
1955-04-09;0.0
1955-04-10;0.0
1955-04-11;0.0
1955-04-12;0.0
1955-04-13;8.0
1955-04-14;0.0
1955-04-15;0.0
1955-04-16;0.0
1955-04-17;0.0
1955-04-18;0.0
1955-04-19;1.5
1955-04-20;0.0
1955-04-21;0.0
1955-04-22;0.0
1955-04-23;0.0
1955-04-24;0.0
1955-04-25;0.0
1955-04-26;0.0
1955-04-27;0.0
1955-04-28;0.0
1955-04-29;0.0
1955-04-30;0.0
1955-05-01;0.0
1955-05-02;0.0
1955-05-03;0.0
1955-05-04;0.0
1955-05-05;0.0
1955-05-06;0.0
1955-05-07;0.0
1955-05-08;0.0
1955-05-09;0.0
1955-05-10;0.0
1955-05-11;0.0
1955-05-12;15.2
1955-05-13;0.0
1955-05-14;0.0
1955-05-15;0.0
1955-05-16;18.6
1955-05-17;0.0
1955-05-18;0.0
1955-05-19;0.0
1955-05-20;0.0
1955-05-21;0.0
1955-05-22;0.0
1955-05-23;0.0
1955-05-24;0.0
1955-05-25;0.0
1955-05-26;0.0
1955-05-27;10.3
1955-05-28;0.0
1955-05-29;0.0
1955-05-30;4.0
1955-05-31;0.0
1955-06-01;0.0
1955-06-02;0.0
1955-06-03;0.0
1955-06-04;0.0
1955-06-05;5.2
1955-06-06;0.0
1955-06-07;0.0
1955-06-08;0.0
1955-06-09;0.0
1955-06-10;0.4
1955-06-11;0.0
1955-06-12;9.2
1955-06-13;0.0
1955-06-14;0.0
1955-06-15;0.0
1955-06-16;0.0
1955-06-17;0.0
1955-06-18;0.0
1955-06-19;0.0
1955-06-20;0.0
1955-06-21;4.5
1955-06-22;0.0
1955-06-23;0.0
1955-06-24;0.0
1955-06-25;0.0
1955-06-26;0.0
1955-06-27;0.0
1955-06-28;0.0
1955-06-29;4.0
1955-06-30;0.0
1955-07-01;0.0
1955-07-02;0.0
1955-07-03;0.0
1955-07-04;0.0
1955-07-05;0.0
1955-07-06;23.2
1955-07-07;0.0
1955-07-08;2.5
1955-07-09;0.0
1955-07-10;0.0
1955-07-11;0.0
1955-07-12;0.0
1955-07-13;0.0
1955-07-14;0.0
1955-07-15;0.0
1955-07-16;0.0
1955-07-17;0.0
1955-07-18;0.0
1955-07-19;0.0
1955-07-20;0.0
1955-07-21;0.0
1955-07-22;0.0
1955-07-23;0.0
1955-07-24;0.0
1955-07-25;0.0
1955-07-26;0.0
1955-07-27;6.0
1955-07-28;5.2
1955-07-29;0.0
1955-07-30;2.0
1955-07-31;0.0
1955-08-01;0.0
1955-08-02;0.0
1955-08-03;0.0
1955-08-04;0.0
1955-08-05;0.0
1955-08-06;0.0
1955-08-07;0.0
1955-08-08;16.0
1955-08-09;9.2
1955-08-10;0.1
1955-08-11;0.0
1955-08-12;0.0
1955-08-13;2.0
1955-08-14;0.0
1955-08-15;1.2
1955-08-16;0.0
1955-08-17;0.0
1955-08-18;0.0
1955-08-19;0.0
1955-08-20;0.0
1955-08-21;0.0
1955-08-22;0.0
1955-08-23;0.0
1955-08-24;0.0
1955-08-25;0.0
1955-08-26;0.0
1955-08-27;0.0
1955-08-28;0.0
1955-08-29;0.0
1955-08-30;0.0
1955-08-31;0.0
1955-09-01;10.2
1955-09-02;0.0
1955-09-03;0.0
1955-09-04;0.0
1955-09-05;0.0
1955-09-06;0.0
1955-09-07;0.0
1955-09-08;0.4
1955-09-09;19.5
1955-09-10;4.5
1955-09-11;5.0
1955-09-12;24.0
1955-09-13;32.0
1955-09-14;8.5
1955-09-15;0.0
1955-09-16;2.0
1955-09-17;0.0
1955-09-18;0.0
1955-09-19;0.0
1955-09-20;0.0
1955-09-21;0.0
1955-09-22;0.0
1955-09-23;0.0
1955-09-24;0.0
1955-09-25;0.0
1955-09-26;0.0
1955-09-27;0.0
1955-09-28;0.0
1955-09-29;3.5
1955-09-30;0.0
1955-10-01;0.0
1955-10-02;0.0
1955-10-03;0.0
1955-10-04;0.0
1955-10-05;0.0
1955-10-06;14.2
1955-10-07;27.3
1955-10-08;9.0
1955-10-09;1.5
1955-10-10;0.0
1955-10-11;0.0
1955-10-12;0.0
1955-10-13;0.0
1955-10-14;0.0
1955-10-15;0.0
1955-10-16;0.0
1955-10-17;0.0
1955-10-18;2.3
1955-10-19;15.0
1955-10-20;0.0
1955-10-21;1.2
1955-10-22;12.3
1955-10-23;0.0
1955-10-24;0.0
1955-10-25;0.0
1955-10-26;0.0
1955-10-27;0.0
1955-10-28;0.0
1955-10-29;0.0
1955-10-30;5.0
1955-10-31;0.0
1955-11-01;55.0
1955-11-02;10.5
1955-11-03;0.0
1955-11-04;0.0
1955-11-05;0.0
1955-11-06;0.0
1955-11-07;0.0
1955-11-08;0.0
1955-11-09;0.0
1955-11-10;0.0
1955-11-11;10.0
1955-11-12;12.3
1955-11-13;8.5
1955-11-14;6.5
1955-11-15;0.0
1955-11-16;0.0
1955-11-17;0.0
1955-11-18;0.0
1955-11-19;0.0
1955-11-20;0.0
1955-11-21;0.0
1955-11-22;0.0
1955-11-23;0.0
1955-11-24;0.0
1955-11-25;0.0
1955-11-26;0.0
1955-11-27;0.0
1955-11-28;0.0
1955-11-29;0.0
1955-11-30;14.5
1955-12-01;24.0
1955-12-02;50.0
1955-12-03;0.0
1955-12-04;0.0
1955-12-05;0.0
1955-12-06;0.0
1955-12-07;0.0
1955-12-08;0.0
1955-12-09;0.0
1955-12-10;0.0
1955-12-11;2.0
1955-12-12;0.0
1955-12-13;0.0
1955-12-14;0.0
1955-12-15;2.2
1955-12-16;22.5
1955-12-17;3.0
1955-12-18;5.0
1955-12-19;0.0
1955-12-20;0.0
1955-12-21;0.0
1955-12-22;10.0
1955-12-23;0.0
1955-12-24;20.0
1955-12-25;3.0
1955-12-26;0.0
1955-12-27;0.0
1955-12-28;0.0
1955-12-29;0.0
1955-12-30;10.2
1955-12-31;8.0
