"Stazione";"Borgo S. Lorenzo"
"Codice";"TOS01000999"
"Comune";"Borgo San Lorenzo"
"Provincia";"FI"
"GB [m]";"E";1691825;"N";4869988
"WGS84 [°]";"Lat";43.958;"Lon";11.391
"Quota [m]";196,00

;;;ATTENZIONE i dati sono nel fomato csv ed utilizzano
;;;come separatore di colonna il "punto e virgola" e
;;;come separatore decimale la "virgola"
;;;verificare le proprie impostazioni internazionali per una corretta visulizzazione.
;;;Il valore contrassegnato con N corrisponde al dato non validato
;;;Il valore contrassegnato con R corrisponde al dato ricostruito
;;;Il valore contrassegnato con I corrisponde al dato incerto
;;;Il valore contrassegnato con @ corrisponde al dato mancante
;;;Il valore contrassegnato con V corrisponde al dato validato
;;;Il valore contrassegnato con P corrisponde al dato prevalidato soggetto ad eventuali modifiche
;;;(consultare la sezione Criteri di validazione)

"gg/mm/aaaa";"Max [Â°C]";"Min [Â°C]"
01/01/1951;6.5;1.2
02/01/1951;10.0;3.0
03/01/1951;12.2;3.3
04/01/1951;14.5;-0.5
05/01/1951;12.0;3.2
06/01/1951;12.6;3.4
07/01/1951;14.0;7.0
08/01/1951;10.0;3.5
09/01/1951;13.2;2.6
10/01/1951;14.0;2.0
11/01/1951;14.5;-1.5
12/01/1951;12.5;-0.5
13/01/1951;12.8;5.0
14/01/1951;11.2;-7.5
15/01/1951;14.5;-4.0
16/01/1951;11.5;-3.0
17/01/1951;10.0;-1.5
18/01/1951;9.5;-2.8
19/01/1951;4.0;-2.8
20/01/1951;14.2;-3.5
21/01/1951;17.0;-0.5
22/01/1951;16.2;-1.0
23/01/1951;14.0;0.0
24/01/1951;12.0;7.5
25/01/1951;12.0;8.0
26/01/1951;18.5;4.5
27/01/1951;7.0;2.0
28/01/1951;10.0;3.0
29/01/1951;12.5;3.3
30/01/1951;8.0;4.0
31/01/1951;7.0;4.1
01/02/1951;7.0;4.0
02/02/1951;7.5;4.2
03/02/1951;8.5;3.5
04/02/1951;14.5;7.0
05/02/1951;10.0;6.0
06/02/1951;12.0;3.5
07/02/1951;11.5;5.5
08/02/1951;7.0;5.6
09/02/1951;10.0;-0.6
10/02/1951;11.5;1.0
11/02/1951;18.0;3.2
12/02/1951;16.4;4.3
13/02/1951;17.5;4.5
14/02/1951;9.0;6.5
15/02/1951;13.0;3.6
16/02/1951;10.5;3.3
17/02/1951;11.0;4.0
18/02/1951;15.1;3.0
19/02/1951;11.2;3.5
20/02/1951;13.5;2.2
21/02/1951;15.9;3.5
22/02/1951;12.1;7.4
23/02/1951;8.2;0.5
24/02/1951;15.5;4.0
25/02/1951;12.0;4.3
26/02/1951;12.3;4.5
27/02/1951;10.0;3.9
28/02/1951;10.5;0.4
01/03/1951;7.5;2.4
02/03/1951;8.5;0.5
03/03/1951;6.5;0.0
04/03/1951;8.6;-1.6
05/03/1951;3.5;-3.5
06/03/1951;11.6;1.5
07/03/1951;6.2;3.6
08/03/1951;13.0;6.0
09/03/1951;12.0;6.0
10/03/1951;6.0;3.5
11/03/1951;11.0;2.0
12/03/1951;13.2;3.5
13/03/1951;16.5;6.0
14/03/1951;13.2;10.0
15/03/1951;17.0;3.5
16/03/1951;17.3;4.0
17/03/1951;11.5;4.5
18/03/1951;19.0;8.2
19/03/1951;17.5;9.0
20/03/1951;17.6;10.2
21/03/1951;19.5;7.2
22/03/1951;15.5;1.5
23/03/1951;16.0;-2.0
24/03/1951;13.0;3.0
25/03/1951;12.5;1.6
26/03/1951;12.0;-1.0
27/03/1951;14.3;-3.0
28/03/1951;10.0;2.5
29/03/1951;19.0;10.0
30/03/1951;15.0;7.0
31/03/1951;13.2;5.3
01/04/1951;12.6;3.0
02/04/1951;18.5;2.8
03/04/1951;17.5;9.5
04/04/1951;10.0;4.3
05/04/1951;18.8;8.6
06/04/1951;23.0;0.0
07/04/1951;26.0;0.5
08/04/1951;22.2;0.5
09/04/1951;18.4;2.2
10/04/1951;16.0;7.1
11/04/1951;18.0;8.2
12/04/1951;21.5;8.5
13/04/1951;12.0;9.5
14/04/1951;16.0;0.5
15/04/1951;17.2;5.0
16/04/1951;18.5;1.0
17/04/1951;22.1;1.6
18/04/1951;22.5;6.5
19/04/1951;21.0;8.6
20/04/1951;22.0;12.4
21/04/1951;19.7;6.5
22/04/1951;24.3;5.0
23/04/1951;24.0;4.0
24/04/1951;17.0;5.0
25/04/1951;24.0;7.0
26/04/1951;22.0;6.6
27/04/1951;22.0;14.0
28/04/1951;20.0;3.5
29/04/1951;26.5;7.0
30/04/1951;19.0;4.5
01/05/1951;23.5;5.5
02/05/1951;28.7;8.6
03/05/1951;24.0;7.7
04/05/1951;23.0;8.0
05/05/1951;23.2;10.3
06/05/1951;22.0;8.0
07/05/1951;16.0;8.5
08/05/1951;26.0;8.2
09/05/1951;20.5;6.2
10/05/1951;20.0;7.0
11/05/1951;16.5;8.6
12/05/1951;18.8;6.5
13/05/1951;18.9;10.8
14/05/1951;12.5;11.2
15/05/1951;18.5;9.2
16/05/1951;16.5;9.0
17/05/1951;20.0;11.0
18/05/1951;18.0;6.5
19/05/1951;19.2;8.0
20/05/1951;19.9;8.5
21/05/1951;22.0;9.0
22/05/1951;23.0;7.0
23/05/1951;25.6;8.0
24/05/1951;22.2;8.5
25/05/1951;23.8;10.4
26/05/1951;28.5;11.0
27/05/1951;28.5;13.6
28/05/1951;28.0;11.0
29/05/1951;24.0;14.0
30/05/1951;26.5;14.0
31/05/1951;28.5;8.6
01/06/1951;29.2;10.5
02/06/1951;26.8;10.4
03/06/1951;24.0;8.2
04/06/1951;24.0;12.0
05/06/1951;28.0;16.5
06/06/1951;26.5;13.6
07/06/1951;26.6;14.2
08/06/1951;27.0;14.0
09/06/1951;24.0;12.8
10/06/1951;28.8;13.0
11/06/1951;26.6;13.8
12/06/1951;28.0;11.6
13/06/1951;33.1;12.5
14/06/1951;32.7;13.0
15/06/1951;34.5;15.0
16/06/1951;35.3;15.6
17/06/1951;32.0;15.5
18/06/1951;25.6;16.4
19/06/1951;33.0;16.0
20/06/1951;34.2;16.5
21/06/1951;36.5;13.0
22/06/1951;31.5;13.4
23/06/1951;35.6;16.0
24/06/1951;34.0;10.0
25/06/1951;24.0;10.5
26/06/1951;25.3;12.0
27/06/1951;24.7;11.1
28/06/1951;25.6;10.2
29/06/1951;25.2;11.5
30/06/1951;23.5;12.6
01/07/1951;27.6;14.0
02/07/1951;25.5;13.2
03/07/1951;24.0;10.0
04/07/1951;30.0;11.9
05/07/1951;33.0;11.5
06/07/1951;30.2;16.6
07/07/1951;30.1;16.0
08/07/1951;29.0;14.0
09/07/1951;31.1;15.2
10/07/1951;33.0;14.5
11/07/1951;29.0;15.3
12/07/1951;31.2;16.0
13/07/1951;33.0;17.0
14/07/1951;34.1;16.5
15/07/1951;35.5;17.4
16/07/1951;34.9;17.5
17/07/1951;30.0;18.0
18/07/1951;37.3;15.2
19/07/1951;31.5;14.5
20/07/1951;33.8;14.7
21/07/1951;33.5;14.6
22/07/1951;34.0;15.0
23/07/1951;35.5;15.5
24/07/1951;31.5;18.0
25/07/1951;29.6;16.0
26/07/1951;28.1;12.3
27/07/1951;24.2;10.5
28/07/1951;31.0;12.5
29/07/1951;32.2;12.0
30/07/1951;33.5;11.6
31/07/1951;37.0;15.0
01/08/1951;37.5;15.0
02/08/1951;36.5;14.2
03/08/1951;36.0;16.0
04/08/1951;36.2;13.0
05/08/1951;36.6;15.2
06/08/1951;35.0;15.5
07/08/1951;34.5;15.0
08/08/1951;38.0;14.3
09/08/1951;34.5;21.5
10/08/1951;27.6;12.0
11/08/1951;27.2;11.5
12/08/1951;25.5;11.0
13/08/1951;29.5;11.7
14/08/1951;31.5;16.0
15/08/1951;33.7;11.8
16/08/1951;34.0;19.0
17/08/1951;30.4;13.0
18/08/1951;34.1;14.3
19/08/1951;34.5;14.2
20/08/1951;34.6;13.3
21/08/1951;34.7;13.6
22/08/1951;33.2;12.5
23/08/1951;29.0;14.0
24/08/1951;29.3;13.6
25/08/1951;30.5;13.0
26/08/1951;34.5;14.2
27/08/1951;32.8;14.7
28/08/1951;29.0;20.5
29/08/1951;33.6;16.8
30/08/1951;35.2;14.0
31/08/1951;36.0;15.0
01/09/1951;32.5;17.5
02/09/1951;31.0;13.0
03/09/1951;29.2;19.3
04/09/1951;25.6;16.2
05/09/1951;26.2;15.5
06/09/1951;28.0;19.0
07/09/1951;26.0;15.0
08/09/1951;29.5;13.3
09/09/1951;25.5;14.2
10/09/1951;31.5;13.0
11/09/1951;32.5;13.2
12/09/1951;35.0;14.5
13/09/1951;34.5;16.2
14/09/1951;34.5;18.0
15/09/1951;39.5;16.8
16/09/1951;34.6;16.6
17/09/1951;36.5;17.2
18/09/1951;31.7;17.0
19/09/1951;31.8;15.5
20/09/1951;28.5;13.2
21/09/1951;27.6;12.3
22/09/1951;27.2;13.4
23/09/1951;25.0;12.0
24/09/1951;24.2;14.3
25/09/1951;23.3;12.8
26/09/1951;23.2;14.5
27/09/1951;25.7;13.2
28/09/1951;28.0;11.5
29/09/1951;25.0;11.8
30/09/1951;29.0;13.5
01/10/1951;25.2;12.0
02/10/1951;26.0;12.0
03/10/1951;25.0;14.5
04/10/1951;23.3;11.0
05/10/1951;20.5;3.4
06/10/1951;18.2;8.2
07/10/1951;15.5;8.6
08/10/1951;16.0;8.5
09/10/1951;12.4;8.0
10/10/1951;12.9;7.3
11/10/1951;15.1;8.0
12/10/1951;12.5;7.6
13/10/1951;12.7;8.2
14/10/1951;15.0;1.0
15/10/1951;17.2;3.0
16/10/1951;15.8;4.7
17/10/1951;13.0;5.2
18/10/1951;16.2;9.5
19/10/1951;17.0;11.0
20/10/1951;15.2;10.0
21/10/1951;22.3;9.0
22/10/1951;23.5;10.0
23/10/1951;19.0;9.9
24/10/1951;19.6;10.5
25/10/1951;19.0;9.0
26/10/1951;11.5;7.6
27/10/1951;13.5;11.5
28/10/1951;16.0;6.7
29/10/1951;16.3;3.0
30/10/1951;16.0;4.5
31/10/1951;14.2;3.3
01/11/1951;14.0;3.3
02/11/1951;12.5;2.0
03/11/1951;18.0;3.5
04/11/1951;16.2;5.8
05/11/1951;16.5;7.3
06/11/1951;18.8;8.6
07/11/1951;15.5;9.0
08/11/1951;15.5;12.0
09/11/1951;15.5;11.5
10/11/1951;13.0;10.0
11/11/1951;18.5;12.5
12/11/1951;17.9;12.7
13/11/1951;17.2;11.2
14/11/1951;14.0;8.0
15/11/1951;13.5;5.0
16/11/1951;11.0;3.0
17/11/1951;12.3;6.2
18/11/1951;13.5;3.4
19/11/1951;14.7;5.0
20/11/1951;14.6;8.0
21/11/1951;17.8;4.2
22/11/1951;17.0;9.0
23/11/1951;13.0;6.2
24/11/1951;13.2;6.0
25/11/1951;13.0;-1.5
26/11/1951;13.7;4.0
27/11/1951;13.2;8.5
28/11/1951;11.0;-1.2
29/11/1951;13.0;0.0
30/11/1951;10.2;-3.1
01/12/1951;11.3;3.2
02/12/1951;11.0;0.0
03/12/1951;9.7;2.0
04/12/1951;8.2;5.3
05/12/1951;10.4;1.2
06/12/1951;11.0;5.0
07/12/1951;11.0;6.5
08/12/1951;12.5;3.2
09/12/1951;11.0;5.0
10/12/1951;10.8;5.6
11/12/1951;12.0;2.8
12/12/1951;10.2;2.3
13/12/1951;9.0;5.0
14/12/1951;6.0;4.5
15/12/1951;8.2;4.3
16/12/1951;5.2;2.0
17/12/1951;4.5;0.0
18/12/1951;7.2;0.5
19/12/1951;9.5;3.0
20/12/1951;10.0;3.2
21/12/1951;10.0;3.0
22/12/1951;8.0;4.1
23/12/1951;5.2;3.3
24/12/1951;6.0;3.2
25/12/1951;7.6;1.5
26/12/1951;11.0;5.4
27/12/1951;10.2;7.0
28/12/1951;10.1;6.0
29/12/1951;9.1;3.2
30/12/1951;10.0;3.1
31/12/1951;10.0;5.0
01/01/1952;12.0;-0.5
02/01/1952;8.2;1.6
03/01/1952;12.4;1.4
04/01/1952;10.2;1.5
05/01/1952;10.5;0.4
06/01/1952;9.3;1.2
07/01/1952;9.4;0.3
08/01/1952;11.5;0.4
09/01/1952;11.3;0.4
10/01/1952;9.3;4.3
11/01/1952;11.3;3.2
12/01/1952;10.3;4.3
13/01/1952;13.5;1.4
14/01/1952;10.4;0.4
15/01/1952;10.6;-1.4
16/01/1952;10.4;-1.3
17/01/1952;10.6;0.5
18/01/1952;9.4;0.4
19/01/1952;9.2;-0.3
20/01/1952;9.4;-0.3
21/01/1952;10.2;-3.8
22/01/1952;9.2;-4.5
23/01/1952;11.4;-1.4
24/01/1952;10.3;0.7
25/01/1952;10.2;-0.1
26/01/1952;11.3;0.1
27/01/1952;10.4;1.4
28/01/1952;11.5;-0.5
29/01/1952;7.3;-0.2
30/01/1952;10.4;0.4
31/01/1952;9.4;0.6
01/02/1952;9.5;-0.3
02/02/1952;11.4;-0.5
03/02/1952;10.4;-0.4
04/02/1952;9.5;-0.6
05/02/1952;10.4;0.4
06/02/1952;10.3;0.3
07/02/1952;8.0;0.5
08/02/1952;9.4;0.7
09/02/1952;9.6;1.5
10/02/1952;10.5;0.7
11/02/1952;9.5;-0.5
12/02/1952;9.3;-0.4
13/02/1952;10.3;2.4
14/02/1952;9.9;2.0
15/02/1952;10.2;-0.4
16/02/1952;9.2;0.5
17/02/1952;9.4;0.5
18/02/1952;10.3;0.4
19/02/1952;11.2;0.4
20/02/1952;7.5;1.5
21/02/1952;8.4;-1.1
22/02/1952;6.4;-1.2
23/02/1952;7.5;-4.4
24/02/1952;6.7;-2.2
25/02/1952;7.6;-1.3
26/02/1952;8.7;-2.3
27/02/1952;6.6;-1.3
28/02/1952;8.6;-2.2
29/02/1952;11.7;-0.7
01/03/1952;8.7;-2.3
02/03/1952;7.7;-2.7
03/03/1952;8.9;-2.1
04/03/1952;10.9;1.2
05/03/1952;8.7;-3.9
06/03/1952;8.9;-2.1
07/03/1952;7.6;-2.2
08/03/1952;10.8;-2.2
09/03/1952;10.8;-2.4
10/03/1952;10.1;-2.1
11/03/1952;10.7;-2.1
12/03/1952;10.8;-2.1
13/03/1952;10.4;-3.4
14/03/1952;10.5;-2.3
15/03/1952;13.2;1.2
16/03/1952;9.8;4.3
17/03/1952;8.7;1.4
18/03/1952;9.7;2.2
19/03/1952;10.5;3.6
20/03/1952;12.5;-2.1
21/03/1952;10.8;4.4
22/03/1952;10.9;3.4
23/03/1952;19.0;0.5
24/03/1952;22.0;3.0
25/03/1952;13.2;10.3
26/03/1952;20.0;10.1
27/03/1952;17.5;2.3
28/03/1952;16.8;5.0
29/03/1952;15.5;5.5
30/03/1952;19.0;7.2
31/03/1952;16.0;11.1
01/04/1952;15.2;5.5
02/04/1952;19.2;10.3
03/04/1952;13.2;5.5
04/04/1952;10.0;4.5
05/04/1952;9.0;4.6
06/04/1952;10.0;5.8
07/04/1952;9.7;1.5
08/04/1952;10.2;3.3
09/04/1952;20.2;1.1
10/04/1952;20.5;2.2
11/04/1952;22.7;3.5
12/04/1952;17.3;3.0
13/04/1952;22.5;4.0
14/04/1952;24.2;5.5
15/04/1952;24.2;2.3
16/04/1952;24.0;6.0
17/04/1952;25.2;7.1
18/04/1952;26.3;9.0
19/04/1952;28.0;6.5
20/04/1952;28.0;6.2
21/04/1952;27.2;7.0
22/04/1952;21.5;11.2
23/04/1952;25.5;11.2
24/04/1952;24.2;14.0
25/04/1952;24.3;13.5
26/04/1952;23.8;11.2
27/04/1952;26.0;11.0
28/04/1952;25.5;10.9
29/04/1952;24.7;11.0
30/04/1952;25.0;9.0
01/05/1952;26.5;13.0
02/05/1952;27.5;9.5
03/05/1952;25.5;10.2
04/05/1952;23.6;11.0
05/05/1952;23.0;12.5
06/05/1952;23.5;13.0
07/05/1952;26.0;8.3
08/05/1952;27.2;14.0
09/05/1952;27.2;13.2
10/05/1952;30.0;13.5
11/05/1952;30.5;10.4
12/05/1952;30.0;10.5
13/05/1952;22.2;9.0
14/05/1952;25.5;9.6
15/05/1952;26.7;10.0
16/05/1952;27.0;10.9
17/05/1952;27.5;11.0
18/05/1952;21.5;12.0
19/05/1952;27.5;10.8
20/05/1952;24.0;15.0
21/05/1952;21.0;9.0
22/05/1952;20.5;3.0
23/05/1952;19.0;3.2
24/05/1952;19.1;3.0
25/05/1952;19.5;3.6
26/05/1952;23.3;5.8
27/05/1952;25.0;9.2
28/05/1952;25.0;11.0
29/05/1952;25.2;11.3
30/05/1952;28.0;10.0
31/05/1952;29.1;11.0
01/06/1952;30.0;10.6
02/06/1952;30.5;10.0
03/06/1952;32.0;12.0
04/06/1952;30.5;13.2
05/06/1952;29.5;10.0
06/06/1952;28.2;12.0
07/06/1952;30.0;14.0
08/06/1952;30.0;10.6
09/06/1952;29.7;11.0
10/06/1952;27.5;11.2
11/06/1952;29.0;12.0
12/06/1952;29.2;12.2
13/06/1952;31.0;12.6
14/06/1952;33.5;17.0
15/06/1952;32.6;15.0
16/06/1952;32.8;14.0
17/06/1952;35.5;15.6
18/06/1952;35.6;16.2
19/06/1952;35.2;17.5
20/06/1952;32.2;13.0
21/06/1952;30.2;14.0
22/06/1952;31.7;15.3
23/06/1952;32.5;11.2
24/06/1952;30.0;13.0
25/06/1952;33.0;15.0
26/06/1952;32.5;15.2
27/06/1952;35.6;15.1
28/06/1952;31.6;13.6
29/06/1952;34.8;15.7
30/06/1952;37.2;13.5
01/07/1952;37.2;14.3
02/07/1952;32.0;15.2
03/07/1952;40.0;17.0
04/07/1952;37.3;15.7
05/07/1952;35.5;14.5
06/07/1952;37.0;15.5
07/07/1952;41.6;17.0
08/07/1952;11.2;19.5
09/07/1952;39.5;20.0
10/07/1952;34.8;20.6
11/07/1952;38.0;17.0
12/07/1952;32.5;13.8
13/07/1952;34.7;14.8
14/07/1952;37.5;16.5
15/07/1952;36.2;16.1
16/07/1952;35.0;19.5
17/07/1952;34.5;16.2
18/07/1952;36.2;13.5
19/07/1952;34.5;14.6
20/07/1952;36.2;16.3
21/07/1952;37.2;15.5
22/07/1952;33.0;16.2
23/07/1952;36.2;18.1
24/07/1952;35.8;17.0
25/07/1952;36.2;18.1
26/07/1952;29.9;14.3
27/07/1952;36.1;14.0
28/07/1952;35.5;12.2
29/07/1952;35.2;15.4
30/07/1952;35.6;15.5
31/07/1952;32.2;15.3
01/08/1952;32.2;15.0
02/08/1952;32.5;16.7
03/08/1952;34.3;15.9
04/08/1952;34.0;15.8
05/08/1952;36.6;14.5
06/08/1952;37.7;14.3
07/08/1952;37.4;15.2
08/08/1952;32.2;16.5
09/08/1952;31.3;15.2
10/08/1952;34.5;15.6
11/08/1952;32.0;15.0
12/08/1952;35.2;17.5
13/08/1952;37.3;17.4
14/08/1952;38.5;18.2
15/08/1952;37.7;16.5
16/08/1952;37.0;17.2
17/08/1952;36.0;20.0
18/08/1952;34.8;18.0
19/08/1952;34.0;16.2
20/08/1952;32.1;15.0
21/08/1952;29.0;14.0
22/08/1952;28.1;13.2
23/08/1952;25.0;11.0
24/08/1952;25.9;12.5
25/08/1952;26.0;12.6
26/08/1952;30.6;13.3
27/08/1952;32.0;13.8
28/08/1952;33.5;12.0
29/08/1952;33.2;13.1
30/08/1952;35.5;14.6
31/08/1952;34.2;13.5
01/09/1952;34.0;13.0
02/09/1952;34.6;13.1
03/09/1952;33.2;12.5
04/09/1952;32.5;15.6
05/09/1952;32.0;16.0
06/09/1952;28.2;16.2
07/09/1952;28.1;15.1
08/09/1952;31.6;16.3
09/09/1952;25.0;11.5
10/09/1952;26.0;9.5
11/09/1952;25.2;15.6
12/09/1952;21.3;15.0
13/09/1952;23.0;14.3
14/09/1952;24.2;9.3
15/09/1952;26.1;12.0
16/09/1952;29.0;17.0
17/09/1952;24.2;14.2
18/09/1952;25.0;16.3
19/09/1952;24.5;12.6
20/09/1952;28.2;9.5
21/09/1952;24.0;7.0
22/09/1952;24.3;6.5
23/09/1952;20.1;6.2
24/09/1952;25.5;6.3
25/09/1952;26.2;8.5
26/09/1952;22.3;11.2
27/09/1952;22.5;11.6
28/09/1952;21.7;14.0
29/09/1952;22.0;8.2
30/09/1952;21.6;10.5
01/10/1952;21.0;9.0
02/10/1952;25.2;11.6
03/10/1952;29.0;8.2
04/10/1952;18.0;4.5
05/10/1952;22.0;9.0
06/10/1952;18.6;9.8
07/10/1952;24.0;14.0
08/10/1952;18.5;15.2
09/10/1952;18.4;5.0
10/10/1952;12.5;3.5
11/10/1952;18.2;11.0
12/10/1952;17.5;7.0
13/10/1952;18.0;2.6
14/10/1952;17.1;6.0
15/10/1952;19.0;10.5
16/10/1952;19.4;8.0
17/10/1952;19.5;8.1
18/10/1952;23.2;10.0
19/10/1952;22.0;9.5
20/10/1952;20.2;9.0
21/10/1952;18.6;13.0
22/10/1952;21.6;13.1
23/10/1952;22.2;15.0
24/10/1952;21.6;13.5
25/10/1952;17.8;13.0
26/10/1952;23.2;11.2
27/10/1952;19.1;9.3
28/10/1952;20.0;6.2
29/10/1952;22.1;9.1
30/10/1952;17.8;10.0
31/10/1952;16.2;11.0
01/11/1952;10.3;5.6
02/11/1952;17.0;0.0
03/11/1952;19.2;1.0
04/11/1952;16.5;2.2
05/11/1952;16.0;0.1
06/11/1952;17.2;3.0
07/11/1952;10.0;4.2
08/11/1952;13.2;5.1
09/11/1952;10.2;-3.8
10/11/1952;8.3;-4.2
11/11/1952;8.2;-1.1
12/11/1952;12.2;-7.2
13/11/1952;12.1;-2.7
14/11/1952;12.3;-1.4
15/11/1952;8.2;-1.6
16/11/1952;9.7;-3.5
17/11/1952;11.0;2.2
18/11/1952;11.3;3.5
19/11/1952;14.0;7.0
20/11/1952;17.2;4.6
21/11/1952;15.0;1.2
22/11/1952;14.1;3.2
23/11/1952;12.7;0.0
24/11/1952;14.2;2.3
25/11/1952;12.2;3.5
26/11/1952;15.0;8.1
27/11/1952;15.3;13.4
28/11/1952;17.2;11.2
29/11/1952;13.0;9.5
30/11/1952;20.0;10.8
01/12/1952;19.2;10.3
02/12/1952;15.0;13.6
03/12/1952;16.5;10.0
04/12/1952;13.2;4.2
05/12/1952;6.8;5.0
06/12/1952;6.2;3.1
07/12/1952;6.6;3.2
08/12/1952;5.3;2.6
09/12/1952;5.0;1.0
10/12/1952;6.1;-1.1
11/12/1952;5.6;0.0
12/12/1952;7.0;3.0
13/12/1952;11.0;5.2
14/12/1952;9.0;7.3
15/12/1952;8.2;3.2
16/12/1952;11.0;1.0
17/12/1952;7.2;-3.4
18/12/1952;9.5;1.0
19/12/1952;8.0;2.1
20/12/1952;10.2;-3.3
21/12/1952;12.0;-2.8
22/12/1952;8.6;-4.2
23/12/1952;11.2;-3.5
24/12/1952;14.1;-4.2
25/12/1952;15.0;-4.1
26/12/1952;15.2;-4.3
27/12/1952;3.0;0.7
28/12/1952;6.0;2.1
29/12/1952;6.3;2.0
30/12/1952;5.1;2.5
31/12/1952;7.0;4.0
01/01/1953;7.0;4.0
02/01/1953;7.1;1.8
03/01/1953;12.2;2.2
04/01/1953;12.3;-1.1
05/01/1953;9.0;2.0
06/01/1953;8.2;0.6
07/01/1953;5.2;-1.1
08/01/1953;1.5;0.0
09/01/1953;7.0;3.0
10/01/1953;8.2;-3.5
11/01/1953;10.2;-2.0
12/01/1953;9.8;-2.2
13/01/1953;4.2;-2.3
14/01/1953;2.2;0.2
15/01/1953;3.3;0.0
16/01/1953;5.5;4.2
17/01/1953;4.6;-5.5
18/01/1953;11.2;-5.6
19/01/1953;7.5;-3.8
20/01/1953;8.3;-6.0
21/01/1953;6.5;-3.0
22/01/1953;6.0;-8.2
23/01/1953;11.2;-5.3
24/01/1953;2.2;-0.5
25/01/1953;6.3;0.0
26/01/1953;4.2;-0.5
27/01/1953;5.0;-0.2
28/01/1953;6.0;-6.0
29/01/1953;11.2;-4.2
30/01/1953;6.1;0.0
31/01/1953;11.0;6.0
01/02/1953;8.0;1.3
02/02/1953;11.0;-4.0
03/02/1953;14.6;-2.6
04/02/1953;9.4;-6.9
05/02/1953;12.2;-5.1
06/02/1953;4.0;-2.0
07/02/1953;0.0;-6.1
08/02/1953;5.5;-10.0
09/02/1953;7.0;-10.2
10/02/1953;0.5;-5.0
11/02/1953;6.0;-1.1
12/02/1953;7.5;0.5
13/02/1953;3.0;0.0
14/02/1953;9.2;-0.5
15/02/1953;4.2;-0.5
16/02/1953;4.3;0.0
17/02/1953;7.0;0.5
18/02/1953;7.2;-5.0
19/02/1953;19.0;-2.2
20/02/1953;17.2;4.0
21/02/1953;14.2;-1.2
22/02/1953;15.8;-1.3
23/02/1953;17.0;-1.5
24/02/1953;14.2;-0.5
25/02/1953;15.0;-2.0
26/02/1953;16.2;-0.2
27/02/1953;14.2;-2.0
28/02/1953;15.3;-2.0
01/03/1953;16.2;-2.1
02/03/1953;14.0;2.0
03/03/1953;11.2;-4.0
04/03/1953;19.0;-5.1
05/03/1953;18.0;3.0
06/03/1953;19.1;-2.2
07/03/1953;17.0;-2.0
08/03/1953;19.1;0.0
09/03/1953;10.0;0.1
10/03/1953;9.0;-2.2
11/03/1953;18.5;-3.5
12/03/1953;8.0;-2.4
13/03/1953;12.0;-5.0
14/03/1953;10.2;-2.1
15/03/1953;10.0;0.1
16/03/1953;6.2;0.2
17/03/1953;10.0;-1.2
18/03/1953;15.5;-3.2
19/03/1953;17.2;-3.3
20/03/1953;20.0;-4.0
21/03/1953;23.2;-3.7
22/03/1953;23.0;-4.0
23/03/1953;22.9;-3.8
24/03/1953;25.5;-2.2
25/03/1953;22.2;-3.0
26/03/1953;22.7;1.5
27/03/1953;19.5;-2.6
28/03/1953;20.2;-1.0
29/03/1953;20.4;-1.5
30/03/1953;21.0;-1.0
31/03/1953;19.2;3.0
01/04/1953;15.5;11.2
02/04/1953;20.2;5.0
03/04/1953;25.0;5.1
04/04/1953;25.1;7.2
05/04/1953;26.0;6.0
06/04/1953;27.2;3.6
07/04/1953;23.3;5.7
08/04/1953;24.8;4.2
09/04/1953;26.2;11.3
10/04/1953;25.1;11.0
11/04/1953;20.5;2.3
12/04/1953;20.0;4.1
13/04/1953;24.5;11.0
14/04/1953;14.4;10.2
15/04/1953;14.0;8.2
16/04/1953;14.0;5.0
17/04/1953;11.6;4.5
18/04/1953;12.7;3.0
19/04/1953;20.2;3.3
20/04/1953;24.6;6.4
21/04/1953;23.3;2.2
22/04/1953;25.0;6.0
23/04/1953;26.5;5.7
24/04/1953;26.2;11.3
25/04/1953;23.5;11.5
26/04/1953;23.0;11.0
27/04/1953;22.1;11.2
28/04/1953;16.6;13.0
29/04/1953;19.0;11.0
30/04/1953;19.8;4.7
01/05/1953;22.4;4.9
02/05/1953;25.5;10.8
03/05/1953;22.0;8.0
04/05/1953;21.9;7.5
05/05/1953;25.0;8.8
06/05/1953;27.5;8.6
07/05/1953;24.6;8.0
08/05/1953;24.5;2.5
09/05/1953;16.6;3.0
10/05/1953;20.0;4.0
11/05/1953;21.2;3.5
12/05/1953;21.0;6.0
13/05/1953;20.5;5.7
14/05/1953;27.6;9.8
15/05/1953;22.0;11.5
16/05/1953;26.6;9.2
17/05/1953;27.3;9.6
18/05/1953;29.5;12.8
19/05/1953;22.0;11.0
20/05/1953;34.5;23.2
21/05/1953;30.0;15.6
22/05/1953;31.2;11.5
23/05/1953;31.6;11.0
24/05/1953;26.3;11.0
25/05/1953;27.7;12.6
26/05/1953;30.0;12.2
27/05/1953;32.0;13.0
28/05/1953;31.2;15.5
29/05/1953;25.0;18.0
30/05/1953;19.5;8.2
31/05/1953;21.8;6.7
01/06/1953;14.8;3.2
02/06/1953;24.2;6.2
03/06/1953;15.0;6.0
04/06/1953;16.8;5.5
05/06/1953;24.0;8.2
06/06/1953;21.5;12.3
07/06/1953;25.0;13.8
08/06/1953;22.2;14.2
09/06/1953;23.0;13.2
10/06/1953;21.6;10.5
11/06/1953;24.0;12.6
12/06/1953;24.2;13.0
13/06/1953;25.0;16.4
14/06/1953;26.3;13.6
15/06/1953;24.5;11.2
16/06/1953;26.2;15.0
17/06/1953;25.3;10.8
18/06/1953;25.2;12.2
19/06/1953;23.6;16.1
20/06/1953;28.2;11.3
21/06/1953;23.8;15.6
22/06/1953;25.6;14.2
23/06/1953;27.2;14.3
24/06/1953;29.0;12.0
25/06/1953;28.5;18.2
26/06/1953;28.0;14.2
27/06/1953;23.3;11.6
28/06/1953;31.5;13.0
29/06/1953;32.2;15.7
30/06/1953;32.0;15.3
01/07/1953;31.5;19.0
02/07/1953;28.0;15.0
03/07/1953;30.0;18.0
04/07/1953;26.2;18.8
05/07/1953;27.6;16.5
06/07/1953;28.0;15.0
07/07/1953;33.0;15.5
08/07/1953;33.0;18.5
09/07/1953;33.5;18.0
10/07/1953;33.0;16.8
11/07/1953;28.0;14.0
12/07/1953;29.0;9.0
13/07/1953;29.0;9.0
14/07/1953;25.0;14.2
15/07/1953;24.2;12.0
16/07/1953;29.5;15.3
17/07/1953;24.2;14.2
18/07/1953;35.1;15.0
19/07/1953;36.2;14.8
20/07/1953;37.0;15.5
21/07/1953;38.0;14.1
22/07/1953;30.2;14.0
23/07/1953;36.3;12.5
24/07/1953;35.4;13.6
25/07/1953;34.3;15.0
26/07/1953;36.9;14.6
27/07/1953;38.2;15.2
28/07/1953;38.5;15.5
29/07/1953;37.8;16.7
30/07/1953;38.0;16.0
31/07/1953;34.5;13.2
01/08/1953;34.2;12.2
02/08/1953;34.5;15.1
03/08/1953;33.6;16.2
04/08/1953;28.2;15.5
05/08/1953;24.3;13.5
06/08/1953;25.8;9.3
07/08/1953;34.1;13.1
08/08/1953;34.2;15.3
09/08/1953;35.6;15.8
10/08/1953;34.5;14.0
11/08/1953;29.2;14.5
12/08/1953;34.1;14.6
13/08/1953;34.2;13.2
14/08/1953;34.3;15.1
15/08/1953;35.0;14.6
16/08/1953;34.8;15.0
17/08/1953;35.5;15.7
18/08/1953;34.2;15.3
19/08/1953;33.8;14.0
20/08/1953;32.5;14.2
21/08/1953;34.6;15.5
22/08/1953;32.2;18.2
23/08/1953;25.0;8.3
24/08/1953;28.8;10.0
25/08/1953;32.1;10.2
26/08/1953;29.3;15.4
27/08/1953;28.5;17.9
28/08/1953;29.8;15.1
29/08/1953;24.6;9.5
30/08/1953;28.5;9.6
31/08/1953;32.2;9.9
01/09/1953;34.0;11.1
02/09/1953;35.1;10.5
03/09/1953;34.2;11.3
04/09/1953;34.1;11.2
05/09/1953;33.0;10.5
06/09/1953;31.5;10.5
07/09/1953;28.5;10.8
08/09/1953;30.6;8.3
09/09/1953;30.2;7.2
10/09/1953;21.5;12.1
11/09/1953;21.5;15.2
12/09/1953;17.0;12.3
13/09/1953;24.8;8.5
14/09/1953;26.0;9.8
15/09/1953;27.2;11.2
16/09/1953;26.8;14.0
17/09/1953;25.0;15.2
18/09/1953;26.3;16.5
19/09/1953;24.4;16.2
20/09/1953;25.2;15.0
21/09/1953;25.5;13.0
22/09/1953;25.2;14.5
23/09/1953;25.3;13.6
24/09/1953;24.6;12.8
25/09/1953;25.0;14.5
26/09/1953;29.3;17.2
27/09/1953;29.5;15.0
28/09/1953;33.2;15.8
29/09/1953;25.0;15.0
30/09/1953;28.2;13.8
01/10/1953;25.0;15.1
02/10/1953;28.2;11.2
03/10/1953;26.0;12.3
04/10/1953;28.2;13.0
05/10/1953;24.6;16.2
06/10/1953;25.2;11.3
07/10/1953;25.4;11.6
08/10/1953;18.0;7.2
09/10/1953;17.6;6.3
10/10/1953;15.0;5.0
11/10/1953;15.4;6.2
12/10/1953;16.2;6.4
13/10/1953;21.0;10.0
14/10/1953;16.2;11.2
15/10/1953;19.0;15.6
16/10/1953;25.2;16.1
17/10/1953;24.5;15.8
18/10/1953;24.2;13.6
19/10/1953;23.7;12.2
20/10/1953;25.2;14.1
21/10/1953;22.3;10.2
22/10/1953;21.6;13.0
23/10/1953;22.0;14.8
24/10/1953;20.2;14.0
25/10/1953;20.0;14.1
26/10/1953;29.6;11.3
27/10/1953;21.0;13.0
28/10/1953;20.7;9.2
29/10/1953;18.2;11.8
30/10/1953;18.8;8.0
31/10/1953;16.7;6.3
01/11/1953;20.1;5.2
02/11/1953;18.0;7.3
03/11/1953;15.2;10.0
04/11/1953;14.3;8.5
05/11/1953;14.0;7.3
06/11/1953;18.5;3.4
07/11/1953;18.6;11.2
08/11/1953;15.0;3.2
09/11/1953;13.5;8.0
10/11/1953;17.2;0.1
11/11/1953;22.0;3.5
12/11/1953;19.2;-2.5
13/11/1953;19.0;0.0
14/11/1953;16.3;2.2
15/11/1953;17.8;3.1
16/11/1953;17.0;2.0
17/11/1953;19.2;1.0
18/11/1953;19.0;0.0
19/11/1953;17.2;-4.1
20/11/1953;16.0;-3.0
21/11/1953;13.3;0.2
22/11/1953;16.1;0.0
23/11/1953;10.5;-0.5
24/11/1953;13.0;1.0
25/11/1953;11.0;-4.2
26/11/1953;7.1;-4.2
27/11/1953;11.3;-3.7
28/11/1953;6.4;-2.6
29/11/1953;7.5;2.0
30/11/1953;10.0;2.5
01/12/1953;14.2;7.3
02/12/1953;15.1;5.6
03/12/1953;10.0;5.1
04/12/1953;10.2;6.5
05/12/1953;11.6;6.0
06/12/1953;8.2;2.4
07/12/1953;7.6;2.8
08/12/1953;8.0;3.5
09/12/1953;7.5;2.4
10/12/1953;8.6;3.5
11/12/1953;13.5;9.2
12/12/1953;14.0;8.2
13/12/1953;14.8;7.6
14/12/1953;15.2;0.0
15/12/1953;12.0;2.2
16/12/1953;17.0;2.5
17/12/1953;16.2;1.3
18/12/1953;14.0;3.2
19/12/1953;11.2;4.1
20/12/1953;9.6;5.2
21/12/1953;8.2;5.0
22/12/1953;8.9;2.3
23/12/1953;11.0;4.2
24/12/1953;8.2;-2.5
25/12/1953;11.6;-4.2
26/12/1953;13.3;-3.1
27/12/1953;14.0;-2.6
28/12/1953;9.5;2.0
29/12/1953;7.2;3.5
30/12/1953;6.0;1.1
31/12/1953;4.3;-4.2
01/01/1954;5.2;-2.4
02/01/1954;5.0;-3.0
03/01/1954;5.2;-6.5
04/01/1954;7.0;-2.3
05/01/1954;1.5;-0.5
06/01/1954;5.0;-1.3
07/01/1954;4.8;-1.0
08/01/1954;5.5;-2.5
09/01/1954;1.0;-1.6
10/01/1954;5.2;-4.4
11/01/1954;8.0;-6.2
12/01/1954;2.2;-5.5
13/01/1954;4.9;-1.8
14/01/1954;7.2;-0.5
15/01/1954;7.5;1.2
16/01/1954;15.2;-2.5
17/01/1954;14.0;2.6
18/01/1954;13.3;3.2
19/01/1954;18.8;-5.3
20/01/1954;11.2;-1.5
21/01/1954;11.0;6.2
22/01/1954;9.0;7.6
23/01/1954;11.2;1.3
24/01/1954;5.0;-6.0
25/01/1954;0.0;-6.2
26/01/1954;4.0;-9.5
27/01/1954;0.0;-1.8
28/01/1954;3.2;-5.0
29/01/1954;7.0;-9.9
30/01/1954;1.2;-4.0
31/01/1954;1.2;-2.5
01/02/1954;3.5;-3.1
02/02/1954;0.0;-4.2
03/02/1954;0.0;-4.8
04/02/1954;-0.1;-3.8
05/02/1954;1.0;-3.0
06/02/1954;1.2;-2.5
07/02/1954;3.0;-2.2
08/02/1954;4.2;-1.4
09/02/1954;5.0;-3.1
10/02/1954;3.0;0.2
11/02/1954;11.0;1.0
12/02/1954;2.0;2.0
13/02/1954;5.2;3.6
14/02/1954;6.3;5.2
15/02/1954;7.4;7.0
16/02/1954;11.0;5.2
17/02/1954;7.1;3.0
18/02/1954;7.4;1.2
19/02/1954;6.8;3.8
20/02/1954;5.9;-2.0
21/02/1954;7.0;-4.8
22/02/1954;6.2;-4.8
23/02/1954;8.2;-6.3
24/02/1954;7.5;-4.4
25/02/1954;12.0;-6.5
26/02/1954;6.0;3.0
27/02/1954;11.2;8.3
28/02/1954;14.6;8.5
01/03/1954;15.2;9.3
02/03/1954;15.3;7.2
03/03/1954;15.0;4.3
04/03/1954;14.2;7.1
05/03/1954;12.0;3.8
06/03/1954;9.8;4.0
07/03/1954;16.2;5.2
08/03/1954;19.0;-3.2
09/03/1954;17.5;-2.3
10/03/1954;15.2;-2.2
11/03/1954;16.3;0.0
12/03/1954;17.4;0.5
13/03/1954;18.5;4.4
14/03/1954;17.0;5.9
15/03/1954;16.9;7.2
16/03/1954;12.2;5.3
17/03/1954;21.0;4.6
18/03/1954;19.2;7.3
19/03/1954;17.5;7.0
20/03/1954;14.9;6.6
21/03/1954;14.0;6.0
22/03/1954;13.8;6.3
23/03/1954;16.2;5.0
24/03/1954;19.0;8.0
25/03/1954;17.6;5.8
26/03/1954;21.1;1.0
27/03/1954;22.0;9.5
28/03/1954;15.0;6.0
29/03/1954;14.8;1.6
30/03/1954;19.0;4.3
31/03/1954;21.2;2.5
01/04/1954;26.0;4.3
02/04/1954;17.2;2.6
03/04/1954;20.3;2.0
04/04/1954;22.2;5.4
05/04/1954;23.1;13.0
06/04/1954;22.0;10.3
07/04/1954;22.3;3.0
08/04/1954;22.5;7.2
09/04/1954;23.0;7.0
10/04/1954;17.2;7.8
11/04/1954;14.0;5.6
12/04/1954;13.2;0.5
13/04/1954;15.3;-2.5
14/04/1954;23.3;0.0
15/04/1954;23.0;1.0
16/04/1954;21.0;4.5
17/04/1954;13.0;3.8
18/04/1954;14.6;2.5
19/04/1954;10.0;3.8
20/04/1954;11.5;-2.5
21/04/1954;11.0;2.5
22/04/1954;10.5;1.0
23/04/1954;22.0;0.5
24/04/1954;20.2;3.5
25/04/1954;18.5;5.5
26/04/1954;13.0;7.8
27/04/1954;13.2;6.0
28/04/1954;14.0;10.2
29/04/1954;15.2;10.3
30/04/1954;10.6;9.2
01/05/1954;19.6;10.0
02/05/1954;20.0;7.6
03/05/1954;22.0;7.0
04/05/1954;17.0;7.5
05/05/1954;15.4;3.2
06/05/1954;16.9;2.0
07/05/1954;14.5;7.2
08/05/1954;24.3;11.3
09/05/1954;25.6;12.6
10/05/1954;26.6;10.6
11/05/1954;26.8;12.7
12/05/1954;26.7;9.9
13/05/1954;26.8;7.5
14/05/1954;22.0;9.2
15/05/1954;22.2;12.3
16/05/1954;18.8;11.0
17/05/1954;19.0;11.3
18/05/1954;19.2;12.2
19/05/1954;18.0;12.0
20/05/1954;18.2;11.5
21/05/1954;20.2;10.2
22/05/1954;21.2;10.5
23/05/1954;17.3;10.0
24/05/1954;18.5;9.6
25/05/1954;22.5;5.5
26/05/1954;25.5;8.2
27/05/1954;26.8;6.7
28/05/1954;27.4;9.5
29/05/1954;29.3;13.3
30/05/1954;27.0;10.2
31/05/1954;25.9;11.5
01/06/1954;25.2;12.2
02/06/1954;24.3;10.9
03/06/1954;26.0;9.8
04/06/1954;25.2;13.2
05/06/1954;23.2;18.5
06/06/1954;25.0;11.0
07/06/1954;24.3;13.6
08/06/1954;23.5;8.0
09/06/1954;26.7;11.2
10/06/1954;29.3;16.4
11/06/1954;24.2;15.0
12/06/1954;21.6;14.8
13/06/1954;24.8;10.5
14/06/1954;31.0;12.6
15/06/1954;29.2;15.0
16/06/1954;24.0;14.2
17/06/1954;25.6;13.7
18/06/1954;27.2;14.8
19/06/1954;28.0;11.0
20/06/1954;28.6;14.3
21/06/1954;31.2;15.3
22/06/1954;34.5;16.2
23/06/1954;33.2;16.0
24/06/1954;33.6;16.5
25/06/1954;33.0;16.0
26/06/1954;31.3;16.0
27/06/1954;31.6;16.2
28/06/1954;32.2;14.0
29/06/1954;32.5;16.2
30/06/1954;31.2;14.8
01/07/1954;35.5;16.6
02/07/1954;28.0;15.4
03/07/1954;25.6;10.2
04/07/1954;27.0;11.3
05/07/1954;27.5;12.4
06/07/1954;27.0;13.0
07/07/1954;20.2;10.5
08/07/1954;26.5;8.0
09/07/1954;27.2;8.2
10/07/1954;22.3;8.4
11/07/1954;25.0;13.0
12/07/1954;28.2;13.8
13/07/1954;23.6;16.5
14/07/1954;21.8;13.2
15/07/1954;28.5;11.8
16/07/1954;33.0;11.6
17/07/1954;28.5;12.2
18/07/1954;32.0;14.0
19/07/1954;31.5;15.6
20/07/1954;29.8;14.2
21/07/1954;29.8;14.2
22/07/1954;31.8;13.6
23/07/1954;33.3;14.8
24/07/1954;33.5;13.8
25/07/1954;25.8;13.0
26/07/1954;36.2;15.5
27/07/1954;32.2;14.0
28/07/1954;32.1;15.6
29/07/1954;34.0;15.2
30/07/1954;23.2;12.3
31/07/1954;23.6;13.5
01/08/1954;33.0;7.4
02/08/1954;34.7;12.5
03/08/1954;34.2;13.4
04/08/1954;35.6;13.8
05/08/1954;34.8;14.2
06/08/1954;31.8;15.2
07/08/1954;34.0;14.0
08/08/1954;32.8;14.6
09/08/1954;33.0;15.0
10/08/1954;30.0;14.2
11/08/1954;28.2;14.3
12/08/1954;28.0;13.0
13/08/1954;32.2;12.6
14/08/1954;33.0;13.0
15/08/1954;34.2;14.5
16/08/1954;29.0;11.0
17/08/1954;23.6;11.3
18/08/1954;25.0;9.3
19/08/1954;30.5;11.4
20/08/1954;30.2;16.2
21/08/1954;33.0;13.0
22/08/1954;33.2;15.5
23/08/1954;27.8;13.6
24/08/1954;28.2;12.4
25/08/1954;22.3;11.2
26/08/1954;24.0;13.0
27/08/1954;20.2;13.3
28/08/1954;25.0;11.5
29/08/1954;25.2;11.6
30/08/1954;29.0;12.0
31/08/1954;30.5;13.6
01/09/1954;33.2;14.1
02/09/1954;32.0;15.0
03/09/1954;34.6;15.2
04/09/1954;35.2;15.0
05/09/1954;33.8;14.2
06/09/1954;34.0;15.0
07/09/1954;32.2;14.2
08/09/1954;33.0;14.3
09/09/1954;30.2;15.0
10/09/1954;28.4;15.2
11/09/1954;29.0;13.8
12/09/1954;28.3;12.6
13/09/1954;29.5;11.0
14/09/1954;32.0;11.6
15/09/1954;31.3;14.0
16/09/1954;22.1;12.2
17/09/1954;28.0;11.8
18/09/1954;28.2;11.4
19/09/1954;28.0;11.0
20/09/1954;31.2;10.5
21/09/1954;28.5;14.2
22/09/1954;27.6;14.0
23/09/1954;25.2;5.5
24/09/1954;24.3;5.8
25/09/1954;25.0;4.5
26/09/1954;18.5;11.0
27/09/1954;25.5;12.2
28/09/1954;23.2;11.8
29/09/1954;22.7;10.2
30/09/1954;22.0;6.0
01/10/1954;23.0;4.1
02/10/1954;24.5;7.5
03/10/1954;25.2;7.8
04/10/1954;25.4;8.0
05/10/1954;24.0;10.0
06/10/1954;24.2;9.8
07/10/1954;24.0;13.0
08/10/1954;18.0;8.5
09/10/1954;18.2;7.3
10/10/1954;10.0;4.2
11/10/1954;9.0;3.5
12/10/1954;19.0;5.5
13/10/1954;15.2;7.9
14/10/1954;17.0;2.0
15/10/1954;21.0;3.2
16/10/1954;22.3;4.5
17/10/1954;26.2;3.0
18/10/1954;25.0;5.6
19/10/1954;26.0;4.5
20/10/1954;19.0;5.5
21/10/1954;16.2;14.5
22/10/1954;19.0;14.4
23/10/1954;18.6;15.2
24/10/1954;19.2;12.0
25/10/1954;19.0;13.5
26/10/1954;17.2;13.0
27/10/1954;15.5;3.4
28/10/1954;19.0;3.0
29/10/1954;20.2;3.5
30/10/1954;12.0;2.5
31/10/1954;20.6;3.1
01/11/1954;21.5;4.6
02/11/1954;20.2;5.2
03/11/1954;20.0;3.3
04/11/1954;14.6;5.2
05/11/1954;15.4;0.0
06/11/1954;17.2;-1.2
07/11/1954;19.0;-2.5
08/11/1954;11.3;5.2
09/11/1954;12.5;8.2
10/11/1954;14.0;11.0
11/11/1954;14.0;9.1
12/11/1954;19.2;4.1
13/11/1954;17.3;5.5
14/11/1954;16.2;7.1
15/11/1954;10.2;5.3
16/11/1954;14.3;6.4
17/11/1954;10.0;5.3
18/11/1954;6.1;3.2
19/11/1954;7.0;-5.0
20/11/1954;14.2;-4.3
21/11/1954;8.7;-5.2
22/11/1954;10.0;-6.3
23/11/1954;9.2;-4.4
24/11/1954;12.0;-1.0
25/11/1954;6.4;2.3
26/11/1954;8.2;6.1
27/11/1954;15.2;7.3
28/11/1954;15.3;6.5
29/11/1954;16.3;7.2
30/11/1954;17.2;7.3
01/12/1954;11.2;10.0
02/12/1954;13.0;9.3
03/12/1954;14.6;8.7
04/12/1954;16.2;2.2
05/12/1954;20.7;5.1
06/12/1954;10.2;3.3
07/12/1954;7.5;3.0
08/12/1954;7.6;6.0
09/12/1954;13.0;6.7
10/12/1954;14.1;6.5
11/12/1954;16.5;10.5
12/12/1954;14.2;0.0
13/12/1954;12.0;0.5
14/12/1954;10.0;0.0
15/12/1954;14.2;-0.5
16/12/1954;11.5;2.0
17/12/1954;13.6;0.0
18/12/1954;17.3;-4.0
19/12/1954;11.5;-3.6
20/12/1954;11.0;-5.2
21/12/1954;13.5;-5.3
22/12/1954;3.0;-2.3
23/12/1954;9.5;-2.5
24/12/1954;11.0;1.9
25/12/1954;13.0;-1.2
26/12/1954;6.4;-6.2
27/12/1954;6.7;0.0
28/12/1954;8.0;4.0
29/12/1954;15.0;0.0
30/12/1954;5.2;2.2
31/12/1954;7.0;1.2
01/01/1957;9.2;0.5
02/01/1957;11.5;2.1
03/01/1957;9.6;3.2
04/01/1957;14.0;-0.5
05/01/1957;14.7;-1.2
06/01/1957;15.6;-1.5
07/01/1957;15.4;-1.6
08/01/1957;15.6;-4.3
09/01/1957;14.2;-5.0
10/01/1957;14.0;-6.4
11/01/1957;6.0;-4.0
12/01/1957;6.6;-1.6
13/01/1957;6.2;-2.2
14/01/1957;5.0;-7.4
15/01/1957;2.0;-4.8
16/01/1957;8.2;-3.4
17/01/1957;4.0;0.0
18/01/1957;0.0;-0.1
19/01/1957;2.1;-5.6
20/01/1957;10.5;-8.7
21/01/1957;11.0;-9.2
22/01/1957;13.6;-7.9
23/01/1957;14.2;-2.5
24/01/1957;5.5;4.0
25/01/1957;8.5;3.5
26/01/1957;5.1;2.0
27/01/1957;8.0;-2.0
28/01/1957;15.0;-1.5
29/01/1957;14.2;-4.5
30/01/1957;11.2;-6.6
31/01/1957;15.1;4.4
01/02/1957;10.0;-2.1
02/02/1957;15.2;-1.0
03/02/1957;15.0;0.0
04/02/1957;11.3;2.5
05/02/1957;10.2;6.4
06/02/1957;14.1;2.3
07/02/1957;12.3;4.6
08/02/1957;11.5;3.5
09/02/1957;12.0;10.2
10/02/1957;11.5;4.5
11/02/1957;10.8;5.2
12/02/1957;17.6;2.5
13/02/1957;11.6;6.4
14/02/1957;11.6;6.4
15/02/1957;11.2;9.6
16/02/1957;13.1;10.0
17/02/1957;13.1;7.5
18/02/1957;12.2;8.9
19/02/1957;14.3;5.5
20/02/1957;14.8;0.6
21/02/1957;10.5;3.2
22/02/1957;7.6;-1.7
23/02/1957;13.2;3.0
24/02/1957;13.0;1.5
25/02/1957;11.6;3.6
26/02/1957;12.8;4.7
27/02/1957;15.2;6.5
28/02/1957;12.3;-3.1
01/03/1957;10.5;-1.8
02/03/1957;11.6;-0.5
03/03/1957;10.2;1.0
04/03/1957;13.3;5.0
05/03/1957;15.2;3.1
06/03/1957;10.2;5.0
07/03/1957;13.6;4.0
08/03/1957;15.2;4.3
09/03/1957;15.0;4.0
10/03/1957;19.5;-1.1
11/03/1957;20.5;-1.5
12/03/1957;13.7;-1.6
13/03/1957;19.2;-2.6
14/03/1957;20.1;-3.0
15/03/1957;21.3;2.2
16/03/1957;19.0;5.0
17/03/1957;20.6;1.2
18/03/1957;21.0;3.0
19/03/1957;22.5;3.7
20/03/1957;22.4;3.4
21/03/1957;22.5;4.5
22/03/1957;19.6;7.5
23/03/1957;24.1;9.3
24/03/1957;18.0;8.2
25/03/1957;16.4;9.5
26/03/1957;14.5;9.6
27/03/1957;12.0;9.2
28/03/1957;14.8;3.6
29/03/1957;20.1;6.6
30/03/1957;14.8;9.8
31/03/1957;20.0;5.5
01/04/1957;14.2;5.6
02/04/1957;17.6;9.4
03/04/1957;15.0;9.0
04/04/1957;12.2;7.4
05/04/1957;15.0;10.0
06/04/1957;21.5;5.6
07/04/1957;21.6;6.8
08/04/1957;18.6;7.9
09/04/1957;14.2;4.8
10/04/1957;10.9;9.3
11/04/1957;15.1;10.2
12/04/1957;14.0;8.0
13/04/1957;13.2;5.7
14/04/1957;10.5;1.3
15/04/1957;9.6;1.8
16/04/1957;10.2;2.5
17/04/1957;13.4;-1.5
18/04/1957;22.0;1.2
19/04/1957;20.1;6.3
20/04/1957;23.2;5.2
21/04/1957;24.8;2.6
22/04/1957;24.8;3.7
23/04/1957;25.2;1.4
24/04/1957;22.8;3.3
25/04/1957;23.8;4.1
26/04/1957;24.2;4.5
27/04/1957;24.7;6.6
28/04/1957;25.5;6.2
29/04/1957;24.7;6.7
30/04/1957;23.5;12.3
01/05/1957;20.7;9.8
02/05/1957;19.4;10.1
03/05/1957;19.0;11.2
04/05/1957;17.6;10.1
05/05/1957;22.0;9.0
06/05/1957;19.8;8.7
07/05/1957;11.0;-1.0
08/05/1957;10.5;-7.3
09/05/1957;17.0;7.0
10/05/1957;21.2;7.4
11/05/1957;22.5;3.1
12/05/1957;23.6;4.2
13/05/1957;25.4;7.4
14/05/1957;25.0;9.2
15/05/1957;27.8;10.2
16/05/1957;27.2;8.6
17/05/1957;27.0;10.0
18/05/1957;20.8;14.6
19/05/1957;24.6;14.8
20/05/1957;25.2;10.9
21/05/1957;22.0;10.2
22/05/1957;25.0;11.0
23/05/1957;20.5;6.2
24/05/1957;25.2;10.5
25/05/1957;19.2;9.2
26/05/1957;22.3;10.1
27/05/1957;18.9;8.8
28/05/1957;17.2;11.1
29/05/1957;18.5;11.5
30/05/1957;17.2;9.4
31/05/1957;18.0;10.2
01/06/1957;23.8;10.5
02/06/1957;25.5;8.6
03/06/1957;29.2;9.4
04/06/1957;22.6;15.1
05/06/1957;25.2;12.6
06/06/1957;26.3;12.8
07/06/1957;23.8;10.5
08/06/1957;28.0;14.0
09/06/1957;26.8;13.9
10/06/1957;23.0;11.5
11/06/1957;29.1;14.3
12/06/1957;25.2;15.1
13/06/1957;27.0;18.5
14/06/1957;31.3;15.6
15/06/1957;34.2;16.4
16/06/1957;33.8;16.0
17/06/1957;34.5;16.5
18/06/1957;34.6;12.0
19/06/1957;31.2;12.1
20/06/1957;34.9;12.8
21/06/1957;36.4;16.8
22/06/1957;36.2;19.1
23/06/1957;34.8;19.0
24/06/1957;34.0;12.6
25/06/1957;27.2;17.4
26/06/1957;27.8;16.4
27/06/1957;26.2;10.8
28/06/1957;26.3;9.2
29/06/1957;27.0;11.0
30/06/1957;26.6;10.9
01/07/1957;36.1;16.0
02/07/1957;37.2;17.4
03/07/1957;38.1;19.1
04/07/1957;35.8;15.5
05/07/1957;36.6;16.9
06/07/1957;37.0;18.1
07/07/1957;40.6;16.6
08/07/1957;39.0;18.1
09/07/1957;40.0;18.0
10/07/1957;38.9;17.4
11/07/1957;31.2;10.8
12/07/1957;29.5;11.2
13/07/1957;31.6;11.0
14/07/1957;33.1;13.5
15/07/1957;34.5;14.8
16/07/1957;28.4;15.0
17/07/1957;31.2;16.3
18/07/1957;24.4;14.1
19/07/1957;32.0;14.5
20/07/1957;27.2;14.6
21/07/1957;24.6;14.5
22/07/1957;26.2;14.0
23/07/1957;25.3;10.2
24/07/1957;27.2;12.3
25/07/1957;29.6;10.8
26/07/1957;31.2;11.3
27/07/1957;32.6;13.4
28/07/1957;30.2;11.5
29/07/1957;31.0;11.8
30/07/1957;30.6;13.0
31/07/1957;27.5;12.2
01/08/1957;22.3;11.5
02/08/1957;31.4;12.2
03/08/1957;34.2;14.5
04/08/1957;34.6;12.4
05/08/1957;34.8;16.6
06/08/1957;35.0;16.2
07/08/1957;35.6;16.0
08/08/1957;35.4;17.9
09/08/1957;37.2;17.8
10/08/1957;32.6;14.4
11/08/1957;37.8;18.5
12/08/1957;38.4;18.1
13/08/1957;37.0;19.2
14/08/1957;40.2;18.4
15/08/1957;39.0;17.2
16/08/1957;36.8;15.4
17/08/1957;35.0;12.0
18/08/1957;30.2;11.3
19/08/1957;31.6;10.0
20/08/1957;28.9;9.2
21/08/1957;24.8;12.3
22/08/1957;22.0;11.5
23/08/1957;25.8;9.6
24/08/1957;26.5;10.0
25/08/1957;31.0;11.9
26/08/1957;29.2;10.1
27/08/1957;28.5;10.5
28/08/1957;30.0;11.0
29/08/1957;27.2;9.3
30/08/1957;27.0;8.2
31/08/1957;26.7;9.3
01/09/1957;30.1;9.0
02/09/1957;30.2;10.2
03/09/1957;28.0;13.0
04/09/1957;20.0;15.2
05/09/1957;20.3;8.5
06/09/1957;25.5;7.2
07/09/1957;29.7;8.6
08/09/1957;31.2;10.1
09/09/1957;32.3;11.4
10/09/1957;31.6;11.0
11/09/1957;29.6;11.0
12/09/1957;25.2;18.8
13/09/1957;22.6;14.4
14/09/1957;21.1;15.2
15/09/1957;24.3;11.8
16/09/1957;22.0;5.2
17/09/1957;23.2;4.5
18/09/1957;25.6;5.6
19/09/1957;18.6;8.7
20/09/1957;25.5;11.0
21/09/1957;25.6;10.3
22/09/1957;25.2;11.0
23/09/1957;27.0;12.2
24/09/1957;20.2;19.3
25/09/1957;25.0;19.0
26/09/1957;25.2;15.1
27/09/1957;22.5;14.5
28/09/1957;22.0;7.2
29/09/1957;25.1;8.0
30/09/1957;24.5;7.8
01/10/1957;25.0;10.5
02/10/1957;15.3;10.0
03/10/1957;16.0;6.5
04/10/1957;19.0;11.2
05/10/1957;15.2;10.0
06/10/1957;14.6;8.5
07/10/1957;19.2;10.2
08/10/1957;25.0;11.3
09/10/1957;25.6;10.8
10/10/1957;16.2;6.0
11/10/1957;25.2;8.1
12/10/1957;24.8;6.3
13/10/1957;23.8;6.0
14/10/1957;23.5;6.5
15/10/1957;22.3;6.2
16/10/1957;25.2;6.5
17/10/1957;24.7;8.2
18/10/1957;23.1;5.6
19/10/1957;24.0;7.8
20/10/1957;20.2;11.5
21/10/1957;19.6;11.0
22/10/1957;19.0;13.1
23/10/1957;18.2;9.3
24/10/1957;14.6;10.1
25/10/1957;15.7;6.5
26/10/1957;17.0;4.8
27/10/1957;19.5;5.6
28/10/1957;22.3;4.2
29/10/1957;14.5;9.8
30/10/1957;17.3;5.6
31/10/1957;17.0;5.0
01/11/1957;21.0;6.2
02/11/1957;19.8;7.1
03/11/1957;18.2;7.4
04/11/1957;18.0;7.8
05/11/1957;17.4;8.6
06/11/1957;18.6;14.0
07/11/1957;19.2;11.5
08/11/1957;18.5;10.2
09/11/1957;12.2;6.0
10/11/1957;13.1;5.2
11/11/1957;16.0;4.5
12/11/1957;17.5;2.5
13/11/1957;18.2;4.2
14/11/1957;17.0;6.0
15/11/1957;18.2;4.3
16/11/1957;14.3;4.1
17/11/1957;16.2;5.2
18/11/1957;17.0;5.0
19/11/1957;14.2;3.6
20/11/1957;11.5;4.1
21/11/1957;10.2;4.0
22/11/1957;9.8;4.5
23/11/1957;10.3;4.0
24/11/1957;11.2;-5.1
25/11/1957;12.6;-5.0
26/11/1957;15.0;4.8
27/11/1957;14.5;3.2
28/11/1957;16.8;-2.0
29/11/1957;20.2;-3.6
30/11/1957;17.8;-2.7
01/12/1957;10.5;-3.4
02/12/1957;9.2;-4.0
03/12/1957;9.8;-7.2
04/12/1957;10.5;-4.8
05/12/1957;11.0;-5.1
06/12/1957;12.5;-6.5
07/12/1957;11.0;-5.1
08/12/1957;8.7;-2.2
09/12/1957;11.2;7.0
10/12/1957;15.5;8.6
11/12/1957;15.0;4.2
12/12/1957;12.1;8.8
13/12/1957;14.2;12.5
14/12/1957;14.0;7.3
15/12/1957;15.5;6.8
16/12/1957;13.2;3.5
17/12/1957;10.3;5.1
18/12/1957;8.2;0.5
19/12/1957;9.8;-4.1
20/12/1957;10.5;-3.2
21/12/1957;8.2;-0.3
22/12/1957;9.5;-7.0
23/12/1957;10.2;-2.4
24/12/1957;10.4;-2.0
25/12/1957;10.6;-1.5
26/12/1957;11.0;2.2
27/12/1957;11.1;2.4
28/12/1957;10.2;3.3
29/12/1957;10.6;4.2
30/12/1957;11.1;4.0
31/12/1957;12.5;-2.2
01/01/1958;13.4;-5.5
02/01/1958;14.5;-4.8
03/01/1958;7.2;-3.1
04/01/1958;14.0;-1.5
05/01/1958;9.8;-1.3
06/01/1958;12.1;2.3
07/01/1958;13.2;3.4
08/01/1958;14.1;3.1
09/01/1958;14.4;-4.5
10/01/1958;8.2;1.0
11/01/1958;14.0;5.0
12/01/1958;9.6;3.1
13/01/1958;10.5;0.0
14/01/1958;7.3;3.4
15/01/1958;9.2;4.5
16/01/1958;15.0;-1.6
17/01/1958;15.2;-3.0
18/01/1958;15.3;-4.1
19/01/1958;14.6;-4.4
20/01/1958;8.9;5.2
21/01/1958;11.0;4.2
22/01/1958;9.9;-6.3
23/01/1958;9.0;-7.5
24/01/1958;6.3;-6.1
25/01/1958;9.1;-4.2
26/01/1958;11.0;-6.1
27/01/1958;6.3;-5.2
28/01/1958;9.0;-2.5
29/01/1958;7.3;-7.5
30/01/1958;14.0;-8.1
31/01/1958;8.2;-7.2
01/02/1958;12.0;-7.0
02/02/1958;14.8;-8.1
03/02/1958;12.0;-2.3
04/02/1958;12.2;-15.0
05/02/1958;10.0;3.2
06/02/1958;11.2;8.5
07/02/1958;12.4;9.3
08/02/1958;12.0;9.5
09/02/1958;15.2;9.0
10/02/1958;16.0;9.3
11/02/1958;16.8;11.2
12/02/1958;18.0;4.9
13/02/1958;19.2;4.7
14/02/1958;18.3;8.9
15/02/1958;16.4;8.4
16/02/1958;16.2;8.9
17/02/1958;16.0;8.5
18/02/1958;13.4;11.0
19/02/1958;13.2;5.1
20/02/1958;2.8;-6.2
21/02/1958;9.0;-2.5
22/02/1958;10.2;3.0
23/02/1958;9.8;-3.1
24/02/1958;13.0;2.5
25/02/1958;12.4;7.2
26/02/1958;16.2;10.8
27/02/1958;12.0;4.9
28/02/1958;11.0;4.2
01/03/1958;7.0;3.0
02/03/1958;10.6;-1.8
03/03/1958;16.2;-2.3
04/03/1958;15.8;-2.5
05/03/1958;15.0;-0.5
06/03/1958;13.8;-5.6
07/03/1958;17.5;3.5
08/03/1958;11.8;0.0
09/03/1958;3.5;-5.5
10/03/1958;2.2;-4.8
11/03/1958;4.2;-5.5
12/03/1958;3.5;-2.3
13/03/1958;6.2;-9.2
14/03/1958;1.3;-3.7
15/03/1958;9.2;0.0
16/03/1958;14.9;-3.2
17/03/1958;16.3;0.0
18/03/1958;12.0;4.1
19/03/1958;8.9;-4.2
20/03/1958;11.6;-1.6
21/03/1958;5.9;-3.8
22/03/1958;4.8;-5.6
23/03/1958;14.0;-2.2
24/03/1958;14.2;2.0
25/03/1958;13.1;4.3
26/03/1958;10.3;4.6
27/03/1958;10.0;4.0
28/03/1958;9.3;8.2
29/03/1958;12.6;6.4
30/03/1958;16.3;8.0
31/03/1958;14.9;8.5
01/04/1958;15.9;5.0
02/04/1958;16.0;7.5
03/04/1958;17.2;8.3
04/04/1958;16.5;11.2
05/04/1958;17.5;7.8
06/04/1958;18.0;4.2
07/04/1958;14.3;5.0
08/04/1958;10.4;0.5
09/04/1958;15.2;5.3
10/04/1958;9.0;-3.4
11/04/1958;15.2;0.5
12/04/1958;12.4;5.8
13/04/1958;11.8;7.2
14/04/1958;15.0;9.4
15/04/1958;17.1;9.8
16/04/1958;15.4;8.6
17/04/1958;16.5;8.1
18/04/1958;15.8;8.9
19/04/1958;16.6;7.2
20/04/1958;18.2;6.0
21/04/1958;19.8;6.9
22/04/1958;20.5;7.4
23/04/1958;21.0;8.5
24/04/1958;21.2;8.3
25/04/1958;23.6;5.5
26/04/1958;24.3;1.7
27/04/1958;26.0;4.3
28/04/1958;24.3;5.8
29/04/1958;28.7;6.5
30/04/1958;22.0;5.2
01/05/1958;18.6;4.2
02/05/1958;18.5;3.7
03/05/1958;25.0;5.5
04/05/1958;24.6;6.2
05/05/1958;23.3;6.0
06/05/1958;23.4;8.5
07/05/1958;23.3;11.4
08/05/1958;25.0;19.2
09/05/1958;28.2;9.4
10/05/1958;28.4;9.6
11/05/1958;28.4;9.0
12/05/1958;33.5;9.6
13/05/1958;33.2;9.3
14/05/1958;34.2;11.2
15/05/1958;34.3;15.6
16/05/1958;28.9;14.2
17/05/1958;15.3;5.2
18/05/1958;22.0;8.6
19/05/1958;23.0;8.0
20/05/1958;25.0;10.2
21/05/1958;27.8;9.6
22/05/1958;31.0;13.2
23/05/1958;28.0;14.5
24/05/1958;20.8;13.0
25/05/1958;30.5;13.6
26/05/1958;31.5;14.2
27/05/1958;32.0;17.1
28/05/1958;31.3;15.2
29/05/1958;25.5;8.6
30/05/1958;27.6;11.2
31/05/1958;27.0;12.4
01/06/1958;29.6;8.8
02/06/1958;30.1;10.5
03/06/1958;33.2;13.2
04/06/1958;30.3;15.1
05/06/1958;26.6;11.4
06/06/1958;25.9;9.3
07/06/1958;27.6;11.4
08/06/1958;30.5;10.6
09/06/1958;31.4;11.8
10/06/1958;32.2;17.1
11/06/1958;27.0;14.6
12/06/1958;24.1;12.1
13/06/1958;17.8;13.6
14/06/1958;21.0;11.2
15/06/1958;23.6;13.4
16/06/1958;25.2;10.5
17/06/1958;28.5;11.4
18/06/1958;31.0;13.3
19/06/1958;29.2;13.0
20/06/1958;29.7;12.8
21/06/1958;29.0;17.5
22/06/1958;28.1;18.6
23/06/1958;27.0;12.6
24/06/1958;25.2;16.0
25/06/1958;27.5;12.4
26/06/1958;28.1;15.0
27/06/1958;28.3;13.1
28/06/1958;24.8;13.4
29/06/1958;27.8;12.7
30/06/1958;30.2;9.1
01/07/1958;28.2;13.4
02/07/1958;29.3;15.6
03/07/1958;29.5;14.8
04/07/1958;29.9;9.6
05/07/1958;26.0;14.2
06/07/1958;27.7;10.6
07/07/1958;28.0;12.4
08/07/1958;32.3;14.8
09/07/1958;33.2;16.1
10/07/1958;31.1;11.7
11/07/1958;31.0;14.0
12/07/1958;32.3;15.1
13/07/1958;33.5;13.4
14/07/1958;31.0;14.0
15/07/1958;35.8;13.6
16/07/1958;37.0;15.5
17/07/1958;34.8;17.2
18/07/1958;29.2;14.1
19/07/1958;27.3;19.2
20/07/1958;35.4;14.3
21/07/1958;35.0;15.6
22/07/1958;34.7;17.5
23/07/1958;27.2;17.0
24/07/1958;28.0;14.1
25/07/1958;26.2;13.0
26/07/1958;32.1;14.3
27/07/1958;34.6;15.4
28/07/1958;35.2;16.1
29/07/1958;34.3;16.2
30/07/1958;35.2;17.3
31/07/1958;37.3;13.2
01/08/1958;40.0;21.2
02/08/1958;40.1;20.7
03/08/1958;40.0;19.5
04/08/1958;39.6;16.8
05/08/1958;26.7;15.0
06/08/1958;29.8;10.5
07/08/1958;36.5;15.2
08/08/1958;27.0;15.3
09/08/1958;31.2;12.1
10/08/1958;34.2;13.5
11/08/1958;35.1;15.5
12/08/1958;35.5;16.4
13/08/1958;34.8;13.6
14/08/1958;31.5;14.0
15/08/1958;35.6;13.9
16/08/1958;35.2;15.3
17/08/1958;34.8;14.8
18/08/1958;35.4;17.2
19/08/1958;36.2;14.5
20/08/1958;36.3;22.0
21/08/1958;28.0;17.0
22/08/1958;28.2;18.3
23/08/1958;27.4;11.9
24/08/1958;28.5;12.2
25/08/1958;29.0;11.6
26/08/1958;29.6;10.2
27/08/1958;32.3;11.2
28/08/1958;34.0;13.3
29/08/1958;35.0;14.1
30/08/1958;36.4;15.3
31/08/1958;37.8;15.0
01/09/1958;36.2;17.5
02/09/1958;22.3;12.4
03/09/1958;25.2;13.3
04/09/1958;28.0;13.1
05/09/1958;28.2;13.3
06/09/1958;26.5;9.6
07/09/1958;32.8;9.0
08/09/1958;34.1;10.5
09/09/1958;31.5;10.6
10/09/1958;30.0;15.2
11/09/1958;27.2;17.3
12/09/1958;25.7;10.2
13/09/1958;27.2;10.0
14/09/1958;27.0;10.1
15/09/1958;25.8;8.3
16/09/1958;33.2;9.2
17/09/1958;30.4;10.1
18/09/1958;28.0;12.3
19/09/1958;29.2;11.0
20/09/1958;32.3;13.2
21/09/1958;31.4;12.1
22/09/1958;28.6;12.5
23/09/1958;30.2;15.5
24/09/1958;29.0;7.8
25/09/1958;30.0;7.5
26/09/1958;28.2;14.9
27/09/1958;25.5;13.2
28/09/1958;25.0;10.5
29/09/1958;25.3;6.9
30/09/1958;27.1;7.3
01/10/1958;27.5;7.2
02/10/1958;27.0;12.6
03/10/1958;27.5;14.2
04/10/1958;26.6;9.7
05/10/1958;25.4;14.2
06/10/1958;25.0;13.6
07/10/1958;24.2;9.8
08/10/1958;28.6;15.0
09/10/1958;28.0;12.5
10/10/1958;30.2;14.1
11/10/1958;28.0;13.0
12/10/1958;27.6;12.0
13/10/1958;27.0;12.5
14/10/1958;27.6;6.4
15/10/1958;26.2;10.2
16/10/1958;19.5;12.3
17/10/1958;21.2;5.2
18/10/1958;20.1;0.0
19/10/1958;18.4;-0.2
20/10/1958;19.0;-0.6
21/10/1958;20.1;0.0
22/10/1958;15.2;6.2
23/10/1958;12.4;7.0
24/10/1958;11.8;4.2
25/10/1958;20.0;3.1
26/10/1958;22.8;3.0
27/10/1958;25.1;1.4
28/10/1958;21.0;4.0
29/10/1958;17.8;1.2
30/10/1958;16.2;0.0
31/10/1958;19.2;4.1
01/11/1958;14.1;3.2
02/11/1958;10.8;1.4
03/11/1958;11.0;1.5
04/11/1958;12.2;4.0
05/11/1958;16.0;4.2
06/11/1958;19.8;3.1
07/11/1958;11.4;9.2
08/11/1958;14.0;3.6
09/11/1958;19.2;-1.0
10/11/1958;17.6;2.2
11/11/1958;12.1;8.9
12/11/1958;11.3;12.3
13/11/1958;14.0;9.5
14/11/1958;13.1;7.2
15/11/1958;15.2;4.3
16/11/1958;16.0;5.2
17/11/1958;17.6;9.5
18/11/1958;14.2;6.6
19/11/1958;13.5;6.6
20/11/1958;14.0;5.5
21/11/1958;14.6;8.8
22/11/1958;15.8;7.6
23/11/1958;15.7;6.2
24/11/1958;16.5;7.3
25/11/1958;17.6;11.1
26/11/1958;15.2;13.3
27/11/1958;16.2;10.4
28/11/1958;13.4;6.1
29/11/1958;15.5;1.0
30/11/1958;15.0;0.5
01/12/1958;12.0;1.8
02/12/1958;11.5;2.6
03/12/1958;11.0;4.5
04/12/1958;5.5;-1.9
05/12/1958;2.2;-5.1
06/12/1958;7.8;-6.6
07/12/1958;10.9;-7.3
08/12/1958;12.5;-8.2
09/12/1958;13.2;-7.1
10/12/1958;10.0;0.0
11/12/1958;9.2;0.2
12/12/1958;7.0;4.0
13/12/1958;15.0;4.2
14/12/1958;14.1;7.0
15/12/1958;12.0;7.2
16/12/1958;11.2;5.5
17/12/1958;15.0;8.6
18/12/1958;13.1;8.3
19/12/1958;15.2;5.2
20/12/1958;11.5;7.5
21/12/1958;14.2;7.2
22/12/1958;15.0;7.0
23/12/1958;16.0;8.5
24/12/1958;10.2;9.3
25/12/1958;13.8;1.9
26/12/1958;14.9;0.0
27/12/1958;15.0;-0.5
28/12/1958;12.2;-1.5
29/12/1958;10.8;-1.2
30/12/1958;5.2;1.7
31/12/1958;11.0;6.2
01/01/1959;12.6;4.1
02/01/1959;14.5;4.0
03/01/1959;8.1;3.5
04/01/1959;14.4;-2.5
05/01/1959;10.4;-2.4
06/01/1959;10.7;-6.5
07/01/1959;5.9;-5.0
08/01/1959;9.8;5.1
09/01/1959;10.1;-0.8
10/01/1959;9.8;-5.2
11/01/1959;10.5;-8.0
12/01/1959;6.5;-8.0
13/01/1959;9.2;-3.1
14/01/1959;7.0;-3.2
15/01/1959;10.7;3.3
16/01/1959;12.5;5.5
17/01/1959;5.0;-0.2
18/01/1959;7.5;-6.2
19/01/1959;11.5;-6.0
20/01/1959;9.2;0.0
21/01/1959;8.2;2.5
22/01/1959;10.6;6.0
23/01/1959;15.1;6.5
24/01/1959;12.5;9.0
25/01/1959;12.5;5.0
26/01/1959;10.2;-4.5
27/01/1959;13.3;-6.5
28/01/1959;12.0;-5.5
29/01/1959;12.5;-5.4
30/01/1959;12.4;-5.2
31/01/1959;17.6;-5.3
01/02/1959;8.0;2.4
02/02/1959;7.6;2.3
03/02/1959;5.0;2.5
04/02/1959;6.5;1.5
05/02/1959;8.0;2.4
06/02/1959;11.3;-1.8
07/02/1959;17.2;-3.5
08/02/1959;20.0;-3.7
09/02/1959;18.5;-3.2
10/02/1959;15.5;-4.5
11/02/1959;11.8;-3.0
12/02/1959;11.6;-7.6
13/02/1959;16.1;-7.5
14/02/1959;13.8;-6.8
15/02/1959;16.0;-8.2
16/02/1959;23.2;-7.3
17/02/1959;22.8;-6.5
18/02/1959;13.6;-3.5
19/02/1959;14.5;-5.3
20/02/1959;24.1;-7.2
21/02/1959;18.1;-5.2
22/02/1959;12.0;-0.2
23/02/1959;11.0;-0.5
24/02/1959;19.0;-1.2
25/02/1959;12.0;3.5
26/02/1959;19.3;-0.7
27/02/1959;22.5;-4.0
28/02/1959;23.5;-3.6
01/03/1959;22.6;-2.0
02/03/1959;22.8;-4.0
03/03/1959;26.0;-3.4
04/03/1959;22.7;-2.0
05/03/1959;13.0;7.9
06/03/1959;17.1;7.6
07/03/1959;18.8;7.6
08/03/1959;20.5;7.8
09/03/1959;15.4;0.8
10/03/1959;20.3;2.0
11/03/1959;11.5;7.0
12/03/1959;10.5;5.5
13/03/1959;10.8;4.7
14/03/1959;10.4;4.6
15/03/1959;10.2;3.0
16/03/1959;12.9;-2.5
17/03/1959;16.4;-1.5
18/03/1959;15.0;0.0
19/03/1959;9.8;6.4
20/03/1959;10.9;7.0
21/03/1959;20.1;6.0
22/03/1959;22.0;6.3
23/03/1959;20.0;6.2
24/03/1959;22.0;7.5
25/03/1959;21.4;5.2
26/03/1959;18.0;6.0
27/03/1959;12.1;7.0
28/03/1959;14.5;4.2
29/03/1959;16.3;4.1
30/03/1959;13.0;7.2
31/03/1959;15.0;6.0
01/04/1959;15.2;6.0
02/04/1959;18.1;6.2
03/04/1959;18.5;6.4
04/04/1959;19.2;-1.0
05/04/1959;22.5;0.0
06/04/1959;19.3;5.0
07/04/1959;18.8;8.5
08/04/1959;14.3;10.6
09/04/1959;21.5;6.9
10/04/1959;17.0;8.9
11/04/1959;13.1;7.7
12/04/1959;17.5;6.3
13/04/1959;18.0;2.5
14/04/1959;22.0;1.5
15/04/1959;24.8;6.0
16/04/1959;23.6;4.4
17/04/1959;18.5;7.5
18/04/1959;17.1;6.0
19/04/1959;16.0;7.7
20/04/1959;16.1;10.3
21/04/1959;16.0;5.6
22/04/1959;8.0;5.0
23/04/1959;11.0;2.5
24/04/1959;15.5;-2.0
25/04/1959;22.1;0.2
26/04/1959;24.5;1.5
27/04/1959;23.0;6.9
28/04/1959;19.0;7.2
29/04/1959;16.7;9.0
30/04/1959;17.5;11.1
01/05/1959;17.5;8.9
02/05/1959;14.1;9.5
03/05/1959;19.9;8.5
04/05/1959;15.6;6.5
05/05/1959;22.5;2.8
06/05/1959;23.5;5.5
07/05/1959;25.7;7.3
08/05/1959;25.6;6.4
09/05/1959;26.5;8.8
10/05/1959;21.6;9.5
11/05/1959;21.0;6.7
12/05/1959;25.1;7.0
13/05/1959;25.4;9.6
14/05/1959;26.6;4.5
15/05/1959;21.5;3.6
16/05/1959;20.2;5.0
17/05/1959;22.0;6.0
18/05/1959;26.4;6.9
19/05/1959;25.3;7.4
20/05/1959;26.1;8.2
21/05/1959;29.2;9.5
22/05/1959;29.0;15.0
23/05/1959;21.0;13.7
24/05/1959;24.3;12.8
25/05/1959;18.0;7.5
26/05/1959;23.3;6.4
27/05/1959;22.0;6.3
28/05/1959;24.5;9.5
29/05/1959;25.3;7.5
30/05/1959;22.5;13.0
31/05/1959;23.3;11.5
01/06/1959;22.4;8.3
02/06/1959;23.8;7.4
03/06/1959;24.7;9.8
04/06/1959;28.5;8.5
05/06/1959;29.2;12.4
06/06/1959;30.0;10.2
07/06/1959;31.8;11.6
08/06/1959;27.7;10.0
09/06/1959;29.6;9.4
10/06/1959;31.3;16.0
11/06/1959;24.5;6.7
12/06/1959;24.6;7.1
13/06/1959;21.6;8.8
14/06/1959;22.0;7.5
15/06/1959;26.8;12.9
16/06/1959;28.0;9.5
17/06/1959;26.2;11.9
18/06/1959;29.0;10.5
19/06/1959;31.0;12.1
20/06/1959;34.2;14.4
21/06/1959;31.6;15.8
22/06/1959;31.0;13.0
23/06/1959;29.5;13.6
24/06/1959;31.0;14.5
25/06/1959;28.8;15.5
26/06/1959;28.3;15.0
27/06/1959;31.0;17.0
28/06/1959;27.2;13.5
29/06/1959;30.5;14.1
30/06/1959;21.5;11.6
01/07/1959;25.6;9.6
02/07/1959;28.7;8.5
03/07/1959;30.9;10.5
04/07/1959;29.6;11.5
05/07/1959;32.5;12.7
06/07/1959;34.3;15.0
07/07/1959;34.6;17.3
08/07/1959;33.0;17.0
09/07/1959;29.0;12.8
10/07/1959;30.9;12.2
11/07/1959;33.2;14.3
12/07/1959;35.0;14.5
13/07/1959;34.9;14.5
14/07/1959;33.0;13.5
15/07/1959;32.2;19.2
16/07/1959;29.0;17.5
17/07/1959;31.0;16.5
18/07/1959;31.1;13.5
19/07/1959;33.0;12.5
20/07/1959;34.5;14.0
21/07/1959;34.0;16.5
22/07/1959;34.0;13.5
23/07/1959;33.0;14.5
24/07/1959;34.1;15.0
25/07/1959;33.2;15.8
26/07/1959;30.0;17.9
27/07/1959;28.3;15.1
28/07/1959;32.8;13.5
29/07/1959;33.4;17.5
30/07/1959;32.2;19.5
31/07/1959;28.0;17.5
01/08/1959;27.9;12.5
02/08/1959;29.2;10.4
03/08/1959;29.1;12.5
04/08/1959;28.1;8.4
05/08/1959;31.5;12.4
06/08/1959;31.5;14.3
07/08/1959;27.3;10.5
08/08/1959;32.8;12.5
09/08/1959;33.2;16.6
10/08/1959;33.5;14.0
11/08/1959;33.5;21.5
12/08/1959;32.6;17.0
13/08/1959;27.0;17.1
14/08/1959;29.1;14.4
15/08/1959;31.2;15.8
16/08/1959;31.1;11.8
17/08/1959;32.0;15.3
18/08/1959;30.0;11.0
19/08/1959;25.6;14.2
20/08/1959;17.9;13.9
21/08/1959;26.6;11.3
22/08/1959;32.0;16.5
23/08/1959;28.6;15.9
24/08/1959;25.5;14.9
25/08/1959;27.6;14.4
26/08/1959;31.2;13.3
27/08/1959;32.1;11.4
28/08/1959;32.5;13.9
29/08/1959;29.7;17.9
30/08/1959;28.0;17.1
31/08/1959;26.6;15.5
01/09/1959;21.8;9.0
02/09/1959;22.8;11.1
03/09/1959;17.4;14.2
04/09/1959;17.8;12.7
05/09/1959;22.5;12.9
06/09/1959;17.6;14.5
07/09/1959;21.2;9.1
08/09/1959;22.6;11.4
09/09/1959;22.7;5.5
10/09/1959;26.2;7.0
11/09/1959;25.0;6.0
12/09/1959;28.2;7.5
13/09/1959;31.5;6.8
14/09/1959;29.1;9.2
15/09/1959;27.7;12.6
16/09/1959;25.7;9.9
17/09/1959;27.6;9.7
18/09/1959;27.0;10.6
19/09/1959;26.8;7.2
20/09/1959;22.0;2.6
21/09/1959;25.6;4.5
22/09/1959;24.5;7.4
23/09/1959;26.0;5.4
24/09/1959;27.5;11.4
25/09/1959;26.3;15.0
26/09/1959;27.5;11.0
27/09/1959;20.5;15.7
28/09/1959;25.8;16.5
29/09/1959;25.0;12.0
30/09/1959;20.5;7.0
01/10/1959;17.1;7.2
02/10/1959;17.5;0.5
03/10/1959;25.6;-0.3
04/10/1959;27.5;1.0
05/10/1959;25.2;2.8
06/10/1959;20.5;4.4
07/10/1959;19.6;5.2
08/10/1959;18.1;2.2
09/10/1959;19.0;0.4
10/10/1959;20.0;2.3
11/10/1959;21.8;4.5
12/10/1959;14.3;3.5
13/10/1959;20.4;2.8
14/10/1959;24.5;2.9
15/10/1959;19.9;0.6
16/10/1959;16.5;-1.1
17/10/1959;22.5;1.0
18/10/1959;23.0;5.5
19/10/1959;18.7;4.5
20/10/1959;24.9;7.0
21/10/1959;15.1;8.5
22/10/1959;21.7;6.3
23/10/1959;23.6;7.0
24/10/1959;23.4;0.5
25/10/1959;23.0;1.0
26/10/1959;18.2;12.5
27/10/1959;24.5;10.0
28/10/1959;18.0;12.3
29/10/1959;18.6;8.5
30/10/1959;15.5;4.0
31/10/1959;18.5;-0.2
01/11/1959;12.8;1.0
02/11/1959;11.0;7.5
03/11/1959;15.7;5.0
04/11/1959;14.7;0.3
05/11/1959;21.5;1.8
06/11/1959;9.2;4.4
07/11/1959;7.5;-1.5
08/11/1959;10.5;-2.6
09/11/1959;18.0;3.1
10/11/1959;19.0;-1.0
11/11/1959;8.0;4.0
12/11/1959;10.0;4.9
13/11/1959;10.0;5.0
14/11/1959;20.0;4.0
15/11/1959;20.4;3.9
16/11/1959;12.5;4.9
17/11/1959;16.6;4.0
18/11/1959;13.5;4.5
19/11/1959;17.3;8.0
20/11/1959;20.0;1.3
21/11/1959;18.3;0.5
22/11/1959;20.1;3.4
23/11/1959;18.3;4.2
24/11/1959;11.2;1.8
25/11/1959;7.3;2.6
26/11/1959;14.3;2.7
27/11/1959;14.2;2.5
28/11/1959;17.8;5.0
29/11/1959;12.5;8.0
30/11/1959;12.6;4.5
01/12/1959;11.0;4.8
02/12/1959;12.0;9.0
03/12/1959;13.0;9.2
04/12/1959;14.8;6.5
05/12/1959;10.0;4.0
06/12/1959;8.0;6.8
07/12/1959;11.0;0.2
08/12/1959;9.5;4.1
09/12/1959;9.8;5.0
10/12/1959;12.5;4.6
11/12/1959;14.5;5.5
12/12/1959;13.5;5.0
13/12/1959;18.7;4.5
14/12/1959;8.2;5.8
15/12/1959;8.7;2.0
16/12/1959;16.0;-1.8
17/12/1959;11.5;0.0
18/12/1959;6.2;2.3
19/12/1959;9.6;3.0
20/12/1959;7.5;-2.2
21/12/1959;14.5;-1.4
22/12/1959;9.1;3.9
23/12/1959;13.0;-1.9
24/12/1959;11.6;-1.0
25/12/1959;11.5;5.1
26/12/1959;14.3;5.8
27/12/1959;13.0;9.0
28/12/1959;13.2;8.0
29/12/1959;12.0;2.3
30/12/1959;7.0;2.4
31/12/1959;4.5;1.0
01/01/1960;4.0;0.2
02/01/1960;6.0;1.0
03/01/1960;10.0;6.0
04/01/1960;12.2;-0.5
05/01/1960;18.0;-0.5
06/01/1960;13.6;-2.5
07/01/1960;13.1;-4.0
08/01/1960;13.5;-4.2
09/01/1960;3.1;-3.8
10/01/1960;7.0;1.9
11/01/1960;3.9;-1.5
12/01/1960;1.2;-2.5
13/01/1960;1.2;-2.0
14/01/1960;1.0;-10.1
15/01/1960;2.5;-10.5
16/01/1960;3.0;-1.2
17/01/1960;8.0;-0.5
18/01/1960;9.0;-8.5
19/01/1960;10.1;-12.3
20/01/1960;3.4;-12.0
21/01/1960;2.0;-1.0
22/01/1960;4.5;0.8
23/01/1960;13.3;-0.5
24/01/1960;7.1;1.0
25/01/1960;3.2;2.5
26/01/1960;10.8;3.0
27/01/1960;12.0;8.5
28/01/1960;14.7;2.2
29/01/1960;15.0;2.5
30/01/1960;15.7;5.0
31/01/1960;15.5;-1.0
01/02/1960;13.5;-1.5
02/02/1960;18.8;-1.5
03/02/1960;4.6;-4.6
04/02/1960;13.5;0.0
05/02/1960;4.7;0.6
06/02/1960;4.5;-3.7
07/02/1960;8.2;-3.2
08/02/1960;1.0;-2.5
09/02/1960;1.0;-2.2
10/02/1960;0.3;-1.5
11/02/1960;3.6;-0.2
12/02/1960;10.5;2.9
13/02/1960;11.0;3.8
14/02/1960;11.8;3.7
15/02/1960;6.7;3.0
16/02/1960;12.0;-1.9
17/02/1960;10.5;-1.1
18/02/1960;12.8;7.6
19/02/1960;14.6;11.0
20/02/1960;15.2;10.0
21/02/1960;12.3;7.1
22/02/1960;14.5;4.2
23/02/1960;10.7;5.5
24/02/1960;11.5;3.3
25/02/1960;12.7;4.2
26/02/1960;12.2;7.4
27/02/1960;18.0;3.0
28/02/1960;18.7;4.3
29/02/1960;22.5;2.4
01/03/1960;14.0;3.0
02/03/1960;11.5;2.2
03/03/1960;14.5;4.5
04/03/1960;22.0;3.5
05/03/1960;18.6;2.3
06/03/1960;16.6;2.4
07/03/1960;11.5;2.0
08/03/1960;7.2;-2.6
09/03/1960;9.7;-1.5
10/03/1960;8.5;1.3
11/03/1960;8.2;4.5
12/03/1960;11.3;3.0
13/03/1960;14.5;2.5
14/03/1960;15.0;4.5
15/03/1960;12.0;5.0
16/03/1960;12.5;7.6
17/03/1960;16.5;7.4
18/03/1960;16.2;6.0
19/03/1960;18.0;2.9
20/03/1960;11.3;2.7
21/03/1960;12.5;2.5
22/03/1960;11.2;4.1
23/03/1960;12.0;-2.0
24/03/1960;10.2;-0.5
25/03/1960;17.4;3.2
26/03/1960;11.6;7.7
27/03/1960;16.5;9.1
28/03/1960;17.6;9.5
29/03/1960;13.1;9.2
30/03/1960;11.5;9.4
31/03/1960;16.6;5.9
01/04/1960;14.7;6.3
02/04/1960;18.7;1.8
03/04/1960;16.0;1.5
04/04/1960;20.2;3.0
05/04/1960;16.8;4.8
06/04/1960;17.6;1.0
07/04/1960;22.0;1.4
08/04/1960;20.6;1.5
09/04/1960;20.5;2.5
10/04/1960;22.4;3.5
11/04/1960;24.5;4.0
12/04/1960;24.0;6.0
13/04/1960;20.5;8.7
14/04/1960;24.2;5.8
15/04/1960;24.3;6.2
16/04/1960;23.0;9.5
17/04/1960;14.8;6.7
18/04/1960;13.1;9.4
19/04/1960;13.3;7.0
20/04/1960;12.5;9.8
21/04/1960;18.5;7.2
22/04/1960;18.5;2.3
23/04/1960;24.0;5.4
24/04/1960;24.3;8.3
25/04/1960;19.6;7.5
26/04/1960;22.0;-1.4
27/04/1960;19.9;3.0
28/04/1960;8.9;3.8
29/04/1960;12.5;2.4
30/04/1960;14.5;4.0
01/05/1960;8.9;2.9
02/05/1960;15.0;-0.1
03/05/1960;19.5;-0.2
04/05/1960;21.5;4.8
05/05/1960;15.5;9.8
06/05/1960;11.4;9.5
07/05/1960;15.2;8.1
08/05/1960;18.5;6.8
09/05/1960;20.5;5.5
10/05/1960;23.5;5.2
11/05/1960;24.0;4.9
12/05/1960;24.6;6.8
13/05/1960;16.7;7.2
14/05/1960;17.5;10.0
15/05/1960;29.6;10.1
16/05/1960;32.4;15.0
17/05/1960;31.5;11.5
18/05/1960;29.0;13.3
19/05/1960;29.4;14.6
20/05/1960;25.0;10.3
21/05/1960;22.6;13.3
22/05/1960;22.5;7.6
23/05/1960;23.0;11.9
24/05/1960;24.6;7.2
25/05/1960;28.8;9.1
26/05/1960;27.2;8.9
27/05/1960;29.3;8.5
28/05/1960;28.2;8.0
29/05/1960;28.6;9.3
30/05/1960;26.0;13.9
31/05/1960;25.8;10.6
01/06/1960;27.9;9.9
02/06/1960;28.0;10.7
03/06/1960;26.6;13.4
04/06/1960;24.0;11.0
05/06/1960;25.7;13.4
06/06/1960;25.1;14.5
07/06/1960;29.3;12.4
08/06/1960;28.2;14.0
09/06/1960;28.0;12.7
10/06/1960;28.3;12.5
11/06/1960;27.5;12.1
12/06/1960;29.7;12.4
13/06/1960;32.1;12.1
14/06/1960;32.8;12.5
15/06/1960;29.2;15.0
16/06/1960;28.1;10.0
17/06/1960;24.8;10.5
18/06/1960;27.6;9.6
19/06/1960;30.3;10.1
20/06/1960;30.3;12.5
21/06/1960;30.0;12.0
22/06/1960;29.5;8.5
23/06/1960;30.5;12.5
24/06/1960;31.2;13.5
25/06/1960;32.3;16.9
26/06/1960;28.0;16.4
27/06/1960;21.5;14.0
28/06/1960;25.8;12.9
29/06/1960;28.0;15.0
30/06/1960;26.8;13.4
01/07/1960;25.7;12.8
02/07/1960;27.4;13.6
03/07/1960;28.2;15.9
04/07/1960;23.5;10.6
05/07/1960;28.0;11.0
06/07/1960;27.1;10.8
07/07/1960;24.9;14.4
08/07/1960;27.0;11.5
09/07/1960;27.3;12.9
10/07/1960;27.1;14.0
11/07/1960;28.0;11.6
12/07/1960;28.6;14.0
13/07/1960;25.1;12.0
14/07/1960;30.5;11.5
15/07/1960;32.0;12.0
16/07/1960;29.4;12.4
17/07/1960;29.2;15.0
18/07/1960;30.2;11.2
19/07/1960;32.2;12.5
20/07/1960;31.9;13.1
21/07/1960;29.1;14.5
22/07/1960;29.5;13.4
23/07/1960;24.2;12.7
24/07/1960;28.8;8.1
25/07/1960;28.7;7.5
26/07/1960;29.5;10.4
27/07/1960;28.6;11.0
28/07/1960;25.3;16.4
29/07/1960;31.8;12.5
30/07/1960;33.8;10.5
31/07/1960;30.2;13.7
01/08/1960;31.3;18.0
02/08/1960;26.9;11.0
03/08/1960;27.0;12.5
04/08/1960;27.5;8.3
05/08/1960;29.2;14.0
06/08/1960;32.7;19.0
07/08/1960;27.1;17.9
08/08/1960;27.2;13.8
09/08/1960;28.1;15.9
10/08/1960;28.3;12.4
11/08/1960;28.1;9.0
12/08/1960;31.5;11.3
13/08/1960;29.1;16.8
14/08/1960;26.1;11.5
15/08/1960;23.2;13.5
16/08/1960;23.5;10.0
17/08/1960;28.5;10.0
18/08/1960;31.4;16.2
19/08/1960;32.3;10.7
20/08/1960;25.5;14.4
21/08/1960;29.6;12.2
22/08/1960;32.7;11.5
23/08/1960;34.0;10.5
24/08/1960;32.6;9.4
25/08/1960;32.3;10.9
26/08/1960;33.8;10.8
27/08/1960;35.7;11.0
28/08/1960;37.0;12.4
29/08/1960;37.3;13.0
30/08/1960;32.0;9.9
31/08/1960;29.0;15.5
01/09/1960;28.1;9.4
02/09/1960;28.3;10.3
03/09/1960;28.0;11.5
04/09/1960;31.2;10.0
05/09/1960;24.4;16.0
06/09/1960;22.5;13.9
07/09/1960;23.0;9.0
08/09/1960;24.6;10.9
09/09/1960;25.0;13.7
10/09/1960;21.8;7.4
11/09/1960;23.4;6.8
12/09/1960;24.6;6.0
13/09/1960;27.3;5.9
14/09/1960;28.5;7.4
15/09/1960;24.8;8.3
16/09/1960;27.0;8.4
17/09/1960;26.0;16.0
18/09/1960;25.3;14.0
19/09/1960;20.5;14.9
20/09/1960;19.0;11.3
21/09/1960;21.6;13.0
22/09/1960;19.9;6.9
23/09/1960;19.0;6.0
24/09/1960;23.1;8.2
25/09/1960;24.3;10.0
26/09/1960;20.6;2.8
27/09/1960;22.3;4.5
28/09/1960;23.4;5.0
29/09/1960;21.2;12.2
30/09/1960;20.1;14.0
01/10/1960;23.4;15.0
02/10/1960;25.0;5.0
03/10/1960;29.4;6.5
04/10/1960;30.1;10.0
05/10/1960;29.0;11.6
06/10/1960;23.8;10.7
07/10/1960;24.0;11.6
08/10/1960;24.2;10.7
09/10/1960;19.0;10.4
10/10/1960;19.1;11.0
11/10/1960;19.0;7.4
12/10/1960;14.0;11.2
13/10/1960;12.5;5.6
14/10/1960;19.0;2.2
15/10/1960;16.2;2.5
16/10/1960;16.0;7.4
17/10/1960;14.5;6.1
18/10/1960;19.7;3.6
19/10/1960;21.0;1.9
20/10/1960;17.1;3.2
21/10/1960;16.0;7.4
22/10/1960;18.5;5.7
23/10/1960;19.8;5.6
24/10/1960;24.5;10.0
25/10/1960;20.9;13.8
26/10/1960;18.0;8.5
27/10/1960;18.1;9.1
28/10/1960;19.0;10.9
29/10/1960;23.0;11.0
30/10/1960;19.8;9.0
31/10/1960;16.6;10.0
01/11/1960;15.7;9.4
02/11/1960;16.5;10.4
03/11/1960;20.7;9.8
04/11/1960;20.0;5.4
05/11/1960;17.6;7.2
06/11/1960;16.5;6.4
07/11/1960;14.3;6.9
08/11/1960;19.2;5.4
09/11/1960;10.1;0.8
10/11/1960;9.5;1.8
11/11/1960;14.2;6.2
12/11/1960;12.6;7.8
13/11/1960;14.2;6.0
14/11/1960;12.5;4.5
15/11/1960;13.9;2.5
16/11/1960;10.6;3.8
17/11/1960;12.1;4.3
18/11/1960;10.5;4.8
19/11/1960;14.0;6.8
20/11/1960;13.5;1.0
21/11/1960;18.3;0.8
22/11/1960;10.0;1.9
23/11/1960;14.0;7.4
24/11/1960;13.0;8.5
25/11/1960;17.8;3.0
26/11/1960;15.7;4.0
27/11/1960;16.5;3.0
28/11/1960;14.7;10.2
29/11/1960;13.8;7.2
30/11/1960;11.0;-1.0
01/12/1960;18.9;-3.5
02/12/1960;17.2;-3.7
03/12/1960;15.3;-1.6
04/12/1960;14.8;-2.0
05/12/1960;13.7;3.7
06/12/1960;15.0;1.8
07/12/1960;16.5;10.0
08/12/1960;10.9;0.7
09/12/1960;10.0;1.0
10/12/1960;10.0;3.4
11/12/1960;12.6;2.0
12/12/1960;12.4;2.4
13/12/1960;7.5;0.5
14/12/1960;6.5;-1.5
15/12/1960;12.7;-1.2
16/12/1960;15.5;5.9
17/12/1960;12.7;6.9
18/12/1960;12.8;8.0
19/12/1960;9.5;7.0
20/12/1960;12.3;7.0
21/12/1960;10.6;4.5
22/12/1960;7.0;2.0
23/12/1960;5.6;2.3
24/12/1960;5.5;2.0
25/12/1960;8.2;0.5
26/12/1960;6.0;-2.5
27/12/1960;11.0;-4.3
28/12/1960;2.8;1.0
29/12/1960;1.9;-1.5
30/12/1960;7.9;0.0
31/12/1960;7.9;-2.9
01/01/1961;11.5;2.5
02/01/1961;6.5;3.0
03/01/1961;11.5;3.4
04/01/1961;11.6;7.0
05/01/1961;12.4;2.5
06/01/1961;12.0;-2.0
07/01/1961;5.0;2.0
08/01/1961;6.0;-2.2
09/01/1961;13.0;3.5
10/01/1961;9.5;-1.5
11/01/1961;8.0;3.2
12/01/1961;8.2;5.1
13/01/1961;8.2;2.6
14/01/1961;11.6;-0.8
15/01/1961;6.7;-0.6
16/01/1961;4.8;0.9
17/01/1961;4.5;-0.2
18/01/1961;5.2;-2.5
19/01/1961;7.0;-2.3
20/01/1961;5.6;-7.5
21/01/1961;9.5;-2.3
22/01/1961;8.2;-5.5
23/01/1961;3.6;-0.5
24/01/1961;9.0;1.0
25/01/1961;9.6;3.0
26/01/1961;8.0;3.5
27/01/1961;5.0;1.5
28/01/1961;5.7;-5.0
29/01/1961;11.5;-5.9
30/01/1961;12.0;-5.5
31/01/1961;7.5;1.6
01/02/1961;10.0;3.2
02/02/1961;11.0;-2.9
03/02/1961;7.0;-1.0
04/02/1961;15.5;-2.2
05/02/1961;13.6;-2.5
06/02/1961;14.5;-4.5
07/02/1961;15.0;1.3
08/02/1961;7.5;-4.5
09/02/1961;11.5;-3.6
10/02/1961;13.5;-1.5
11/02/1961;12.0;-3.0
12/02/1961;17.2;-2.3
13/02/1961;14.6;-4.0
14/02/1961;18.6;-3.7
15/02/1961;20.5;-3.5
16/02/1961;23.2;-2.0
17/02/1961;22.7;-2.0
18/02/1961;17.2;-3.5
19/02/1961;24.5;-4.0
20/02/1961;20.5;-1.3
21/02/1961;15.1;-0.5
22/02/1961;13.8;1.0
23/02/1961;12.2;1.0
24/02/1961;15.8;-1.0
25/02/1961;18.9;-1.5
26/02/1961;20.0;-1.5
27/02/1961;21.5;-0.5
28/02/1961;20.8;1.0
01/03/1961;15.0;5.0
02/03/1961;17.0;3.2
03/03/1961;12.5;-2.2
04/03/1961;13.6;1.5
05/03/1961;11.5;5.0
06/03/1961;14.3;-2.0
07/03/1961;21.0;-2.0
08/03/1961;21.0;-0.8
09/03/1961;20.2;-0.5
10/03/1961;24.5;-1.5
11/03/1961;21.8;-0.5
12/03/1961;20.0;0.2
13/03/1961;23.5;0.4
14/03/1961;13.3;4.5
15/03/1961;11.0;8.5
16/03/1961;12.5;2.0
17/03/1961;23.5;0.2
18/03/1961;25.9;3.0
19/03/1961;16.0;8.0
20/03/1961;16.8;2.0
21/03/1961;14.1;-3.0
22/03/1961;13.5;-4.0
23/03/1961;17.8;-3.5
24/03/1961;18.0;-2.0
25/03/1961;21.5;-1.5
26/03/1961;21.8;-1.2
27/03/1961;23.5;3.5
28/03/1961;17.6;1.5
29/03/1961;15.5;-2.4
30/03/1961;17.2;2.3
31/03/1961;17.5;5.0
01/04/1961;21.7;6.0
02/04/1961;21.5;5.5
03/04/1961;22.3;10.5
04/04/1961;12.0;6.7
05/04/1961;11.3;5.4
06/04/1961;24.0;3.8
07/04/1961;26.8;5.0
08/04/1961;27.5;4.8
09/04/1961;29.3;5.4
10/04/1961;30.7;7.2
11/04/1961;26.0;7.7
12/04/1961;28.1;6.5
13/04/1961;29.1;4.9
14/04/1961;27.5;5.0
15/04/1961;28.0;8.4
16/04/1961;27.0;5.0
17/04/1961;22.0;11.0
18/04/1961;22.0;11.5
19/04/1961;21.2;7.0
20/04/1961;20.8;6.9
21/04/1961;23.0;9.8
22/04/1961;22.0;11.8
23/04/1961;17.0;11.2
24/04/1961;15.3;8.2
25/04/1961;16.0;9.0
26/04/1961;22.8;8.5
27/04/1961;15.5;10.5
28/04/1961;24.7;5.2
29/04/1961;21.5;8.8
30/04/1961;15.0;8.5
01/05/1961;17.2;7.4
02/05/1961;18.5;5.8
03/05/1961;22.4;4.3
04/05/1961;20.5;7.6
05/05/1961;25.0;7.0
06/05/1961;26.5;9.6
07/05/1961;26.5;8.3
08/05/1961;26.6;5.7
09/05/1961;27.5;7.0
10/05/1961;25.3;10.5
11/05/1961;19.0;4.0
12/05/1961;20.5;6.4
13/05/1961;22.0;6.0
14/05/1961;23.8;7.8
15/05/1961;23.9;10.0
16/05/1961;22.0;8.5
17/05/1961;20.5;13.2
18/05/1961;19.2;6.0
19/05/1961;18.8;11.0
20/05/1961;15.0;5.6
21/05/1961;23.2;9.6
22/05/1961;16.3;10.0
23/05/1961;19.2;5.8
24/05/1961;20.1;8.0
25/05/1961;23.2;6.5
26/05/1961;26.3;9.2
27/05/1961;24.6;8.3
28/05/1961;21.0;8.0
29/05/1961;25.5;13.2
30/05/1961;17.7;8.0
31/05/1961;22.0;12.5
01/06/1961;23.4;12.5
02/06/1961;21.7;8.0
03/06/1961;21.8;11.0
04/06/1961;19.8;13.8
05/06/1961;22.1;9.9
06/06/1961;25.6;11.5
07/06/1961;18.0;13.3
08/06/1961;26.1;15.6
09/06/1961;25.7;14.7
10/06/1961;24.0;12.5
11/06/1961;20.0;9.0
12/06/1961;24.2;9.8
13/06/1961;22.1;10.0
14/06/1961;21.2;14.9
15/06/1961;25.3;8.1
16/06/1961;27.2;10.3
17/06/1961;30.5;10.5
18/06/1961;27.5;10.6
19/06/1961;29.0;11.0
20/06/1961;32.5;12.5
21/06/1961;34.0;14.3
22/06/1961;33.3;13.5
23/06/1961;32.3;13.0
24/06/1961;31.5;12.3
25/06/1961;33.5;13.6
26/06/1961;33.3;13.5
27/06/1961;32.9;15.0
28/06/1961;30.1;18.4
29/06/1961;29.8;14.7
30/06/1961;27.3;11.4
01/07/1961;28.0;11.0
02/07/1961;30.3;11.5
03/07/1961;31.5;9.8
04/07/1961;33.4;11.5
05/07/1961;30.5;12.4
06/07/1961;30.8;16.5
07/07/1961;25.2;12.5
08/07/1961;28.7;13.0
09/07/1961;28.6;9.5
10/07/1961;29.7;12.0
11/07/1961;30.1;12.3
12/07/1961;32.5;17.3
13/07/1961;31.7;20.0
14/07/1961;23.9;16.6
15/07/1961;25.0;17.5
16/07/1961;28.5;14.3
17/07/1961;25.4;14.0
18/07/1961;23.9;13.8
19/07/1961;28.5;9.8
20/07/1961;27.5;15.5
21/07/1961;25.5;12.2
22/07/1961;30.4;13.5
23/07/1961;29.0;14.8
24/07/1961;27.2;10.0
25/07/1961;35.0;11.5
26/07/1961;30.0;11.8
27/07/1961;32.9;11.5
28/07/1961;31.2;12.5
29/07/1961;23.5;18.8
30/07/1961;22.4;12.6
31/07/1961;25.0;7.5
01/08/1961;29.0;9.5
02/08/1961;31.0;13.5
03/08/1961;31.5;13.4
04/08/1961;30.1;13.5
05/08/1961;30.0;11.0
06/08/1961;33.1;11.6
07/08/1961;35.5;12.4
08/08/1961;32.6;12.9
09/08/1961;33.7;11.6
10/08/1961;37.6;12.5
11/08/1961;37.8;14.2
12/08/1961;35.0;12.3
13/08/1961;28.3;12.8
14/08/1961;31.0;11.5
15/08/1961;31.4;11.6
16/08/1961;31.0;11.8
17/08/1961;25.8;9.3
18/08/1961;25.7;7.1
19/08/1961;29.8;7.0
20/08/1961;27.4;15.8
21/08/1961;29.6;12.0
22/08/1961;32.9;11.9
23/08/1961;28.0;13.2
24/08/1961;31.0;10.5
25/08/1961;33.0;13.2
26/08/1961;30.1;11.5
27/08/1961;33.6;11.8
28/08/1961;33.5;11.0
29/08/1961;32.8;13.7
30/08/1961;32.5;12.7
31/08/1961;32.0;14.5
01/09/1961;32.3;12.0
02/09/1961;29.5;12.5
03/09/1961;29.7;7.2
04/09/1961;32.8;9.6
05/09/1961;31.8;15.0
06/09/1961;28.8;16.2
07/09/1961;26.8;16.5
08/09/1961;24.5;16.4
09/09/1961;26.0;15.5
10/09/1961;25.0;8.6
11/09/1961;29.5;8.5
12/09/1961;28.0;9.5
13/09/1961;28.5;10.4
14/09/1961;29.0;10.1
15/09/1961;26.0;16.0
16/09/1961;31.5;14.0
17/09/1961;34.3;13.3
18/09/1961;32.2;11.3
19/09/1961;36.0;9.4
20/09/1961;34.1;9.6
21/09/1961;33.9;10.0
22/09/1961;29.9;11.5
23/09/1961;32.8;10.2
24/09/1961;32.0;10.0
25/09/1961;32.0;13.0
26/09/1961;31.8;9.5
27/09/1961;30.9;9.0
28/09/1961;30.5;9.2
29/09/1961;30.3;10.0
30/09/1961;30.0;10.2
01/10/1961;26.8;15.5
02/10/1961;20.5;13.5
03/10/1961;27.2;13.7
04/10/1961;24.0;14.5
05/10/1961;21.6;17.0
06/10/1961;22.8;10.0
07/10/1961;27.5;10.3
08/10/1961;17.5;12.5
09/10/1961;23.0;12.8
10/10/1961;23.0;8.0
11/10/1961;22.0;7.0
12/10/1961;26.6;6.3
13/10/1961;25.6;6.1
14/10/1961;23.8;4.5
15/10/1961;26.3;4.8
16/10/1961;26.6;4.8
17/10/1961;25.1;7.9
18/10/1961;26.0;11.5
19/10/1961;15.0;1.0
20/10/1961;17.4;2.0
21/10/1961;20.0;2.0
22/10/1961;12.5;3.5
23/10/1961;21.0;3.3
24/10/1961;22.2;4.0
25/10/1961;23.5;4.5
26/10/1961;13.5;6.3
27/10/1961;25.0;9.0
28/10/1961;21.0;9.5
29/10/1961;19.1;12.5
30/10/1961;20.0;11.0
31/10/1961;15.0;6.5
01/11/1961;19.3;2.8
02/11/1961;22.5;3.0
03/11/1961;23.5;3.0
04/11/1961;18.0;6.0
05/11/1961;11.5;4.0
06/11/1961;15.0;3.8
07/11/1961;7.0;1.0
08/11/1961;12.5;3.5
09/11/1961;11.8;3.5
10/11/1961;15.1;10.5
11/11/1961;16.0;9.3
12/11/1961;17.0;7.5
13/11/1961;11.2;8.2
14/11/1961;14.5;8.5
15/11/1961;16.5;6.5
16/11/1961;16.8;6.0
17/11/1961;14.2;3.3
18/11/1961;13.6;4.5
19/11/1961;18.4;1.4
20/11/1961;17.0;0.5
21/11/1961;9.5;0.5
22/11/1961;12.0;-4.5
23/11/1961;6.6;-3.5
24/11/1961;17.3;4.2
25/11/1961;14.8;5.0
26/11/1961;10.6;5.7
27/11/1961;16.0;8.0
28/11/1961;16.5;10.3
29/11/1961;16.5;12.0
30/11/1961;17.0;9.0
01/12/1961;17.5;5.0
02/12/1961;16.7;4.0
03/12/1961;14.2;7.0
04/12/1961;13.0;9.0
05/12/1961;13.5;11.3
06/12/1961;14.3;11.5
07/12/1961;16.4;1.4
08/12/1961;4.3;-1.2
09/12/1961;8.5;-3.5
10/12/1961;14.5;-4.5
11/12/1961;8.0;1.5
12/12/1961;7.5;3.0
13/12/1961;11.2;7.0
14/12/1961;11.5;6.3
15/12/1961;9.4;4.5
16/12/1961;11.0;-3.5
17/12/1961;9.0;-4.6
18/12/1961;0.0;-4.5
19/12/1961;1.0;-1.5
20/12/1961;1.4;-0.8
21/12/1961;4.5;-6.5
22/12/1961;10.5;-3.1
23/12/1961;4.5;2.0
24/12/1961;7.0;1.0
25/12/1961;1.5;-2.5
26/12/1961;1.2;-4.5
27/12/1961;5.0;-1.0
28/12/1961;8.5;4.6
29/12/1961;7.3;2.0
30/12/1961;11.4;2.5
31/12/1961;14.3;2.0
01/01/1962;17.0;12.0
02/01/1962;18.0;9.4
03/01/1962;16.5;6.5
04/01/1962;12.0;4.0
05/01/1962;13.0;-1.3
06/01/1962;15.5;-5.0
07/01/1962;14.4;-4.0
08/01/1962;18.6;-1.8
09/01/1962;9.2;-7.0
10/01/1962;9.8;3.0
11/01/1962;8.0;6.0
12/01/1962;11.5;4.5
13/01/1962;11.0;2.0
14/01/1962;14.5;6.5
15/01/1962;14.7;5.0
16/01/1962;7.5;-1.5
17/01/1962;12.8;-5.3
18/01/1962;15.0;-1.1
19/01/1962;16.0;2.0
20/01/1962;10.5;3.5
21/01/1962;11.5;3.5
22/01/1962;13.0;5.0
23/01/1962;7.0;4.5
24/01/1962;7.5;-2.5
25/01/1962;11.0;2.0
26/01/1962;15.0;-2.5
27/01/1962;17.0;-2.0
28/01/1962;13.0;-1.2
29/01/1962;3.5;-3.0
30/01/1962;1.5;-4.5
31/01/1962;2.5;-3.2
01/02/1962;5.0;-2.0
02/02/1962;2.0;-5.1
03/02/1962;2.5;-5.0
04/02/1962;6.0;-4.0
05/02/1962;12.0;-5.0
06/02/1962;14.5;-4.5
07/02/1962;17.0;-3.5
08/02/1962;10.5;-3.3
09/02/1962;11.0;4.5
10/02/1962;7.5;4.2
11/02/1962;11.0;-0.5
12/02/1962;15.0;-1.0
13/02/1962;18.0;-1.0
14/02/1962;11.0;2.0
15/02/1962;8.6;-2.3
16/02/1962;8.7;-4.6
17/02/1962;11.0;-1.0
18/02/1962;14.0;-3.5
19/02/1962;15.0;-5.2
20/02/1962;15.2;-5.0
21/02/1962;11.8;-1.0
22/02/1962;12.5;1.5
23/02/1962;9.0;0.0
24/02/1962;5.0;-5.0
25/02/1962;6.0;-7.0
26/02/1962;13.0;-2.0
27/02/1962;12.5;0.5
28/02/1962;11.0;0.0
01/03/1962;7.8;1.0
02/03/1962;6.3;-0.1
03/03/1962;11.0;0.0
04/03/1962;10.3;3.5
05/03/1962;10.5;1.7
06/03/1962;13.0;7.0
07/03/1962;10.0;0.0
08/03/1962;5.0;-2.0
09/03/1962;8.2;2.6
10/03/1962;6.0;1.0
11/03/1962;6.0;1.0
12/03/1962;12.0;4.5
13/03/1962;10.0;1.0
14/03/1962;16.0;0.0
15/03/1962;4.0;-2.0
16/03/1962;3.5;-7.0
17/03/1962;8.0;-5.0
18/03/1962;7.0;-8.0
19/03/1962;7.5;-7.0
20/03/1962;10.0;-6.8
21/03/1962;9.5;-4.0
22/03/1962;6.0;1.0
23/03/1962;8.8;2.3
24/03/1962;11.0;2.0
25/03/1962;10.0;1.0
26/03/1962;4.5;-1.5
27/03/1962;11.5;1.0
28/03/1962;9.0;2.0
29/03/1962;12.0;2.0
30/03/1962;15.0;8.0
31/03/1962;16.5;2.0
01/04/1962;17.2;3.8
02/04/1962;18.0;7.7
03/04/1962;17.6;-1.0
04/04/1962;19.0;3.5
05/04/1962;13.8;8.5
06/04/1962;14.0;-0.7
07/04/1962;17.5;1.0
08/04/1962;19.5;-1.0
09/04/1962;17.5;9.5
10/04/1962;15.0;5.0
11/04/1962;8.0;4.0
12/04/1962;10.0;0.0
13/04/1962;11.0;1.0
14/04/1962;20.0;4.0
15/04/1962;11.4;0.5
16/04/1962;11.0;-2.5
17/04/1962;18.5;1.5
18/04/1962;15.0;8.0
19/04/1962;21.0;9.0
20/04/1962;18.0;7.3
21/04/1962;24.5;8.5
22/04/1962;21.0;6.5
23/04/1962;21.5;9.5
24/04/1962;26.0;6.5
25/04/1962;26.0;5.8
26/04/1962;27.0;5.5
27/04/1962;27.0;6.0
28/04/1962;28.5;5.5
29/04/1962;22.3;4.0
30/04/1962;22.0;0.5
01/05/1962;17.5;1.0
02/05/1962;13.0;-3.0
03/05/1962;12.0;1.1
04/05/1962;18.8;5.0
05/05/1962;16.6;4.5
06/05/1962;23.0;3.5
07/05/1962;25.0;6.0
08/05/1962;27.0;6.0
09/05/1962;25.0;6.5
10/05/1962;26.0;7.0
11/05/1962;23.0;8.0
12/05/1962;21.5;9.5
13/05/1962;20.0;10.5
14/05/1962;19.0;10.4
15/05/1962;17.5;8.5
16/05/1962;20.0;8.0
17/05/1962;20.5;6.5
18/05/1962;22.0;11.0
19/05/1962;24.5;10.0
20/05/1962;20.0;9.5
21/05/1962;21.0;4.0
22/05/1962;20.5;7.5
23/05/1962;22.0;5.5
24/05/1962;29.0;8.5
25/05/1962;25.0;9.5
26/05/1962;22.0;8.5
27/05/1962;22.5;11.5
28/05/1962;22.0;11.4
29/05/1962;26.0;7.0
30/05/1962;25.0;6.5
31/05/1962;28.0;13.0
01/06/1962;31.4;13.5
02/06/1962;25.0;10.0
03/06/1962;20.0;10.0
04/06/1962;19.0;4.0
05/06/1962;20.5;5.0
06/06/1962;20.0;1.5
07/06/1962;21.0;4.0
08/06/1962;22.5;3.5
09/06/1962;23.0;4.0
10/06/1962;22.5;3.5
11/06/1962;22.7;5.0
12/06/1962;25.0;10.0
13/06/1962;25.5;12.0
14/06/1962;27.0;11.0
15/06/1962;29.0;10.5
16/06/1962;28.5;15.5
17/06/1962;30.0;13.5
18/06/1962;31.0;13.4
19/06/1962;33.0;12.5
20/06/1962;32.0;12.0
21/06/1962;31.5;14.5
22/06/1962;32.0;13.0
23/06/1962;34.5;14.0
24/06/1962;38.0;15.0
25/06/1962;33.5;15.0
26/06/1962;32.5;15.0
27/06/1962;30.0;14.5
28/06/1962;31.0;10.5
29/06/1962;30.0;11.0
30/06/1962;29.0;12.0
01/07/1962;26.0;13.0
02/07/1962;26.0;7.0
03/07/1962;30.0;9.0
04/07/1962;27.0;16.0
05/07/1962;26.0;14.0
06/07/1962;26.2;12.0
07/07/1962;25.0;7.5
08/07/1962;29.0;8.0
09/07/1962;32.0;11.0
10/07/1962;34.0;12.0
11/07/1962;35.0;12.0
12/07/1962;34.0;15.0
13/07/1962;33.0;12.2
14/07/1962;30.0;13.0
15/07/1962;31.0;15.0
16/07/1962;30.0;13.0
17/07/1962;28.0;14.0
18/07/1962;29.2;10.2
19/07/1962;27.0;10.0
20/07/1962;29.0;8.0
21/07/1962;35.0;10.0
22/07/1962;33.0;11.5
23/07/1962;32.0;13.0
24/07/1962;36.0;14.0
25/07/1962;34.0;11.0
26/07/1962;38.5;14.0
27/07/1962;37.0;12.5
28/07/1962;36.0;13.5
29/07/1962;35.5;13.4
30/07/1962;34.5;17.0
31/07/1962;30.0;12.5
01/08/1962;32.0;10.0
02/08/1962;33.5;11.4
03/08/1962;35.0;11.5
04/08/1962;33.5;13.5
05/08/1962;34.0;14.0
06/08/1962;33.5;15.0
07/08/1962;34.0;13.5
08/08/1962;35.0;15.0
09/08/1962;33.0;8.0
10/08/1962;34.0;13.0
11/08/1962;32.0;11.5
12/08/1962;33.0;13.0
13/08/1962;36.0;14.0
14/08/1962;36.2;13.5
15/08/1962;37.0;15.5
16/08/1962;35.0;18.5
17/08/1962;32.0;13.5
18/08/1962;33.0;14.0
19/08/1962;32.0;11.5
20/08/1962;37.0;14.5
21/08/1962;35.0;14.4
22/08/1962;34.0;14.0
23/08/1962;31.0;11.0
24/08/1962;35.0;13.0
25/08/1962;32.5;11.5
26/08/1962;34.0;13.5
27/08/1962;32.0;14.0
28/08/1962;33.0;13.5
29/08/1962;35.2;14.0
30/08/1962;36.0;15.5
31/08/1962;35.0;15.0
01/09/1962;34.0;17.0
02/09/1962;35.0;13.0
03/09/1962;33.5;14.0
04/09/1962;34.0;13.5
05/09/1962;33.0;17.5
06/09/1962;29.0;13.0
07/09/1962;31.0;16.0
08/09/1962;30.0;15.0
09/09/1962;29.0;13.5
10/09/1962;29.0;9.5
11/09/1962;32.5;11.0
12/09/1962;34.0;11.3
13/09/1962;34.5;12.0
14/09/1962;30.5;17.0
15/09/1962;32.0;12.5
16/09/1962;32.5;8.0
17/09/1962;31.5;14.0
18/09/1962;25.5;12.0
19/09/1962;23.0;7.5
20/09/1962;24.0;6.4
21/09/1962;25.0;5.5
22/09/1962;21.5;5.0
23/09/1962;23.5;2.5
24/09/1962;25.5;12.0
25/09/1962;21.0;11.0
26/09/1962;20.0;11.0
27/09/1962;22.0;10.5
28/09/1962;20.5;12.5
29/09/1962;21.0;10.0
30/09/1962;23.0;9.0
01/10/1962;27.5;8.0
02/10/1962;30.0;6.5
03/10/1962;31.5;6.4
04/10/1962;29.0;7.0
05/10/1962;31.0;7.0
06/10/1962;30.5;6.5
07/10/1962;31.0;8.0
08/10/1962;22.3;9.0
09/10/1962;20.0;11.0
10/10/1962;22.5;8.5
11/10/1962;23.0;6.0
12/10/1962;21.0;8.5
13/10/1962;21.5;5.0
14/10/1962;23.0;13.5
15/10/1962;25.0;13.0
16/10/1962;20.0;11.0
17/10/1962;15.0;9.5
18/10/1962;17.5;9.0
19/10/1962;18.0;4.0
20/10/1962;19.5;5.0
21/10/1962;23.0;3.0
22/10/1962;17.0;10.0
23/10/1962;19.0;4.5
24/10/1962;22.0;1.0
25/10/1962;20.2;1.5
26/10/1962;20.0;-1.0
27/10/1962;22.0;0.0
28/10/1962;13.1;5.5
29/10/1962;19.0;8.5
30/10/1962;13.0;9.0
31/10/1962;12.5;6.0
01/11/1962;15.0;8.0
02/11/1962;13.0;6.0
03/11/1962;15.0;4.0
04/11/1962;13.0;2.0
05/11/1962;14.0;5.0
06/11/1962;19.0;6.0
07/11/1962;18.0;12.0
08/11/1962;22.0;12.0
09/11/1962;13.0;7.0
10/11/1962;15.0;6.8
11/11/1962;16.0;5.0
12/11/1962;10.0;8.0
13/11/1962;12.0;5.0
14/11/1962;14.0;6.5
15/11/1962;10.0;7.5
16/11/1962;11.0;5.0
17/11/1962;8.0;-1.0
18/11/1962;7.5;2.0
19/11/1962;9.0;0.0
20/11/1962;6.0;1.0
21/11/1962;12.0;-3.0
22/11/1962;10.0;-2.0
23/11/1962;11.0;2.0
24/11/1962;6.0;-1.5
25/11/1962;9.0;-5.0
26/11/1962;12.0;-2.0
27/11/1962;4.0;-3.5
28/11/1962;10.0;-3.0
29/11/1962;10.0;2.0
30/11/1962;7.5;1.0
01/12/1962;8.0;-3.0
02/12/1962;11.0;-1.0
03/12/1962;4.0;0.0
04/12/1962;3.0;0.0
05/12/1962;3.5;-5.0
06/12/1962;12.0;-7.0
07/12/1962;11.0;-7.5
08/12/1962;16.0;-8.0
09/12/1962;18.0;-6.5
10/12/1962;9.0;-5.0
11/12/1962;12.0;-5.0
12/12/1962;15.0;-4.0
13/12/1962;10.5;2.0
14/12/1962;9.0;-1.0
15/12/1962;4.0;-1.5
16/12/1962;7.0;1.5
17/12/1962;12.0;-2.0
18/12/1962;14.0;-5.0
19/12/1962;14.0;-4.0
20/12/1962;7.0;-5.0
21/12/1962;12.0;-4.5
22/12/1962;0.0;-4.0
23/12/1962;5.0;-3.0
24/12/1962;3.0;-3.0
25/12/1962;1.0;-6.0
26/12/1962;4.0;-8.5
27/12/1962;4.5;-4.0
28/12/1962;2.0;0.0
29/12/1962;4.0;1.5
30/12/1962;3.5;1.0
31/12/1962;5.0;4.0
01/01/1963;11.0;6.1
02/01/1963;10.8;4.0
03/01/1963;10.0;5.0
04/01/1963;10.9;6.1
05/01/1963;9.5;5.8
06/01/1963;11.0;7.0
07/01/1963;13.0;7.5
08/01/1963;11.1;5.9
09/01/1963;9.0;6.0
10/01/1963;11.5;6.9
11/01/1963;9.1;7.0
12/01/1963;10.0;6.5
13/01/1963;9.0;-3.0
14/01/1963;-1.0;-6.0
15/01/1963;5.5;-11.1
16/01/1963;3.0;-11.0
17/01/1963;6.0;-10.1
18/01/1963;1.5;-2.9
19/01/1963;-1.0;-5.2
20/01/1963;-3.0;-8.0
21/01/1963;2.1;-7.5
22/01/1963;1.0;-7.0
23/01/1963;-3.0;-8.0
24/01/1963;2.0;-6.8
25/01/1963;4.0;-11.0
26/01/1963;6.2;-10.1
27/01/1963;6.0;-7.0
28/01/1963;5.0;-10.5
29/01/1963;7.1;-5.1
30/01/1963;9.0;-5.9
31/01/1963;3.0;-11.2
01/02/1963;3.0;-11.0
02/02/1963;7.0;-12.0
03/02/1963;4.0;-5.0
04/02/1963;1.0;-5.0
05/02/1963;9.0;-3.5
06/02/1963;10.0;-4.0
07/02/1963;12.0;-6.5
08/02/1963;9.0;-5.0
09/02/1963;10.0;-3.5
10/02/1963;9.5;-2.0
11/02/1963;8.0;-1.0
12/02/1963;6.0;1.0
13/02/1963;8.2;2.0
14/02/1963;12.0;-3.0
15/02/1963;6.0;-4.0
16/02/1963;3.5;-3.0
17/02/1963;5.8;-1.0
18/02/1963;6.2;2.0
19/02/1963;11.0;4.8
20/02/1963;12.0;5.2
21/02/1963;9.5;5.0
22/02/1963;6.0;3.0
23/02/1963;4.0;0.0
24/02/1963;3.0;-2.5
25/02/1963;4.2;-3.0
26/02/1963;3.8;-5.0
27/02/1963;5.0;-1.8
28/02/1963;6.0;-2.2
01/03/1963;6.0;-3.0
02/03/1963;5.0;-6.5
03/03/1963;13.0;-9.0
04/03/1963;12.0;-7.5
05/03/1963;15.0;-5.5
06/03/1963;19.0;-6.0
07/03/1963;19.5;-4.0
08/03/1963;15.0;4.2
09/03/1963;13.0;3.8
10/03/1963;19.5;5.5
11/03/1963;12.5;8.0
12/03/1963;13.0;10.5
13/03/1963;12.0;11.0
14/03/1963;17.0;-2.0
15/03/1963;19.0;4.5
16/03/1963;15.8;-1.5
17/03/1963;18.5;3.0
18/03/1963;15.5;2.5
19/03/1963;11.5;5.5
20/03/1963;15.0;4.0
21/03/1963;14.0;5.2
22/03/1963;12.0;4.8
23/03/1963;15.0;6.0
24/03/1963;14.5;-1.0
25/03/1963;10.0;-3.0
26/03/1963;18.0;-4.0
27/03/1963;15.0;4.8
28/03/1963;13.0;5.5
29/03/1963;14.0;0.0
30/03/1963;12.5;3.0
31/03/1963;13.0;4.5
01/04/1963;12.2;4.0
02/04/1963;10.5;0.0
03/04/1963;15.5;1.0
04/04/1963;17.0;2.0
05/04/1963;19.0;
06/04/1963;15.0;4.0
07/04/1963;10.5;3.0
08/04/1963;9.0;4.5
09/04/1963;12.0;0.5
10/04/1963;15.0;5.6
11/04/1963;17.0;4.0
12/04/1963;12.0;9.0
13/04/1963;14.0;7.0
14/04/1963;19.0;2.5
15/04/1963;20.5;4.5
16/04/1963;24.0;5.0
17/04/1963;23.0;5.5
18/04/1963;22.5;7.0
19/04/1963;19.0;6.0
20/04/1963;18.1;7.6
21/04/1963;20.0;8.0
22/04/1963;23.0;6.0
23/04/1963;22.4;6.3
24/04/1963;22.5;10.0
25/04/1963;23.0;7.0
26/04/1963;19.0;5.5
27/04/1963;19.5;7.5
28/04/1963;22.0;6.8
29/04/1963;24.0;8.1
30/04/1963;23.0;8.3
01/05/1963;25.0;8.4
02/05/1963;24.2;8.6
03/05/1963;24.5;9.9
04/05/1963;17.8;7.8
05/05/1963;16.5;6.6
06/05/1963;18.2;5.7
07/05/1963;21.0;7.8
08/05/1963;21.8;8.6
09/05/1963;22.3;8.8
10/05/1963;26.1;9.8
11/05/1963;24.0;11.1
12/05/1963;24.5;12.5
13/05/1963;21.6;13.0
14/05/1963;20.8;12.0
15/05/1963;19.5;10.1
16/05/1963;18.8;10.3
17/05/1963;18.0;9.2
18/05/1963;24.8;12.5
19/05/1963;22.2;10.5
20/05/1963;24.3;8.8
21/05/1963;19.8;8.6
22/05/1963;21.2;6.5
23/05/1963;28.0;7.7
24/05/1963;27.5;8.5
25/05/1963;28.0;13.2
26/05/1963;26.2;12.0
27/05/1963;26.0;9.5
28/05/1963;27.5;11.8
29/05/1963;25.9;12.5
30/05/1963;25.0;14.1
31/05/1963;24.4;11.9
01/06/1963;21.0;12.5
02/06/1963;22.5;11.8
03/06/1963;24.2;9.5
04/06/1963;26.0;10.9
05/06/1963;22.5;13.0
06/06/1963;22.6;12.3
07/06/1963;21.8;12.0
08/06/1963;24.0;8.2
09/06/1963;24.3;7.8
10/06/1963;23.0;9.8
11/06/1963;22.5;13.0
12/06/1963;20.8;13.4
13/06/1963;23.6;10.7
14/06/1963;26.4;13.5
15/06/1963;22.4;12.8
16/06/1963;22.5;11.7
17/06/1963;22.8;9.6
18/06/1963;27.8;10.3
19/06/1963;27.0;12.5
20/06/1963;27.6;12.3
21/06/1963;27.5;11.4
22/06/1963;33.1;14.0
23/06/1963;34.6;13.8
24/06/1963;33.0;13.9
25/06/1963;30.8;14.8
26/06/1963;28.3;13.4
27/06/1963;31.0;12.8
28/06/1963;34.2;13.9
29/06/1963;33.1;15.6
30/06/1963;31.4;11.2
01/07/1963;33.4;13.1
02/07/1963;34.2;12.0
03/07/1963;33.4;13.1
04/07/1963;34.0;15.3
05/07/1963;32.7;13.2
06/07/1963;30.5;13.2
07/07/1963;32.8;14.4
08/07/1963;32.5;12.3
09/07/1963;30.4;17.2
10/07/1963;31.6;14.4
11/07/1963;28.5;15.0
12/07/1963;29.1;16.4
13/07/1963;28.4;16.7
14/07/1963;30.5;15.6
15/07/1963;28.5;13.7
16/07/1963;27.3;12.4
17/07/1963;31.6;14.4
18/07/1963;31.3;16.5
19/07/1963;30.4;14.9
20/07/1963;29.8;14.3
21/07/1963;30.8;18.5
22/07/1963;30.4;16.3
23/07/1963;32.0;16.8
24/07/1963;32.4;17.3
25/07/1963;33.5;16.1
26/07/1963;31.5;14.8
27/07/1963;30.3;16.9
28/07/1963;30.5;14.4
29/07/1963;30.2;14.8
30/07/1963;29.2;12.8
31/07/1963;29.2;11.8
01/08/1963;33.0;12.8
02/08/1963;34.3;12.4
03/08/1963;35.5;13.7
04/08/1963;35.4;17.2
05/08/1963;32.9;15.5
06/08/1963;33.0;12.5
07/08/1963;35.0;17.0
08/08/1963;30.9;17.2
09/08/1963;26.5;15.1
10/08/1963;23.8;12.4
11/08/1963;24.5;12.3
12/08/1963;28.5;13.8
13/08/1963;30.3;14.4
14/08/1963;31.5;15.5
15/08/1963;27.5;17.8
16/08/1963;22.8;14.5
17/08/1963;29.0;13.7
18/08/1963;26.6;14.9
19/08/1963;21.5;11.9
20/08/1963;24.8;11.4
21/08/1963;25.3;10.6
22/08/1963;23.3;9.6
23/08/1963;27.5;12.1
24/08/1963;25.1;10.7
25/08/1963;27.5;12.3
26/08/1963;28.4;14.3
27/08/1963;31.6;14.5
28/08/1963;30.2;15.2
29/08/1963;26.8;13.5
30/08/1963;23.7;11.9
31/08/1963;24.0;11.4
01/09/1963;26.1;11.3
02/09/1963;28.6;12.4
03/09/1963;30.0;14.2
04/09/1963;31.6;17.6
05/09/1963;33.8;16.5
06/09/1963;30.4;14.4
07/09/1963;25.5;12.8
08/09/1963;18.8;11.2
09/09/1963;19.3;13.1
10/09/1963;23.5;13.5
11/09/1963;25.5;14.3
12/09/1963;27.0;13.4
13/09/1963;26.7;12.3
14/09/1963;26.5;13.8
15/09/1963;26.7;11.9
16/09/1963;28.3;15.8
17/09/1963;31.2;14.3
18/09/1963;28.1;16.0
19/09/1963;28.2;16.4
20/09/1963;25.1;14.2
21/09/1963;26.3;15.0
22/09/1963;25.6;12.9
23/09/1963;28.1;11.7
24/09/1963;27.2;12.2
25/09/1963;29.5;12.9
26/09/1963;26.2;13.1
27/09/1963;26.6;13.6
28/09/1963;25.3;9.8
29/09/1963;26.1;10.2
30/09/1963;19.6;6.9
01/10/1963;26.4;12.3
02/10/1963;21.6;11.3
03/10/1963;21.2;13.5
04/10/1963;19.0;14.7
05/10/1963;22.4;14.0
06/10/1963;19.8;14.5
07/10/1963;22.4;10.5
08/10/1963;18.6;9.2
09/10/1963;18.3;10.0
10/10/1963;18.5;10.4
11/10/1963;19.7;9.4
12/10/1963;20.2;8.9
13/10/1963;24.4;7.4
14/10/1963;26.8;5.3
15/10/1963;22.1;8.9
16/10/1963;20.6;11.5
17/10/1963;21.3;9.8
18/10/1963;20.3;6.7
19/10/1963;20.2;6.8
20/10/1963;22.5;6.6
21/10/1963;22.4;5.3
22/10/1963;24.4;5.2
23/10/1963;22.2;6.3
24/10/1963;21.7;5.5
25/10/1963;19.9;8.8
26/10/1963;15.8;9.5
27/10/1963;19.1;7.8
28/10/1963;12.6;9.3
29/10/1963;12.0;7.8
30/10/1963;11.7;7.5
31/10/1963;14.4;6.6
01/11/1963;15.4;10.6
02/11/1963;17.2;8.5
03/11/1963;18.8;12.2
04/11/1963;22.2;8.9
05/11/1963;21.8;10.4
06/11/1963;21.5;13.6
07/11/1963;18.5;11.3
08/11/1963;16.1;10.4
09/11/1963;17.6;9.6
10/11/1963;22.0;10.7
11/11/1963;19.8;15.5
12/11/1963;20.2;15.0
13/11/1963;20.0;11.0
14/11/1963;16.7;6.5
15/11/1963;17.4;6.3
16/11/1963;17.8;7.2
17/11/1963;21.8;9.3
18/11/1963;18.5;4.7
19/11/1963;14.7;8.6
20/11/1963;19.2;10.8
21/11/1963;16.2;6.4
22/11/1963;14.3;1.5
23/11/1963;12.6;5.3
24/11/1963;14.8;4.2
25/11/1963;13.4;6.8
26/11/1963;14.7;8.0
27/11/1963;13.6;5.4
28/11/1963;9.7;4.9
29/11/1963;13.8;6.2
30/11/1963;12.5;3.7
01/12/1963;12.6;5.4
02/12/1963;13.1;5.1
03/12/1963;15.4;7.5
04/12/1963;14.4;9.8
05/12/1963;12.8;7.2
06/12/1963;12.1;4.8
07/12/1963;10.6;-0.8
08/12/1963;8.8;-4.8
09/12/1963;9.0;-2.9
10/12/1963;9.2;-0.8
11/12/1963;10.2;3.7
12/12/1963;11.2;3.4
13/12/1963;6.4;3.5
14/12/1963;4.1;-1.4
15/12/1963;2.5;-4.3
16/12/1963;4.6;-1.4
17/12/1963;7.4;-5.7
18/12/1963;8.5;-3.2
19/12/1963;6.8;-2.9
20/12/1963;7.2;3.0
21/12/1963;9.2;0.6
22/12/1963;8.8;1.0
23/12/1963;4.2;-3.4
24/12/1963;8.8;-4.6
25/12/1963;5.5;-0.2
26/12/1963;6.2;-3.0
27/12/1963;12.0;-2.3
28/12/1963;13.8;-2.8
29/12/1963;15.9;3.6
30/12/1963;15.5;2.4
31/12/1963;11.0;1.7
01/01/1964;8.7;1.2
02/01/1964;9.8;2.8
03/01/1964;7.9;1.6
04/01/1964;7.1;-1.9
05/01/1964;6.7;-1.4
06/01/1964;7.5;-2.4
07/01/1964;8.7;-2.7
08/01/1964;9.0;-2.5
09/01/1964;6.1;-3.2
10/01/1964;5.7;-4.6
11/01/1964;8.6;0.5
12/01/1964;6.4;1.5
13/01/1964;8.5;0.4
14/01/1964;8.4;4.5
15/01/1964;6.7;-2.8
16/01/1964;8.5;-0.5
17/01/1964;6.1;-0.2
18/01/1964;3.4;-6.0
19/01/1964;6.7;-6.4
20/01/1964;8.4;-6.2
21/01/1964;9.0;-3.8
22/01/1964;11.5;-4.1
23/01/1964;11.2;-4.2
24/01/1964;12.4;-3.9
25/01/1964;10.7;-2.5
26/01/1964;9.0;-4.5
27/01/1964;4.8;-2.6
28/01/1964;5.7;-3.0
29/01/1964;7.1;1.5
30/01/1964;4.6;0.5
31/01/1964;10.5;-4.2
01/02/1964;8.5;-5.6
02/02/1964;12.8;-5.9
03/02/1964;13.0;-0.5
04/02/1964;12.7;-5.4
05/02/1964;6.5;-5.1
06/02/1964;7.5;0.0
07/02/1964;8.5;-8.0
08/02/1964;7.8;-7.9
09/02/1964;7.5;-8.6
10/02/1964;12.2;-4.3
11/02/1964;15.4;-7.5
12/02/1964;6.2;-4.8
13/02/1964;10.5;-1.9
14/02/1964;5.2;-0.9
15/02/1964;12.8;2.0
16/02/1964;12.2;1.9
17/02/1964;14.1;6.5
18/02/1964;11.4;4.5
19/02/1964;14.5;5.5
20/02/1964;11.0;6.0
21/02/1964;11.0;1.5
22/02/1964;7.4;-4.6
23/02/1964;8.4;-3.5
24/02/1964;9.5;2.5
25/02/1964;7.5;4.5
26/02/1964;10.0;5.5
27/02/1964;14.0;8.0
28/02/1964;14.5;7.3
29/02/1964;14.8;6.5
01/03/1964;10.5;7.0
02/03/1964;12.5;-2.5
03/03/1964;14.0;-3.0
04/03/1964;14.5;-1.5
05/03/1964;17.0;-1.4
06/03/1964;13.0;-1.6
07/03/1964;5.0;0.5
08/03/1964;6.0;0.2
09/03/1964;6.0;0.6
10/03/1964;13.5;0.0
11/03/1964;7.6;2.4
12/03/1964;9.0;0.5
13/03/1964;9.5;2.5
14/03/1964;8.0;6.0
15/03/1964;7.2;5.6
16/03/1964;12.5;6.5
17/03/1964;13.0;-1.1
18/03/1964;10.3;2.4
19/03/1964;9.8;4.2
20/03/1964;10.2;3.0
21/03/1964;14.5;9.6
22/03/1964;14.4;3.5
23/03/1964;12.5;5.0
24/03/1964;17.5;3.1
25/03/1964;18.5;3.5
26/03/1964;18.7;8.0
27/03/1964;12.1;7.9
28/03/1964;12.0;8.6
29/03/1964;11.8;8.4
30/03/1964;17.0;9.0
31/03/1964;17.6;10.4
01/04/1964;12.7;8.6
02/04/1964;17.8;7.5
03/04/1964;19.5;5.6
04/04/1964;17.5;9.0
05/04/1964;13.5;9.2
06/04/1964;15.2;4.9
07/04/1964;13.9;4.6
08/04/1964;14.5;6.7
09/04/1964;17.0;0.8
10/04/1964;18.2;1.0
11/04/1964;18.6;2.5
12/04/1964;19.2;4.4
13/04/1964;21.3;2.2
14/04/1964;23.2;3.8
15/04/1964;18.1;3.0
16/04/1964;22.1;3.2
17/04/1964;24.0;3.8
18/04/1964;23.9;6.4
19/04/1964;26.5;5.6
20/04/1964;23.5;10.6
21/04/1964;19.2;9.4
22/04/1964;17.6;8.9
23/04/1964;19.6;4.5
24/04/1964;19.0;7.5
25/04/1964;18.2;2.0
26/04/1964;21.0;2.4
27/04/1964;22.2;0.6
28/04/1964;22.5;0.9
29/04/1964;22.8;6.0
30/04/1964;22.9;7.0
01/05/1964;17.2;0.3
02/05/1964;23.2;5.1
03/05/1964;21.6;5.4
04/05/1964;20.0;3.2
05/05/1964;21.6;4.2
06/05/1964;22.4;7.0
07/05/1964;26.5;7.4
08/05/1964;25.0;7.8
09/05/1964;27.9;7.9
10/05/1964;25.0;9.0
11/05/1964;21.7;4.4
12/05/1964;24.1;4.9
13/05/1964;31.3;7.9
14/05/1964;31.0;7.4
15/05/1964;26.5;11.0
16/05/1964;26.7;7.2
17/05/1964;22.0;5.2
18/05/1964;20.9;2.7
19/05/1964;27.0;5.0
20/05/1964;24.2;7.7
21/05/1964;23.0;8.4
22/05/1964;25.6;9.8
23/05/1964;25.2;11.6
24/05/1964;24.8;8.5
25/05/1964;26.4;9.0
26/05/1964;23.6;12.0
27/05/1964;23.5;9.0
28/05/1964;22.2;10.6
29/05/1964;22.1;9.0
30/05/1964;24.5;11.4
31/05/1964;25.0;9.9
01/06/1964;28.7;10.8
02/06/1964;28.6;13.5
03/06/1964;26.2;10.4
04/06/1964;29.9;8.5
05/06/1964;35.8;14.0
06/06/1964;33.4;11.4
07/06/1964;31.3;12.4
08/06/1964;30.1;14.6
09/06/1964;24.6;8.5
10/06/1964;24.0;7.8
11/06/1964;28.0;10.8
12/06/1964;29.0;11.6
13/06/1964;28.6;11.2
14/06/1964;29.0;11.5
15/06/1964;30.9;15.0
16/06/1964;27.9;10.8
17/06/1964;27.0;9.7
18/06/1964;28.2;12.5
19/06/1964;32.1;13.0
20/06/1964;29.2;13.4
21/06/1964;29.0;13.0
22/06/1964;32.4;14.4
23/06/1964;30.3;11.2
24/06/1964;32.2;11.6
25/06/1964;27.4;16.8
26/06/1964;22.7;12.6
27/06/1964;28.0;11.0
28/06/1964;27.5;16.4
29/06/1964;27.6;12.9
30/06/1964;32.6;16.7
01/07/1964;28.6;9.0
02/07/1964;32.1;12.0
03/07/1964;29.8;11.0
04/07/1964;33.7;12.8
05/07/1964;27.9;15.4
06/07/1964;26.3;17.0
07/07/1964;26.9;14.0
08/07/1964;26.2;12.4
09/07/1964;28.1;14.6
10/07/1964;30.0;16.6
11/07/1964;28.5;12.7
12/07/1964;25.0;17.6
13/07/1964;27.6;9.2
14/07/1964;26.6;12.0
15/07/1964;32.1;13.6
16/07/1964;31.7;14.6
17/07/1964;31.2;13.5
18/07/1964;33.6;17.2
19/07/1964;36.6;15.4
20/07/1964;33.0;13.2
21/07/1964;36.7;16.0
22/07/1964;35.2;18.1
23/07/1964;33.7;16.5
24/07/1964;32.3;16.4
25/07/1964;30.5;12.0
26/07/1964;29.0;11.0
27/07/1964;27.8;10.6
28/07/1964;33.3;11.6
29/07/1964;31.8;16.5
30/07/1964;32.6;15.4
31/07/1964;33.4;13.9
01/08/1964;34.0;14.3
02/08/1964;33.1;15.4
03/08/1964;31.1;18.8
04/08/1964;28.0;18.6
05/08/1964;30.7;10.0
06/08/1964;32.8;11.2
07/08/1964;33.5;11.7
08/08/1964;29.1;16.3
09/08/1964;27.1;18.6
10/08/1964;33.4;13.6
11/08/1964;28.0;9.5
12/08/1964;30.0;18.3
13/08/1964;27.6;12.6
14/08/1964;27.2;13.5
15/08/1964;28.2;13.2
16/08/1964;24.0;13.5
17/08/1964;29.5;14.1
18/08/1964;32.0;12.8
19/08/1964;29.4;16.6
20/08/1964;27.1;15.9
21/08/1964;28.6;10.8
22/08/1964;32.4;12.0
23/08/1964;29.2;12.7
24/08/1964;28.4;13.7
25/08/1964;24.0;9.8
26/08/1964;26.8;10.0
27/08/1964;30.6;10.0
28/08/1964;32.0;14.8
29/08/1964;35.4;12.8
30/08/1964;37.0;13.5
31/08/1964;28.7;15.2
01/09/1964;24.5;10.6
02/09/1964;22.3;12.2
03/09/1964;19.5;8.3
04/09/1964;19.4;7.5
05/09/1964;30.1;8.4
06/09/1964;29.0;9.0
07/09/1964;26.0;13.5
08/09/1964;27.5;9.4
09/09/1964;29.6;8.5
10/09/1964;30.3;8.6
11/09/1964;31.0;11.8
12/09/1964;28.9;11.0
13/09/1964;28.8;11.9
14/09/1964;31.6;12.5
15/09/1964;31.4;13.3
16/09/1964;31.2;13.5
17/09/1964;28.9;15.5
18/09/1964;26.8;16.2
19/09/1964;28.7;17.2
20/09/1964;28.3;17.6
21/09/1964;28.0;13.0
22/09/1964;20.0;14.0
23/09/1964;22.5;11.5
24/09/1964;23.0;13.0
25/09/1964;25.0;11.8
26/09/1964;26.0;11.2
27/09/1964;28.7;14.5
28/09/1964;25.6;19.0
29/09/1964;15.7;8.5
30/09/1964;22.4;18.0
01/10/1964;26.9;7.8
02/10/1964;25.2;10.0
03/10/1964;21.4;11.1
04/10/1964;21.5;12.0
05/10/1964;20.6;9.5
06/10/1964;20.6;5.1
07/10/1964;18.4;7.0
08/10/1964;16.4;7.5
09/10/1964;21.0;13.1
10/10/1964;21.9;7.5
11/10/1964;20.5;9.8
12/10/1964;15.5;10.0
13/10/1964;15.1;9.9
14/10/1964;14.3;11.5
15/10/1964;13.0;7.5
16/10/1964;19.4;8.6
17/10/1964;22.0;9.7
18/10/1964;18.0;6.9
19/10/1964;14.1;2.5
20/10/1964;15.3;3.4
21/10/1964;10.6;1.0
22/10/1964;16.0;3.1
23/10/1964;15.6;7.4
24/10/1964;16.0;9.4
25/10/1964;12.8;6.8
26/10/1964;16.4;7.2
27/10/1964;11.5;9.0
28/10/1964;13.5;8.6
29/10/1964;16.0;5.6
30/10/1964;18.4;5.5
31/10/1964;16.5;7.0
01/11/1964;15.5;8.6
02/11/1964;12.4;8.0
03/11/1964;13.0;4.3
04/11/1964;14.5;7.5
05/11/1964;17.4;7.2
06/11/1964;16.2;7.3
07/11/1964;12.9;4.2
08/11/1964;12.8;6.0
09/11/1964;12.4;5.5
10/11/1964;11.8;6.5
11/11/1964;11.0;8.2
12/11/1964;12.9;9.0
13/11/1964;12.5;10.7
14/11/1964;18.5;10.2
15/11/1964;13.5;11.8
16/11/1964;16.6;12.5
17/11/1964;11.0;8.7
18/11/1964;16.4;6.2
19/11/1964;16.0;12.1
20/11/1964;13.4;10.5
21/11/1964;12.7;6.4
22/11/1964;8.5;5.7
23/11/1964;17.1;11.2
24/11/1964;11.5;10.0
25/11/1964;10.1;8.8
26/11/1964;13.2;11.0
27/11/1964;13.1;11.2
28/11/1964;11.2;8.5
29/11/1964;13.7;9.0
30/11/1964;14.0;5.3
01/12/1964;12.4;2.0
02/12/1964;8.5;1.7
03/12/1964;7.0;3.1
04/12/1964;7.5;-0.8
05/12/1964;8.5;-4.8
06/12/1964;10.6;-5.5
07/12/1964;3.7;-5.6
08/12/1964;10.5;2.7
09/12/1964;10.0;1.7
10/12/1964;10.1;1.0
11/12/1964;10.2;1.3
12/12/1964;4.1;-1.0
13/12/1964;3.0;-3.1
14/12/1964;10.4;3.0
15/12/1964;7.6;4.0
16/12/1964;11.0;6.5
17/12/1964;13.5;3.4
18/12/1964;14.1;3.6
19/12/1964;11.5;3.2
20/12/1964;10.0;4.6
21/12/1964;9.8;3.8
22/12/1964;13.0;1.6
23/12/1964;10.9;1.5
24/12/1964;9.8;-1.4
25/12/1964;7.5;-3.0
26/12/1964;6.0;0.0
27/12/1964;7.0;0.5
28/12/1964;8.4;1.0
29/12/1964;9.0;0.6
30/12/1964;8.9;-0.8
31/12/1964;7.5;-5.4
01/01/1965;8.5;5.4
02/01/1965;7.9;2.6
03/01/1965;7.0;0.0
04/01/1965;6.6;-0.5
05/01/1965;7.0;2.5
06/01/1965;8.9;-1.4
07/01/1965;11.9;6.1
08/01/1965;11.6;5.7
09/01/1965;10.5;4.6
10/01/1965;12.4;7.2
11/01/1965;12.4;8.0
12/01/1965;14.2;6.3
13/01/1965;13.1;3.0
14/01/1965;14.0;5.6
15/01/1965;16.0;6.0
16/01/1965;10.0;4.5
17/01/1965;8.3;2.0
18/01/1965;11.1;0.0
19/01/1965;13.5;3.2
20/01/1965;4.0;1.8
21/01/1965;8.2;-4.1
22/01/1965;10.6;-2.8
23/01/1965;10.5;-0.2
24/01/1965;6.7;0.6
25/01/1965;10.5;-4.6
26/01/1965;13.2;2.8
27/01/1965;12.0;2.0
28/01/1965;9.8;3.5
29/01/1965;11.0;5.0
30/01/1965;10.9;6.5
31/01/1965;13.8;4.5
01/02/1965;18.2;6.8
02/02/1965;12.8;3.4
03/02/1965;9.1;-0.5
04/02/1965;9.8;-2.8
05/02/1965;6.3;-0.4
06/02/1965;8.7;-4.1
07/02/1965;6.9;5.4
08/02/1965;8.7;-6.4
09/02/1965;5.0;-5.5
10/02/1965;2.6;-1.5
11/02/1965;3.1;-3.4
12/02/1965;7.5;-1.1
13/02/1965;7.6;-7.7
14/02/1965;10.9;-3.4
15/02/1965;5.7;-2.0
16/02/1965;8.3;-7.2
17/02/1965;8.0;-7.2
18/02/1965;5.3;-6.0
19/02/1965;5.8;-1.1
20/02/1965;5.5;-2.0
21/02/1965;7.7;-5.0
22/02/1965;8.4;-3.8
23/02/1965;10.8;-4.7
24/02/1965;12.8;-4.6
25/02/1965;11.1;2.8
26/02/1965;11.4;2.6
27/02/1965;11.6;2.2
28/02/1965;11.2;-1.7
01/03/1965;14.3;-1.0
02/03/1965;12.5;6.0
03/03/1965;16.8;5.5
04/03/1965;8.2;-1.1
05/03/1965;17.0;-0.5
06/03/1965;9.3;1.8
07/03/1965;12.5;0.5
08/03/1965;19.0;-3.1
09/03/1965;11.4;-2.6
10/03/1965;6.9;-4.0
11/03/1965;8.8;-5.1
12/03/1965;13.0;-4.5
13/03/1965;14.1;-3.8
14/03/1965;8.5;-0.5
15/03/1965;17.3;1.9
16/03/1965;14.1;5.5
17/03/1965;17.0;2.5
18/03/1965;17.2;3.6
19/03/1965;17.5;7.2
20/03/1965;16.0;2.2
21/03/1965;15.0;-1.0
22/03/1965;16.6;2.5
23/03/1965;15.8;4.0
24/03/1965;14.3;4.9
25/03/1965;18.0;4.4
26/03/1965;14.1;-0.5
27/03/1965;18.5;-0.4
28/03/1965;20.2;-0.7
29/03/1965;17.4;0.6
30/03/1965;20.7;0.5
31/03/1965;24.4;4.2
01/04/1965;13.2;-1.6
02/04/1965;21.0;-1.0
03/04/1965;21.1;-0.8
04/04/1965;21.4;-0.3
05/04/1965;22.5;-0.5
06/04/1965;22.0;6.0
07/04/1965;19.0;1.5
08/04/1965;22.9;4.0
09/04/1965;15.1;9.0
10/04/1965;13.1;7.2
11/04/1965;22.5;2.0
12/04/1965;20.9;9.2
13/04/1965;12.5;7.3
14/04/1965;15.5;6.8
15/04/1965;10.5;7.5
16/04/1965;14.5;1.4
17/04/1965;13.9;3.5
18/04/1965;20.0;4.8
19/04/1965;17.5;3.8
20/04/1965;17.6;6.5
21/04/1965;11.7;2.8
22/04/1965;17.0;3.5
23/04/1965;15.1;3.4
24/04/1965;14.9;6.2
25/04/1965;16.2;2.8
26/04/1965;17.5;4.0
27/04/1965;12.5;2.6
28/04/1965;16.3;2.4
29/04/1965;15.7;1.8
30/04/1965;12.1;2.5
01/05/1965;19.5;1.0
02/05/1965;22.0;6.2
03/05/1965;16.2;8.1
04/05/1965;20.6;3.7
05/05/1965;23.2;3.2
06/05/1965;18.5;2.7
07/05/1965;23.1;2.8
08/05/1965;22.9;2.3
09/05/1965;24.6;5.0
10/05/1965;27.5;5.2
11/05/1965;26.5;3.7
12/05/1965;24.9;2.6
13/05/1965;24.9;2.0
14/05/1965;23.5;2.2
15/05/1965;26.6;4.8
16/05/1965;26.1;9.0
17/05/1965;25.8;6.7
18/05/1965;30.5;10.7
19/05/1965;27.3;12.0
20/05/1965;21.0;9.7
21/05/1965;25.4;12.0
22/05/1965;23.7;8.6
23/05/1965;23.4;9.2
24/05/1965;20.5;11.6
25/05/1965;25.0;8.7
26/05/1965;27.1;6.9
27/05/1965;25.7;9.2
28/05/1965;24.5;10.0
29/05/1965;24.0;9.0
30/05/1965;28.8;5.5
31/05/1965;20.4;10.7
01/06/1965;16.5;11.1
02/06/1965;24.5;10.0
03/06/1965;18.2;12.8
04/06/1965;19.1;12.2
05/06/1965;21.8;11.3
06/06/1965;19.5;6.2
07/06/1965;21.9;9.9
08/06/1965;19.2;9.9
09/06/1965;15.7;10.4
10/06/1965;18.2;7.8
11/06/1965;20.3;10.1
12/06/1965;25.6;10.0
13/06/1965;25.9;9.9
14/06/1965;25.2;10.6
15/06/1965;27.6;10.4
16/06/1965;28.6;10.0
17/06/1965;27.9;14.3
18/06/1965;28.7;9.1
19/06/1965;30.4;8.5
20/06/1965;32.0;9.0
21/06/1965;31.8;10.0
22/06/1965;31.9;9.5
23/06/1965;32.7;12.1
24/06/1965;33.8;13.4
25/06/1965;35.5;12.6
26/06/1965;36.4;14.5
27/06/1965;36.0;18.0
28/06/1965;36.0;14.8
29/06/1965;34.5;16.8
30/06/1965;31.6;10.0
01/07/1965;33.0;13.5
02/07/1965;34.0;15.5
03/07/1965;32.4;15.2
04/07/1965;32.8;15.4
05/07/1965;33.0;20.0
06/07/1965;25.0;16.5
07/07/1965;30.2;16.6
08/07/1965;30.3;8.5
09/07/1965;28.3;10.3
10/07/1965;26.2;11.1
11/07/1965;28.7;8.8
12/07/1965;31.7;11.1
13/07/1965;33.1;8.2
14/07/1965;34.2;9.5
15/07/1965;35.5;9.5
16/07/1965;34.4;9.3
17/07/1965;29.6;9.0
18/07/1965;29.1;7.2
19/07/1965;30.0;11.0
20/07/1965;30.9;9.8
21/07/1965;31.5;10.6
22/07/1965;33.0;9.0
23/07/1965;31.5;15.0
24/07/1965;33.6;10.5
25/07/1965;33.2;12.5
26/07/1965;36.0;16.0
27/07/1965;31.9;13.4
28/07/1965;31.0;9.0
29/07/1965;32.1;8.4
30/07/1965;28.4;15.5
31/07/1965;29.2;14.0
01/08/1965;33.0;15.0
02/08/1965;29.8;11.5
03/08/1965;29.5;13.0
04/08/1965;22.5;13.0
05/08/1965;32.5;14.0
06/08/1965;32.5;14.0
07/08/1965;38.0;13.8
08/08/1965;40.0;15.0
09/08/1965;36.5;13.0
10/08/1965;34.0;12.5
11/08/1965;32.0;13.0
12/08/1965;32.0;11.0
13/08/1965;30.0;9.5
14/08/1965;32.5;14.0
15/08/1965;21.6;13.5
16/08/1965;25.6;12.5
17/08/1965;30.6;14.0
18/08/1965;30.7;15.5
19/08/1965;28.0;16.0
20/08/1965;28.7;13.2
21/08/1965;30.7;13.5
22/08/1965;30.5;14.0
23/08/1965;27.5;17.5
24/08/1965;21.5;14.0
25/08/1965;20.5;13.0
26/08/1965;27.0;11.5
27/08/1965;20.0;8.5
28/08/1965;28.2;9.4
29/08/1965;28.0;12.5
30/08/1965;30.5;11.6
31/08/1965;29.0;16.0
01/09/1965;28.0;14.0
02/09/1965;19.5;16.0
03/09/1965;24.5;13.5
04/09/1965;21.5;10.7
05/09/1965;20.5;9.7
06/09/1965;22.0;10.0
07/09/1965;24.0;13.0
08/09/1965;23.0;10.5
09/09/1965;22.7;13.0
10/09/1965;23.0;13.0
11/09/1965;27.0;13.5
12/09/1965;23.5;11.0
13/09/1965;21.0;8.0
14/09/1965;23.0;9.0
15/09/1965;23.5;8.5
16/09/1965;28.5;10.5
17/09/1965;21.5;10.5
18/09/1965;27.0;11.0
19/09/1965;28.5;12.5
20/09/1965;23.5;11.0
21/09/1965;21.0;19.5
22/09/1965;22.7;12.0
23/09/1965;23.5;8.5
24/09/1965;26.5;9.5
25/09/1965;24.5;9.0
26/09/1965;25.5;9.0
27/09/1965;23.5;11.0
28/09/1965;19.0;11.5
29/09/1965;18.5;12.0
30/09/1965;21.0;12.0
01/10/1965;24.4;7.5
02/10/1965;24.6;8.5
03/10/1965;25.5;14.5
04/10/1965;25.0;11.5
05/10/1965;25.0;12.0
06/10/1965;24.5;12.4
07/10/1965;24.4;10.0
08/10/1965;23.5;11.5
09/10/1965;23.6;10.0
10/10/1965;22.0;11.0
11/10/1965;23.0;5.5
12/10/1965;23.1;4.5
13/10/1965;20.9;6.0
14/10/1965;22.5;1.0
15/10/1965;22.0;2.5
16/10/1965;22.5;3.5
17/10/1965;18.5;8.0
18/10/1965;18.0;8.5
19/10/1965;17.0;8.4
20/10/1965;16.4;6.0
21/10/1965;22.0;2.5
22/10/1965;17.5;4.0
23/10/1965;15.5;1.0
24/10/1965;19.5;0.1
25/10/1965;15.5;0.2
26/10/1965;19.5;1.0
27/10/1965;15.5;1.2
28/10/1965;16.0;5.5
29/10/1965;17.6;11.1
30/10/1965;20.1;10.0
31/10/1965;19.8;9.0
01/11/1965;17.0;10.5
02/11/1965;12.5;12.0
03/11/1965;18.5;9.0
04/11/1965;15.0;11.5
05/11/1965;17.0;11.6
06/11/1965;12.7;12.0
07/11/1965;15.0;7.0
08/11/1965;14.0;9.0
09/11/1965;20.0;8.5
10/11/1965;16.5;9.5
11/11/1965;13.5;7.0
12/11/1965;13.6;8.0
13/11/1965;13.0;6.0
14/11/1965;10.0;4.0
15/11/1965;12.5;3.5
16/11/1965;12.0;1.0
17/11/1965;9.5;1.5
18/11/1965;12.5;6.0
19/11/1965;11.5;8.5
20/11/1965;12.0;8.0
21/11/1965;14.0;10.0
22/11/1965;15.0;9.8
23/11/1965;12.0;6.0
24/11/1965;8.0;-0.5
25/11/1965;15.0;-0.9
26/11/1965;6.5;-4.0
27/11/1965;10.0;1.8
28/11/1965;12.5;2.2
29/11/1965;10.5;-2.5
30/11/1965;12.0;-1.0
01/12/1965;11.0;-3.0
02/12/1965;7.5;-3.0
03/12/1965;6.0;-2.5
04/12/1965;4.0;0.0
05/12/1965;11.0;-1.0
06/12/1965;10.0;0.0
07/12/1965;13.0;0.5
08/12/1965;16.0;1.0
09/12/1965;13.0;4.5
10/12/1965;10.0;4.5
11/12/1965;9.5;-1.0
12/12/1965;11.0;-4.0
13/12/1965;10.0;-3.5
14/12/1965;6.0;0.0
15/12/1965;14.6;-3.5
16/12/1965;11.5;-3.2
17/12/1965;5.5;2.4
18/12/1965;12.0;4.0
19/12/1965;11.5;6.0
20/12/1965;15.5;3.5
21/12/1965;15.3;6.0
22/12/1965;15.0;2.0
23/12/1965;12.0;-2.0
24/12/1965;10.0;-2.0
25/12/1965;10.5;-0.5
26/12/1965;9.5;4.0
27/12/1965;12.4;8.0
28/12/1965;12.0;8.0
29/12/1965;11.0;5.5
30/12/1965;10.8;0.0
31/12/1965;6.0;0.0
01/01/1966;13.0;-2.0
02/01/1966;8.5;-0.5
03/01/1966;10.5;4.5
04/01/1966;13.5;0.0
05/01/1966;12.3;-4.5
06/01/1966;9.3;-5.5
07/01/1966;5.0;-4.5
08/01/1966;8.0;-1.3
09/01/1966;8.0;-6.5
10/01/1966;-1.0;-7.5
11/01/1966;6.5;-5.5
12/01/1966;2.5;0.0
13/01/1966;3.0;-1.0
14/01/1966;1.0;-8.0
15/01/1966;2.0;-7.5
16/01/1966;1.5;-2.3
17/01/1966;-1.5;-3.0
18/01/1966;0.0;-6.5
19/01/1966;-2.0;-13.5
20/01/1966;3.0;-13.8
21/01/1966;1.5;-10.5
22/01/1966;7.0;-1.5
23/01/1966;9.0;1.0
24/01/1966;9.0;2.5
25/01/1966;13.5;1.0
26/01/1966;6.5;6.5
27/01/1966;7.0;1.0
28/01/1966;10.0;-2.0
29/01/1966;16.5;-2.5
30/01/1966;14.0;-2.0
31/01/1966;14.5;-2.3
01/02/1966;11.0;1.5
02/02/1966;9.0;4.0
03/02/1966;12.5;6.0
04/02/1966;7.0;6.0
05/02/1966;12.0;2.5
06/02/1966;9.0;7.5
07/02/1966;8.5;2.5
08/02/1966;10.5;7.5
09/02/1966;12.5;9.5
10/02/1966;16.0;11.0
11/02/1966;16.5;8.0
12/02/1966;15.0;7.5
13/02/1966;14.5;7.0
14/02/1966;8.5;6.0
15/02/1966;10.5;2.5
16/02/1966;16.0;-0.5
17/02/1966;11.5;8.5
18/02/1966;13.0;7.0
19/02/1966;14.0;5.0
20/02/1966;13.0;7.0
21/02/1966;13.0;5.0
22/02/1966;13.5;6.0
23/02/1966;15.0;9.0
24/02/1966;12.0;4.5
25/02/1966;18.0;0.5
26/02/1966;16.0;1.5
27/02/1966;15.5;7.5
28/02/1966;20.5;4.0
01/03/1966;15.5;4.5
02/03/1966;11.5;6.5
03/03/1966;14.5;5.5
04/03/1966;13.0;0.5
05/03/1966;14.5;1.0
06/03/1966;10.0;6.5
07/03/1966;11.5;5.0
08/03/1966;14.5;0.0
09/03/1966;16.0;-0.5
10/03/1966;18.0;1.0
11/03/1966;22.5;0.5
12/03/1966;18.0;2.5
13/03/1966;14.0;-2.5
14/03/1966;14.0;-3.0
15/03/1966;12.5;-4.5
16/03/1966;16.0;-3.5
17/03/1966;13.0;-2.0
18/03/1966;14.5;-3.0
19/03/1966;15.0;-0.5
20/03/1966;12.5;-0.5
21/03/1966;9.0;-3.5
22/03/1966;20.0;0.5
23/03/1966;18.0;1.0
24/03/1966;16.5;5.0
25/03/1966;20.0;5.0
26/03/1966;11.5;-0.5
27/03/1966;14.0;4.0
28/03/1966;16.0;6.0
29/03/1966;15.0;4.5
30/03/1966;16.0;1.0
31/03/1966;13.5;-4.0
01/04/1966;18.0;2.5
02/04/1966;16.8;0.2
03/04/1966;21.0;2.0
04/04/1966;24.3;0.3
05/04/1966;20.5;2.5
06/04/1966;20.5;3.3
07/04/1966;21.5;3.0
08/04/1966;17.5;11.5
09/04/1966;18.0;11.5
10/04/1966;18.2;11.3
11/04/1966;19.4;11.5
12/04/1966;20.5;11.0
13/04/1966;20.0;5.0
14/04/1966;18.0;8.0
15/04/1966;24.5;8.5
16/04/1966;15.0;10.0
17/04/1966;16.5;12.0
18/04/1966;18.5;10.5
19/04/1966;20.5;6.0
20/04/1966;24.0;10.0
21/04/1966;25.7;11.5
22/04/1966;22.5;11.5
23/04/1966;18.0;8.0
24/04/1966;19.2;4.5
25/04/1966;26.5;10.5
26/04/1966;20.5;12.0
27/04/1966;24.5;7.5
28/04/1966;27.0;11.0
29/04/1966;22.0;11.3
30/04/1966;25.0;11.0
01/05/1966;23.5;11.5
02/05/1966;24.0;7.5
03/05/1966;29.0;7.5
04/05/1966;31.0;8.0
05/05/1966;28.5;7.5
06/05/1966;25.5;11.2
07/05/1966;23.5;11.5
08/05/1966;19.5;7.8
09/05/1966;17.5;5.5
10/05/1966;27.0;7.5
11/05/1966;22.5;6.5
12/05/1966;23.0;6.0
13/05/1966;23.0;8.0
14/05/1966;28.5;10.0
15/05/1966;23.5;15.5
16/05/1966;21.0;11.5
17/05/1966;27.0;11.0
18/05/1966;24.5;9.5
19/05/1966;27.0;9.5
20/05/1966;26.0;11.5
21/05/1966;26.5;11.5
22/05/1966;27.0;18.0
23/05/1966;29.5;9.5
24/05/1966;30.0;11.0
25/05/1966;28.0;13.0
26/05/1966;27.5;14.0
27/05/1966;27.5;11.0
28/05/1966;26.0;5.0
29/05/1966;26.5;8.0
30/05/1966;27.0;11.0
31/05/1966;13.5;10.5
01/06/1966;18.5;12.0
02/06/1966;23.0;7.5
03/06/1966;26.5;6.0
04/06/1966;29.0;10.0
05/06/1966;26.0;8.5
06/06/1966;30.0;11.0
07/06/1966;30.0;11.0
08/06/1966;30.5;11.5
09/06/1966;31.0;11.0
10/06/1966;29.7;15.0
11/06/1966;32.0;13.0
12/06/1966;34.0;13.0
13/06/1966;31.5;13.5
14/06/1966;31.0;17.5
15/06/1966;29.0;19.0
16/06/1966;30.5;17.5
17/06/1966;28.5;15.0
18/06/1966;33.5;17.0
19/06/1966;33.5;16.5
20/06/1966;28.0;16.0
21/06/1966;24.2;15.0
22/06/1966;26.0;10.0
23/06/1966;30.5;13.5
24/06/1966;33.0;14.5
25/06/1966;32.8;15.8
26/06/1966;31.5;10.5
27/06/1966;33.0;14.0
28/06/1966;32.5;13.5
29/06/1966;31.5;19.5
30/06/1966;30.3;10.3
01/07/1966;31.7;11.0
02/07/1966;30.0;12.0
03/07/1966;31.0;12.2
04/07/1966;32.0;10.0
05/07/1966;32.8;13.5
06/07/1966;28.4;18.0
07/07/1966;29.5;18.0
08/07/1966;29.0;15.0
09/07/1966;31.5;13.0
10/07/1966;32.0;14.0
11/07/1966;33.0;13.0
12/07/1966;31.0;19.3
13/07/1966;30.5;15.5
14/07/1966;34.5;16.0
15/07/1966;33.5;16.5
16/07/1966;29.5;15.0
17/07/1966;31.5;17.0
18/07/1966;29.5;16.5
19/07/1966;25.5;15.0
20/07/1966;26.7;13.0
21/07/1966;22.5;11.5
22/07/1966;22.1;12.4
23/07/1966;22.0;13.5
24/07/1966;23.0;16.5
25/07/1966;26.0;16.0
26/07/1966;27.0;15.2
27/07/1966;30.0;15.0
28/07/1966;31.3;18.5
29/07/1966;24.0;12.0
30/07/1966;33.5;13.5
31/07/1966;30.5;13.0
01/08/1966;31.5;13.0
02/08/1966;30.5;13.0
03/08/1966;28.5;16.0
04/08/1966;29.5;14.0
05/08/1966;30.0;16.0
06/08/1966;32.0;17.0
07/08/1966;35.0;19.0
08/08/1966;30.5;17.0
09/08/1966;28.0;16.0
10/08/1966;31.0;17.5
11/08/1966;34.5;15.0
12/08/1966;36.5;18.0
13/08/1966;37.5;18.5
14/08/1966;40.0;19.0
15/08/1966;40.5;20.0
16/08/1966;38.0;17.0
17/08/1966;22.0;16.0
18/08/1966;28.5;14.0
19/08/1966;28.0;13.0
20/08/1966;29.5;13.5
21/08/1966;29.0;17.8
22/08/1966;25.5;18.0
23/08/1966;28.0;15.5
24/08/1966;27.0;12.0
25/08/1966;30.5;14.5
26/08/1966;27.5;12.5
27/08/1966;25.3;7.5
28/08/1966;27.0;9.5
29/08/1966;22.5;10.5
30/08/1966;29.2;12.5
31/08/1966;22.5;14.0
01/09/1966;23.0;12.0
02/09/1966;29.0;11.5
03/09/1966;28.5;12.5
04/09/1966;28.6;13.5
05/09/1966;30.5;13.0
06/09/1966;28.5;15.5
07/09/1966;30.0;15.2
08/09/1966;32.5;14.5
09/09/1966;32.0;15.0
10/09/1966;30.5;15.5
11/09/1966;31.5;15.1
12/09/1966;34.0;15.0
13/09/1966;33.4;12.5
14/09/1966;31.0;13.5
15/09/1966;31.1;14.0
16/09/1966;30.9;14.5
17/09/1966;28.0;15.5
18/09/1966;26.5;13.0
19/09/1966;20.6;13.9
20/09/1966;20.5;14.5
21/09/1966;25.0;9.0
22/09/1966;29.0;12.5
23/09/1966;27.5;14.0
24/09/1966;26.5;7.5
25/09/1966;25.0;9.0
26/09/1966;28.3;8.5
27/09/1966;28.5;11.5
28/09/1966;24.0;13.5
29/09/1966;27.0;12.5
30/09/1966;19.5;14.0
01/10/1966;23.0;15.5
02/10/1966;20.0;16.0
03/10/1966;22.5;14.0
04/10/1966;23.0;16.0
05/10/1966;26.5;15.0
06/10/1966;28.0;12.5
07/10/1966;24.5;13.0
08/10/1966;25.5;16.5
09/10/1966;25.0;15.0
10/10/1966;25.0;16.0
11/10/1966;25.2;16.1
12/10/1966;20.0;15.5
13/10/1966;21.0;15.0
14/10/1966;22.5;14.5
15/10/1966;22.6;14.5
16/10/1966;23.5;13.0
17/10/1966;17.5;15.5
18/10/1966;20.0;14.0
19/10/1966;22.0;11.5
20/10/1966;22.1;11.5
21/10/1966;21.0;11.8
22/10/1966;21.0;11.5
23/10/1966;21.2;12.4
24/10/1966;19.0;11.5
25/10/1966;19.5;15.0
26/10/1966;23.8;14.5
27/10/1966;23.0;10.5
28/10/1966;13.5;11.5
29/10/1966;12.5;10.5
30/10/1966;14.5;7.0
31/10/1966;16.0;5.0
01/11/1966;13.0;4.5
02/11/1966;10.5;1.0
03/11/1966;16.5;3.5
04/11/1966;15.0;11.0
05/11/1966;15.5;9.5
06/11/1966;15.0;9.0
07/11/1966;16.0;7.5
08/11/1966;17.0;5.5
09/11/1966;16.5;3.5
10/11/1966;10.0;6.5
11/11/1966;17.5;10.0
12/11/1966;12.5;8.5
13/11/1966;11.5;2.5
14/11/1966;12.5;2.5
15/11/1966;12.5;0.1
16/11/1966;18.5;11.0
17/11/1966;17.0;6.1
18/11/1966;16.0;6.0
19/11/1966;18.0;5.0
20/11/1966;16.0;10.0
21/11/1966;8.5;3.0
22/11/1966;9.1;4.0
23/11/1966;9.0;5.2
24/11/1966;8.5;5.5
25/11/1966;17.0;8.0
26/11/1966;11.5;-0.1
27/11/1966;8.5;-1.3
28/11/1966;10.0;-4.0
29/11/1966;12.0;-3.5
30/11/1966;10.0;1.0
01/12/1966;11.0;2.5
02/12/1966;16.2;7.0
03/12/1966;13.3;2.3
04/12/1966;9.5;1.8
05/12/1966;7.1;2.0
06/12/1966;7.0;2.5
07/12/1966;4.5;-1.5
08/12/1966;9.5;1.0
09/12/1966;8.2;-1.5
10/12/1966;8.5;-1.0
11/12/1966;9.0;0.0
12/12/1966;11.0;5.0
13/12/1966;10.6;6.0
14/12/1966;10.0;1.0
15/12/1966;10.2;-1.3
16/12/1966;5.5;-4.8
17/12/1966;8.0;-4.7
18/12/1966;3.1;-4.9
19/12/1966;3.0;-4.0
20/12/1966;6.5;4.5
21/12/1966;8.5;3.5
22/12/1966;7.3;-1.0
23/12/1966;8.0;-5.5
24/12/1966;7.5;-5.0
25/12/1966;8.0;-3.0
26/12/1966;9.5;-2.0
27/12/1966;12.5;-4.8
28/12/1966;2.5;-3.5
29/12/1966;6.0;2.5
30/12/1966;10.4;1.2
31/12/1966;5.5;-0.6
01/01/1967;10.5;-2.5
02/01/1967;8.0;-1.5
03/01/1967;6.5;2.0
04/01/1967;12.5;-1.5
05/01/1967;9.5;-5.0
06/01/1967;1.5;-3.9
07/01/1967;0.5;-2.6
08/01/1967;3.0;-7.5
09/01/1967;4.0;-7.9
10/01/1967;1.5;-10.2
11/01/1967;4.5;-9.0
12/01/1967;5.0;-7.5
13/01/1967;9.5;-5.5
14/01/1967;11.7;-6.0
15/01/1967;11.0;-6.0
16/01/1967;10.0;-5.0
17/01/1967;9.0;-5.0
18/01/1967;7.0;-4.0
19/01/1967;2.0;0.0
20/01/1967;6.0;2.0
21/01/1967;5.0;2.0
22/01/1967;6.0;4.0
23/01/1967;6.5;4.5
24/01/1967;5.0;9.3
25/01/1967;2.5;8.5
26/01/1967;2.3;9.0
27/01/1967;3.0;8.8
28/01/1967;3.2;1.4
29/01/1967;3.5;3.0
30/01/1967;10.8;0.2
31/01/1967;11.5;1.5
01/02/1967;14.0;2.0
02/02/1967;11.0;4.0
03/02/1967;14.0;4.1
04/02/1967;10.5;4.0
05/02/1967;14.0;4.2
06/02/1967;10.0;1.0
07/02/1967;7.5;-0.5
08/02/1967;10.6;-1.5
09/02/1967;14.6;-1.3
10/02/1967;9.1;-5.5
11/02/1967;5.5;-5.6
12/02/1967;4.5;-5.5
13/02/1967;4.6;-6.5
14/02/1967;6.0;-5.5
15/02/1967;5.0;-5.5
16/02/1967;8.5;-6.5
17/02/1967;13.2;-6.0
18/02/1967;8.6;3.5
19/02/1967;12.0;0.0
20/02/1967;14.5;3.0
21/02/1967;13.2;9.5
22/02/1967;13.3;7.5
23/02/1967;11.0;3.0
24/02/1967;12.0;4.0
25/02/1967;10.0;1.0
26/02/1967;12.6;2.3
27/02/1967;12.5;7.0
28/02/1967;13.4;8.7
01/03/1967;13.4;10.0
02/03/1967;14.0;9.7
03/03/1967;22.5;4.5
04/03/1967;22.0;0.5
05/03/1967;21.8;1.0
06/03/1967;20.5;1.7
07/03/1967;20.0;4.1
08/03/1967;19.5;6.5
09/03/1967;12.5;10.0
10/03/1967;14.7;7.3
11/03/1967;16.0;9.0
12/03/1967;16.5;10.0
13/03/1967;18.0;9.5
14/03/1967;16.0;2.5
15/03/1967;16.5;5.5
16/03/1967;16.1;-1.0
17/03/1967;19.5;2.3
18/03/1967;16.5;-0.5
19/03/1967;8.5;0.0
20/03/1967;15.5;-2.5
21/03/1967;17.5;-0.7
22/03/1967;20.0;-1.0
23/03/1967;26.5;1.5
24/03/1967;21.0;4.5
25/03/1967;20.0;0.5
26/03/1967;20.1;4.0
27/03/1967;18.0;8.0
28/03/1967;16.5;10.4
29/03/1967;14.0;10.0
30/03/1967;15.0;5.4
31/03/1967;17.8;4.3
01/04/1967;14.0;3.0
02/04/1967;15.5;3.5
03/04/1967;15.0;-0.5
04/04/1967;16.3;3.0
05/04/1967;21.5;1.3
06/04/1967;22.5;6.0
07/04/1967;14.5;10.5
08/04/1967;15.5;9.0
09/04/1967;22.5;10.0
10/04/1967;20.5;11.0
11/04/1967;21.5;5.0
12/04/1967;23.0;3.0
13/04/1967;21.8;5.8
14/04/1967;22.0;11.0
15/04/1967;14.8;8.0
16/04/1967;14.0;7.0
17/04/1967;17.0;8.0
18/04/1967;24.5;4.5
19/04/1967;26.0;10.0
20/04/1967;17.2;0.2
21/04/1967;14.5;9.0
22/04/1967;22.0;7.0
23/04/1967;8.0;9.0
24/04/1967;18.3;7.8
25/04/1967;14.0;2.8
26/04/1967;14.6;4.8
27/04/1967;14.5;4.5
28/04/1967;14.4;7.5
29/04/1967;14.0;10.0
30/04/1967;21.5;3.8
01/05/1967;27.0;14.0
02/05/1967;20.6;10.0
03/05/1967;20.5;13.0
04/05/1967;16.5;4.5
05/05/1967;20.0;3.8
06/05/1967;22.0;4.0
07/05/1967;23.0;4.5
08/05/1967;25.0;5.3
09/05/1967;26.0;6.0
10/05/1967;27.8;7.3
11/05/1967;28.0;9.0
12/05/1967;28.5;10.0
13/05/1967;31.0;11.5
14/05/1967;31.3;10.0
15/05/1967;24.5;12.5
16/05/1967;24.8;15.5
17/05/1967;19.0;9.0
18/05/1967;19.8;11.2
19/05/1967;21.0;8.3
20/05/1967;21.3;10.0
21/05/1967;23.0;7.0
22/05/1967;24.0;8.0
23/05/1967;26.0;9.0
24/05/1967;26.8;9.5
25/05/1967;25.0;12.0
26/05/1967;26.0;13.8
27/05/1967;25.5;8.0
28/05/1967;31.0;10.5
29/05/1967;31.5;13.0
30/05/1967;30.2;11.5
31/05/1967;27.0;10.0
01/06/1967;24.0;10.0
02/06/1967;26.8;12.0
03/06/1967;27.0;9.0
04/06/1967;27.5;9.2
05/06/1967;28.0;9.5
06/06/1967;29.5;10.0
07/06/1967;31.0;11.0
08/06/1967;29.5;12.0
09/06/1967;29.0;13.2
10/06/1967;21.0;13.4
11/06/1967;21.3;11.5
12/06/1967;17.3;11.5
13/06/1967;15.5;10.8
14/06/1967;20.0;9.0
15/06/1967;23.5;8.5
16/06/1967;22.0;10.0
17/06/1967;23.5;11.3
18/06/1967;21.5;14.0
19/06/1967;23.5;15.5
20/06/1967;26.2;14.9
21/06/1967;26.4;12.0
22/06/1967;29.0;13.0
23/06/1967;31.5;13.7
24/06/1967;33.9;14.3
25/06/1967;32.0;14.0
26/06/1967;33.8;14.4
27/06/1967;32.0;15.5
28/06/1967;30.0;14.0
29/06/1967;31.8;14.8
30/06/1967;32.0;14.0
01/07/1967;33.5;15.0
02/07/1967;35.5;16.5
03/07/1967;35.6;15.5
04/07/1967;30.8;14.5
05/07/1967;32.5;15.5
06/07/1967;32.0;14.0
07/07/1967;31.8;13.5
08/07/1967;27.0;14.0
09/07/1967;24.0;15.5
10/07/1967;31.5;13.5
11/07/1967;24.0;14.8
12/07/1967;27.0;14.9
13/07/1967;30.3;15.0
14/07/1967;32.0;14.8
15/07/1967;33.0;15.0
16/07/1967;34.0;15.2
17/07/1967;34.5;15.5
18/07/1967;34.2;15.0
19/07/1967;32.3;16.5
20/07/1967;34.5;17.0
21/07/1967;36.0;18.0
22/07/1967;35.5;16.0
23/07/1967;35.6;17.0
24/07/1967;35.7;16.5
25/07/1967;36.0;17.0
26/07/1967;37.0;17.4
27/07/1967;34.0;16.0
28/07/1967;29.5;15.0
29/07/1967;30.0;15.5
30/07/1967;31.4;15.6
31/07/1967;33.7;15.4
01/08/1967;35.2;16.0
02/08/1967;36.2;15.8
03/08/1967;35.5;16.5
04/08/1967;35.4;16.0
05/08/1967;33.6;17.0
06/08/1967;33.5;18.5
07/08/1967;26.3;16.5
08/08/1967;27.8;13.0
09/08/1967;29.0;14.0
10/08/1967;29.5;14.5
11/08/1967;30.0;15.5
12/08/1967;30.3;15.8
13/08/1967;30.5;17.0
14/08/1967;30.0;24.0
15/08/1967;29.0;18.0
16/08/1967;30.0;25.5
17/08/1967;34.0;25.0
18/08/1967;34.5;22.5
19/08/1967;36.0;24.0
20/08/1967;35.5;20.0
21/08/1967;29.8;20.1
22/08/1967;29.5;15.0
23/08/1967;35.5;20.5
24/08/1967;32.5;19.0
25/08/1967;30.0;18.5
26/08/1967;29.0;18.0
27/08/1967;31.0;16.0
28/08/1967;30.0;15.5
29/08/1967;33.5;15.6
30/08/1967;33.0;15.5
31/08/1967;32.0;15.0
01/09/1967;30.0;15.1
02/09/1967;29.2;15.0
03/09/1967;28.5;17.5
04/09/1967;28.3;17.0
05/09/1967;20.5;15.5
06/09/1967;21.0;14.0
07/09/1967;23.0;14.5
08/09/1967;24.5;13.5
09/09/1967;26.0;13.0
10/09/1967;26.1;12.5
11/09/1967;21.0;10.8
12/09/1967;25.8;11.0
13/09/1967;25.5;10.6
14/09/1967;25.6;12.3
15/09/1967;23.8;12.5
16/09/1967;21.8;10.0
17/09/1967;25.0;10.5
18/09/1967;26.3;12.5
19/09/1967;25.0;13.5
20/09/1967;22.0;14.0
21/09/1967;21.5;16.0
22/09/1967;24.5;17.5
23/09/1967;22.7;17.3
24/09/1967;26.0;11.0
25/09/1967;30.0;11.5
26/09/1967;32.0;13.5
27/09/1967;30.6;12.5
28/09/1967;30.5;13.0
29/09/1967;30.0;15.0
30/09/1967;31.0;14.0
01/10/1967;24.0;21.0
02/10/1967;33.5;14.5
03/10/1967;24.0;16.0
04/10/1967;20.0;14.0
05/10/1967;25.0;17.0
06/10/1967;25.5;9.0
07/10/1967;27.0;6.0
08/10/1967;28.5;8.5
09/10/1967;30.0;9.5
10/10/1967;26.0;10.0
11/10/1967;20.0;15.0
12/10/1967;25.8;11.0
13/10/1967;27.0;11.8
14/10/1967;23.0;11.5
15/10/1967;25.5;13.0
16/10/1967;26.5;19.5
17/10/1967;24.0;13.0
18/10/1967;26.0;12.5
19/10/1967;27.0;11.5
20/10/1967;26.5;2.7
21/10/1967;26.0;1.5
22/10/1967;27.0;1.7
23/10/1967;27.3;1.8
24/10/1967;26.0;3.0
25/10/1967;22.0;5.0
26/10/1967;26.3;7.0
27/10/1967;26.5;5.0
28/10/1967;26.0;5.3
29/10/1967;26.5;7.0
30/10/1967;19.0;8.0
31/10/1967;21.0;5.0
01/11/1967;14.0;9.5
02/11/1967;17.0;4.0
03/11/1967;22.0;0.0
04/11/1967;16.5;5.5
05/11/1967;16.0;7.0
06/11/1967;15.5;9.5
07/11/1967;15.0;6.0
08/11/1967;16.5;9.5
09/11/1967;13.0;10.0
10/11/1967;18.0;8.0
11/11/1967;16.0;9.3
12/11/1967;15.5;1.8
13/11/1967;21.0;1.5
14/11/1967;19.3;2.3
15/11/1967;11.5;5.5
16/11/1967;16.0;11.5
17/11/1967;19.5;13.8
18/11/1967;20.5;9.6
19/11/1967;17.8;8.0
20/11/1967;17.0;6.8
21/11/1967;14.4;6.0
22/11/1967;12.5;-2.0
23/11/1967;18.5;-2.5
24/11/1967;18.0;-3.0
25/11/1967;16.8;-0.5
26/11/1967;10.5;0.0
27/11/1967;9.0;7.0
28/11/1967;10.0;7.5
29/11/1967;12.5;5.5
30/11/1967;14.5;6.0
01/12/1967;11.0;6.0
02/12/1967;10.5;5.5
03/12/1967;12.0;2.0
04/12/1967;18.0;1.8
05/12/1967;9.0;-9.0
06/12/1967;13.5;-2.0
07/12/1967;8.0;4.5
08/12/1967;16.2;-1.5
09/12/1967;8.0;-6.8
10/12/1967;3.5;-6.7
11/12/1967;5.0;-0.3
12/12/1967;5.1;0.2
13/12/1967;6.0;0.1
14/12/1967;9.5;-5.2
15/12/1967;13.5;-5.0
16/12/1967;8.3;-6.6
17/12/1967;9.0;-6.5
18/12/1967;2.8;-5.5
19/12/1967;5.3;-8.3
20/12/1967;5.5;-3.0
21/12/1967;6.0;-8.0
22/12/1967;6.3;-7.0
23/12/1967;6.0;1.0
24/12/1967;10.5;3.5
25/12/1967;11.0;7.0
26/12/1967;11.5;8.0
27/12/1967;11.6;5.0
28/12/1967;10.5;3.0
29/12/1967;9.0;0.3
30/12/1967;6.7;-2.5
31/12/1967;8.0;-1.0
01/01/1968;10.0;1.5
02/01/1968;6.0;1.3
03/01/1968;4.0;-0.5
04/01/1968;6.5;-3.5
05/01/1968;4.0;-4.0
06/01/1968;6.0;4.5
07/01/1968;8.0;0.0
08/01/1968;10.0;-1.0
09/01/1968;8.5;-1.0
10/01/1968;0.0;-6.5
11/01/1968;5.0;-6.6
12/01/1968;4.0;-10.0
13/01/1968;4.1;-13.5
14/01/1968;1.5;-13.0
15/01/1968;0.0;-10.5
16/01/1968;1.5;-1.0
17/01/1968;5.5;2.2
18/01/1968;6.5;2.5
19/01/1968;12.0;-4.5
20/01/1968;10.0;-4.0
21/01/1968;8.0;1.8
22/01/1968;13.0;-4.0
23/01/1968;16.5;-4.1
24/01/1968;18.0;-2.3
25/01/1968;14.0;-2.0
26/01/1968;8.0;-7.0
27/01/1968;10.0;-4.0
28/01/1968;13.0;-1.5
29/01/1968;6.0;1.0
30/01/1968;13.0;-3.0
31/01/1968;11.7;-4.0
01/02/1968;11.1;0.0
02/02/1968;11.0;0.0
03/02/1968;12.1;0.4
04/02/1968;12.0;3.5
05/02/1968;8.0;0.0
06/02/1968;11.0;-1.0
07/02/1968;12.0;1.0
08/02/1968;12.1;6.0
09/02/1968;14.0;5.9
10/02/1968;13.8;5.5
11/02/1968;12.0;9.0
12/02/1968;12.1;8.0
13/02/1968;10.0;5.0
14/02/1968;10.8;8.0
15/02/1968;11.0;9.0
16/02/1968;12.0;8.1
17/02/1968;13.0;8.0
18/02/1968;14.0;1.0
19/02/1968;12.0;-4.1
20/02/1968;14.0;-4.0
21/02/1968;8.0;4.0
22/02/1968;11.0;6.0
23/02/1968;11.1;9.0
24/02/1968;15.0;11.0
25/02/1968;14.0;9.0
26/02/1968;16.0;5.0
27/02/1968;12.0;7.0
28/02/1968;11.0;3.0
29/02/1968;9.0;2.0
01/03/1968;10.0;2.5
02/03/1968;10.2;1.0
03/03/1968;8.0;-2.0
04/03/1968;10.0;-0.8
05/03/1968;11.0;-2.5
06/03/1968;18.0;-1.5
07/03/1968;13.0;-2.0
08/03/1968;12.0;0.0
09/03/1968;15.0;2.0
10/03/1968;15.5;3.0
11/03/1968;15.6;5.5
12/03/1968;17.6;2.0
13/03/1968;8.5;-5.7
14/03/1968;14.2;1.0
15/03/1968;9.4;2.3
16/03/1968;17.1;2.4
17/03/1968;10.5;5.2
18/03/1968;13.1;5.4
19/03/1968;13.0;9.8
20/03/1968;20.4;4.0
21/03/1968;16.6;5.1
22/03/1968;13.9;9.9
23/03/1968;17.0;8.1
24/03/1968;23.0;2.2
25/03/1968;23.9;2.0
26/03/1968;26.4;3.0
27/03/1968;23.4;3.6
28/03/1968;23.8;3.4
29/03/1968;24.4;3.0
30/03/1968;23.5;4.8
31/03/1968;27.5;4.1
01/04/1968;26.1;4.0
02/04/1968;23.4;5.0
03/04/1968;23.0;11.7
04/04/1968;17.3;9.5
05/04/1968;21.4;8.2
06/04/1968;24.1;10.8
07/04/1968;22.8;12.5
08/04/1968;16.5;5.0
09/04/1968;15.9;4.5
10/04/1968;15.8;0.5
11/04/1968;14.6;-3.2
12/04/1968;18.0;2.4
13/04/1968;17.4;2.1
14/04/1968;20.0;4.2
15/04/1968;18.8;9.8
16/04/1968;20.3;7.4
17/04/1968;25.0;7.5
18/04/1968;26.2;8.8
19/04/1968;28.8;8.7
20/04/1968;31.0;7.5
21/04/1968;32.5;7.4
22/04/1968;30.1;7.0
23/04/1968;32.2;6.5
24/04/1968;31.3;6.1
25/04/1968;28.4;7.0
26/04/1968;24.3;2.5
27/04/1968;26.4;9.5
28/04/1968;20.5;13.7
29/04/1968;16.4;14.2
30/04/1968;17.3;12.1
01/05/1968;20.0;8.1
02/05/1968;19.3;8.0
03/05/1968;22.2;9.4
04/05/1968;25.8;10.3
05/05/1968;26.8;13.0
06/05/1968;24.5;14.2
07/05/1968;17.0;11.6
08/05/1968;22.4;3.9
09/05/1968;24.5;7.3
10/05/1968;28.1;8.5
11/05/1968;27.6;12.5
12/05/1968;27.3;15.5
13/05/1968;26.5;14.0
14/05/1968;18.5;12.2
15/05/1968;21.5;13.0
16/05/1968;22.0;7.4
17/05/1968;26.4;8.9
18/05/1968;27.4;9.0
19/05/1968;19.3;12.6
20/05/1968;20.0;12.9
21/05/1968;23.3;12.5
22/05/1968;23.0;12.0
23/05/1968;26.5;7.0
24/05/1968;19.0;11.1
25/05/1968;20.0;14.0
26/05/1968;27.0;15.0
27/05/1968;28.5;15.1
28/05/1968;26.0;15.0
29/05/1968;21.5;14.5
30/05/1968;19.5;15.0
31/05/1968;19.5;15.2
01/06/1968;20.0;12.3
02/06/1968;22.5;12.6
03/06/1968;21.2;11.4
04/06/1968;27.0;11.5
05/06/1968;29.2;12.8
06/06/1968;28.6;14.5
07/06/1968;29.2;16.4
08/06/1968;27.3;15.1
09/06/1968;27.5;15.0
10/06/1968;25.4;10.3
11/06/1968;26.0;10.2
12/06/1968;26.3;10.5
13/06/1968;16.8;13.4
14/06/1968;22.5;12.5
15/06/1968;27.9;14.0
16/06/1968;27.1;13.2
17/06/1968;23.3;12.2
18/06/1968;27.0;10.5
19/06/1968;28.0;13.6
20/06/1968;27.1;15.5
21/06/1968;24.8;16.7
22/06/1968;25.2;14.0
23/06/1968;28.9;11.6
24/06/1968;26.8;14.7
25/06/1968;20.0;11.7
26/06/1968;29.7;14.3
27/06/1968;30.2;13.8
28/06/1968;32.6;14.9
29/06/1968;31.7;14.8
30/06/1968;30.8;15.8
01/07/1968;34.5;19.0
02/07/1968;34.0;15.4
03/07/1968;34.6;17.8
04/07/1968;34.2;16.3
05/07/1968;30.5;16.4
06/07/1968;34.1;19.0
07/07/1968;33.5;18.5
08/07/1968;33.3;18.1
09/07/1968;34.1;19.0
10/07/1968;35.4;16.7
11/07/1968;37.0;16.1
12/07/1968;35.0;21.0
13/07/1968;34.2;16.2
14/07/1968;30.4;15.6
15/07/1968;31.8;17.2
16/07/1968;28.0;18.4
17/07/1968;28.3;17.9
18/07/1968;22.5;13.1
19/07/1968;25.5;13.2
20/07/1968;28.0;13.5
21/07/1968;28.3;11.6
22/07/1968;27.6;10.0
23/07/1968;27.5;10.1
24/07/1968;26.8;13.9
25/07/1968;22.2;13.5
26/07/1968;25.5;11.9
27/07/1968;27.2;10.0
28/07/1968;29.0;10.5
29/07/1968;30.3;10.9
30/07/1968;30.4;12.8
31/07/1968;31.2;15.9
01/08/1968;30.7;16.3
02/08/1968;33.3;15.5
03/08/1968;27.0;17.2
04/08/1968;22.5;17.5
05/08/1968;27.2;14.7
06/08/1968;30.3;14.5
07/08/1968;28.6;18.5
08/08/1968;25.5;18.6
09/08/1968;27.0;15.3
10/08/1968;23.1;17.5
11/08/1968;26.6;14.5
12/08/1968;26.5;15.7
13/08/1968;28.6;15.2
14/08/1968;28.5;15.6
15/08/1968;20.1;14.9
16/08/1968;26.4;14.7
17/08/1968;28.5;13.0
18/08/1968;28.4;15.5
19/08/1968;24.8;9.6
20/08/1968;26.0;8.3
21/08/1968;29.5;10.5
22/08/1968;31.4;13.9
23/08/1968;30.4;15.0
24/08/1968;20.3;15.6
25/08/1968;19.5;13.0
26/08/1968;26.5;15.7
27/08/1968;30.6;13.7
28/08/1968;29.2;12.3
29/08/1968;28.5;13.2
30/08/1968;29.0;12.4
31/08/1968;24.2;18.1
01/09/1968;24.0;18.0
02/09/1968;28.0;13.0
03/09/1968;27.8;17.0
04/09/1968;28.0;17.0
05/09/1968;25.0;11.0
06/09/1968;26.5;9.5
07/09/1968;28.7;11.6
08/09/1968;25.5;13.6
09/09/1968;27.0;11.5
10/09/1968;28.4;11.2
11/09/1968;28.5;11.5
12/09/1968;25.0;13.0
13/09/1968;26.0;13.6
14/09/1968;25.5;14.0
15/09/1968;25.6;14.1
16/09/1968;26.0;15.0
17/09/1968;20.5;13.6
18/09/1968;26.6;13.5
19/09/1968;19.0;13.0
20/09/1968;21.0;9.1
21/09/1968;24.0;12.1
22/09/1968;20.1;10.0
23/09/1968;23.0;13.8
24/09/1968;24.0;14.0
25/09/1968;25.5;18.0
26/09/1968;24.0;9.1
27/09/1968;27.0;8.0
28/09/1968;25.5;8.5
29/09/1968;27.0;9.5
30/09/1968;25.5;11.0
01/10/1968;22.8;6.2
02/10/1968;22.0;9.1
03/10/1968;25.4;11.4
04/10/1968;20.5;10.0
05/10/1968;27.0;8.9
06/10/1968;27.5;8.2
07/10/1968;28.2;7.5
08/10/1968;26.0;8.8
09/10/1968;24.6;11.4
10/10/1968;24.0;10.0
11/10/1968;23.7;9.6
12/10/1968;24.0;10.1
13/10/1968;24.5;10.4
14/10/1968;18.0;13.0
15/10/1968;19.5;12.5
16/10/1968;19.6;14.5
17/10/1968;20.0;8.0
18/10/1968;19.5;7.5
19/10/1968;20.0;9.5
20/10/1968;15.1;5.5
21/10/1968;15.0;5.0
22/10/1968;14.0;1.5
23/10/1968;20.2;-0.3
24/10/1968;18.5;2.0
25/10/1968;10.2;4.3
26/10/1968;17.5;10.5
27/10/1968;15.3;6.8
28/10/1968;20.5;6.3
29/10/1968;20.0;6.7
30/10/1968;11.3;10.0
31/10/1968;21.4;8.3
01/11/1968;22.8;6.5
02/11/1968;20.0;9.5
03/11/1968;21.4;11.3
04/11/1968;21.1;11.4
05/11/1968;20.2;8.3
06/11/1968;19.0;6.5
07/11/1968;15.5;1.0
08/11/1968;19.6;5.0
09/11/1968;16.5;1.0
10/11/1968;18.0;5.6
11/11/1968;22.0;11.0
12/11/1968;13.1;8.0
13/11/1968;16.5;3.0
14/11/1968;15.8;1.1
15/11/1968;11.5;1.5
16/11/1968;8.5;5.5
17/11/1968;15.5;6.5
18/11/1968;13.5;5.8
19/11/1968;18.0;4.0
20/11/1968;7.5;0.0
21/11/1968;9.5;-1.1
22/11/1968;10.4;-1.0
23/11/1968;15.0;-2.0
24/11/1968;17.0;-2.1
25/11/1968;11.5;0.5
26/11/1968;12.0;9.0
27/11/1968;9.0;-1.0
28/11/1968;12.0;-1.9
29/11/1968;11.5;-2.0
30/11/1968;4.5;-3.4
01/12/1968;10.0;-3.0
02/12/1968;13.6;-2.5
03/12/1968;14.0;-3.0
04/12/1968;8.2;-1.8
05/12/1968;9.5;5.0
06/12/1968;10.0;4.0
07/12/1968;11.5;2.0
08/12/1968;8.0;4.7
09/12/1968;12.5;7.0
10/12/1968;7.9;5.3
11/12/1968;3.5;-0.5
12/12/1968;4.5;1.1
13/12/1968;3.0;1.0
14/12/1968;3.3;1.2
15/12/1968;3.5;1.0
16/12/1968;7.1;-1.0
17/12/1968;7.0;0.5
18/12/1968;12.4;5.0
19/12/1968;12.5;5.1
20/12/1968;11.5;0.0
21/12/1968;12.0;-2.0
22/12/1968;7.0;-1.8
23/12/1968;4.5;0.5
24/12/1968;9.1;4.5
25/12/1968;9.0;1.0
26/12/1968;8.2;1.4
27/12/1968;7.0;-3.0
28/12/1968;8.4;-8.0
29/12/1968;3.4;-7.4
30/12/1968;3.0;-7.5
31/12/1968;3.8;-8.3
01/01/1970;6.5;2.5
02/01/1970;5.0;2.6
03/01/1970;6.8;-0.7
04/01/1970;5.5;0.5
05/01/1970;13.0;3.5
06/01/1970;10.3;4.5
07/01/1970;9.1;5.0
08/01/1970;12.0;0.0
09/01/1970;9.0;0.7
10/01/1970;7.3;2.9
11/01/1970;8.0;5.5
12/01/1970;14.0;8.0
13/01/1970;14.5;7.5
14/01/1970;13.5;7.3
15/01/1970;11.5;7.5
16/01/1970;12.5;8.0
17/01/1970;11.5;5.5
18/01/1970;14.4;1.5
19/01/1970;7.0;2.5
20/01/1970;4.3;-1.0
21/01/1970;3.3;-3.0
22/01/1970;6.8;-3.1
23/01/1970;6.0;-4.5
24/01/1970;10.0;-4.0
25/01/1970;6.5;3.0
26/01/1970;13.0;6.5
27/01/1970;11.0;5.0
28/01/1970;12.0;8.0
29/01/1970;11.5;8.1
30/01/1970;9.3;6.0
31/01/1970;7.5;3.6
01/02/1970;14.5;1.5
02/02/1970;8.5;-5.0
03/02/1970;8.8;-2.0
04/02/1970;10.5;4.5
05/02/1970;12.4;5.2
06/02/1970;13.0;9.5
07/02/1970;13.5;7.5
08/02/1970;14.5;7.0
09/02/1970;13.0;7.3
10/02/1970;12.5;8.0
11/02/1970;15.0;8.1
12/02/1970;10.0;2.5
13/02/1970;10.1;0.5
14/02/1970;11.5;3.5
15/02/1970;7.0;3.5
16/02/1970;6.5;0.5
17/02/1970;3.8;-5.5
18/02/1970;9.0;1.0
19/02/1970;2.5;-7.5
20/02/1970;7.5;-8.0
21/02/1970;2.5;-0.5
22/02/1970;12.5;0.5
23/02/1970;12.6;1.5
24/02/1970;16.0;-0.5
25/02/1970;6.0;1.0
26/02/1970;14.5;-1.0
27/02/1970;11.8;-1.5
28/02/1970;10.2;-4.5
01/03/1970;9.0;-6.0
02/03/1970;13.5;-5.0
03/03/1970;4.5;-2.0
04/03/1970;6.0;1.0
05/03/1970;8.2;0.0
06/03/1970;8.5;-0.2
07/03/1970;7.2;-1.0
08/03/1970;12.2;0.5
09/03/1970;6.3;2.4
10/03/1970;12.7;-2.5
11/03/1970;15.2;-1.5
12/03/1970;6.0;2.0
13/03/1970;9.5;2.4
14/03/1970;12.5;5.0
15/03/1970;8.5;4.0
16/03/1970;11.5;5.2
17/03/1970;11.0;0.0
18/03/1970;15.5;1.5
19/03/1970;11.2;1.5
20/03/1970;11.0;-2.5
21/03/1970;20.0;-1.0
22/03/1970;22.0;1.0
23/03/1970;15.0;8.5
24/03/1970;16.0;9.5
25/03/1970;19.5;10.1
26/03/1970;13.1;9.9
27/03/1970;20.0;11.8
28/03/1970;15.5;6.2
29/03/1970;12.0;-2.5
30/03/1970;18.0;-1.5
31/03/1970;18.1;4.8
01/04/1970;17.1;10.5
02/04/1970;17.0;9.4
03/04/1970;14.0;2.5
04/04/1970;13.1;-3.5
05/04/1970;14.5;2.0
06/04/1970;12.1;0.0
07/04/1970;15.0;2.0
08/04/1970;18.0;4.4
09/04/1970;17.0;6.5
10/04/1970;12.5;2.0
11/04/1970;17.0;2.0
12/04/1970;18.9;1.0
13/04/1970;20.7;2.8
14/04/1970;12.5;9.5
15/04/1970;20.5;2.8
16/04/1970;17.7;0.4
17/04/1970;22.0;5.5
18/04/1970;26.5;7.7
19/04/1970;23.5;5.5
20/04/1970;24.5;6.6
21/04/1970;16.0;10.0
22/04/1970;18.0;6.0
23/04/1970;25.5;7.0
24/04/1970;27.0;9.5
25/04/1970;23.5;9.6
26/04/1970;24.0;10.0
27/04/1970;20.0;11.5
28/04/1970;19.0;8.3
29/04/1970;14.5;5.0
30/04/1970;16.0;9.0
01/05/1970;18.0;0.0
02/05/1970;20.0;1.0
03/05/1970;18.0;0.5
04/05/1970;21.5;4.2
05/05/1970;24.0;4.5
06/05/1970;26.0;12.0
07/05/1970;19.0;11.8
08/05/1970;18.5;12.5
09/05/1970;16.4;6.5
10/05/1970;23.0;9.0
11/05/1970;19.3;10.0
12/05/1970;19.4;9.5
13/05/1970;19.0;11.5
14/05/1970;21.6;8.7
15/05/1970;26.5;12.0
16/05/1970;25.6;12.6
17/05/1970;24.5;13.5
18/05/1970;21.5;11.0
19/05/1970;21.0;7.5
20/05/1970;21.1;4.8
21/05/1970;24.5;13.0
22/05/1970;29.0;10.0
23/05/1970;22.5;4.5
24/05/1970;24.4;5.0
25/05/1970;27.0;8.5
26/05/1970;27.1;8.3
27/05/1970;26.0;10.0
28/05/1970;28.2;9.0
29/05/1970;24.8;9.1
30/05/1970;22.5;13.0
31/05/1970;18.5;11.5
01/06/1970;24.0;9.3
02/06/1970;30.0;10.5
03/06/1970;28.0;14.4
04/06/1970;21.5;7.0
05/06/1970;24.0;13.0
06/06/1970;23.0;12.5
07/06/1970;25.0;13.5
08/06/1970;27.0;15.0
09/06/1970;27.2;18.0
10/06/1970;24.0;14.5
11/06/1970;26.5;17.0
12/06/1970;25.0;18.0
13/06/1970;29.5;16.6
14/06/1970;28.0;15.5
15/06/1970;27.5;14.0
16/06/1970;32.0;23.6
17/06/1970;31.5;21.5
18/06/1970;33.5;20.8
19/06/1970;27.3;16.0
20/06/1970;27.6;15.7
21/06/1970;25.5;15.5
22/06/1970;28.5;14.0
23/06/1970;29.5;14.5
24/06/1970;33.0;15.3
25/06/1970;31.5;14.5
26/06/1970;32.0;16.0
27/06/1970;35.5;18.0
28/06/1970;34.0;19.4
29/06/1970;32.5;17.0
30/06/1970;31.5;16.4
01/07/1970;30.0;16.5
02/07/1970;30.5;13.0
03/07/1970;26.5;12.0
04/07/1970;22.5;15.5
05/07/1970;24.0;10.5
06/07/1970;25.3;8.8
07/07/1970;32.5;11.5
08/07/1970;33.2;12.4
09/07/1970;34.5;13.4
10/07/1970;31.5;14.5
11/07/1970;36.0;14.6
12/07/1970;33.3;17.0
13/07/1970;32.0;18.0
14/07/1970;32.5;15.0
15/07/1970;35.5;15.5
16/07/1970;30.8;13.0
17/07/1970;27.5;8.5
18/07/1970;28.4;10.1
19/07/1970;29.0;8.5
20/07/1970;30.0;11.8
21/07/1970;31.5;13.5
22/07/1970;32.1;15.0
23/07/1970;36.5;16.5
24/07/1970;38.3;19.5
25/07/1970;38.4;16.5
26/07/1970;34.0;16.0
27/07/1970;34.2;14.5
28/07/1970;37.5;15.5
29/07/1970;38.3;16.5
30/07/1970;35.0;16.4
31/07/1970;34.0;18.0
01/08/1970;30.5;16.0
02/08/1970;28.5;15.5
03/08/1970;28.8;15.0
04/08/1970;34.3;17.0
05/08/1970;35.0;16.0
06/08/1970;36.4;15.2
07/08/1970;36.5;15.3
08/08/1970;38.3;16.5
09/08/1970;31.0;17.0
10/08/1970;22.1;15.0
11/08/1970;29.5;15.0
12/08/1970;31.8;14.0
13/08/1970;33.8;18.5
14/08/1970;32.0;17.3
15/08/1970;33.5;17.5
16/08/1970;34.0;16.4
17/08/1970;26.1;16.4
18/08/1970;31.0;17.0
19/08/1970;32.0;15.0
20/08/1970;34.0;13.5
21/08/1970;30.5;15.0
22/08/1970;26.5;15.5
23/08/1970;26.0;12.5
24/08/1970;20.5;14.5
25/08/1970;24.3;12.0
26/08/1970;28.5;11.5
27/08/1970;30.0;11.0
28/08/1970;31.5;11.5
29/08/1970;30.3;13.0
30/08/1970;30.0;16.5
31/08/1970;24.5;16.0
01/09/1970;25.2;14.7
02/09/1970;29.0;14.5
03/09/1970;30.5;13.5
04/09/1970;29.5;14.5
05/09/1970;30.0;15.0
06/09/1970;29.0;16.1
07/09/1970;29.4;16.0
08/09/1970;31.8;14.0
09/09/1970;31.3;13.4
10/09/1970;30.5;14.5
11/09/1970;30.8;16.7
12/09/1970;31.2;16.2
13/09/1970;32.0;16.0
14/09/1970;27.5;10.5
15/09/1970;30.0;12.1
16/09/1970;30.1;14.0
17/09/1970;26.5;13.0
18/09/1970;24.5;12.5
19/09/1970;24.0;10.2
20/09/1970;27.5;10.0
21/09/1970;29.5;10.1
22/09/1970;31.0;10.0
23/09/1970;30.6;16.5
24/09/1970;28.2;12.3
25/09/1970;25.7;7.2
26/09/1970;25.8;7.3
27/09/1970;28.5;6.0
28/09/1970;28.1;10.5
29/09/1970;25.5;7.5
30/09/1970;25.4;7.4
01/10/1970;25.2;11.8
02/10/1970;23.4;8.5
03/10/1970;19.5;10.0
04/10/1970;20.5;3.0
05/10/1970;24.3;4.3
06/10/1970;24.5;5.5
07/10/1970;24.0;5.0
08/10/1970;23.0;6.0
09/10/1970;27.4;11.0
10/10/1970;29.0;11.1
11/10/1970;29.5;11.0
12/10/1970;28.0;9.0
13/10/1970;28.8;6.0
14/10/1970;27.0;5.0
15/10/1970;25.7;9.0
16/10/1970;23.0;11.5
17/10/1970;16.0;5.5
18/10/1970;15.0;0.5
19/10/1970;17.5;-1.0
20/10/1970;22.5;2.0
21/10/1970;19.4;1.5
22/10/1970;16.0;-1.5
23/10/1970;16.1;0.0
24/10/1970;15.1;-2.5
25/10/1970;14.6;-4.2
26/10/1970;17.0;-1.0
27/10/1970;14.0;3.8
28/10/1970;18.1;3.9
29/10/1970;18.3;4.5
30/10/1970;18.2;4.8
31/10/1970;18.1;6.5
01/11/1970;16.5;10.0
02/11/1970;15.0;5.5
03/11/1970;16.0;6.2
04/11/1970;16.5;7.0
05/11/1970;20.0;7.3
06/11/1970;15.5;8.8
07/11/1970;19.0;1.5
08/11/1970;18.0;2.5
09/11/1970;15.5;9.5
10/11/1970;17.0;10.9
11/11/1970;19.0;-0.2
12/11/1970;17.9;-2.9
13/11/1970;16.5;-2.0
14/11/1970;15.0;8.2
15/11/1970;15.1;9.5
16/11/1970;9.5;4.5
17/11/1970;9.0;2.5
18/11/1970;9.2;-1.7
19/11/1970;15.0;9.0
20/11/1970;17.0;12.0
21/11/1970;16.8;8.0
22/11/1970;16.5;3.0
23/11/1970;15.0;-2.0
24/11/1970;14.8;-2.5
25/11/1970;16.0;-2.2
26/11/1970;15.1;-2.6
27/11/1970;14.2;-3.0
28/11/1970;17.0;-3.5
29/11/1970;15.2;-2.5
30/11/1970;12.5;5.4
01/12/1970;14.2;4.6
02/12/1970;16.0;4.8
03/12/1970;13.5;4.7
04/12/1970;9.0;3.5
05/12/1970;12.5;3.0
06/12/1970;8.1;2.5
07/12/1970;14.0;-2.0
08/12/1970;7.5;0.0
09/12/1970;10.1;0.5
10/12/1970;13.6;-3.0
11/12/1970;13.0;-3.6
12/12/1970;14.0;-4.2
13/12/1970;10.5;-4.0
14/12/1970;7.0;-3.5
15/12/1970;7.4;-2.5
16/12/1970;7.5;-3.8
17/12/1970;7.8;-4.9
18/12/1970;8.2;-6.5
19/12/1970;8.0;-6.4
20/12/1970;8.1;-6.5
21/12/1970;8.0;-8.0
22/12/1970;9.0;-7.9
23/12/1970;4.5;-1.0
24/12/1970;0.5;-14.9
25/12/1970;1.0;-14.5
26/12/1970;2.0;-11.0
27/12/1970;1.0;-8.0
28/12/1970;5.2;-0.5
29/12/1970;7.0;4.5
30/12/1970;12.4;4.6
31/12/1970;7.0;1.5
01/01/1971;1.0;-0.5
02/01/1971;5.0;1.0
03/01/1971;0.5;-2.0
04/01/1971;5.0;-2.1
05/01/1971;4.5;-1.8
06/01/1971;7.0;-7.5
07/01/1971;5.0;-8.1
08/01/1971;7.0;-5.5
09/01/1971;-0.2;-3.0
10/01/1971;10.0;0.8
11/01/1971;10.5;0.4
12/01/1971;9.5;-1.5
13/01/1971;13.0;-4.5
14/01/1971;12.5;-4.6
15/01/1971;6.5;1.0
16/01/1971;15.0;2.0
17/01/1971;8.5;-0.6
18/01/1971;15.2;-0.5
19/01/1971;9.6;3.0
20/01/1971;10.0;4.5
21/01/1971;10.1;3.7
22/01/1971;9.0;5.0
23/01/1971;9.8;1.8
24/01/1971;12.0;5.0
25/01/1971;8.3;1.5
26/01/1971;9.9;0.5
27/01/1971;11.0;0.4
28/01/1971;13.0;9.5
29/01/1971;13.4;5.6
30/01/1971;13.0;7.0
31/01/1971;12.5;8.0
01/02/1971;10.0;3.0
02/02/1971;10.2;2.8
03/02/1971;8.0;-2.0
04/02/1971;10.0;-1.5
05/02/1971;10.0;-1.0
06/02/1971;9.2;-2.8
07/02/1971;17.0;-4.0
08/02/1971;19.0;-3.5
09/02/1971;15.0;-3.0
10/02/1971;17.3;-3.5
11/02/1971;16.0;-3.0
12/02/1971;17.0;-3.0
13/02/1971;17.2;-3.5
14/02/1971;11.0;6.8
15/02/1971;11.1;3.8
16/02/1971;11.8;5.0
17/02/1971;9.8;4.0
18/02/1971;9.0;-1.0
19/02/1971;5.5;0.0
20/02/1971;9.5;3.2
21/02/1971;9.0;0.9
22/02/1971;15.3;-4.3
23/02/1971;17.0;3.0
24/02/1971;14.5;3.0
25/02/1971;9.5;-2.0
26/02/1971;16.4;-3.5
27/02/1971;16.3;-1.8
28/02/1971;16.2;-1.6
01/03/1971;11.0;-0.9
02/03/1971;4.0;-6.4
03/03/1971;5.0;-8.5
04/03/1971;5.8;-7.7
05/03/1971;1.3;-3.5
06/03/1971;0.5;-5.0
07/03/1971;2.7;-10.5
08/03/1971;6.6;-8.2
09/03/1971;4.0;-1.0
10/03/1971;10.0;-6.0
11/03/1971;13.5;-5.0
12/03/1971;14.5;-2.5
13/03/1971;18.0;-3.0
14/03/1971;17.0;1.5
15/03/1971;16.0;-5.0
16/03/1971;17.0;-6.0
17/03/1971;9.5;2.0
18/03/1971;17.7;0.2
19/03/1971;15.5;3.0
20/03/1971;13.0;9.0
21/03/1971;20.0;9.0
22/03/1971;21.5;8.5
23/03/1971;1.8;7.0
24/03/1971;26.5;6.5
25/03/1971;18.0;1.0
26/03/1971;20.0;6.0
27/03/1971;20.2;7.0
28/03/1971;18.0;7.0
29/03/1971;12.0;6.0
30/03/1971;13.8;-0.5
31/03/1971;20.5;0.4
01/04/1971;20.5;6.0
02/04/1971;10.0;7.5
03/04/1971;14.6;7.2
04/04/1971;18.0;9.0
05/04/1971;14.5;7.5
06/04/1971;16.1;9.0
07/04/1971;16.5;5.9
08/04/1971;20.0;5.5
09/04/1971;17.0;9.5
10/04/1971;17.0;12.0
11/04/1971;20.2;11.4
12/04/1971;21.0;10.3
13/04/1971;24.0;4.1
14/04/1971;24.5;4.5
15/04/1971;27.0;4.6
16/04/1971;23.0;2.5
17/04/1971;18.0;10.0
18/04/1971;26.0;13.0
19/04/1971;21.0;5.7
20/04/1971;27.5;7.5
21/04/1971;26.7;13.0
22/04/1971;27.5;8.0
23/04/1971;28.6;11.8
24/04/1971;19.0;12.5
25/04/1971;19.0;7.0
26/04/1971;15.5;9.5
27/04/1971;19.5;10.0
28/04/1971;20.0;11.0
29/04/1971;22.0;6.3
30/04/1971;24.0;11.5
01/05/1971;21.5;9.5
02/05/1971;22.5;10.0
03/05/1971;21.0;11.0
04/05/1971;18.0;11.0
05/05/1971;19.0;12.0
06/05/1971;18.0;8.0
07/05/1971;25.5;9.5
08/05/1971;27.5;8.2
09/05/1971;30.0;10.0
10/05/1971;30.0;11.0
11/05/1971;30.4;13.5
12/05/1971;25.4;14.5
13/05/1971;29.0;11.0
14/05/1971;27.0;11.0
15/05/1971;28.5;11.5
16/05/1971;28.0;10.5
17/05/1971;29.5;11.0
18/05/1971;30.0;11.3
19/05/1971;30.5;11.5
20/05/1971;31.2;12.0
21/05/1971;30.0;10.0
22/05/1971;28.0;10.2
23/05/1971;22.6;12.8
24/05/1971;20.0;13.0
25/05/1971;21.5;12.2
26/05/1971;20.0;12.0
27/05/1971;21.9;11.9
28/05/1971;18.0;10.0
29/05/1971;19.4;9.5
30/05/1971;21.0;9.0
31/05/1971;23.0;10.0
01/06/1971;24.0;12.5
02/06/1971;24.6;12.0
03/06/1971;27.4;12.3
04/06/1971;29.5;14.0
05/06/1971;27.0;13.0
06/06/1971;30.0;14.0
07/06/1971;26.1;13.8
08/06/1971;22.5;14.0
09/06/1971;25.5;13.8
10/06/1971;27.5;13.5
11/06/1971;26.5;14.5
12/06/1971;23.5;14.8
13/06/1971;21.2;14.5
14/06/1971;23.4;8.4
15/06/1971;28.0;11.0
16/06/1971;28.2;13.8
17/06/1971;30.0;11.5
18/06/1971;28.0;8.0
19/06/1971;25.0;8.2
20/06/1971;25.5;9.5
21/06/1971;31.0;12.0
22/06/1971;30.9;14.0
23/06/1971;31.2;15.0
24/06/1971;28.5;13.5
25/06/1971;30.5;14.0
26/06/1971;29.6;18.5
27/06/1971;28.5;15.0
28/06/1971;21.3;14.0
29/06/1971;27.0;13.8
30/06/1971;30.8;12.5
01/07/1971;24.2;10.0
02/07/1971;24.0;7.8
03/07/1971;29.0;9.0
04/07/1971;29.2;9.5
05/07/1971;30.5;13.0
06/07/1971;31.1;15.7
07/07/1971;31.5;10.3
08/07/1971;32.0;12.3
09/07/1971;30.0;14.0
10/07/1971;31.0;12.3
11/07/1971;34.5;14.5
12/07/1971;34.6;14.6
13/07/1971;36.5;18.5
14/07/1971;35.0;16.9
15/07/1971;32.5;17.5
16/07/1971;36.5;11.0
17/07/1971;34.0;18.0
18/07/1971;37.5;16.0
19/07/1971;32.0;21.0
20/07/1971;30.0;17.3
21/07/1971;21.3;10.2
22/07/1971;31.0;10.5
23/07/1971;31.4;11.0
24/07/1971;31.7;11.7
25/07/1971;33.3;14.1
26/07/1971;38.5;8.5
27/07/1971;38.4;8.6
28/07/1971;32.4;12.0
29/07/1971;33.5;14.5
30/07/1971;34.9;16.4
31/07/1971;36.0;16.5
01/08/1971;39.0;17.0
02/08/1971;37.5;17.5
03/08/1971;40.0;14.0
04/08/1971;39.2;16.0
05/08/1971;38.0;18.0
06/08/1971;36.0;14.5
07/08/1971;38.0;15.5
08/08/1971;37.5;17.0
09/08/1971;37.9;19.1
10/08/1971;34.9;15.2
11/08/1971;34.6;14.6
12/08/1971;34.5;17.0
13/08/1971;31.5;15.5
14/08/1971;34.5;16.0
15/08/1971;36.5;15.5
16/08/1971;37.5;17.5
17/08/1971;38.0;19.0
18/08/1971;35.0;15.0
19/08/1971;36.5;12.0
20/08/1971;36.7;14.0
21/08/1971;36.8;15.8
22/08/1971;37.0;16.8
23/08/1971;31.0;12.0
24/08/1971;28.5;16.5
25/08/1971;29.5;16.4
26/08/1971;31.5;16.0
27/08/1971;35.0;16.0
28/08/1971;28.0;15.5
29/08/1971;32.0;15.0
30/08/1971;34.0;15.0
31/08/1971;30.5;15.5
01/09/1971;28.0;13.5
02/09/1971;27.0;8.5
03/09/1971;27.0;11.0
04/09/1971;26.7;9.5
05/09/1971;27.5;13.5
06/09/1971;32.0;10.0
07/09/1971;33.5;14.5
08/09/1971;30.0;14.0
09/09/1971;29.0;4.0
10/09/1971;22.0;8.0
11/09/1971;23.0;12.3
12/09/1971;24.5;14.5
13/09/1971;24.6;16.0
14/09/1971;17.4;10.0
15/09/1971;22.5;8.5
16/09/1971;24.0;11.0
17/09/1971;17.5;9.0
18/09/1971;18.0;8.5
19/09/1971;22.0;8.6
20/09/1971;14.0;9.0
21/09/1971;26.5;10.0
22/09/1971;22.0;11.5
23/09/1971;33.0;13.0
24/09/1971;28.0;13.0
25/09/1971;17.0;10.0
26/09/1971;26.0;10.2
27/09/1971;29.0;11.0
28/09/1971;26.0;10.5
29/09/1971;20.0;13.5
30/09/1971;20.5;12.0
01/10/1971;22.5;10.5
02/10/1971;22.6;8.3
03/10/1971;24.5;6.2
04/10/1971;28.0;5.5
05/10/1971;21.0;8.0
06/10/1971;20.5;10.5
07/10/1971;28.0;0.0
08/10/1971;22.0;0.0
09/10/1971;21.0;0.6
10/10/1971;22.0;7.0
11/10/1971;24.0;5.0
12/10/1971;23.5;5.5
13/10/1971;20.5;7.0
14/10/1971;23.8;12.0
15/10/1971;20.0;14.0
16/10/1971;24.0;11.0
17/10/1971;16.5;3.0
18/10/1971;15.1;-0.7
19/10/1971;19.0;0.1
20/10/1971;22.8;0.5
21/10/1971;21.5;4.5
22/10/1971;21.0;3.1
23/10/1971;24.0;3.5
24/10/1971;25.1;5.0
25/10/1971;25.0;5.5
26/10/1971;19.0;9.0
27/10/1971;19.5;8.0
28/10/1971;18.0;6.0
29/10/1971;14.0;3.0
30/10/1971;14.2;-2.0
31/10/1971;17.0;0.0
01/11/1971;14.9;-5.1
02/11/1971;15.5;-3.0
03/11/1971;17.3;-1.3
04/11/1971;17.0;-1.5
05/11/1971;18.8;-1.3
06/11/1971;17.5;8.0
07/11/1971;18.2;7.5
08/11/1971;18.5;9.0
09/11/1971;20.6;11.0
10/11/1971;19.0;11.0
11/11/1971;13.0;8.0
12/11/1971;14.0;8.0
13/11/1971;11.3;2.0
14/11/1971;17.5;5.0
15/11/1971;11.0;6.7
16/11/1971;11.0;1.1
17/11/1971;15.0;1.0
18/11/1971;9.5;2.0
19/11/1971;10.0;4.0
20/11/1971;14.0;1.0
21/11/1971;7.5;-5.5
22/11/1971;2.0;-4.5
23/11/1971;3.1;1.0
24/11/1971;9.5;-1.0
25/11/1971;2.6;0.0
26/11/1971;5.3;-4.5
27/11/1971;11.0;4.0
28/11/1971;10.0;0.0
29/11/1971;8.5;7.0
30/11/1971;11.5;4.5
01/12/1971;10.0;4.0
02/12/1971;5.5;5.0
03/12/1971;9.0;-0.6
04/12/1971;8.5;-1.5
05/12/1971;10.5;-1.3
06/12/1971;12.5;-1.8
07/12/1971;14.0;-2.0
08/12/1971;15.5;-1.0
09/12/1971;10.7;-1.3
10/12/1971;4.5;-2.0
11/12/1971;9.6;-5.5
12/12/1971;11.5;-5.0
13/12/1971;12.0;-4.0
14/12/1971;10.5;3.0
15/12/1971;10.5;-0.5
16/12/1971;3.1;0.0
17/12/1971;6.0;2.0
18/12/1971;6.5;2.0
19/12/1971;3.2;-2.0
20/12/1971;3.5;-1.5
21/12/1971;6.0;1.6
22/12/1971;8.0;3.0
23/12/1971;7.4;1.7
24/12/1971;10.0;0.5
25/12/1971;12.0;0.6
26/12/1971;6.0;0.1
27/12/1971;3.6;-1.0
28/12/1971;7.0;2.0
29/12/1971;7.5;5.0
30/12/1971;8.0;6.0
31/12/1971;10.0;6.0
01/01/1972;10.0;5.0
02/01/1972;9.5;3.0
03/01/1972;7.0;4.0
04/01/1972;9.5;3.5
05/01/1972;11.0;3.0
06/01/1972;8.5;1.0
07/01/1972;6.5;2.0
08/01/1972;11.0;1.0
09/01/1972;11.5;1.2
10/01/1972;9.0;1.5
11/01/1972;10.5;4.5
12/01/1972;13.8;5.0
13/01/1972;11.0;7.0
14/01/1972;10.0;8.0
15/01/1972;8.0;2.0
16/01/1972;11.2;-2.1
17/01/1972;4.0;2.5
18/01/1972;6.0;3.0
19/01/1972;7.5;2.0
20/01/1972;10.5;1.0
21/01/1972;16.5;0.6
22/01/1972;16.5;0.2
23/01/1972;12.0;0.8
24/01/1972;6.0;0.0
25/01/1972;10.0;2.0
26/01/1972;2.6;0.5
27/01/1972;1.5;-2.0
28/01/1972;2.5;-2.5
29/01/1972;2.0;-2.0
30/01/1972;4.0;0.5
31/01/1972;2.0;1.0
01/02/1972;10.2;0.2
02/02/1972;8.0;0.0
03/02/1972;11.0;1.0
04/02/1972;10.0;-1.5
05/02/1972;8.0;3.5
06/02/1972;9.5;3.0
07/02/1972;14.6;1.8
08/02/1972;16.5;3.5
09/02/1972;13.5;3.0
10/02/1972;11.0;5.0
11/02/1972;14.0;5.0
12/02/1972;9.5;6.5
13/02/1972;9.0;4.2
14/02/1972;15.5;3.5
15/02/1972;11.0;0.0
16/02/1972;16.5;-2.5
17/02/1972;16.0;-1.0
18/02/1972;14.0;1.2
19/02/1972;11.0;2.0
20/02/1972;13.5;6.0
21/02/1972;15.7;2.0
22/02/1972;18.0;2.5
23/02/1972;19.5;1.0
24/02/1972;18.0;3.0
25/02/1972;13.0;5.0
26/02/1972;12.0;8.5
27/02/1972;11.5;7.5
28/02/1972;12.5;6.0
29/02/1972;13.0;4.5
01/03/1972;12.0;6.0
02/03/1972;14.0;4.0
03/03/1972;12.0;0.0
04/03/1972;16.0;1.0
05/03/1972;13.0;3.0
06/03/1972;13.7;3.8
07/03/1972;18.0;4.0
08/03/1972;12.0;5.5
09/03/1972;13.5;9.0
10/03/1972;19.1;6.5
11/03/1972;13.0;7.0
12/03/1972;16.0;9.1
13/03/1972;11.0;5.0
14/03/1972;13.0;1.0
15/03/1972;18.0;1.2
16/03/1972;20.5;1.0
17/03/1972;12.5;7.0
18/03/1972;17.0;2.0
19/03/1972;21.0;1.4
20/03/1972;22.0;1.0
21/03/1972;23.0;1.5
22/03/1972;22.0;1.4
23/03/1972;24.0;2.5
24/03/1972;24.8;1.5
25/03/1972;24.5;2.0
26/03/1972;27.1;1.5
27/03/1972;22.5;8.0
28/03/1972;18.5;6.0
29/03/1972;12.5;6.5
30/03/1972;18.0;5.0
31/03/1972;21.0;9.0
01/04/1972;19.0;6.5
02/04/1972;23.0;6.0
03/04/1972;26.8;6.8
04/04/1972;21.5;10.5
05/04/1972;18.5;13.0
06/04/1972;14.5;6.5
07/04/1972;22.6;3.5
08/04/1972;25.5;5.5
09/04/1972;23.0;9.5
10/04/1972;18.5;5.5
11/04/1972;21.0;7.5
12/04/1972;14.5;9.0
13/04/1972;16.5;7.5
14/04/1972;13.5;10.5
15/04/1972;20.5;5.5
16/04/1972;20.6;10.0
17/04/1972;15.0;8.0
18/04/1972;13.0;8.8
19/04/1972;19.0;9.0
20/04/1972;19.5;9.2
21/04/1972;17.2;7.0
22/04/1972;18.5;9.5
23/04/1972;13.5;9.3
24/04/1972;20.5;11.5
25/04/1972;13.5;9.8
26/04/1972;12.0;4.5
27/04/1972;16.8;3.5
28/04/1972;21.0;4.5
29/04/1972;20.2;3.2
30/04/1972;20.0;2.5
01/05/1972;14.5;5.0
02/05/1972;22.5;5.5
03/05/1972;25.1;3.4
04/05/1972;22.5;11.0
05/05/1972;19.2;12.0
06/05/1972;20.0;12.1
07/05/1972;22.2;12.0
08/05/1972;22.5;11.0
09/05/1972;20.5;12.5
10/05/1972;21.5;11.5
11/05/1972;21.5;13.8
12/05/1972;25.0;7.0
13/05/1972;22.2;11.1
14/05/1972;18.0;12.0
15/05/1972;22.5;12.8
16/05/1972;21.0;11.0
17/05/1972;18.0;7.0
18/05/1972;19.5;8.0
19/05/1972;15.0;11.0
20/05/1972;20.0;10.5
21/05/1972;20.5;7.5
22/05/1972;22.5;6.0
23/05/1972;26.0;5.9
24/05/1972;27.0;12.0
25/05/1972;27.4;10.0
26/05/1972;30.0;10.2
27/05/1972;29.4;5.5
28/05/1972;23.5;13.5
29/05/1972;26.3;7.5
30/05/1972;29.5;7.0
31/05/1972;29.2;7.6
01/06/1972;22.5;14.5
02/06/1972;26.5;13.0
03/06/1972;23.0;8.5
04/06/1972;24.5;8.0
05/06/1972;29.0;11.0
06/06/1972;30.0;12.0
07/06/1972;31.0;11.2
08/06/1972;26.5;10.0
09/06/1972;32.0;13.5
10/06/1972;31.5;10.5
11/06/1972;29.5;10.4
12/06/1972;27.2;10.0
13/06/1972;27.0;17.0
14/06/1972;18.5;11.0
15/06/1972;24.0;10.0
16/06/1972;24.5;12.0
17/06/1972;28.5;12.2
18/06/1972;24.5;14.5
19/06/1972;25.1;13.3
20/06/1972;28.3;9.5
21/06/1972;22.0;14.5
22/06/1972;23.0;15.0
23/06/1972;31.5;16.0
24/06/1972;32.8;14.8
25/06/1972;28.5;13.5
26/06/1972;30.7;13.3
27/06/1972;31.0;15.0
28/06/1972;29.5;18.5
29/06/1972;28.0;15.0
30/06/1972;29.0;15.2
01/07/1972;29.0;15.2
02/07/1972;29.5;12.3
03/07/1972;27.0;11.0
04/07/1972;28.0;13.0
05/07/1972;28.1;14.0
06/07/1972;31.8;12.0
07/07/1972;31.0;14.0
08/07/1972;34.0;15.0
09/07/1972;36.5;17.0
10/07/1972;37.0;18.5
11/07/1972;34.3;19.4
12/07/1972;27.5;15.0
13/07/1972;23.4;12.3
14/07/1972;22.5;14.5
15/07/1972;26.0;13.0
16/07/1972;27.0;14.5
17/07/1972;26.5;16.0
18/07/1972;33.0;17.6
19/07/1972;31.0;13.5
20/07/1972;30.6;18.6
21/07/1972;24.0;19.0
22/07/1972;25.8;19.8
23/07/1972;31.0;20.0
24/07/1972;33.5;18.0
25/07/1972;33.0;18.1
26/07/1972;33.1;17.5
27/07/1972;26.0;19.0
28/07/1972;30.0;15.5
29/07/1972;30.5;16.0
30/07/1972;30.4;15.6
31/07/1972;29.9;15.4
01/08/1972;30.0;16.2
02/08/1972;31.5;15.5
03/08/1972;29.5;15.3
04/08/1972;27.0;12.0
05/08/1972;32.0;11.0
06/08/1972;31.0;11.1
07/08/1972;32.8;12.0
08/08/1972;33.0;12.8
09/08/1972;34.5;12.2
10/08/1972;36.0;16.0
11/08/1972;37.2;17.6
12/08/1972;37.5;18.0
13/08/1972;38.6;19.5
14/08/1972;38.0;19.0
15/08/1972;36.7;16.8
16/08/1972;33.5;18.0
17/08/1972;35.7;14.0
18/08/1972;30.5;15.0
19/08/1972;28.5;14.0
20/08/1972;19.0;12.0
21/08/1972;19.2;12.2
22/08/1972;29.5;12.0
23/08/1972;30.0;12.2
24/08/1972;20.5;13.0
25/08/1972;21.0;10.4
26/08/1972;29.0;10.6
27/08/1972;31.0;10.0
28/08/1972;27.0;10.2
29/08/1972;30.2;13.0
30/08/1972;23.5;14.5
31/08/1972;21.0;16.5
01/09/1972;22.0;14.0
02/09/1972;27.0;15.0
03/09/1972;25.0;14.5
04/09/1972;24.0;11.2
05/09/1972;25.0;15.5
06/09/1972;21.6;15.0
07/09/1972;26.0;14.0
08/09/1972;26.4;14.5
09/09/1972;25.0;15.0
10/09/1972;23.5;18.0
11/09/1972;25.0;15.0
12/09/1972;18.3;9.2
13/09/1972;19.5;6.5
14/09/1972;22.5;9.0
15/09/1972;17.2;9.5
16/09/1972;14.0;9.8
17/09/1972;16.5;10.0
18/09/1972;19.5;10.2
19/09/1972;18.0;10.5
20/09/1972;20.0;10.0
21/09/1972;22.0;9.0
22/09/1972;23.0;9.8
23/09/1972;24.5;10.2
24/09/1972;25.7;9.0
25/09/1972;21.0;8.0
26/09/1972;20.0;10.5
27/09/1972;15.0;11.0
28/09/1972;18.8;6.2
29/09/1972;19.0;3.0
30/09/1972;22.5;3.5
01/10/1972;21.5;4.5
02/10/1972;22.2;6.5
03/10/1972;20.5;6.7
04/10/1972;22.0;6.5
05/10/1972;15.0;0.5
06/10/1972;20.0;5.2
07/10/1972;18.0;10.5
08/10/1972;17.7;6.7
09/10/1972;18.5;6.0
10/10/1972;20.0;8.0
11/10/1972;19.0;7.8
12/10/1972;18.0;8.0
13/10/1972;22.0;7.0
14/10/1972;21.0;4.2
15/10/1972;18.5;8.5
16/10/1972;19.5;6.0
17/10/1972;19.0;4.0
18/10/1972;18.0;3.0
19/10/1972;21.8;3.1
20/10/1972;16.0;1.5
21/10/1972;16.5;0.0
22/10/1972;15.0;-2.0
23/10/1972;15.5;2.5
24/10/1972;19.2;5.2
25/10/1972;19.3;3.5
26/10/1972;19.5;1.5
27/10/1972;19.6;1.7
28/10/1972;15.0;1.2
29/10/1972;15.1;6.5
30/10/1972;16.2;3.2
31/10/1972;18.5;4.0
01/11/1972;20.0;4.5
02/11/1972;20.1;4.4
03/11/1972;20.5;4.0
04/11/1972;21.0;3.0
05/11/1972;22.0;2.8
06/11/1972;20.0;3.0
07/11/1972;19.9;1.0
08/11/1972;18.0;3.0
09/11/1972;14.0;6.0
10/11/1972;15.5;5.0
11/11/1972;13.6;6.1
12/11/1972;16.0;2.0
13/11/1972;14.3;2.5
14/11/1972;14.6;1.1
15/11/1972;15.0;4.0
16/11/1972;15.5;4.1
17/11/1972;14.0;4.5
18/11/1972;15.0;5.5
19/11/1972;16.4;0.0
20/11/1972;12.0;1.0
21/11/1972;11.5;5.8
22/11/1972;14.5;11.5
23/11/1972;17.2;10.0
24/11/1972;14.5;11.5
25/11/1972;13.0;6.0
26/11/1972;11.0;4.5
27/11/1972;9.8;-4.5
28/11/1972;10.5;3.5
29/11/1972;5.0;7.5
30/11/1972;12.0;3.6
01/12/1972;11.5;6.0
02/12/1972;9.5;8.5
03/12/1972;12.8;8.0
04/12/1972;13.0;6.7
05/12/1972;13.5;6.5
06/12/1972;12.0;8.5
07/12/1972;13.0;-0.8
08/12/1972;9.0;0.0
09/12/1972;12.8;7.0
10/12/1972;14.0;6.0
11/12/1972;12.5;0.0
12/12/1972;12.4;0.0
13/12/1972;10.5;1.5
14/12/1972;11.5;4.0
15/12/1972;10.0;-3.5
16/12/1972;9.0;-4.0
17/12/1972;7.7;-5.5
18/12/1972;10.5;-6.0
19/12/1972;9.0;-5.9
20/12/1972;7.0;-3.1
21/12/1972;7.1;3.0
22/12/1972;4.0;-1.0
23/12/1972;6.0;-2.0
24/12/1972;7.5;-4.0
25/12/1972;6.7;-2.0
26/12/1972;10.5;-2.5
27/12/1972;8.5;-1.0
28/12/1972;10.5;-0.5
29/12/1972;10.4;1.0
30/12/1972;5.0;2.0
31/12/1972;4.0;3.0
01/01/1973;7.0;2.0
02/01/1973;8.5;2.2
03/01/1973;10.2;3.0
04/01/1973;13.0;4.0
05/01/1973;11.0;6.5
06/01/1973;7.2;3.5
07/01/1973;6.5;0.0
08/01/1973;10.0;-4.0
09/01/1973;12.5;-4.5
10/01/1973;12.0;-5.5
11/01/1973;10.0;-5.5
12/01/1973;10.0;-6.0
13/01/1973;11.0;-4.5
14/01/1973;11.8;-6.0
15/01/1973;9.5;-5.0
16/01/1973;6.5;3.0
17/01/1973;12.0;2.0
18/01/1973;7.0;3.0
19/01/1973;8.5;6.0
20/01/1973;9.0;5.0
21/01/1973;9.0;6.0
22/01/1973;10.0;5.5
23/01/1973;8.0;6.0
24/01/1973;8.5;4.5
25/01/1973;9.5;5.0
26/01/1973;6.0;-1.0
27/01/1973;11.5;-2.0
28/01/1973;11.5;-2.5
29/01/1973;12.0;-3.0
30/01/1973;13.5;-5.0
31/01/1973;11.0;-4.5
01/02/1973;9.0;5.0
02/02/1973;12.0;0.0
03/02/1973;7.0;5.0
04/02/1973;6.5;1.0
05/02/1973;15.3;-1.5
06/02/1973;21.0;-3.0
07/02/1973;17.5;-2.5
08/02/1973;18.0;1.0
09/02/1973;10.0;5.0
10/02/1973;13.5;8.0
11/02/1973;11.5;-1.5
12/02/1973;6.5;-1.0
13/02/1973;14.5;1.5
14/02/1973;9.0;4.5
15/02/1973;7.7;0.5
16/02/1973;11.0;-1.0
17/02/1973;9.0;-3.5
18/02/1973;12.0;-2.5
19/02/1973;11.0;-1.0
20/02/1973;8.0;2.0
21/02/1973;13.0;-1.2
22/02/1973;19.5;-1.0
23/02/1973;11.5;0.5
24/02/1973;14.0;-4.0
25/02/1973;15.0;-1.5
26/02/1973;10.5;-8.0
27/02/1973;11.5;-9.0
28/02/1973;10.0;-8.5
01/03/1973;8.5;-9.5
02/03/1973;14.5;-5.0
03/03/1973;7.0;-2.0
04/03/1973;18.0;-3.0
05/03/1973;19.0;-3.5
06/03/1973;18.0;2.0
07/03/1973;13.5;5.5
08/03/1973;11.0;3.0
09/03/1973;6.8;0.0
10/03/1973;15.7;1.5
11/03/1973;4.0;2.6
12/03/1973;8.9;-3.0
13/03/1973;12.3;-5.0
14/03/1973;3.0;2.0
15/03/1973;9.0;2.5
16/03/1973;9.1;-1.0
17/03/1973;10.5;-4.0
18/03/1973;10.0;-4.6
19/03/1973;16.5;-4.5
20/03/1973;18.0;-3.0
21/03/1973;18.1;-2.5
22/03/1973;21.5;-2.0
23/03/1973;22.5;-2.1
24/03/1973;19.5;-2.0
25/03/1973;13.1;7.0
26/03/1973;13.0;3.0
27/03/1973;19.0;5.7
28/03/1973;17.0;11.1
29/03/1973;18.2;10.5
30/03/1973;12.0;6.5
31/03/1973;16.5;5.5
01/04/1973;19.0;8.0
02/04/1973;23.5;3.0
03/04/1973;21.0;10.0
04/04/1973;12.0;4.4
05/04/1973;16.0;0.5
06/04/1973;17.0;-1.0
07/04/1973;24.5;1.0
08/04/1973;16.8;9.0
09/04/1973;22.0;10.0
10/04/1973;16.5;6.5
11/04/1973;11.5;4.5
12/04/1973;12.0;4.0
13/04/1973;10.0;4.0
14/04/1973;15.5;0.0
15/04/1973;11.5;-2.5
16/04/1973;19.9;0.0
17/04/1973;19.0;1.0
18/04/1973;22.5;1.0
19/04/1973;20.5;7.0
20/04/1973;20.0;3.5
21/04/1973;11.0;4.5
22/04/1973;15.5;0.5
23/04/1973;17.5;2.5
24/04/1973;14.2;8.0
25/04/1973;13.0;9.0
26/04/1973;13.3;2.0
27/04/1973;15.5;4.5
28/04/1973;15.0;3.0
29/04/1973;18.5;7.5
30/04/1973;18.0;7.3
01/05/1973;26.0;8.0
02/05/1973;28.0;8.0
03/05/1973;26.0;10.0
04/05/1973;27.5;9.5
05/05/1973;25.0;14.5
06/05/1973;33.0;9.0
07/05/1973;22.0;10.0
08/05/1973;22.0;11.0
09/05/1973;20.0;5.0
10/05/1973;24.0;4.5
11/05/1973;24.5;5.0
12/05/1973;25.0;10.0
13/05/1973;23.5;5.5
14/05/1973;23.0;2.0
15/05/1973;27.5;0.5
16/05/1973;26.3;5.2
17/05/1973;27.0;10.5
18/05/1973;20.5;3.5
19/05/1973;22.0;10.0
20/05/1973;24.0;13.3
21/05/1973;24.5;11.5
22/05/1973;26.0;9.4
23/05/1973;29.0;12.0
24/05/1973;27.0;8.0
25/05/1973;29.5;13.0
26/05/1973;30.0;12.5
27/05/1973;29.5;8.5
28/05/1973;30.0;11.0
29/05/1973;29.0;14.0
30/05/1973;21.5;10.5
31/05/1973;33.0;11.0
01/06/1973;28.5;12.8
02/06/1973;31.0;12.9
03/06/1973;28.5;18.5
04/06/1973;27.5;16.5
05/06/1973;30.5;15.7
06/06/1973;25.5;15.5
07/06/1973;26.0;15.0
08/06/1973;27.5;18.5
09/06/1973;25.1;15.3
10/06/1973;22.0;11.9
11/06/1973;29.0;12.1
12/06/1973;31.5;14.0
13/06/1973;32.5;14.4
14/06/1973;31.0;14.5
15/06/1973;30.5;14.0
16/06/1973;28.0;12.0
17/06/1973;31.0;15.0
18/06/1973;31.0;15.0
19/06/1973;27.5;17.5
20/06/1973;30.0;14.0
21/06/1973;30.2;18.0
22/06/1973;22.0;15.0
23/06/1973;20.0;13.6
24/06/1973;18.5;12.5
25/06/1973;26.0;14.0
26/06/1973;30.0;13.0
27/06/1973;31.0;13.0
28/06/1973;33.5;17.0
29/06/1973;33.5;15.0
30/06/1973;33.0;17.0
01/07/1973;32.5;13.6
02/07/1973;33.0;17.0
03/07/1973;32.0;16.0
04/07/1973;31.5;15.5
05/07/1973;34.8;16.5
06/07/1973;33.0;16.0
07/07/1973;33.1;18.0
08/07/1973;32.5;14.5
09/07/1973;35.0;14.5
10/07/1973;33.0;21.0
11/07/1973;29.5;18.0
12/07/1973;32.5;15.0
13/07/1973;34.0;24.0
14/07/1973;33.0;18.0
15/07/1973;28.5;20.5
16/07/1973;30.5;21.0
17/07/1973;32.5;22.5
18/07/1973;34.0;22.0
19/07/1973;30.5;26.5
20/07/1973;29.0;18.5
21/07/1973;32.0;13.0
22/07/1973;31.0;14.0
23/07/1973;32.0;16.0
24/07/1973;34.0;17.0
25/07/1973;23.0;10.0
26/07/1973;23.0;15.0
27/07/1973;26.5;9.0
28/07/1973;30.0;15.0
29/07/1973;26.1;9.5
30/07/1973;28.5;9.5
31/07/1973;29.0;10.0
01/08/1973;29.0;11.0
02/08/1973;33.5;18.0
03/08/1973;30.0;13.5
04/08/1973;30.5;15.5
05/08/1973;34.0;15.0
06/08/1973;35.5;14.0
07/08/1973;34.5;15.0
08/08/1973;30.5;14.0
09/08/1973;36.0;17.0
10/08/1973;35.5;15.0
11/08/1973;34.5;15.0
12/08/1973;37.5;14.5
13/08/1973;35.5;17.0
14/08/1973;35.0;14.3
15/08/1973;36.0;17.0
16/08/1973;31.0;15.0
17/08/1973;34.0;14.0
18/08/1973;36.0;14.0
19/08/1973;31.0;15.0
20/08/1973;37.0;21.0
21/08/1973;35.0;14.5
22/08/1973;35.0;15.0
23/08/1973;35.0;14.0
24/08/1973;35.0;14.5
25/08/1973;34.5;15.0
26/08/1973;33.5;17.0
27/08/1973;27.0;20.0
28/08/1973;23.5;14.0
29/08/1973;26.5;15.5
30/08/1973;26.5;15.5
31/08/1973;31.0;15.0
01/09/1973;19.5;15.5
02/09/1973;24.5;12.5
03/09/1973;27.8;11.5
04/09/1973;33.0;12.0
05/09/1973;34.0;11.5
06/09/1973;35.0;15.0
07/09/1973;34.0;17.0
08/09/1973;35.0;13.0
09/09/1973;34.0;14.2
10/09/1973;31.0;15.0
11/09/1973;30.8;13.0
12/09/1973;30.4;12.0
13/09/1973;30.0;11.7
14/09/1973;30.0;12.0
15/09/1973;29.6;12.2
16/09/1973;29.3;12.5
17/09/1973;29.2;12.3
18/09/1973;26.0;17.2
19/09/1973;21.5;14.0
20/09/1973;23.2;14.2
21/09/1973;25.0;14.0
22/09/1973;26.0;15.0
23/09/1973;23.5;12.5
24/09/1973;22.5;14.0
25/09/1973;23.4;14.3
26/09/1973;20.0;15.0
27/09/1973;18.0;14.0
28/09/1973;15.2;10.0
29/09/1973;15.0;8.0
30/09/1973;15.0;8.0
01/10/1973;21.0;15.0
02/10/1973;16.8;7.0
03/10/1973;25.0;13.0
04/10/1973;28.0;13.5
05/10/1973;22.0;11.5
06/10/1973;21.0;9.0
07/10/1973;27.0;14.5
08/10/1973;19.0;13.0
09/10/1973;18.8;13.0
10/10/1973;21.0;8.0
11/10/1973;24.6;8.0
12/10/1973;21.5;11.0
13/10/1973;20.5;14.5
14/10/1973;18.5;15.0
15/10/1973;19.0;15.5
16/10/1973;20.0;15.5
17/10/1973;21.5;17.0
18/10/1973;23.0;11.5
19/10/1973;20.0;15.0
20/10/1973;21.0;18.0
21/10/1973;22.5;9.5
22/10/1973;20.0;10.0
23/10/1973;20.0;2.5
24/10/1973;17.0;4.0
25/10/1973;11.0;5.5
26/10/1973;13.0;5.0
27/10/1973;17.0;1.0
28/10/1973;20.0;-0.5
29/10/1973;24.0;-2.0
30/10/1973;24.0;0.5
31/10/1973;23.0;0.0
01/11/1973;20.0;1.0
02/11/1973;18.0;0.5
03/11/1973;17.0;0.0
04/11/1973;16.8;2.0
05/11/1973;17.0;7.0
06/11/1973;15.0;8.2
07/11/1973;16.5;7.0
08/11/1973;10.0;3.0
09/11/1973;12.5;1.0
10/11/1973;15.0;-0.5
11/11/1973;20.0;0.0
12/11/1973;17.0;1.0
13/11/1973;15.0;1.5
14/11/1973;14.0;3.0
15/11/1973;13.0;11.0
16/11/1973;15.0;9.0
17/11/1973;15.0;9.4
18/11/1973;18.0;5.5
19/11/1973;15.0;13.0
20/11/1973;14.0;8.5
21/11/1973;15.0;5.5
22/11/1973;15.0;0.0
23/11/1973;9.0;1.0
24/11/1973;11.5;6.0
25/11/1973;12.6;7.0
26/11/1973;14.5;8.0
27/11/1973;13.4;5.0
28/11/1973;12.8;-5.0
29/11/1973;7.0;-7.0
30/11/1973;1.2;-6.0
01/12/1973;1.0;-4.0
02/12/1973;1.0;-5.0
03/12/1973;2.0;-2.0
04/12/1973;2.1;-11.0
05/12/1973;6.0;-10.5
06/12/1973;6.5;-10.0
07/12/1973;9.5;-7.5
08/12/1973;10.0;3.0
09/12/1973;11.0;5.5
10/12/1973;15.5;4.5
11/12/1973;6.5;-5.0
12/12/1973;9.0;-8.5
13/12/1973;3.0;-8.5
14/12/1973;2.0;-1.0
15/12/1973;8.5;1.0
16/12/1973;12.0;-8.0
17/12/1973;3.5;-7.0
18/12/1973;9.0;6.0
19/12/1973;14.0;5.0
20/12/1973;9.0;5.0
21/12/1973;12.0;6.0
22/12/1973;15.0;8.0
23/12/1973;11.5;9.0
24/12/1973;13.0;9.0
25/12/1973;12.0;6.0
26/12/1973;17.0;1.5
27/12/1973;12.5;2.0
28/12/1973;13.0;-1.0
29/12/1973;13.0;-3.0
30/12/1973;13.0;-3.2
31/12/1973;11.0;1.0
01/01/1974;8.0;2.0
02/01/1974;9.0;2.5
03/01/1974;11.0;5.0
04/01/1974;9.0;6.0
05/01/1974;9.0;2.5
06/01/1974;8.0;3.0
07/01/1974;9.0;3.0
08/01/1974;12.0;0.0
09/01/1974;4.0;2.0
10/01/1974;7.5;5.0
11/01/1974;8.5;2.5
12/01/1974;14.5;1.0
13/01/1974;10.0;0.0
14/01/1974;10.0;0.0
15/01/1974;9.0;1.0
16/01/1974;12.0;0.0
17/01/1974;8.0;5.5
18/01/1974;15.0;-2.0
19/01/1974;15.5;-3.0
20/01/1974;14.0;-2.5
21/01/1974;5.5;2.0
22/01/1974;5.0;1.0
23/01/1974;4.0;1.0
24/01/1974;8.0;2.0
25/01/1974;4.0;2.0
26/01/1974;9.0;2.0
27/01/1974;9.5;2.0
28/01/1974;11.0;1.0
29/01/1974;15.6;-1.0
30/01/1974;10.5;0.0
31/01/1974;11.0;4.0
01/02/1974;8.0;6.0
02/02/1974;11.5;8.0
03/02/1974;14.0;7.0
04/02/1974;10.0;2.0
05/02/1974;14.0;2.0
06/02/1974;10.5;4.5
07/02/1974;10.0;0.0
08/02/1974;13.6;-2.0
09/02/1974;14.0;-2.5
10/02/1974;15.1;0.0
11/02/1974;15.0;4.0
12/02/1974;11.5;6.0
13/02/1974;14.0;8.0
14/02/1974;14.5;7.0
15/02/1974;11.1;5.5
16/02/1974;12.0;4.0
17/02/1974;13.0;3.5
18/02/1974;15.0;2.0
19/02/1974;12.0;5.0
20/02/1974;8.0;3.0
21/02/1974;14.0;2.0
22/02/1974;13.5;1.0
23/02/1974;12.0;-1.0
24/02/1974;14.0;3.0
25/02/1974;10.0;8.0
26/02/1974;10.7;5.7
27/02/1974;8.0;5.0
28/02/1974;9.0;-1.5
01/03/1974;10.0;0.0
02/03/1974;12.0;-2.0
03/03/1974;8.0;-2.0
04/03/1974;13.0;2.0
05/03/1974;6.5;1.0
06/03/1974;18.0;-5.0
07/03/1974;6.0;4.5
08/03/1974;14.0;-5.5
09/03/1974;12.0;-2.0
10/03/1974;13.0;-2.5
11/03/1974;15.0;-2.0
12/03/1974;13.0;-3.0
13/03/1974;15.0;-2.5
14/03/1974;20.0;-2.0
15/03/1974;18.0;-1.5
16/03/1974;14.5;-1.5
17/03/1974;17.0;3.0
18/03/1974;15.0;6.5
19/03/1974;19.0;4.5
20/03/1974;24.2;9.7
21/03/1974;20.5;5.0
22/03/1974;19.0;4.0
23/03/1974;19.5;8.0
24/03/1974;20.0;3.0
25/03/1974;21.0;6.0
26/03/1974;23.0;11.0
27/03/1974;19.5;9.0
28/03/1974;16.8;10.5
29/03/1974;20.0;7.0
30/03/1974;15.0;12.0
31/03/1974;15.5;13.0
01/04/1974;15.0;5.0
02/04/1974;20.0;8.0
03/04/1974;23.5;5.5
04/04/1974;23.0;5.0
05/04/1974;24.0;10.0
06/04/1974;17.0;7.0
07/04/1974;21.5;1.5
08/04/1974;19.0;2.0
09/04/1974;24.0;1.7
10/04/1974;25.0;5.0
11/04/1974;16.0;7.0
12/04/1974;17.0;11.0
13/04/1974;17.0;10.5
14/04/1974;19.0;10.0
15/04/1974;12.2;8.0
16/04/1974;17.0;7.0
17/04/1974;14.0;5.5
18/04/1974;12.0;4.0
19/04/1974;14.5;0.0
20/04/1974;15.2;-2.0
21/04/1974;21.0;0.0
22/04/1974;21.0;5.5
23/04/1974;18.3;4.5
24/04/1974;19.0;5.0
25/04/1974;17.0;8.0
26/04/1974;19.0;7.0
27/04/1974;15.0;5.5
28/04/1974;12.0;8.0
29/04/1974;17.0;10.8
30/04/1974;15.0;11.0
01/05/1974;15.5;11.0
02/05/1974;20.0;11.0
03/05/1974;19.0;10.5
04/05/1974;18.0;10.0
05/05/1974;13.2;10.0
06/05/1974;16.0;10.0
07/05/1974;15.8;11.0
08/05/1974;21.0;9.0
09/05/1974;16.5;9.0
10/05/1974;18.0;8.0
11/05/1974;22.0;9.0
12/05/1974;24.0;10.0
13/05/1974;26.4;9.0
14/05/1974;28.5;11.0
15/05/1974;27.8;9.0
16/05/1974;25.0;5.0
17/05/1974;27.0;9.0
18/05/1974;26.5;15.0
19/05/1974;26.5;7.5
20/05/1974;27.0;9.0
21/05/1974;30.5;10.5
22/05/1974;31.5;13.5
23/05/1974;28.0;13.5
24/05/1974;27.0;11.0
25/05/1974;17.0;7.6
26/05/1974;23.0;8.0
27/05/1974;27.0;9.0
28/05/1974;27.0;9.0
29/05/1974;23.0;9.5
30/05/1974;28.0;10.0
31/05/1974;28.0;14.0
01/06/1974;28.5;15.8
02/06/1974;28.0;10.0
03/06/1974;30.0;10.0
04/06/1974;32.5;9.0
05/06/1974;34.5;12.0
06/06/1974;32.5;17.0
07/06/1974;31.5;17.0
08/06/1974;30.0;12.0
09/06/1974;29.0;14.0
10/06/1974;21.5;14.0
11/06/1974;21.5;11.5
12/06/1974;25.5;7.5
13/06/1974;25.0;12.0
14/06/1974;26.5;10.5
15/06/1974;27.0;10.0
16/06/1974;23.5;8.5
17/06/1974;25.0;12.0
18/06/1974;30.4;17.0
19/06/1974;24.0;15.5
20/06/1974;24.5;10.5
21/06/1974;27.1;11.0
22/06/1974;30.0;14.0
23/06/1974;27.0;14.0
24/06/1974;25.5;21.0
25/06/1974;24.5;13.0
26/06/1974;27.5;13.5
27/06/1974;29.5;9.0
28/06/1974;26.0;19.0
29/06/1974;24.0;13.0
30/06/1974;22.0;10.0
01/07/1974;30.5;12.5
02/07/1974;32.0;11.5
03/07/1974;33.0;16.5
04/07/1974;31.0;16.0
05/07/1974;32.5;15.0
06/07/1974;32.5;13.5
07/07/1974;31.0;20.0
08/07/1974;30.5;15.5
09/07/1974;29.0;11.0
10/07/1974;31.0;14.0
11/07/1974;30.0;16.0
12/07/1974;32.3;15.3
13/07/1974;33.5;14.0
14/07/1974;34.0;15.0
15/07/1974;33.0;20.0
16/07/1974;33.5;16.0
17/07/1974;32.5;18.0
18/07/1974;33.0;19.0
19/07/1974;29.0;16.0
20/07/1974;21.0;15.0
21/07/1974;22.0;11.0
22/07/1974;25.0;13.5
23/07/1974;30.5;13.0
24/07/1974;32.0;13.0
25/07/1974;31.0;19.0
26/07/1974;28.5;15.0
27/07/1974;30.0;14.0
28/07/1974;30.5;13.5
29/07/1974;33.0;16.0
30/07/1974;36.0;13.0
31/07/1974;35.0;14.0
01/08/1974;34.0;14.0
02/08/1974;35.0;15.0
03/08/1974;35.3;13.2
04/08/1974;36.5;14.0
05/08/1974;36.9;14.1
06/08/1974;34.0;15.0
07/08/1974;37.0;16.0
08/08/1974;35.5;16.2
09/08/1974;31.5;18.0
10/08/1974;32.0;14.0
11/08/1974;31.0;16.0
12/08/1974;27.0;13.0
13/08/1974;31.0;11.0
14/08/1974;33.0;12.0
15/08/1974;36.0;12.5
16/08/1974;37.0;15.0
17/08/1974;39.5;16.0
18/08/1974;38.8;16.5
19/08/1974;38.5;16.5
20/08/1974;36.0;18.0
21/08/1974;35.4;15.0
22/08/1974;31.1;17.1
23/08/1974;25.1;17.0
24/08/1974;25.0;17.1
25/08/1974;27.0;16.0
26/08/1974;29.0;15.5
27/08/1974;30.0;16.5
28/08/1974;29.0;15.5
29/08/1974;16.5;12.0
30/08/1974;23.5;14.0
31/08/1974;29.0;14.5
01/09/1974;27.0;17.5
02/09/1974;26.0;11.6
03/09/1974;28.5;14.0
04/09/1974;31.0;16.0
05/09/1974;27.0;12.1
06/09/1974;30.0;12.0
07/09/1974;28.0;16.0
08/09/1974;23.0;10.0
09/09/1974;29.5;11.5
10/09/1974;30.5;12.5
11/09/1974;30.0;14.5
12/09/1974;26.5;11.0
13/09/1974;29.0;10.9
14/09/1974;30.0;10.0
15/09/1974;29.5;11.5
16/09/1974;31.0;13.0
17/09/1974;31.1;14.0
18/09/1974;29.0;13.5
19/09/1974;28.0;15.0
20/09/1974;26.0;16.0
21/09/1974;20.4;15.2
22/09/1974;21.8;15.0
23/09/1974;22.0;15.3
24/09/1974;23.5;16.5
25/09/1974;20.5;10.0
26/09/1974;18.5;9.0
27/09/1974;22.0;4.0
28/09/1974;24.0;5.4
29/09/1974;19.5;8.0
30/09/1974;21.5;8.4
01/10/1974;19.5;11.5
02/10/1974;18.0;9.0
03/10/1974;10.0;6.0
04/10/1974;14.0;5.0
05/10/1974;19.5;13.0
06/10/1974;20.0;10.0
07/10/1974;18.0;6.0
08/10/1974;18.6;5.5
09/10/1974;18.0;10.0
10/10/1974;16.2;6.0
11/10/1974;18.0;7.0
12/10/1974;12.0;8.0
13/10/1974;14.0;6.0
14/10/1974;16.8;5.1
15/10/1974;16.0;5.0
16/10/1974;15.2;4.0
17/10/1974;11.0;2.5
18/10/1974;9.5;2.5
19/10/1974;15.5;3.5
20/10/1974;15.0;6.9
21/10/1974;15.1;7.0
22/10/1974;17.0;8.0
23/10/1974;12.0;1.0
24/10/1974;13.0;1.8
25/10/1974;11.0;4.0
26/10/1974;13.0;5.0
27/10/1974;12.0;7.0
28/10/1974;15.0;2.5
29/10/1974;12.0;1.0
30/10/1974;14.0;2.0
31/10/1974;11.0;-1.0
01/11/1974;11.0;3.0
02/11/1974;11.0;-2.0
03/11/1974;12.0;1.0
04/11/1974;13.0;1.0
05/11/1974;8.5;2.5
06/11/1974;7.0;4.0
07/11/1974;10.6;5.0
08/11/1974;10.0;9.0
09/11/1974;15.0;-1.5
10/11/1974;14.8;-1.5
11/11/1974;15.0;-1.0
12/11/1974;16.5;1.0
13/11/1974;11.5;3.5
14/11/1974;16.0;3.0
15/11/1974;10.5;4.5
16/11/1974;19.0;5.5
17/11/1974;19.0;5.0
18/11/1974;17.0;8.5
19/11/1974;15.0;9.0
20/11/1974;13.0;8.0
21/11/1974;13.0;7.5
22/11/1974;9.5;7.0
23/11/1974;11.0;7.0
24/11/1974;12.0;8.0
25/11/1974;13.0;4.0
26/11/1974;11.0;3.0
27/11/1974;13.2;3.0
28/11/1974;11.0;7.0
29/11/1974;12.5;-2.0
30/11/1974;10.5;-4.0
01/12/1974;10.5;-2.0
02/12/1974;7.0;-2.1
03/12/1974;11.0;-2.0
04/12/1974;9.0;-1.0
05/12/1974;9.1;1.0
06/12/1974;9.0;4.0
07/12/1974;5.0;0.1
08/12/1974;3.0;-1.0
09/12/1974;8.0;2.1
10/12/1974;6.0;2.0
11/12/1974;8.5;6.0
12/12/1974;9.0;1.0
13/12/1974;8.0;-2.8
14/12/1974;3.0;-4.0
15/12/1974;7.0;-7.0
16/12/1974;7.1;-6.5
17/12/1974;9.0;-6.0
18/12/1974;9.1;-4.0
19/12/1974;12.5;1.0
20/12/1974;6.1;-5.0
21/12/1974;6.0;-5.0
22/12/1974;5.0;4.0
23/12/1974;8.5;2.5
24/12/1974;6.5;4.0
25/12/1974;10.0;5.0
26/12/1974;9.0;7.1
27/12/1974;10.1;7.0
28/12/1974;10.0;4.0
29/12/1974;8.0;2.0
30/12/1974;5.0;2.1
31/12/1974;8.0;3.0
01/01/1975;11.0;1.0
02/01/1975;12.5;-3.5
03/01/1975;11.0;-3.0
04/01/1975;9.5;-4.0
05/01/1975;11.0;4.5
06/01/1975;9.0;-4.0
07/01/1975;7.0;2.0
08/01/1975;9.6;6.5
09/01/1975;10.0;-2.0
10/01/1975;11.0;-6.0
11/01/1975;5.0;-5.0
12/01/1975;11.5;2.5
13/01/1975;7.0;3.0
14/01/1975;11.0;4.0
15/01/1975;5.0;3.8
16/01/1975;7.0;4.2
17/01/1975;10.0;5.0
18/01/1975;12.0;10.1
19/01/1975;11.0;10.0
20/01/1975;11.0;5.5
21/01/1975;12.0;8.5
22/01/1975;12.0;5.0
23/01/1975;10.0;7.0
24/01/1975;11.0;8.0
25/01/1975;8.0;6.0
26/01/1975;10.0;8.0
27/01/1975;13.0;5.0
28/01/1975;10.0;6.0
29/01/1975;7.0;1.5
30/01/1975;11.0;1.0
31/01/1975;6.0;-1.0
01/02/1975;14.5;-1.0
02/02/1975;7.0;2.0
03/02/1975;11.0;-1.0
04/02/1975;10.0;0.0
05/02/1975;6.0;3.5
06/02/1975;8.0;-2.0
07/02/1975;16.0;-4.0
08/02/1975;7.0;-3.0
09/02/1975;12.0;-2.0
10/02/1975;13.0;-1.5
11/02/1975;11.0;3.5
12/02/1975;12.0;3.0
13/02/1975;10.5;7.0
14/02/1975;9.0;5.0
15/02/1975;10.1;4.5
16/02/1975;10.0;5.0
17/02/1975;7.6;1.0
18/02/1975;7.5;-1.5
19/02/1975;16.6;-3.0
20/02/1975;18.0;-2.0
21/02/1975;14.0;5.5
22/02/1975;7.0;3.5
23/02/1975;7.5;0.5
24/02/1975;11.0;-3.5
25/02/1975;12.0;-4.5
26/02/1975;13.0;-3.0
27/02/1975;14.0;-4.0
28/02/1975;15.0;-5.5
01/03/1975;15.5;6.5
02/03/1975;16.5;7.0
03/03/1975;14.5;-1.0
04/03/1975;9.5;6.0
05/03/1975;11.5;6.5
06/03/1975;15.0;2.0
07/03/1975;14.5;2.5
08/03/1975;18.0;3.5
09/03/1975;19.0;4.0
10/03/1975;15.5;9.0
11/03/1975;12.0;4.0
12/03/1975;14.0;8.0
13/03/1975;13.0;7.0
14/03/1975;10.0;5.0
15/03/1975;11.0;5.1
16/03/1975;12.0;5.0
17/03/1975;13.0;4.0
18/03/1975;11.0;3.0
19/03/1975;13.5;6.5
20/03/1975;8.0;1.5
21/03/1975;12.0;3.0
22/03/1975;11.0;5.0
23/03/1975;3.0;-1.0
24/03/1975;8.0;0.0
25/03/1975;15.5;-1.5
26/03/1975;15.0;0.0
27/03/1975;20.0;7.0
28/03/1975;12.0;10.0
29/03/1975;13.0;9.0
30/03/1975;13.0;10.0
31/03/1975;18.5;8.5
01/04/1975;14.0;3.0
02/04/1975;14.0;6.0
03/04/1975;10.0;6.0
04/04/1975;10.1;7.0
05/04/1975;14.0;9.0
06/04/1975;17.0;12.0
07/04/1975;14.0;8.0
08/04/1975;13.6;6.0
09/04/1975;12.5;8.0
10/04/1975;15.0;7.5
11/04/1975;10.5;10.0
12/04/1975;10.0;8.0
13/04/1975;17.0;0.0
14/04/1975;18.8;7.5
15/04/1975;19.5;10.0
16/04/1975;18.0;11.0
17/04/1975;12.0;5.0
18/04/1975;22.0;3.5
19/04/1975;22.5;6.5
20/04/1975;25.5;6.0
21/04/1975;26.0;8.0
22/04/1975;27.5;9.5
23/04/1975;26.5;9.0
24/04/1975;24.0;8.0
25/04/1975;21.0;5.0
26/04/1975;21.0;7.0
27/04/1975;22.0;5.0
28/04/1975;26.5;0.5
29/04/1975;21.0;2.0
30/04/1975;24.5;4.0
01/05/1975;24.0;8.0
02/05/1975;25.0;11.0
03/05/1975;23.0;4.0
04/05/1975;26.0;11.0
05/05/1975;15.5;10.0
06/05/1975;16.5;11.0
07/05/1975;17.1;9.0
08/05/1975;17.0;11.5
09/05/1975;17.1;6.0
10/05/1975;18.0;7.0
11/05/1975;21.0;9.0
12/05/1975;16.0;11.0
13/05/1975;17.5;16.5
14/05/1975;18.0;12.0
15/05/1975;24.0;10.0
16/05/1975;24.1;9.0
17/05/1975;24.0;9.0
18/05/1975;27.5;9.0
19/05/1975;30.0;10.0
20/05/1975;31.5;12.5
21/05/1975;32.0;13.0
22/05/1975;28.5;12.0
23/05/1975;27.0;15.0
24/05/1975;23.0;12.5
25/05/1975;22.0;12.0
26/05/1975;23.5;12.0
27/05/1975;18.0;10.0
28/05/1975;23.0;8.0
29/05/1975;22.0;10.0
30/05/1975;24.5;10.0
31/05/1975;25.0;13.0
01/06/1975;22.5;13.5
02/06/1975;20.0;14.0
03/06/1975;20.0;10.0
04/06/1975;18.0;12.0
05/06/1975;22.0;9.0
06/06/1975;21.5;7.0
07/06/1975;20.0;5.0
08/06/1975;24.0;10.0
09/06/1975;23.0;9.0
10/06/1975;16.5;15.0
11/06/1975;18.5;13.0
12/06/1975;19.5;14.0
13/06/1975;17.0;14.1
14/06/1975;25.5;15.0
15/06/1975;27.5;15.0
16/06/1975;26.5;15.0
17/06/1975;23.0;17.0
18/06/1975;24.0;15.0
19/06/1975;23.0;9.0
20/06/1975;22.0;10.0
21/06/1975;26.0;11.5
22/06/1975;27.0;10.0
23/06/1975;28.1;11.0
24/06/1975;28.0;16.0
25/06/1975;26.5;14.5
26/06/1975;29.0;16.0
27/06/1975;31.0;16.0
28/06/1975;31.1;14.0
29/06/1975;30.0;16.0
30/06/1975;30.1;18.0
01/07/1975;23.0;11.0
02/07/1975;26.5;9.5
03/07/1975;28.5;10.0
04/07/1975;33.5;13.5
05/07/1975;30.5;15.0
06/07/1975;21.0;18.0
07/07/1975;29.0;14.5
08/07/1975;32.0;17.0
09/07/1975;34.0;16.5
10/07/1975;34.0;17.0
11/07/1975;34.5;17.5
12/07/1975;33.0;18.0
13/07/1975;32.1;16.5
14/07/1975;32.0;16.0
15/07/1975;36.5;16.1
16/07/1975;35.0;16.0
17/07/1975;33.0;15.8
18/07/1975;35.0;16.0
19/07/1975;36.0;17.0
20/07/1975;36.5;16.5
21/07/1975;34.0;13.0
22/07/1975;34.5;15.0
23/07/1975;32.0;16.5
24/07/1975;33.0;17.0
25/07/1975;32.0;16.5
26/07/1975;30.5;13.0
27/07/1975;29.5;10.0
28/07/1975;31.0;11.0
29/07/1975;33.5;17.0
30/07/1975;29.5;15.0
31/07/1975;27.0;15.0
01/08/1975;31.5;15.0
02/08/1975;34.0;14.0
03/08/1975;33.0;15.0
04/08/1975;35.1;14.5
05/08/1975;35.0;21.0
06/08/1975;31.0;18.0
07/08/1975;30.0;14.0
08/08/1975;31.5;17.0
09/08/1975;30.0;15.0
10/08/1975;31.0;17.0
11/08/1975;34.0;14.0
12/08/1975;31.0;17.0
13/08/1975;28.0;13.0
14/08/1975;29.5;15.5
15/08/1975;32.5;15.0
16/08/1975;32.0;17.5
17/08/1975;31.0;16.0
18/08/1975;31.5;23.0
19/08/1975;25.0;15.0
20/08/1975;29.0;12.0
21/08/1975;30.0;10.0
22/08/1975;30.5;12.0
23/08/1975;30.0;14.0
24/08/1975;20.5;16.0
25/08/1975;25.0;15.0
26/08/1975;20.0;14.0
27/08/1975;20.1;17.5
28/08/1975;21.7;19.0
29/08/1975;20.0;16.0
30/08/1975;24.5;17.0
31/08/1975;25.0;15.0
01/09/1975;26.3;14.5
02/09/1975;27.0;13.0
03/09/1975;27.5;11.0
04/09/1975;22.5;13.0
05/09/1975;25.0;15.1
06/09/1975;21.5;15.0
07/09/1975;26.5;17.0
08/09/1975;24.0;16.0
09/09/1975;26.0;15.0
10/09/1975;26.5;14.1
11/09/1975;26.4;14.0
12/09/1975;26.0;18.0
13/09/1975;24.0;17.0
14/09/1975;25.0;12.0
15/09/1975;25.1;13.5
16/09/1975;27.0;16.0
17/09/1975;32.0;16.1
18/09/1975;33.3;16.5
19/09/1975;30.0;17.0
20/09/1975;28.5;17.2
21/09/1975;29.0;16.0
22/09/1975;26.0;12.0
23/09/1975;26.5;11.6
24/09/1975;28.0;12.0
25/09/1975;28.6;13.8
26/09/1975;20.5;14.0
27/09/1975;21.5;16.5
28/09/1975;27.0;16.0
29/09/1975;26.0;11.0
30/09/1975;30.0;17.0
01/10/1975;25.0;16.0
02/10/1975;21.0;10.0
03/10/1975;24.5;10.1
04/10/1975;26.0;12.0
05/10/1975;24.0;13.0
06/10/1975;26.5;8.5
07/10/1975;20.0;4.0
08/10/1975;23.5;5.0
09/10/1975;24.0;11.0
10/10/1975;21.0;9.0
11/10/1975;15.0;10.0
12/10/1975;12.5;9.5
13/10/1975;10.0;9.0
14/10/1975;14.5;7.0
15/10/1975;15.0;4.0
16/10/1975;16.5;11.0
17/10/1975;13.0;10.8
18/10/1975;11.5;5.0
19/10/1975;13.0;6.0
20/10/1975;14.0;7.0
21/10/1975;11.0;5.0
22/10/1975;16.0;4.0
23/10/1975;17.5;4.5
24/10/1975;17.0;3.0
25/10/1975;21.5;2.5
26/10/1975;21.0;0.0
27/10/1975;19.5;-1.0
28/10/1975;27.0;0.0
29/10/1975;21.0;0.1
30/10/1975;23.0;0.0
31/10/1975;18.0;2.0
01/11/1975;16.0;8.0
02/11/1975;18.0;13.0
03/11/1975;19.0;10.0
04/11/1975;20.0;5.0
05/11/1975;16.1;6.0
06/11/1975;16.0;8.0
07/11/1975;15.5;6.0
08/11/1975;14.0;5.0
09/11/1975;15.0;4.5
10/11/1975;10.5;6.5
11/11/1975;12.0;5.5
12/11/1975;16.5;6.0
13/11/1975;10.0;8.0
14/11/1975;10.5;6.0
15/11/1975;15.0;2.0
16/11/1975;16.0;1.5
17/11/1975;8.0;4.0
18/11/1975;13.5;8.5
19/11/1975;12.0;5.0
20/11/1975;12.1;3.0
21/11/1975;12.0;5.0
22/11/1975;11.8;-2.0
23/11/1975;13.0;-1.0
24/11/1975;2.0;-1.5
25/11/1975;8.0;-8.0
26/11/1975;10.0;-7.0
27/11/1975;1.0;-2.0
28/11/1975;7.0;2.0
29/11/1975;12.0;-0.1
30/11/1975;5.5;0.0
01/12/1975;15.0;5.0
02/12/1975;10.0;0.1
03/12/1975;15.0;0.0
04/12/1975;10.0;1.0
05/12/1975;5.0;0.0
06/12/1975;9.0;2.0
07/12/1975;5.0;2.1
08/12/1975;12.0;2.0
09/12/1975;8.0;1.8
10/12/1975;8.5;2.5
11/12/1975;8.0;5.1
12/12/1975;10.0;5.0
13/12/1975;8.0;1.4
14/12/1975;11.0;3.0
15/12/1975;7.5;5.0
16/12/1975;12.5;4.8
17/12/1975;11.0;7.0
18/12/1975;13.0;6.1
19/12/1975;11.0;6.0
20/12/1975;0.0;-1.0
21/12/1975;7.0;0.0
22/12/1975;10.5;-4.0
23/12/1975;12.5;-4.1
24/12/1975;10.0;-4.0
25/12/1975;7.5;1.5
26/12/1975;7.4;-2.0
27/12/1975;12.0;-4.0
28/12/1975;11.1;-3.8
29/12/1975;11.0;-3.5
30/12/1975;2.0;-3.0
31/12/1975;2.1;0.0
01/01/1976;4.0;0.5
02/01/1976;9.0;3.0
03/01/1976;11.2;8.0
04/01/1976;11.0;1.5
05/01/1976;13.0;-4.0
06/01/1976;10.0;-3.5
07/01/1976;13.0;1.0
08/01/1976;11.0;-3.0
09/01/1976;12.0;-5.0
10/01/1976;11.0;-4.5
11/01/1976;4.0;0.0
12/01/1976;7.0;4.0
13/01/1976;8.5;6.0
14/01/1976;11.0;1.0
15/01/1976;4.5;1.5
16/01/1976;14.0;-1.0
17/01/1976;7.1;-6.0
18/01/1976;7.0;-5.0
19/01/1976;11.5;-7.0
20/01/1976;5.0;-7.1
21/01/1976;9.8;-1.0
22/01/1976;10.0;0.0
23/01/1976;12.0;1.0
24/01/1976;10.0;6.0
25/01/1976;12.5;1.0
26/01/1976;5.0;-2.5
27/01/1976;4.5;-2.0
28/01/1976;4.0;-7.0
29/01/1976;5.5;-10.5
30/01/1976;6.0;-6.0
31/01/1976;4.0;0.0
01/02/1976;8.0;1.0
02/02/1976;11.5;2.0
03/02/1976;10.0;1.0
04/02/1976;13.0;-1.0
05/02/1976;9.0;1.1
06/02/1976;7.0;1.1
07/02/1976;13.0;2.5
08/02/1976;9.0;3.0
09/02/1976;7.0;-5.0
10/02/1976;8.0;4.0
11/02/1976;12.0;-4.0
12/02/1976;7.0;3.0
13/02/1976;5.0;-2.0
14/02/1976;5.0;0.0
15/02/1976;6.0;3.0
16/02/1976;7.5;4.0
17/02/1976;10.0;7.0
18/02/1976;8.0;2.5
19/02/1976;9.0;0.0
20/02/1976;13.0;-0.5
21/02/1976;13.1;-0.8
22/02/1976;18.0;-1.0
23/02/1976;16.0;1.0
24/02/1976;15.0;2.0
25/02/1976;16.0;-1.0
26/02/1976;17.0;-2.0
27/02/1976;21.0;-2.0
28/02/1976;25.0;-1.0
29/02/1976;24.0;0.0
01/03/1976;24.0;0.0
02/03/1976;14.0;4.0
03/03/1976;21.0;-1.0
04/03/1976;18.0;-2.0
05/03/1976;27.0;-1.5
06/03/1976;20.0;1.0
07/03/1976;9.0;-1.5
08/03/1976;5.0;-4.0
09/03/1976;1.5;-1.0
10/03/1976;2.6;0.5
11/03/1976;8.0;-6.0
12/03/1976;9.0;-5.0
13/03/1976;14.5;0.0
14/03/1976;12.0;3.0
15/03/1976;6.5;5.0
16/03/1976;17.0;5.1
17/03/1976;17.1;5.5
18/03/1976;15.0;0.0
19/03/1976;19.5;0.1
20/03/1976;19.0;3.0
21/03/1976;13.0;-1.0
22/03/1976;13.5;2.5
23/03/1976;15.0;2.6
24/03/1976;12.0;5.0
25/03/1976;11.0;4.5
26/03/1976;15.5;0.0
27/03/1976;21.0;1.5
28/03/1976;20.8;4.0
29/03/1976;16.0;4.5
30/03/1976;18.0;0.0
31/03/1976;26.5;1.5
01/04/1976;26.0;3.0
02/04/1976;24.0;4.0
03/04/1976;26.0;2.0
04/04/1976;25.5;1.5
05/04/1976;22.0;4.0
06/04/1976;25.0;8.5
07/04/1976;21.0;11.0
08/04/1976;14.0;9.5
09/04/1976;12.0;6.0
10/04/1976;10.0;4.0
11/04/1976;11.0;7.0
12/04/1976;14.5;2.0
13/04/1976;16.0;3.0
14/04/1976;20.0;1.6
15/04/1976;21.0;8.2
16/04/1976;20.0;4.0
17/04/1976;22.0;3.0
18/04/1976;28.0;7.0
19/04/1976;18.0;9.5
20/04/1976;19.0;8.0
21/04/1976;20.0;8.5
22/04/1976;10.0;9.0
23/04/1976;20.0;10.0
24/04/1976;16.5;10.0
25/04/1976;14.0;4.0
26/04/1976;13.5;2.0
27/04/1976;11.0;4.0
28/04/1976;18.0;6.0
29/04/1976;17.0;8.0
30/04/1976;10.0;7.0
01/05/1976;13.5;2.0
02/05/1976;16.0;5.0
03/05/1976;19.0;3.0
04/05/1976;26.5;4.0
05/05/1976;27.5;5.0
06/05/1976;28.0;5.5
07/05/1976;27.0;7.0
08/05/1976;25.0;8.0
09/05/1976;31.0;8.5
10/05/1976;21.0;17.0
11/05/1976;22.0;8.0
12/05/1976;22.1;12.5
13/05/1976;23.0;15.0
14/05/1976;24.0;15.0
15/05/1976;27.0;5.0
16/05/1976;26.0;6.0
17/05/1976;27.0;8.0
18/05/1976;29.5;7.0
19/05/1976;30.0;10.0
20/05/1976;29.0;11.0
21/05/1976;26.0;16.0
22/05/1976;25.0;11.0
23/05/1976;22.0;8.0
24/05/1976;23.0;5.5
25/05/1976;25.0;7.0
26/05/1976;28.0;3.5
27/05/1976;18.0;12.0
28/05/1976;24.0;7.0
29/05/1976;26.0;6.0
30/05/1976;27.5;9.0
31/05/1976;29.0;10.0
01/06/1976;25.0;11.5
02/06/1976;27.0;15.0
03/06/1976;21.5;6.0
04/06/1976;27.0;8.0
05/06/1976;22.0;3.0
06/06/1976;14.0;13.0
07/06/1976;18.5;13.5
08/06/1976;22.0;10.0
09/06/1976;27.5;10.5
10/06/1976;31.0;10.0
11/06/1976;32.0;13.0
12/06/1976;21.0;16.0
13/06/1976;28.5;14.0
14/06/1976;30.0;14.0
15/06/1976;31.5;15.0
16/06/1976;33.0;13.0
17/06/1976;30.0;18.5
18/06/1976;22.5;8.0
19/06/1976;25.0;10.0
20/06/1976;32.0;11.0
21/06/1976;32.5;12.0
22/06/1976;33.0;13.0
23/06/1976;34.0;14.5
24/06/1976;34.0;19.0
25/06/1976;30.0;14.0
26/06/1976;29.0;12.0
27/06/1976;30.0;11.5
28/06/1976;29.0;13.0
29/06/1976;29.5;12.0
30/06/1976;31.0;15.0
01/07/1976;31.0;16.0
02/07/1976;30.0;15.5
03/07/1976;32.0;16.0
04/07/1976;34.0;11.0
05/07/1976;33.5;16.0
06/07/1976;32.0;15.0
07/07/1976;34.0;20.0
08/07/1976;25.0;14.0
09/07/1976;28.0;13.0
10/07/1976;32.0;15.0
11/07/1976;30.0;16.0
12/07/1976;33.0;18.0
13/07/1976;32.0;16.0
14/07/1976;25.0;12.0
15/07/1976;31.0;17.1
16/07/1976;34.0;17.0
17/07/1976;35.0;16.0
18/07/1976;35.5;18.0
19/07/1976;33.1;29.5
20/07/1976;33.0;24.0
21/07/1976;28.0;16.5
22/07/1976;27.9;17.0
23/07/1976;25.0;14.0
24/07/1976;26.0;17.0
25/07/1976;29.0;13.0
26/07/1976;30.0;15.0
27/07/1976;27.0;13.0
28/07/1976;24.0;12.0
29/07/1976;26.5;14.0
30/07/1976;29.0;17.0
31/07/1976;30.0;16.0
01/08/1976;28.0;18.0
02/08/1976;25.0;10.5
03/08/1976;29.5;9.0
04/08/1976;29.0;10.5
05/08/1976;27.0;10.0
06/08/1976;28.0;12.5
07/08/1976;28.0;14.0
08/08/1976;30.0;13.0
09/08/1976;30.1;20.0
10/08/1976;29.5;18.0
11/08/1976;19.5;15.5
12/08/1976;25.0;15.0
13/08/1976;27.0;17.0
14/08/1976;28.5;15.0
15/08/1976;26.0;14.5
16/08/1976;24.0;15.0
17/08/1976;25.0;15.5
18/08/1976;23.0;15.1
19/08/1976;18.0;15.0
20/08/1976;16.0;12.0
21/08/1976;24.0;11.9
22/08/1976;21.0;12.0
23/08/1976;22.0;11.0
24/08/1976;21.0;13.0
25/08/1976;25.0;10.1
26/08/1976;26.0;10.0
27/08/1976;27.0;10.9
28/08/1976;28.0;11.0
29/08/1976;25.0;12.0
30/08/1976;26.0;17.1
31/08/1976;28.0;17.0
01/09/1976;24.0;16.0
02/09/1976;24.0;15.0
03/09/1976;26.5;14.8
04/09/1976;21.0;11.0
05/09/1976;20.0;10.0
06/09/1976;22.0;8.0
07/09/1976;23.0;7.5
08/09/1976;25.0;7.5
09/09/1976;24.5;7.4
10/09/1976;24.0;7.0
11/09/1976;19.5;9.5
12/09/1976;19.6;10.0
13/09/1976;23.0;11.0
14/09/1976;22.5;16.0
15/09/1976;23.0;11.6
16/09/1976;22.9;11.5
17/09/1976;20.0;10.0
18/09/1976;21.0;10.5
19/09/1976;22.5;9.0
20/09/1976;21.0;10.0
21/09/1976;24.0;8.0
22/09/1976;23.0;9.0
23/09/1976;24.0;9.5
24/09/1976;22.0;11.0
25/09/1976;23.0;10.0
26/09/1976;22.9;13.5
27/09/1976;20.0;16.1
28/09/1976;25.0;16.0
29/09/1976;24.3;15.0
30/09/1976;25.0;17.0
01/10/1976;25.0;15.0
02/10/1976;22.0;15.5
03/10/1976;21.8;13.0
04/10/1976;20.0;15.0
05/10/1976;23.5;13.0
06/10/1976;21.5;14.0
07/10/1976;20.0;7.5
08/10/1976;26.0;7.0
09/10/1976;26.0;10.5
10/10/1976;26.5;9.0
11/10/1976;21.0;11.0
12/10/1976;26.0;12.0
13/10/1976;21.0;11.0
14/10/1976;16.0;10.0
15/10/1976;21.1;11.0
16/10/1976;21.0;9.0
17/10/1976;17.5;7.5
18/10/1976;19.0;6.0
19/10/1976;18.8;7.0
20/10/1976;15.0;7.1
21/10/1976;15.5;8.0
22/10/1976;16.0;5.0
23/10/1976;18.0;4.8
24/10/1976;20.0;5.0
25/10/1976;19.0;8.0
26/10/1976;20.0;9.0
27/10/1976;19.0;9.1
28/10/1976;16.0;10.0
29/10/1976;14.5;10.5
30/10/1976;16.0;12.0
31/10/1976;15.0;12.1
01/11/1976;18.0;10.0
02/11/1976;16.0;9.0
03/11/1976;14.0;10.0
04/11/1976;12.5;9.0
05/11/1976;11.0;8.0
06/11/1976;16.0;8.1
07/11/1976;18.0;10.5
08/11/1976;13.0;7.5
09/11/1976;13.1;10.0
10/11/1976;15.0;7.5
11/11/1976;14.0;9.0
12/11/1976;16.0;10.0
13/11/1976;14.0;8.8
14/11/1976;14.5;9.0
15/11/1976;10.5;6.5
16/11/1976;11.0;0.0
17/11/1976;14.0;0.2
18/11/1976;13.0;0.0
19/11/1976;10.0;6.0
20/11/1976;9.0;5.0
21/11/1976;18.0;4.8
22/11/1976;9.0;5.0
23/11/1976;10.0;1.0
24/11/1976;13.0;-2.0
25/11/1976;10.2;-3.2
26/11/1976;10.0;-3.5
27/11/1976;11.0;3.0
28/11/1976;10.0;5.0
29/11/1976;10.1;5.1
30/11/1976;14.0;6.0
01/12/1976;11.5;9.0
02/12/1976;12.1;2.0
03/12/1976;12.0;1.5
04/12/1976;9.0;3.5
05/12/1976;4.0;2.0
06/12/1976;5.0;1.0
07/12/1976;6.0;1.9
08/12/1976;7.0;2.0
09/12/1976;15.0;0.0
10/12/1976;12.0;11.0
11/12/1976;13.0;2.0
12/12/1976;9.0;-4.0
13/12/1976;2.0;-4.1
14/12/1976;8.0;-6.0
15/12/1976;1.0;-5.0
16/12/1976;6.1;2.0
17/12/1976;6.0;3.0
18/12/1976;11.0;8.0
19/12/1976;10.0;8.1
20/12/1976;11.0;7.0
21/12/1976;12.0;0.9
22/12/1976;14.0;1.0
23/12/1976;12.5;2.0
24/12/1976;11.5;-2.0
25/12/1976;10.0;2.0
26/12/1976;8.0;1.0
27/12/1976;7.5;0.0
28/12/1976;7.4;-4.0
29/12/1976;2.0;1.0
30/12/1976;2.1;-2.0
31/12/1976;7.5;-2.1
01/01/1978;12.0;-5.5
02/01/1978;12.5;-6.0
03/01/1978;8.5;-0.5
04/01/1978;8.6;7.0
05/01/1978;12.6;3.0
06/01/1978;9.4;-0.5
07/01/1978;7.0;-7.5
08/01/1978;15.0;-4.0
09/01/1978;14.0;-6.0
10/01/1978;10.0;-1.5
11/01/1978;4.5;4.0
12/01/1978;10.0;5.5
13/01/1978;12.0;7.0
14/01/1978;11.0;8.0
15/01/1978;12.0;5.5
16/01/1978;15.0;0.0
17/01/1978;7.5;0.5
18/01/1978;8.5;-1.0
19/01/1978;4.5;2.5
20/01/1978;7.5;4.4
21/01/1978;7.0;5.5
22/01/1978;10.0;3.0
23/01/1978;10.5;0.5
24/01/1978;11.5;-2.0
25/01/1978;14.0;1.5
26/01/1978;15.5;4.5
27/01/1978;15.4;2.0
28/01/1978;12.0;0.0
29/01/1978;10.5;6.0
30/01/1978;7.5;2.0
31/01/1978;12.0;-2.0
01/02/1978;12.0;-4.5
02/02/1978;6.5;0.0
03/02/1978;8.5;-2.5
04/02/1978;11.0;3.0
05/02/1978;10.0;-0.5
06/02/1978;14.0;-4.0
07/02/1978;9.5;-0.5
08/02/1978;9.0;-0.6
09/02/1978;6.5;-1.5
10/02/1978;9.5;1.5
11/02/1978;9.6;1.5
12/02/1978;9.0;3.5
13/02/1978;7.0;-1.6
14/02/1978;8.5;-1.5
15/02/1978;6.0;0.0
16/02/1978;10.0;-1.5
17/02/1978;2.0;0.0
18/02/1978;8.5;4.5
19/02/1978;13.5;6.5
20/02/1978;9.5;7.0
21/02/1978;16.0;0.5
22/02/1978;11.5;5.0
23/02/1978;14.0;5.5
24/02/1978;13.5;4.5
25/02/1978;11.5;7.5
26/02/1978;12.0;9.0
27/02/1978;13.5;8.0
28/02/1978;16.0;10.0
01/03/1978;11.0;9.0
02/03/1978;18.5;5.5
03/03/1978;19.0;5.0
04/03/1978;20.5;4.0
05/03/1978;13.0;7.0
06/03/1978;12.0;7.5
07/03/1978;16.0;9.5
08/03/1978;10.5;3.0
09/03/1978;18.0;1.5
10/03/1978;20.0;1.0
11/03/1978;20.0;-1.0
12/03/1978;19.5;5.5
13/03/1978;23.0;2.5
14/03/1978;13.5;7.5
15/03/1978;13.0;9.0
16/03/1978;14.0;9.5
17/03/1978;13.5;10.0
18/03/1978;14.0;6.5
19/03/1978;12.5;2.0
20/03/1978;14.0;-0.5
21/03/1978;13.5;3.0
22/03/1978;16.0;4.0
23/03/1978;15.0;-1.0
24/03/1978;9.0;3.0
25/03/1978;11.0;-2.0
26/03/1978;18.0;1.0
27/03/1978;13.0;2.5
28/03/1978;17.0;0.5
29/03/1978;21.5;1.0
30/03/1978;19.5;1.0
31/03/1978;19.0;8.5
01/04/1978;16.9;7.5
02/04/1978;17.1;9.5
03/04/1978;15.9;6.0
04/04/1978;16.0;11.0
05/04/1978;19.0;5.5
06/04/1978;14.0;5.0
07/04/1978;16.0;8.0
08/04/1978;9.5;5.5
09/04/1978;11.0;6.5
10/04/1978;16.5;10.0
11/04/1978;11.9;8.0
12/04/1978;12.1;10.5
13/04/1978;17.0;10.0
14/04/1978;10.0;8.0
15/04/1978;12.0;6.5
16/04/1978;10.0;5.0
17/04/1978;13.0;1.5
18/04/1978;12.9;0.0
19/04/1978;17.0;1.0
20/04/1978;20.0;3.0
21/04/1978;;
22/04/1978;;
23/04/1978;;
24/04/1978;;
25/04/1978;;
26/04/1978;;
27/04/1978;;
28/04/1978;;
29/04/1978;;
30/04/1978;;
01/05/1978;18.5;11.0
02/05/1978;16.0;9.5
03/05/1978;16.5;12.0
04/05/1978;20.0;10.0
05/05/1978;26.0;10.5
06/05/1978;19.5;13.0
07/05/1978;16.6;11.5
08/05/1978;16.5;8.5
09/05/1978;18.5;12.5
10/05/1978;21.0;12.0
11/05/1978;20.0;4.0
12/05/1978;23.0;5.0
13/05/1978;18.0;11.0
14/05/1978;16.0;4.0
15/05/1978;22.0;11.0
16/05/1978;17.5;12.0
17/05/1978;19.0;9.0
18/05/1978;21.0;11.0
19/05/1978;26.0;14.5
20/05/1978;22.0;14.6
21/05/1978;24.0;12.5
22/05/1978;23.0;16.0
23/05/1978;17.6;13.0
24/05/1978;17.5;7.0
25/05/1978;22.5;9.4
26/05/1978;24.8;11.0
27/05/1978;25.0;15.0
28/05/1978;20.0;8.0
29/05/1978;22.0;10.0
30/05/1978;24.0;10.5
31/05/1978;22.5;13.0
01/06/1978;23.0;11.0
02/06/1978;26.5;12.0
03/06/1978;28.0;10.5
04/06/1978;30.0;10.1
05/06/1978;28.0;10.0
06/06/1978;27.9;11.0
07/06/1978;28.0;12.5
08/06/1978;27.0;14.0
09/06/1978;27.1;12.4
10/06/1978;30.0;13.0
11/06/1978;27.5;16.0
12/06/1978;32.5;19.5
13/06/1978;27.0;18.0
14/06/1978;25.0;15.0
15/06/1978;23.0;15.5
16/06/1978;19.0;12.0
17/06/1978;22.0;14.0
18/06/1978;18.0;10.0
19/06/1978;22.0;11.0
20/06/1978;28.0;12.0
21/06/1978;27.5;15.0
22/06/1978;24.0;12.0
23/06/1978;23.5;16.9
24/06/1978;24.0;17.0
25/06/1978;23.5;15.0
26/06/1978;22.0;11.0
27/06/1978;23.0;11.5
28/06/1978;21.0;10.5
29/06/1978;22.0;9.0
30/06/1978;25.0;9.1
01/07/1978;27.0;14.0
02/07/1978;26.0;15.0
03/07/1978;25.1;17.0
04/07/1978;25.0;14.0
05/07/1978;24.0;16.0
06/07/1978;21.0;12.0
07/07/1978;22.0;12.5
08/07/1978;21.0;12.0
09/07/1978;24.0;11.0
10/07/1978;23.5;17.0
11/07/1978;25.0;12.4
12/07/1978;29.0;12.5
13/07/1978;31.0;13.0
14/07/1978;33.5;14.5
15/07/1978;34.0;16.1
16/07/1978;29.0;16.0
17/07/1978;32.0;15.0
18/07/1978;31.0;12.0
19/07/1978;30.0;21.0
20/07/1978;27.0;15.0
21/07/1978;28.5;14.5
22/07/1978;26.0;13.0
23/07/1978;28.0;9.0
24/07/1978;29.5;10.5
25/07/1978;30.5;12.5
26/07/1978;30.9;13.5
27/07/1978;31.0;16.0
28/07/1978;28.5;15.5
29/07/1978;31.0;12.5
30/07/1978;32.0;13.5
31/07/1978;31.5;15.0
01/08/1978;32.0;17.5
02/08/1978;31.1;18.5
03/08/1978;31.0;18.4
04/08/1978;31.5;22.0
05/08/1978;30.0;16.0
06/08/1978;29.0;18.5
07/08/1978;30.5;15.5
08/08/1978;32.5;15.0
09/08/1978;19.5;13.0
10/08/1978;23.5;15.0
11/08/1978;24.0;10.5
12/08/1978;23.0;9.0
13/08/1978;26.5;10.5
14/08/1978;25.0;13.5
15/08/1978;23.5;11.5
16/08/1978;30.0;12.0
17/08/1978;27.0;14.0
18/08/1978;29.0;15.5
19/08/1978;31.4;15.6
20/08/1978;31.5;15.0
21/08/1978;32.1;15.5
22/08/1978;32.0;15.0
23/08/1978;32.5;15.1
24/08/1978;31.5;16.0
25/08/1978;28.5;15.0
26/08/1978;32.5;16.0
27/08/1978;26.4;14.4
28/08/1978;28.5;18.0
29/08/1978;25.5;13.0
30/08/1978;26.0;14.0
31/08/1978;29.0;12.5
01/09/1978;24.5;7.0
02/09/1978;24.0;10.0
03/09/1978;27.5;12.0
04/09/1978;27.0;10.0
05/09/1978;26.0;11.0
06/09/1978;26.5;17.0
07/09/1978;26.7;16.0
08/09/1978;26.5;10.5
09/09/1978;30.0;14.2
10/09/1978;31.5;14.0
11/09/1978;29.0;13.5
12/09/1978;28.8;16.0
13/09/1978;28.2;7.0
14/09/1978;28.0;10.0
15/09/1978;25.0;8.5
16/09/1978;31.0;11.0
17/09/1978;32.0;12.0
18/09/1978;31.5;10.8
19/09/1978;28.0;11.0
20/09/1978;28.5;15.5
21/09/1978;24.3;5.6
22/09/1978;24.5;5.5
23/09/1978;26.5;10.8
24/09/1978;24.5;11.0
25/09/1978;30.0;12.5
26/09/1978;29.0;11.0
27/09/1978;28.0;13.0
28/09/1978;24.0;8.5
29/09/1978;23.8;8.0
30/09/1978;24.0;8.2
01/10/1978;21.5;5.0
02/10/1978;18.0;12.0
03/10/1978;14.0;11.0
04/10/1978;16.0;14.0
05/10/1978;14.0;12.0
06/10/1978;19.0;8.0
07/10/1978;22.0;6.5
08/10/1978;24.5;7.0
09/10/1978;25.0;7.1
10/10/1978;26.0;7.0
11/10/1978;26.5;8.0
12/10/1978;28.5;9.5
13/10/1978;29.0;10.0
14/10/1978;26.5;5.0
15/10/1978;28.0;9.0
16/10/1978;26.0;7.0
17/10/1978;24.0;4.5
18/10/1978;21.0;11.5
19/10/1978;22.0;11.4
20/10/1978;24.0;15.5
21/10/1978;19.0;11.5
22/10/1978;21.5;5.0
23/10/1978;20.5;3.5
24/10/1978;22.0;3.6
25/10/1978;24.5;7.0
26/10/1978;20.0;10.4
27/10/1978;19.5;10.0
28/10/1978;13.0;0.0
29/10/1978;16.0;2.0
30/10/1978;20.0;0.0
31/10/1978;23.5;1.5
01/11/1978;23.0;2.5
02/11/1978;21.5;5.5
03/11/1978;22.0;2.5
04/11/1978;18.5;0.0
05/11/1978;18.0;3.0
06/11/1978;11.0;-1.0
07/11/1978;18.5;-1.0
08/11/1978;17.0;-4.5
09/11/1978;20.0;-4.0
10/11/1978;20.5;-3.0
11/11/1978;19.0;-3.0
12/11/1978;20.5;-3.9
13/11/1978;18.0;-4.0
14/11/1978;19.0;-3.0
15/11/1978;20.0;-1.5
16/11/1978;23.5;-3.5
17/11/1978;18.5;1.5
18/11/1978;16.0;0.0
19/11/1978;18.0;-4.0
20/11/1978;19.0;-5.0
21/11/1978;16.5;-2.0
22/11/1978;15.5;-1.0
23/11/1978;21.0;-3.0
24/11/1978;21.5;-4.5
25/11/1978;19.0;-2.0
26/11/1978;11.0;4.0
27/11/1978;10.5;5.5
28/11/1978;9.5;1.5
29/11/1978;3.0;1.5
30/11/1978;4.0;-2.0
01/12/1978;11.5;0.5
02/12/1978;10.5;-3.0
03/12/1978;11.0;-4.0
04/12/1978;4.5;1.0
05/12/1978;7.0;3.5
06/12/1978;6.0;1.0
07/12/1978;8.0;-5.5
08/12/1978;7.5;-6.5
09/12/1978;2.5;-0.5
10/12/1978;5.0;2.5
11/12/1978;4.0;3.5
12/12/1978;10.0;5.5
13/12/1978;13.0;11.3
14/12/1978;14.0;11.5
15/12/1978;13.0;11.0
16/12/1978;13.5;7.5
17/12/1978;13.0;10.5
18/12/1978;14.0;3.5
19/12/1978;6.0;2.5
20/12/1978;4.0;1.0
21/12/1978;3.5;3.5
22/12/1978;10.0;5.0
23/12/1978;12.0;5.1
24/12/1978;14.5;0.0
25/12/1978;6.5;5.5
26/12/1978;8.5;6.5
27/12/1978;7.5;4.0
28/12/1978;11.5;4.1
29/12/1978;12.5;11.5
30/12/1978;12.5;12.0
31/12/1978;13.0;11.5
01/01/1979;12.4;6.3
02/01/1979;12.5;-2.5
03/01/1979;-1.5;-11.5
04/01/1979;2.5;-8.0
05/01/1979;3.0;-8.0
06/01/1979;5.5;-2.5
07/01/1979;9.0;-5.0
08/01/1979;9.5;-10.0
09/01/1979;0.5;-6.5
10/01/1979;6.0;1.5
11/01/1979;8.0;5.5
12/01/1979;9.0;-1.5
13/01/1979;8.0;-5.5
14/01/1979;11.0;-6.0
15/01/1979;9.5;-9.0
16/01/1979;9.0;-8.0
17/01/1979;3.5;-6.0
18/01/1979;4.0;-6.0
19/01/1979;5.0;-0.5
20/01/1979;5.1;1.0
21/01/1979;5.0;2.0
22/01/1979;3.0;1.5
23/01/1979;5.5;2.6
24/01/1979;9.0;7.0
25/01/1979;11.0;7.5
26/01/1979;10.5;1.0
27/01/1979;11.5;2.0
28/01/1979;15.5;12.6
29/01/1979;16.5;11.0
30/01/1979;9.5;9.0
31/01/1979;12.5;5.0
01/02/1979;13.0;-2.5
02/02/1979;10.5;2.5
03/02/1979;12.0;9.5
04/02/1979;11.6;6.5
05/02/1979;11.5;0.5
06/02/1979;10.5;1.5
07/02/1979;13.5;2.5
08/02/1979;8.5;3.0
09/02/1979;12.9;9.0
10/02/1979;13.0;9.5
11/02/1979;16.0;10.5
12/02/1979;17.0;10.0
13/02/1979;12.5;7.5
14/02/1979;13.5;7.0
15/02/1979;8.5;6.0
16/02/1979;12.0;5.5
17/02/1979;9.5;7.0
18/02/1979;11.0;6.5
19/02/1979;7.5;4.5
20/02/1979;5.5;5.0
21/02/1979;7.5;2.0
22/02/1979;9.0;-1.0
23/02/1979;10.0;-2.5
24/02/1979;7.5;4.0
25/02/1979;9.0;1.0
26/02/1979;10.5;0.5
27/02/1979;6.0;-1.5
28/02/1979;5.0;-7.0
01/03/1979;8.1;2.0
02/03/1979;8.0;-1.0
03/03/1979;13.5;6.0
04/03/1979;15.5;0.0
05/03/1979;21.5;0.5
06/03/1979;21.0;0.0
07/03/1979;20.5;3.5
08/03/1979;10.5;8.5
09/03/1979;16.5;0.0
10/03/1979;14.0;9.5
11/03/1979;10.0;7.0
12/03/1979;12.5;10.5
13/03/1979;14.0;8.5
14/03/1979;16.0;11.0
15/03/1979;15.5;7.0
16/03/1979;15.5;9.0
17/03/1979;12.0;8.0
18/03/1979;15.3;9.5
19/03/1979;13.0;4.5
20/03/1979;13.1;5.0
21/03/1979;13.5;6.5
22/03/1979;15.0;9.0
23/03/1979;12.5;8.5
24/03/1979;15.0;4.0
25/03/1979;18.5;3.0
26/03/1979;17.0;11.0
27/03/1979;13.5;13.0
28/03/1979;17.0;11.0
29/03/1979;14.5;6.0
30/03/1979;11.5;1.5
31/03/1979;12.5;4.0
01/04/1979;14.0;3.5
02/04/1979;17.5;1.0
03/04/1979;18.0;0.0
04/04/1979;13.9;7.0
05/04/1979;14.0;8.0
06/04/1979;10.0;4.0
07/04/1979;9.0;3.5
08/04/1979;15.5;0.0
09/04/1979;11.0;0.0
10/04/1979;21.5;0.5
11/04/1979;21.6;6.5
12/04/1979;14.0;9.5
13/04/1979;15.0;3.5
14/04/1979;23.5;3.6
15/04/1979;23.0;4.0
16/04/1979;22.9;6.0
17/04/1979;20.0;5.9
18/04/1979;15.0;6.0
19/04/1979;15.0;7.0
20/04/1979;11.0;1.0
21/04/1979;16.5;1.1
22/04/1979;20.1;2.0
23/04/1979;20.0;2.1
24/04/1979;17.5;12.0
25/04/1979;13.0;9.0
26/04/1979;16.0;7.0
27/04/1979;13.5;6.5
28/04/1979;13.0;6.8
29/04/1979;18.0;7.0
30/04/1979;14.5;8.0
01/05/1979;15.0;11.5
02/05/1979;12.0;11.4
03/05/1979;14.5;11.0
04/05/1979;15.0;1.0
05/05/1979;16.0;4.0
06/05/1979;17.0;2.0
07/05/1979;20.8;5.5
08/05/1979;21.0;4.0
09/05/1979;21.5;2.5
10/05/1979;23.0;7.0
11/05/1979;23.5;8.0
12/05/1979;26.0;6.0
13/05/1979;29.0;11.5
14/05/1979;23.1;8.0
15/05/1979;23.0;5.0
16/05/1979;23.1;4.6
17/05/1979;25.5;6.5
18/05/1979;24.5;9.0
19/05/1979;27.5;8.5
20/05/1979;29.0;9.0
21/05/1979;29.1;13.0
22/05/1979;21.0;7.0
23/05/1979;25.5;6.5
24/05/1979;28.4;7.5
25/05/1979;27.0;16.0
26/05/1979;22.5;9.5
27/05/1979;29.0;13.5
28/05/1979;25.5;15.0
29/05/1979;26.5;11.0
30/05/1979;33.0;14.5
31/05/1979;33.0;12.0
01/06/1979;31.5;12.0
02/06/1979;32.0;13.5
03/06/1979;32.5;14.5
04/06/1979;32.4;14.6
05/06/1979;32.5;14.0
06/06/1979;31.0;17.0
07/06/1979;30.0;16.5
08/06/1979;25.0;16.0
09/06/1979;29.0;15.0
10/06/1979;30.5;14.0
11/06/1979;30.0;11.5
12/06/1979;30.4;14.0
13/06/1979;29.0;13.5
14/06/1979;29.1;19.0
15/06/1979;25.0;17.4
16/06/1979;23.5;14.0
17/06/1979;17.0;8.5
18/06/1979;21.0;11.0
19/06/1979;25.0;13.5
20/06/1979;25.1;10.0
21/06/1979;25.5;10.5
22/06/1979;27.0;14.0
23/06/1979;26.5;17.0
24/06/1979;28.5;14.0
25/06/1979;30.5;13.1
26/06/1979;30.0;13.0
27/06/1979;31.5;15.0
28/06/1979;33.0;18.4
29/06/1979;33.0;18.5
30/06/1979;32.0;18.0
01/07/1979;31.5;16.0
02/07/1979;29.5;16.5
03/07/1979;28.0;14.0
04/07/1979;21.5;10.0
05/07/1979;26.0;11.0
06/07/1979;27.1;10.5
07/07/1979;27.0;10.6
08/07/1979;29.0;11.5
09/07/1979;27.0;13.4
10/07/1979;31.0;13.5
11/07/1979;31.8;16.0
12/07/1979;32.0;18.0
13/07/1979;29.5;18.6
14/07/1979;29.4;16.0
15/07/1979;33.0;15.0
16/07/1979;32.0;16.5
17/07/1979;29.0;14.5
18/07/1979;28.0;14.4
19/07/1979;31.5;13.5
20/07/1979;30.6;15.0
21/07/1979;29.5;17.0
22/07/1979;30.0;17.0
23/07/1979;29.5;15.5
24/07/1979;26.5;11.0
25/07/1979;30.0;12.0
26/07/1979;32.5;13.0
27/07/1979;32.0;14.5
28/07/1979;33.5;16.0
29/07/1979;36.0;16.1
30/07/1979;34.1;18.5
31/07/1979;34.0;18.4
01/08/1979;31.0;15.0
02/08/1979;32.5;21.5
03/08/1979;30.5;17.0
04/08/1979;33.0;15.0
05/08/1979;32.5;16.0
06/08/1979;36.0;17.5
07/08/1979;35.0;17.0
08/08/1979;36.5;17.1
09/08/1979;33.0;17.0
10/08/1979;28.5;19.5
11/08/1979;28.0;18.0
12/08/1979;25.5;11.0
13/08/1979;29.0;11.5
14/08/1979;30.0;13.3
15/08/1979;32.0;13.5
16/08/1979;34.5;15.0
17/08/1979;32.5;19.5
18/08/1979;31.5;18.5
19/08/1979;20.0;15.5
20/08/1979;25.0;15.6
21/08/1979;24.0;14.0
22/08/1979;28.0;12.5
23/08/1979;30.0;12.0
24/08/1979;30.1;15.5
25/08/1979;25.5;14.5
26/08/1979;27.0;12.5
27/08/1979;18.5;15.0
28/08/1979;24.0;14.0
29/08/1979;26.0;11.5
30/08/1979;26.4;9.5
31/08/1979;26.5;11.5
01/09/1979;25.5;10.5
02/09/1979;28.0;10.0
03/09/1979;30.5;10.5
04/09/1979;26.1;15.0
05/09/1979;26.0;14.0
06/09/1979;25.5;9.0
07/09/1979;25.4;8.0
08/09/1979;28.5;10.0
09/09/1979;29.0;9.5
10/09/1979;29.5;11.0
11/09/1979;25.0;14.0
12/09/1979;28.0;12.5
13/09/1979;31.5;13.5
14/09/1979;30.0;13.4
15/09/1979;28.0;12.5
16/09/1979;23.5;16.0
17/09/1979;23.0;7.0
18/09/1979;27.0;10.0
19/09/1979;26.0;12.0
20/09/1979;27.0;13.0
21/09/1979;27.5;15.5
22/09/1979;21.0;17.0
23/09/1979;22.0;13.0
24/09/1979;19.0;14.0
25/09/1979;15.0;13.0
26/09/1979;14.5;9.0
27/09/1979;18.0;9.1
28/09/1979;22.0;7.0
29/09/1979;23.0;9.5
30/09/1979;22.5;13.0
01/10/1979;24.0;9.5
02/10/1979;27.5;9.0
03/10/1979;25.0;8.0
04/10/1979;22.0;6.5
05/10/1979;23.0;11.5
06/10/1979;19.0;13.0
07/10/1979;22.0;10.0
08/10/1979;23.0;7.5
09/10/1979;22.5;6.5
10/10/1979;25.5;8.5
11/10/1979;24.0;10.5
12/10/1979;17.0;15.0
13/10/1979;17.1;15.1
14/10/1979;24.0;16.0
15/10/1979;26.0;15.0
16/10/1979;22.6;16.0
17/10/1979;22.5;12.0
18/10/1979;19.0;12.4
19/10/1979;23.5;10.0
20/10/1979;24.5;6.5
21/10/1979;23.0;2.0
22/10/1979;22.8;4.5
23/10/1979;21.0;10.5
24/10/1979;18.5;11.5
25/10/1979;17.5;7.0
26/10/1979;14.0;8.0
27/10/1979;11.5;9.0
28/10/1979;12.0;10.0
29/10/1979;12.5;9.0
30/10/1979;17.0;10.0
31/10/1979;11.5;10.5
01/11/1979;16.0;3.0
02/11/1979;18.0;3.1
03/11/1979;14.0;9.0
04/11/1979;13.0;8.0
05/11/1979;12.0;0.1
06/11/1979;13.5;1.5
07/11/1979;15.0;6.0
08/11/1979;16.5;3.0
09/11/1979;18.0;10.5
10/11/1979;18.5;14.5
11/11/1979;18.3;4.0
12/11/1979;7.5;2.0
13/11/1979;15.0;0.0
14/11/1979;10.0;7.0
15/11/1979;15.0;9.5
16/11/1979;12.5;3.5
17/11/1979;10.0;5.5
18/11/1979;9.5;5.3
19/11/1979;8.0;5.0
20/11/1979;10.0;7.0
21/11/1979;14.2;7.1
22/11/1979;14.0;6.0
23/11/1979;9.5;3.0
24/11/1979;10.0;-3.0
25/11/1979;15.0;-3.0
26/11/1979;12.5;-2.0
27/11/1979;16.5;0.0
28/11/1979;8.0;2.5
29/11/1979;12.5;3.0
30/11/1979;6.0;1.0
01/12/1979;7.0;2.0
02/12/1979;11.0;5.0
03/12/1979;17.0;-1.5
04/12/1979;21.0;-1.0
05/12/1979;25.5;0.0
06/12/1979;20.0;-0.5
07/12/1979;15.0;5.0
08/12/1979;11.5;7.0
09/12/1979;9.0;7.0
10/12/1979;8.0;6.5
11/12/1979;13.0;7.0
12/12/1979;13.5;5.0
13/12/1979;17.0;-3.0
14/12/1979;14.5;-0.5
15/12/1979;10.0;-3.5
16/12/1979;12.0;1.5
17/12/1979;16.5;-3.5
18/12/1979;13.0;3.0
19/12/1979;12.0;0.1
20/12/1979;4.4;0.0
21/12/1979;4.5;2.0
22/12/1979;10.0;3.5
23/12/1979;12.0;7.0
24/12/1979;6.5;4.5
25/12/1979;5.0;2.3
26/12/1979;6.0;2.5
27/12/1979;7.5;4.0
28/12/1979;13.5;7.0
29/12/1979;8.0;3.0
30/12/1979;9.6;1.1
31/12/1979;9.5;1.0
01/01/1980;4.5;-7.0
02/01/1980;7.0;-1.5
03/01/1980;5.0;-8.5
04/01/1980;9.0;-9.5
05/01/1980;4.0;-4.0
06/01/1980;0.0;0.0
07/01/1980;4.5;-3.5
08/01/1980;8.0;-6.0
09/01/1980;7.0;-6.0
10/01/1980;1.0;-2.5
11/01/1980;9.0;0.2
12/01/1980;4.5;0.0
13/01/1980;2.5;0.5
14/01/1980;4.0;-3.0
15/01/1980;7.0;1.5
16/01/1980;4.0;1.3
17/01/1980;5.0;3.5
18/01/1980;8.0;3.0
19/01/1980;7.0;3.5
20/01/1980;6.5;2.5
21/01/1980;9.0;4.0
22/01/1980;12.0;2.0
23/01/1980;11.0;9.0
24/01/1980;13.0;9.5
25/01/1980;12.0;12.0
26/01/1980;13.5;5.0
27/01/1980;7.5;0.0
28/01/1980;12.0;-4.5
29/01/1980;14.0;2.0
30/01/1980;6.0;5.5
31/01/1980;8.0;6.0
01/02/1980;11.0;1.5
02/02/1980;13.5;0.5
03/02/1980;13.0;1.5
04/02/1980;17.0;4.5
05/02/1980;10.5;10.5
06/02/1980;11.5;8.0
07/02/1980;15.5;6.5
08/02/1980;13.0;0.0
09/02/1980;17.5;-0.5
10/02/1980;19.0;0.0
11/02/1980;12.5;2.0
12/02/1980;15.1;3.0
13/02/1980;15.0;-3.0
14/02/1980;15.1;5.0
15/02/1980;12.0;-2.4
16/02/1980;15.5;-2.5
17/02/1980;5.5;1.0
18/02/1980;13.0;-1.0
19/02/1980;12.0;-1.5
20/02/1980;9.5;-1.0
21/02/1980;9.8;-1.1
22/02/1980;10.0;-1.0
23/02/1980;11.0;0.0
24/02/1980;15.5;-2.5
25/02/1980;15.0;-3.5
26/02/1980;16.0;-5.5
27/02/1980;19.0;-3.5
28/02/1980;15.5;-5.0
29/02/1980;15.0;-4.5
01/03/1980;14.4;-2.5
02/03/1980;14.5;2.5
03/03/1980;12.0;9.0
04/03/1980;12.5;3.5
05/03/1980;17.0;3.6
06/03/1980;14.0;2.5
07/03/1980;15.5;5.5
08/03/1980;10.0;4.0
09/03/1980;10.5;1.5
10/03/1980;1.0;0.0
11/03/1980;19.5;0.0
12/03/1980;15.5;1.5
13/03/1980;16.0;0.0
14/03/1980;10.5;6.0
15/03/1980;7.0;4.5
16/03/1980;13.5;5.5
17/03/1980;8.0;6.0
18/03/1980;11.5;-1.0
19/03/1980;18.0;0.5
20/03/1980;16.5;8.0
21/03/1980;9.5;7.0
22/03/1980;12.5;0.5
23/03/1980;7.0;5.0
24/03/1980;9.0;5.5
25/03/1980;10.0;6.0
26/03/1980;12.5;3.0
27/03/1980;16.0;4.0
28/03/1980;12.0;10.0
29/03/1980;17.5;6.5
30/03/1980;12.0;10.5
31/03/1980;16.0;2.0
01/04/1980;21.0;5.5
02/04/1980;13.0;11.5
03/04/1980;15.0;6.0
04/04/1980;16.0;-0.5
05/04/1980;18.5;-1.0
06/04/1980;13.0;1.0
07/04/1980;13.2;2.2
08/04/1980;13.0;2.0
09/04/1980;16.0;6.0
10/04/1980;10.5;5.0
11/04/1980;14.0;-1.5
12/04/1980;16.0;-1.0
13/04/1980;17.0;-0.5
14/04/1980;18.5;-1.0
15/04/1980;22.0;4.0
16/04/1980;23.0;8.5
17/04/1980;14.5;9.8
18/04/1980;15.0;10.0
19/04/1980;22.0;6.5
20/04/1980;14.5;8.0
21/04/1980;12.5;4.0
22/04/1980;10.0;2.0
23/04/1980;14.0;1.0
24/04/1980;15.5;3.5
25/04/1980;15.3;2.0
26/04/1980;17.5;5.5
27/04/1980;18.0;7.0
28/04/1980;19.0;3.5
29/04/1980;17.5;3.0
30/04/1980;21.0;4.0
01/05/1980;15.5;11.0
02/05/1980;20.0;12.0
03/05/1980;23.0;6.0
04/05/1980;22.0;9.0
05/05/1980;19.5;12.0
06/05/1980;11.0;11.5
07/05/1980;19.5;12.0
08/05/1980;16.0;12.5
09/05/1980;21.0;12.0
10/05/1980;20.0;8.0
11/05/1980;18.5;12.0
12/05/1980;21.0;9.0
13/05/1980;25.0;7.0
14/05/1980;20.5;13.5
15/05/1980;15.0;11.5
16/05/1980;12.1;9.0
17/05/1980;12.0;8.0
18/05/1980;15.0;9.0
19/05/1980;20.0;3.5
20/05/1980;20.1;5.5
21/05/1980;22.5;5.6
22/05/1980;22.0;9.0
23/05/1980;21.0;10.5
24/05/1980;16.5;11.5
25/05/1980;21.5;9.5
26/05/1980;23.0;8.5
27/05/1980;23.0;11.5
28/05/1980;21.5;12.0
29/05/1980;16.0;11.9
30/05/1980;15.8;9.5
31/05/1980;20.0;11.0
01/06/1980;20.0;11.0
02/06/1980;21.0;9.5
03/06/1980;26.0;7.0
04/06/1980;28.0;8.5
05/06/1980;25.0;9.0
06/06/1980;26.0;10.0
07/06/1980;27.0;13.0
08/06/1980;23.5;15.5
09/06/1980;18.0;15.6
10/06/1980;17.5;15.4
11/06/1980;19.0;13.5
12/06/1980;23.0;10.0
13/06/1980;30.0;13.5
14/06/1980;33.0;16.0
15/06/1980;34.5;14.0
16/06/1980;24.5;13.0
17/06/1980;25.0;11.0
18/06/1980;25.0;14.0
19/06/1980;25.5;12.0
20/06/1980;26.0;11.0
21/06/1980;28.5;12.5
22/06/1980;25.5;16.5
23/06/1980;21.5;14.5
24/06/1980;22.5;15.0
25/06/1980;22.0;16.5
26/06/1980;21.5;11.0
27/06/1980;22.0;15.0
28/06/1980;20.5;8.5
29/06/1980;25.0;10.5
30/06/1980;21.5;16.0
01/07/1980;25.5;11.5
02/07/1980;23.0;12.0
03/07/1980;24.5;9.5
04/07/1980;28.0;10.0
05/07/1980;28.1;11.0
06/07/1980;25.0;15.0
07/07/1980;27.0;14.8
08/07/1980;26.0;14.5
09/07/1980;27.5;19.5
10/07/1980;21.0;14.0
11/07/1980;23.5;10.0
12/07/1980;25.5;10.5
13/07/1980;28.0;12.0
14/07/1980;26.8;12.5
15/07/1980;27.0;12.1
16/07/1980;28.5;12.0
17/07/1980;28.0;12.5
18/07/1980;27.0;17.0
19/07/1980;31.0;16.0
20/07/1980;27.0;12.0
21/07/1980;28.0;18.0
22/07/1980;29.5;8.5
23/07/1980;30.5;8.6
24/07/1980;30.0;10.0
25/07/1980;34.0;11.0
26/07/1980;34.0;12.5
27/07/1980;33.0;13.0
28/07/1980;32.5;16.0
29/07/1980;32.5;14.0
30/07/1980;32.1;17.5
31/07/1980;32.0;15.5
01/08/1980;34.5;16.5
02/08/1980;36.5;17.0
03/08/1980;37.5;16.0
04/08/1980;37.0;18.0
05/08/1980;34.5;14.5
06/08/1980;37.5;17.0
07/08/1980;37.0;19.0
08/08/1980;36.0;18.9
09/08/1980;30.0;16.0
10/08/1980;33.0;15.0
11/08/1980;34.9;14.5
12/08/1980;35.0;14.5
13/08/1980;38.0;18.0
14/08/1980;33.0;12.5
15/08/1980;33.1;14.0
16/08/1980;33.0;19.5
17/08/1980;25.0;15.0
18/08/1980;27.0;16.0
19/08/1980;31.0;14.0
20/08/1980;31.1;15.5
21/08/1980;31.9;17.0
22/08/1980;32.0;19.0
23/08/1980;29.5;19.5
24/08/1980;32.0;18.0
25/08/1980;26.0;9.0
26/08/1980;30.5;11.0
27/08/1980;30.0;12.0
28/08/1980;30.5;15.1
29/08/1980;28.5;15.0
30/08/1980;31.5;16.0
31/08/1980;25.5;18.0
01/09/1980;26.5;11.5
02/09/1980;31.0;12.0
03/09/1980;26.5;8.0
04/09/1980;27.5;8.5
05/09/1980;30.0;9.5
06/09/1980;28.0;14.0
07/09/1980;21.5;12.5
08/09/1980;30.0;12.0
09/09/1980;28.0;14.0
10/09/1980;25.5;15.5
11/09/1980;26.0;8.5
12/09/1980;26.0;10.5
13/09/1980;31.5;13.0
14/09/1980;24.5;14.5
15/09/1980;30.5;13.0
16/09/1980;30.5;10.5
17/09/1980;32.0;10.6
18/09/1980;30.0;11.0
19/09/1980;29.0;12.0
20/09/1980;29.5;11.0
21/09/1980;30.0;11.2
22/09/1980;30.5;13.5
23/09/1980;29.5;17.0
24/09/1980;27.0;17.5
25/09/1980;29.0;12.0
26/09/1980;29.0;11.5
27/09/1980;31.0;12.5
28/09/1980;28.0;12.0
29/09/1980;28.5;12.5
30/09/1980;30.0;12.0
01/10/1980;29.5;11.0
02/10/1980;27.5;12.0
03/10/1980;27.0;10.0
04/10/1980;27.5;11.5
05/10/1980;27.4;12.0
06/10/1980;26.5;13.5
07/10/1980;28.0;12.0
08/10/1980;22.0;16.0
09/10/1980;21.0;14.0
10/10/1980;19.0;7.0
11/10/1980;16.5;3.5
12/10/1980;14.5;9.0
13/10/1980;16.5;6.0
14/10/1980;19.0;8.0
15/10/1980;18.0;11.0
16/10/1980;20.5;16.0
17/10/1980;22.5;17.5
18/10/1980;19.5;12.0
19/10/1980;17.0;8.5
20/10/1980;19.0;10.0
21/10/1980;18.5;7.5
22/10/1980;19.0;1.5
23/10/1980;23.5;0.5
24/10/1980;15.5;6.0
25/10/1980;17.0;12.0
26/10/1980;19.0;9.0
27/10/1980;19.2;5.5
28/10/1980;20.0;2.5
29/10/1980;26.5;4.0
30/10/1980;17.0;4.5
31/10/1980;23.0;4.0
01/11/1980;20.5;7.0
02/11/1980;14.0;2.5
03/11/1980;19.0;1.0
04/11/1980;2.5;1.2
05/11/1980;8.0;3.0
06/11/1980;12.5;6.5
07/11/1980;10.0;7.3
08/11/1980;11.5;8.5
09/11/1980;14.0;10.0
10/11/1980;11.5;9.0
11/11/1980;12.0;2.5
12/11/1980;14.0;3.0
13/11/1980;11.5;6.5
14/11/1980;9.0;4.5
15/11/1980;12.5;-2.5
16/11/1980;13.0;3.0
17/11/1980;14.0;1.5
18/11/1980;13.6;11.0
19/11/1980;19.7;10.5
20/11/1980;18.0;1.6
21/11/1980;20.0;1.8
22/11/1980;17.0;3.7
23/11/1980;17.2;7.5
24/11/1980;17.5;6.5
25/11/1980;12.4;6.0
26/11/1980;12.5;7.4
27/11/1980;15.0;10.7
28/11/1980;11.4;4.6
29/11/1980;6.3;1.4
30/11/1980;5.3;1.2
01/12/1980;5.4;3.0
02/12/1980;5.2;-2.0
03/12/1980;4.4;-3.0
04/12/1980;5.5;-0.5
05/12/1980;6.2;-6.0
06/12/1980;8.5;-3.5
07/12/1980;7.5;4.0
08/12/1980;5.5;-3.5
09/12/1980;5.3;-8.5
10/12/1980;9.3;-8.4
11/12/1980;6.9;-1.6
12/12/1980;7.0;3.8
13/12/1980;10.2;2.5
14/12/1980;9.5;5.0
15/12/1980;9.3;7.3
16/12/1980;11.5;8.7
17/12/1980;10.5;4.8
18/12/1980;7.5;5.0
19/12/1980;9.6;3.0
20/12/1980;8.0;3.8
21/12/1980;7.3;4.4
22/12/1980;7.0;-1.3
23/12/1980;14.0;-3.0
24/12/1980;15.4;-3.5
25/12/1980;15.2;-3.6
26/12/1980;11.2;1.4
27/12/1980;11.5;1.3
28/12/1980;10.5;1.5
29/12/1980;8.5;1.4
30/12/1980;9.3;-4.2
31/12/1980;11.0;-4.0
01/01/1981;18.7;-4.0
02/01/1981;3.6;-3.0
03/01/1981;12.4;-2.5
04/01/1981;9.8;7.0
05/01/1981;8.5;1.4
06/01/1981;10.5;-7.2
07/01/1981;2.0;-6.8
08/01/1981;5.0;-2.0
09/01/1981;0.0;-3.0
10/01/1981;1.7;-10.5
11/01/1981;10.0;-11.6
12/01/1981;10.2;-9.8
13/01/1981;10.0;-5.6
14/01/1981;3.0;1.5
15/01/1981;6.5;-3.5
16/01/1981;0.5;-4.5
17/01/1981;10.4;-6.5
18/01/1981;4.5;-3.0
19/01/1981;1.0;-5.2
20/01/1981;6.6;1.4
21/01/1981;4.5;1.0
22/01/1981;8.4;0.8
23/01/1981;8.5;1.1
24/01/1981;7.5;-1.5
25/01/1981;12.5;-6.2
26/01/1981;11.5;-4.5
27/01/1981;13.0;-5.2
28/01/1981;12.8;-6.8
29/01/1981;6.7;-1.0
30/01/1981;1.1;-0.2
31/01/1981;1.4;-3.5
01/02/1981;17.8;-3.0
02/02/1981;20.5;-4.0
03/02/1981;13.5;-3.8
04/02/1981;13.0;5.5
05/02/1981;10.3;3.0
06/02/1981;11.5;-2.5
07/02/1981;13.6;-3.5
08/02/1981;11.0;-1.6
09/02/1981;10.5;5.0
10/02/1981;13.0;6.5
11/02/1981;9.5;7.2
12/02/1981;7.0;3.0
13/02/1981;7.5;-1.0
14/02/1981;6.5;-2.5
15/02/1981;5.8;-7.1
16/02/1981;12.5;-5.4
17/02/1981;7.8;-2.5
18/02/1981;8.4;0.0
19/02/1981;6.2;1.0
20/02/1981;6.6;-4.5
21/02/1981;8.0;-1.0
22/02/1981;7.5;-0.6
23/02/1981;6.8;-2.7
24/02/1981;10.4;-3.2
25/02/1981;13.5;-1.5
26/02/1981;10.0;3.0
27/02/1981;8.0;-3.5
28/02/1981;9.5;-4.7
01/03/1981;7.5;0.2
02/03/1981;3.5;3.0
03/03/1981;5.6;4.3
04/03/1981;9.0;4.8
05/03/1981;11.0;-2.0
06/03/1981;11.5;5.0
07/03/1981;11.6;6.0
08/03/1981;15.0;6.2
09/03/1981;17.3;2.5
10/03/1981;12.0;10.0
11/03/1981;11.5;10.5
12/03/1981;11.6;11.0
13/03/1981;13.0;11.4
14/03/1981;17.0;3.5
15/03/1981;14.5;5.3
16/03/1981;16.5;8.0
17/03/1981;16.3;7.5
18/03/1981;12.3;5.2
19/03/1981;13.2;5.6
20/03/1981;18.7;-0.6
21/03/1981;16.6;4.5
22/03/1981;15.3;6.3
23/03/1981;14.8;2.5
24/03/1981;19.5;7.8
25/03/1981;14.5;11.4
26/03/1981;18.2;9.4
27/03/1981;17.5;10.6
28/03/1981;23.5;8.0
29/03/1981;22.3;12.5
30/03/1981;21.0;12.2
31/03/1981;18.2;13.2
01/04/1981;12.2;11.5
02/04/1981;17.6;9.4
03/04/1981;20.5;7.8
04/04/1981;23.5;7.3
05/04/1981;23.0;7.0
06/04/1981;22.2;9.8
07/04/1981;20.5;6.7
08/04/1981;24.7;7.5
09/04/1981;22.0;11.5
10/04/1981;25.0;10.0
11/04/1981;27.2;7.5
12/04/1981;27.0;7.0
13/04/1981;26.0;3.6
14/04/1981;28.0;10.2
15/04/1981;27.0;10.0
16/04/1981;27.5;10.2
17/04/1981;24.0;9.4
18/04/1981;12.6;5.3
19/04/1981;12.0;-1.4
20/04/1981;11.6;-1.5
21/04/1981;17.2;7.5
22/04/1981;14.5;3.6
23/04/1981;23.0;12.4
24/04/1981;20.0;9.4
25/04/1981;14.5;10.7
26/04/1981;17.0;10.0
27/04/1981;14.0;9.0
28/04/1981;13.5;10.0
29/04/1981;11.5;6.5
30/04/1981;18.2;2.5
01/05/1981;23.0;4.5
02/05/1981;22.7;6.0
03/05/1981;21.2;12.0
04/05/1981;17.5;11.0
05/05/1981;11.0;5.0
06/05/1981;18.0;5.4
07/05/1981;24.0;4.5
08/05/1981;25.5;9.0
09/05/1981;21.0;5.3
10/05/1981;28.3;11.0
11/05/1981;28.0;12.0
12/05/1981;15.0;9.5
13/05/1981;20.0;12.1
14/05/1981;13.0;11.5
15/05/1981;17.0;10.0
16/05/1981;23.0;10.6
17/05/1981;22.6;3.5
18/05/1981;22.0;10.5
19/05/1981;25.6;7.5
20/05/1981;27.8;7.6
21/05/1981;29.0;9.5
22/05/1981;30.0;13.2
23/05/1981;24.0;14.3
24/05/1981;24.2;12.4
25/05/1981;22.0;9.5
26/05/1981;25.2;13.1
27/05/1981;20.2;13.3
28/05/1981;19.2;11.7
29/05/1981;20.0;7.6
30/05/1981;25.0;8.2
31/05/1981;28.5;10.5
01/06/1981;32.0;12.5
02/06/1981;33.0;13.5
03/06/1981;33.4;15.5
04/06/1981;31.5;18.7
05/06/1981;31.3;11.5
06/06/1981;25.6;16.5
07/06/1981;20.0;11.0
08/06/1981;28.5;10.5
09/06/1981;34.0;13.0
10/06/1981;36.0;13.5
11/06/1981;37.0;13.6
12/06/1981;33.0;14.0
13/06/1981;38.0;13.5
14/06/1981;32.7;15.0
15/06/1981;39.5;17.0
16/06/1981;39.2;16.0
17/06/1981;36.5;18.5
18/06/1981;36.5;12.2
19/06/1981;24.5;7.1
20/06/1981;29.3;8.6
21/06/1981;25.0;10.0
22/06/1981;31.0;9.7
23/06/1981;23.0;10.0
24/06/1981;25.3;12.3
25/06/1981;30.7;12.5
26/06/1981;26.0;17.5
27/06/1981;27.0;13.5
28/06/1981;29.5;13.5
29/06/1981;33.2;17.0
30/06/1981;30.3;12.0
01/07/1981;25.4;10.0
02/07/1981;30.0;12.5
03/07/1981;32.0;18.0
04/07/1981;26.5;18.5
05/07/1981;29.8;12.6
06/07/1981;30.5;11.8
07/07/1981;29.5;12.7
08/07/1981;31.5;16.1
09/07/1981;31.6;14.0
10/07/1981;33.0;15.2
11/07/1981;33.4;17.0
12/07/1981;31.5;15.4
13/07/1981;30.7;17.5
14/07/1981;30.5;17.6
15/07/1981;30.0;18.0
16/07/1981;32.6;18.2
17/07/1981;32.8;15.4
18/07/1981;30.5;21.5
19/07/1981;25.0;15.5
20/07/1981;24.7;9.0
21/07/1981;29.0;10.7
22/07/1981;28.5;10.5
23/07/1981;30.3;11.7
24/07/1981;28.3;17.2
25/07/1981;27.0;14.5
26/07/1981;26.5;14.0
27/07/1981;26.0;10.3
28/07/1981;29.0;11.2
29/07/1981;31.0;11.4
30/07/1981;31.2;12.7
31/07/1981;31.1;12.2
01/08/1981;31.0;14.2
02/08/1981;34.0;15.1
03/08/1981;37.2;15.2
04/08/1981;39.5;20.4
05/08/1981;37.4;18.1
06/08/1981;34.5;18.3
07/08/1981;34.6;17.5
08/08/1981;36.5;19.6
09/08/1981;35.3;19.0
10/08/1981;32.0;17.5
11/08/1981;31.0;15.0
12/08/1981;29.8;14.0
13/08/1981;25.5;14.5
14/08/1981;24.5;15.0
15/08/1981;30.0;13.0
16/08/1981;30.3;12.5
17/08/1981;34.3;13.8
18/08/1981;30.5;19.3
19/08/1981;28.5;10.5
20/08/1981;32.0;13.3
21/08/1981;29.3;21.0
22/08/1981;28.0;14.4
23/08/1981;30.1;13.3
24/08/1981;29.5;16.0
25/08/1981;24.5;9.0
26/08/1981;26.3;8.0
27/08/1981;28.0;9.5
28/08/1981;28.7;13.5
29/08/1981;26.7;15.5
30/08/1981;28.0;10.0
31/08/1981;30.0;15.5
01/09/1981;30.5;15.0
02/09/1981;29.0;14.5
03/09/1981;29.3;18.0
04/09/1981;23.3;15.5
05/09/1981;23.0;16.0
06/09/1981;22.0;13.5
07/09/1981;24.0;13.0
08/09/1981;28.3;9.8
09/09/1981;31.5;12.5
10/09/1981;26.0;17.5
11/09/1981;25.3;18.0
12/09/1981;29.0;16.0
13/09/1981;30.8;13.5
14/09/1981;27.3;16.2
15/09/1981;27.5;12.0
16/09/1981;27.3;9.0
17/09/1981;28.0;11.2
18/09/1981;28.5;12.0
19/09/1981;27.0;16.0
20/09/1981;25.2;19.4
21/09/1981;28.5;19.0
22/09/1981;28.3;16.5
23/09/1981;29.0;19.0
24/09/1981;28.5;18.5
25/09/1981;22.5;16.0
26/09/1981;21.0;13.3
27/09/1981;24.0;14.0
28/09/1981;24.4;14.3
29/09/1981;17.0;13.5
30/09/1981;20.5;10.0
01/10/1981;25.0;11.5
02/10/1981;25.5;13.5
03/10/1981;18.2;12.6
04/10/1981;22.8;17.0
05/10/1981;23.0;15.2
06/10/1981;24.5;16.0
07/10/1981;26.6;15.0
08/10/1981;26.8;13.3
09/10/1981;28.0;13.4
10/10/1981;23.5;14.7
11/10/1981;21.3;17.3
12/10/1981;17.0;15.0
13/10/1981;20.0;15.3
14/10/1981;24.2;11.3
15/10/1981;22.7;15.5
16/10/1981;22.4;18.0
17/10/1981;25.0;11.0
18/10/1981;27.7;11.5
19/10/1981;27.0;15.8
20/10/1981;21.6;17.7
21/10/1981;21.3;13.7
22/10/1981;17.8;11.0
23/10/1981;25.5;6.7
24/10/1981;16.5;4.0
25/10/1981;18.0;2.5
26/10/1981;10.4;6.6
27/10/1981;11.0;7.5
28/10/1981;7.8;6.0
29/10/1981;12.3;7.0
30/10/1981;12.5;8.3
31/10/1981;14.5;13.5
01/11/1981;20.0;9.5
02/11/1981;22.0;9.0
03/11/1981;12.5;10.5
04/11/1981;15.0;11.5
05/11/1981;11.6;10.0
06/11/1981;11.5;11.3
07/11/1981;17.7;3.2
08/11/1981;16.7;3.5
09/11/1981;7.8;0.5
10/11/1981;10.8;-4.6
11/11/1981;11.5;-6.0
12/11/1981;12.4;2.0
13/11/1981;11.0;-0.7
14/11/1981;13.4;2.0
15/11/1981;15.8;-2.5
16/11/1981;14.5;-6.0
17/11/1981;13.3;-6.7
18/11/1981;16.5;-6.0
19/11/1981;15.0;1.5
20/11/1981;7.5;5.3
21/11/1981;11.5;6.0
22/11/1981;11.0;6.2
23/11/1981;11.3;7.3
24/11/1981;13.5;11.5
25/11/1981;13.0;11.0
26/11/1981;18.3;4.4
27/11/1981;13.0;-4.0
28/11/1981;11.6;2.5
29/11/1981;15.5;-2.0
30/11/1981;10.5;-3.5
01/12/1981;7.0;-1.5
02/12/1981;7.5;-3.0
03/12/1981;13.5;-3.2
04/12/1981;9.0;-1.5
05/12/1981;12.3;-1.6
06/12/1981;13.4;-3.5
07/12/1981;8.0;0.0
08/12/1981;10.5;8.5
09/12/1981;13.3;11.3
10/12/1981;13.0;11.5
11/12/1981;11.8;10.5
12/12/1981;13.3;11.5
13/12/1981;12.8;4.5
14/12/1981;6.6;1.5
15/12/1981;4.5;2.2
16/12/1981;12.0;6.4
17/12/1981;13.2;7.3
18/12/1981;14.2;6.5
19/12/1981;12.8;7.0
20/12/1981;7.5;2.0
21/12/1981;7.8;-2.5
22/12/1981;3.0;1.5
23/12/1981;6.5;3.5
24/12/1981;7.0;5.3
25/12/1981;10.0;5.5
26/12/1981;13.0;-3.6
27/12/1981;13.5;-3.5
28/12/1981;5.5;0.0
29/12/1981;10.5;3.5
30/12/1981;10.6;7.5
31/12/1981;12.8;10.5
01/01/1982;14.5;12.3
02/01/1982;11.0;5.5
03/01/1982;18.5;0.0
04/01/1982;16.0;3.0
05/01/1982;10.5;8.7
06/01/1982;11.5;9.0
07/01/1982;11.5;10.0
08/01/1982;15.0;1.0
09/01/1982;8.0;3.0
10/01/1982;9.5;3.2
11/01/1982;10.0;8.3
12/01/1982;12.5;8.0
13/01/1982;10.0;4.4
14/01/1982;8.5;4.3
15/01/1982;8.0;3.2
16/01/1982;9.5;-0.5
17/01/1982;11.1;-0.5
18/01/1982;11.0;-1.0
19/01/1982;14.8;-1.2
20/01/1982;12.6;-1.0
21/01/1982;14.3;-2.3
22/01/1982;16.0;-3.5
23/01/1982;15.5;-3.6
24/01/1982;11.0;-1.5
25/01/1982;11.2;-1.5
26/01/1982;7.4;-2.0
27/01/1982;13.5;-1.0
28/01/1982;6.5;2.5
29/01/1982;8.5;-1.5
30/01/1982;5.6;-4.0
31/01/1982;6.5;-0.5
01/02/1982;15.0;0.4
02/02/1982;14.0;-3.0
03/02/1982;9.3;-4.5
04/02/1982;10.0;-6.8
05/02/1982;12.0;-4.0
06/02/1982;15.3;-6.0
07/02/1982;6.5;-1.0
08/02/1982;13.2;3.5
09/02/1982;9.5;6.0
10/02/1982;13.3;-1.5
11/02/1982;12.5;-2.3
12/02/1982;11.5;-4.5
13/02/1982;16.0;-3.5
14/02/1982;13.5;-0.8
15/02/1982;10.0;3.5
16/02/1982;9.5;3.0
17/02/1982;8.0;3.5
18/02/1982;11.0;9.8
19/02/1982;13.8;3.0
20/02/1982;14.8;5.0
21/02/1982;9.0;0.1
22/02/1982;2.3;-1.0
23/02/1982;3.4;-6.0
24/02/1982;11.0;0.1
25/02/1982;2.7;-4.0
26/02/1982;10.4;1.0
27/02/1982;4.5;1.5
28/02/1982;9.3;-1.8
01/03/1982;18.3;-2.0
02/03/1982;16.0;5.4
03/03/1982;10.5;-0.5
04/03/1982;19.4;1.5
05/03/1982;17.5;5.0
06/03/1982;6.0;4.3
07/03/1982;4.6;3.5
08/03/1982;7.7;0.0
09/03/1982;12.5;0.1
10/03/1982;17.0;3.5
11/03/1982;13.0;8.0
12/03/1982;14.0;0.1
13/03/1982;17.0;6.0
14/03/1982;7.5;0.1
15/03/1982;14.2;-3.0
16/03/1982;16.0;-2.7
17/03/1982;16.5;-1.5
18/03/1982;13.0;7.4
19/03/1982;13.0;5.5
20/03/1982;16.0;-1.0
21/03/1982;11.0;6.0
22/03/1982;10.8;3.0
23/03/1982;11.0;2.8
24/03/1982;8.8;5.0
25/03/1982;12.4;1.5
26/03/1982;15.0;-1.5
27/03/1982;20.0;-1.0
28/03/1982;22.5;8.8
29/03/1982;9.5;9.3
30/03/1982;12.6;10.5
31/03/1982;12.0;6.0
01/04/1982;17.0;3.0
02/04/1982;19.4;4.3
03/04/1982;22.0;3.6
04/04/1982;22.2;7.3
05/04/1982;23.0;4.5
06/04/1982;25.5;8.5
07/04/1982;25.0;6.7
08/04/1982;18.5;4.3
09/04/1982;16.5;9.0
10/04/1982;25.5;9.5
11/04/1982;20.5;7.0
12/04/1982;20.0;5.0
13/04/1982;21.7;5.5
14/04/1982;15.8;6.8
15/04/1982;8.5;6.0
16/04/1982;10.0;6.5
17/04/1982;18.0;1.0
18/04/1982;17.0;8.8
19/04/1982;20.0;8.5
20/04/1982;12.5;1.5
21/04/1982;15.5;0.5
22/04/1982;17.3;2.3
23/04/1982;17.7;7.3
24/04/1982;19.0;5.5
25/04/1982;15.2;6.0
26/04/1982;14.5;8.0
27/04/1982;22.5;2.0
28/04/1982;22.8;0.1
29/04/1982;21.0;0.0
30/04/1982;19.5;3.5
01/05/1982;14.5;6.0
02/05/1982;20.0;1.5
03/05/1982;23.0;2.0
04/05/1982;21.5;7.5
05/05/1982;17.8;9.5
06/05/1982;17.5;8.3
07/05/1982;17.0;8.5
08/05/1982;19.0;10.5
09/05/1982;15.0;12.0
10/05/1982;17.5;7.5
11/05/1982;16.3;10.0
12/05/1982;22.3;7.5
13/05/1982;24.3;7.3
14/05/1982;23.0;7.0
15/05/1982;25.5;6.5
16/05/1982;29.3;7.5
17/05/1982;29.0;8.2
18/05/1982;28.0;9.3
19/05/1982;27.8;7.5
20/05/1982;27.9;8.0
21/05/1982;28.3;7.0
22/05/1982;28.0;10.5
23/05/1982;26.7;13.5
24/05/1982;22.0;16.0
25/05/1982;21.5;7.5
26/05/1982;24.5;7.0
27/05/1982;26.5;8.7
28/05/1982;29.5;10.0
29/05/1982;30.5;12.7
30/05/1982;31.5;15.0
31/05/1982;25.4;13.5
01/06/1982;28.0;11.4
02/06/1982;30.8;13.5
03/06/1982;32.7;13.6
04/06/1982;33.5;12.2
05/06/1982;33.8;13.0
06/06/1982;30.5;14.8
07/06/1982;29.6;13.0
08/06/1982;29.5;13.5
09/06/1982;30.0;17.8
10/06/1982;29.5;14.5
11/06/1982;28.0;21.0
12/06/1982;27.5;18.5
13/06/1982;22.0;16.8
14/06/1982;20.0;9.5
15/06/1982;15.0;10.0
16/06/1982;26.0;11.5
17/06/1982;27.3;16.4
18/06/1982;27.0;13.5
19/06/1982;22.3;18.0
20/06/1982;28.7;11.5
21/06/1982;30.5;16.0
22/06/1982;32.3;17.5
23/06/1982;30.4;16.5
24/06/1982;32.5;20.5
25/06/1982;31.5;18.0
26/06/1982;36.0;19.0
27/06/1982;33.5;19.7
28/06/1982;25.5;12.0
29/06/1982;30.5;13.0
30/06/1982;28.5;19.3
01/07/1982;;
02/07/1982;;
03/07/1982;;
04/07/1982;;
05/07/1982;;
06/07/1982;;
07/07/1982;;
08/07/1982;;
09/07/1982;;
10/07/1982;;
11/07/1982;;
12/07/1982;;
13/07/1982;;
14/07/1982;;
15/07/1982;;
16/07/1982;;
17/07/1982;;
18/07/1982;;
19/07/1982;;
20/07/1982;;
21/07/1982;;
22/07/1982;;
23/07/1982;;
24/07/1982;;
25/07/1982;;
26/07/1982;;
27/07/1982;;
28/07/1982;;
29/07/1982;;
30/07/1982;;
31/07/1982;;
01/08/1982;35.0;16.0
02/08/1982;34.8;16.2
03/08/1982;35.0;20.0
04/08/1982;29.8;17.0
05/08/1982;31.0;18.0
06/08/1982;30.5;16.0
07/08/1982;29.3;16.5
08/08/1982;28.5;15.5
09/08/1982;23.0;16.3
10/08/1982;30.0;15.5
11/08/1982;30.5;15.3
12/08/1982;31.2;13.5
13/08/1982;36.0;16.0
14/08/1982;34.0;15.0
15/08/1982;35.0;15.2
16/08/1982;35.5;13.3
17/08/1982;33.7;15.5
18/08/1982;33.0;16.5
19/08/1982;34.7;14.5
20/08/1982;34.5;16.0
21/08/1982;29.0;18.0
22/08/1982;23.3;16.0
23/08/1982;23.0;9.0
24/08/1982;19.5;13.0
25/08/1982;24.5;14.5
26/08/1982;29.0;12.5
27/08/1982;32.2;15.5
28/08/1982;32.0;18.0
29/08/1982;21.5;19.5
30/08/1982;28.0;14.5
31/08/1982;20.5;17.0
01/09/1982;23.3;15.5
02/09/1982;23.7;18.5
03/09/1982;28.5;18.0
04/09/1982;30.0;16.5
05/09/1982;30.5;17.0
06/09/1982;35.5;18.5
07/09/1982;30.5;16.5
08/09/1982;19.0;12.5
09/09/1982;22.0;14.0
10/09/1982;27.6;14.8
11/09/1982;27.3;14.5
12/09/1982;28.0;15.5
13/09/1982;28.5;14.5
14/09/1982;30.0;14.0
15/09/1982;27.8;12.5
16/09/1982;30.0;13.3
17/09/1982;30.5;13.0
18/09/1982;31.3;13.8
19/09/1982;30.8;14.0
20/09/1982;30.0;13.5
21/09/1982;29.0;17.0
22/09/1982;22.5;18.2
23/09/1982;28.0;18.0
24/09/1982;24.0;15.3
25/09/1982;26.0;16.7
26/09/1982;30.0;18.0
27/09/1982;31.0;14.8
28/09/1982;28.8;7.5
29/09/1982;28.0;8.5
30/09/1982;27.3;12.0
01/10/1982;20.3;15.0
02/10/1982;20.5;12.5
03/10/1982;24.5;10.8
04/10/1982;22.5;11.0
05/10/1982;20.0;10.0
06/10/1982;13.6;12.0
07/10/1982;17.8;12.2
08/10/1982;19.0;10.5
09/10/1982;17.0;11.0
10/10/1982;18.0;10.8
11/10/1982;20.0;10.0
12/10/1982;22.5;11.8
13/10/1982;22.0;8.5
14/10/1982;19.5;13.0
15/10/1982;19.8;9.0
16/10/1982;20.3;7.0
17/10/1982;20.5;5.5
18/10/1982;15.5;12.5
19/10/1982;20.5;12.0
20/10/1982;20.0;14.5
21/10/1982;23.0;7.5
22/10/1982;23.5;7.4
23/10/1982;15.0;13.0
24/10/1982;18.0;13.3
25/10/1982;17.0;10.5
26/10/1982;18.2;5.3
27/10/1982;18.0;12.0
28/10/1982;19.8;7.0
29/10/1982;19.0;9.0
30/10/1982;19.5;8.8
31/10/1982;19.0;5.3
01/11/1982;19.8;4.0
02/11/1982;22.8;3.5
03/11/1982;22.3;3.0
04/11/1982;20.0;2.5
05/11/1982;19.0;5.0
06/11/1982;18.8;8.3
07/11/1982;14.0;1.3
08/11/1982;13.0;3.0
09/11/1982;15.5;8.0
10/11/1982;17.5;3.5
11/11/1982;16.0;11.5
12/11/1982;18.5;7.0
13/11/1982;21.5;10.0
14/11/1982;15.0;11.0
15/11/1982;15.5;7.5
16/11/1982;8.4;7.0
17/11/1982;9.5;3.5
18/11/1982;12.5;-1.3
19/11/1982;15.0;-0.5
20/11/1982;17.2;-0.1
21/11/1982;17.0;-1.5
22/11/1982;16.0;2.0
23/11/1982;13.3;5.0
24/11/1982;13.5;8.5
25/11/1982;14.0;7.5
26/11/1982;17.5;9.5
27/11/1982;15.0;8.5
28/11/1982;11.0;5.5
29/11/1982;14.0;4.0
30/11/1982;14.2;7.5
01/12/1982;15.0;10.5
02/12/1982;8.5;8.5
03/12/1982;13.0;10.0
04/12/1982;11.5;6.0
05/12/1982;14.5;-1.0
06/12/1982;16.6;-3.0
07/12/1982;10.0;1.5
08/12/1982;11.0;9.0
09/12/1982;14.5;12.5
10/12/1982;14.0;12.0
11/12/1982;14.5;1.5
12/12/1982;10.0;1.5
13/12/1982;7.0;4.3
14/12/1982;9.5;4.5
15/12/1982;9.0;-1.5
16/12/1982;8.0;0.0
17/12/1982;12.0;-0.5
18/12/1982;15.0;9.5
19/12/1982;10.5;3.8
20/12/1982;6.5;-2.0
21/12/1982;12.5;0.5
22/12/1982;8.0;5.0
23/12/1982;7.0;0.5
24/12/1982;7.4;1.5
25/12/1982;6.5;4.5
26/12/1982;8.5;4.0
27/12/1982;12.0;-2.0
28/12/1982;15.0;-2.5
29/12/1982;6.0;-1.0
30/12/1982;9.5;-6.5
31/12/1982;9.0;-6.5
01/01/1983;8.5;-4.5
02/01/1983;4.0;-1.0
03/01/1983;11.0;1.0
04/01/1983;6.5;4.5
05/01/1983;10.0;7.0
06/01/1983;13.0;7.5
07/01/1983;17.0;5.5
08/01/1983;10.0;7.0
09/01/1983;8.0;4.0
10/01/1983;12.0;-5.0
11/01/1983;13.0;-6.0
12/01/1983;11.5;-6.5
13/01/1983;10.3;-2.5
14/01/1983;6.5;4.0
15/01/1983;11.0;2.0
16/01/1983;12.0;-0.5
17/01/1983;15.5;-2.0
18/01/1983;6.0;2.0
19/01/1983;11.5;0.0
20/01/1983;14.0;-1.5
21/01/1983;8.0;-6.0
22/01/1983;9.5;-6.0
23/01/1983;11.0;-5.5
24/01/1983;12.0;-4.0
25/01/1983;2.0;-3.0
26/01/1983;3.0;-4.5
27/01/1983;4.0;-1.0
28/01/1983;8.5;4.0
29/01/1983;10.4;7.0
30/01/1983;11.0;7.5
31/01/1983;11.0;6.0
01/02/1983;13.0;-2.5
02/02/1983;10.0;2.0
03/02/1983;14.0;-4.5
04/02/1983;13.5;-5.5
05/02/1983;8.0;-8.0
06/02/1983;9.0;-2.0
07/02/1983;9.5;1.6
08/02/1983;4.0;0.5
09/02/1983;3.0;0.5
10/02/1983;3.8;0.0
11/02/1983;3.0;0.0
12/02/1983;5.0;-1.5
13/02/1983;6.0;0.5
14/02/1983;3.0;-0.5
15/02/1983;13.0;-7.5
16/02/1983;11.0;-7.0
17/02/1983;9.5;-7.5
18/02/1983;10.5;-7.5
19/02/1983;15.0;-10.0
20/02/1983;13.0;-3.0
21/02/1983;12.0;3.0
22/02/1983;16.0;4.0
23/02/1983;6.0;-4.0
24/02/1983;5.5;-6.5
25/02/1983;13.0;-7.0
26/02/1983;10.0;2.0
27/02/1983;11.0;3.0
28/02/1983;5.0;-1.0
01/03/1983;9.0;0.0
02/03/1983;12.5;2.0
03/03/1983;9.5;6.0
04/03/1983;10.5;-2.5
05/03/1983;15.0;-4.0
06/03/1983;17.4;-3.0
07/03/1983;19.0;1.5
08/03/1983;12.0;6.5
09/03/1983;14.5;8.0
10/03/1983;12.0;7.5
11/03/1983;17.0;0.0
12/03/1983;18.5;1.0
13/03/1983;11.0;0.5
14/03/1983;12.0;0.0
15/03/1983;12.5;3.5
16/03/1983;13.5;9.5
17/03/1983;12.0;10.0
18/03/1983;12.5;1.5
19/03/1983;19.0;1.0
20/03/1983;22.0;4.0
21/03/1983;23.0;3.5
22/03/1983;16.5;6.0
23/03/1983;17.0;11.0
24/03/1983;19.0;4.0
25/03/1983;13.5;9.7
26/03/1983;14.0;8.0
27/03/1983;14.3;0.0
28/03/1983;16.3;3.0
29/03/1983;13.0;6.5
30/03/1983;14.5;5.5
31/03/1983;18.0;3.0
01/04/1983;16.0;4.0
02/04/1983;12.0;5.3
03/04/1983;14.0;5.5
04/04/1983;11.0;3.0
05/04/1983;8.0;2.5
06/04/1983;15.5;2.0
07/04/1983;11.5;9.0
08/04/1983;17.0;9.5
09/04/1983;19.5;10.5
10/04/1983;18.0;10.0
11/04/1983;21.0;10.2
12/04/1983;20.5;11.0
13/04/1983;17.0;8.0
14/04/1983;12.5;0.0
15/04/1983;16.5;-0.5
16/04/1983;19.4;1.0
17/04/1983;22.0;2.5
18/04/1983;20.0;9.5
19/04/1983;28.5;9.3
20/04/1983;20.5;8.0
21/04/1983;16.0;8.2
22/04/1983;23.0;10.0
23/04/1983;20.0;5.0
24/04/1983;23.0;10.0
25/04/1983;21.0;3.0
26/04/1983;22.0;7.0
27/04/1983;21.0;11.5
28/04/1983;23.5;8.0
29/04/1983;20.5;11.5
30/04/1983;26.0;8.5
01/05/1983;25.0;11.5
02/05/1983;21.0;12.5
03/05/1983;18.0;10.5
04/05/1983;21.0;6.0
05/05/1983;23.0;6.5
06/05/1983;25.0;7.0
07/05/1983;24.0;10.0
08/05/1983;23.0;13.5
09/05/1983;20.3;11.8
10/05/1983;19.5;6.5
11/05/1983;22.7;12.0
12/05/1983;21.3;14.2
13/05/1983;22.5;12.0
14/05/1983;25.5;10.0
15/05/1983;27.0;12.3
16/05/1983;30.5;14.7
17/05/1983;24.0;5.5
18/05/1983;26.5;13.5
19/05/1983;28.5;5.5
20/05/1983;24.5;6.0
21/05/1983;28.0;10.0
22/05/1983;28.5;14.5
23/05/1983;28.5;12.0
24/05/1983;20.0;10.0
25/05/1983;16.0;10.0
26/05/1983;18.5;9.0
27/05/1983;19.8;11.5
28/05/1983;18.0;12.5
29/05/1983;22.3;7.5
30/05/1983;22.5;13.5
31/05/1983;25.0;8.0
01/06/1983;29.3;11.0
02/06/1983;31.5;18.0
03/06/1983;31.0;10.0
04/06/1983;32.0;12.5
05/06/1983;31.5;12.5
06/06/1983;34.0;13.6
07/06/1983;29.8;14.8
08/06/1983;25.0;11.5
09/06/1983;26.8;9.3
10/06/1983;31.5;12.5
11/06/1983;31.6;16.0
12/06/1983;29.0;11.7
13/06/1983;28.5;11.0
14/06/1983;29.5;13.5
15/06/1983;28.0;11.5
16/06/1983;17.5;11.7
17/06/1983;21.5;6.7
18/06/1983;26.3;13.0
19/06/1983;17.5;12.7
20/06/1983;20.5;11.0
21/06/1983;25.5;10.5
22/06/1983;25.3;15.4
23/06/1983;19.0;14.5
24/06/1983;25.0;13.0
25/06/1983;30.0;14.0
26/06/1983;30.0;12.7
27/06/1983;31.7;14.5
28/06/1983;26.0;15.7
29/06/1983;24.7;16.5
30/06/1983;25.0;10.0
01/07/1983;30.5;13.5
02/07/1983;25.5;13.0
03/07/1983;27.5;12.5
04/07/1983;30.0;13.0
05/07/1983;32.5;16.0
06/07/1983;32.5;17.0
07/07/1983;27.5;19.0
08/07/1983;27.0;17.4
09/07/1983;28.5;19.5
10/07/1983;31.5;15.5
11/07/1983;32.0;14.0
12/07/1983;33.5;19.5
13/07/1983;33.5;16.0
14/07/1983;34.0;16.3
15/07/1983;30.0;13.5
16/07/1983;31.5;13.0
17/07/1983;32.0;18.0
18/07/1983;35.5;14.5
19/07/1983;36.5;15.3
20/07/1983;36.0;15.5
21/07/1983;36.5;15.5
22/07/1983;38.8;16.0
23/07/1983;38.0;18.0
24/07/1983;38.0;16.0
25/07/1983;37.5;18.0
26/07/1983;39.0;19.5
27/07/1983;41.5;20.5
28/07/1983;40.6;17.0
29/07/1983;39.5;15.5
30/07/1983;37.5;17.5
31/07/1983;36.8;14.5
01/08/1983;40.0;17.0
02/08/1983;37.0;19.5
03/08/1983;30.5;21.0
04/08/1983;26.5;10.5
05/08/1983;30.0;10.5
06/08/1983;20.7;12.0
07/08/1983;29.0;13.5
08/08/1983;26.0;13.0
09/08/1983;29.5;12.0
10/08/1983;32.5;16.0
11/08/1983;31.0;17.8
12/08/1983;29.0;17.5
13/08/1983;27.5;15.5
14/08/1983;31.0;16.5
15/08/1983;27.5;10.3
16/08/1983;28.5;10.5
17/08/1983;32.8;15.5
18/08/1983;29.5;15.5
19/08/1983;28.7;14.0
20/08/1983;29.8;14.5
21/08/1983;32.0;14.0
22/08/1983;34.0;15.0
23/08/1983;33.5;14.0
24/08/1983;33.0;19.5
25/08/1983;33.5;18.0
26/08/1983;26.0;19.3
27/08/1983;26.5;17.0
28/08/1983;30.5;17.0
29/08/1983;29.5;19.0
30/08/1983;29.0;18.0
31/08/1983;27.5;17.0
01/09/1983;28.0;14.7
02/09/1983;31.0;20.0
03/09/1983;25.0;17.5
04/09/1983;25.0;13.5
05/09/1983;27.0;9.0
06/09/1983;30.5;12.0
07/09/1983;32.5;12.5
08/09/1983;31.0;13.5
09/09/1983;30.5;13.0
10/09/1983;29.5;14.6
11/09/1983;28.0;21.0
12/09/1983;28.0;14.5
13/09/1983;23.5;6.5
14/09/1983;27.6;9.0
15/09/1983;28.4;8.5
16/09/1983;28.0;13.0
17/09/1983;26.0;19.0
18/09/1983;22.0;7.0
19/09/1983;28.5;7.0
20/09/1983;31.0;9.0
21/09/1983;31.5;9.6
22/09/1983;32.0;10.5
23/09/1983;28.0;13.0
24/09/1983;33.0;12.5
25/09/1983;33.0;13.2
26/09/1983;33.0;13.0
27/09/1983;22.0;11.0
28/09/1983;26.0;9.5
29/09/1983;27.3;12.0
30/09/1983;24.5;15.0
01/10/1983;22.3;13.0
02/10/1983;24.5;11.0
03/10/1983;24.5;12.5
04/10/1983;29.0;9.5
05/10/1983;28.0;9.8
06/10/1983;27.0;12.5
07/10/1983;24.5;14.0
08/10/1983;23.5;10.5
09/10/1983;24.0;12.5
10/10/1983;23.0;11.0
11/10/1983;27.0;14.8
12/10/1983;22.0;10.5
13/10/1983;22.0;12.5
14/10/1983;25.7;13.5
15/10/1983;24.5;7.0
16/10/1983;22.5;14.0
17/10/1983;24.0;16.5
18/10/1983;19.5;9.5
19/10/1983;19.5;9.5
20/10/1983;20.3;3.5
21/10/1983;25.5;4.5
22/10/1983;25.5;9.5
23/10/1983;12.0;7.5
24/10/1983;13.5;6.0
25/10/1983;14.5;-1.5
26/10/1983;16.5;-0.5
27/10/1983;22.0;0.0
28/10/1983;24.4;1.5
29/10/1983;21.0;6.0
30/10/1983;18.0;6.5
31/10/1983;12.0;11.5
01/11/1983;14.5;9.5
02/11/1983;15.5;10.0
03/11/1983;16.0;5.0
04/11/1983;19.5;9.5
05/11/1983;23.0;7.0
06/11/1983;19.0;4.0
07/11/1983;18.5;3.5
08/11/1983;16.5;9.3
09/11/1983;18.0;2.5
10/11/1983;21.0;-1.0
11/11/1983;19.3;-0.5
12/11/1983;16.5;0.5
13/11/1983;13.5;-1.0
14/11/1983;10.5;6.0
15/11/1983;8.0;0.0
16/11/1983;10.0;-6.5
17/11/1983;11.0;-2.0
18/11/1983;8.5;3.5
19/11/1983;10.5;-1.5
20/11/1983;11.0;-7.0
21/11/1983;12.5;1.0
22/11/1983;8.0;3.5
23/11/1983;10.0;-1.0
24/11/1983;13.0;1.6
25/11/1983;11.0;-1.0
26/11/1983;10.0;3.5
27/11/1983;17.5;7.5
28/11/1983;16.5;5.0
29/11/1983;16.0;3.5
30/11/1983;14.0;-3.5
01/12/1983;13.5;0.5
02/12/1983;5.5;1.0
03/12/1983;5.5;1.5
04/12/1983;5.0;0.0
05/12/1983;12.5;1.0
06/12/1983;7.5;-4.5
07/12/1983;11.0;-2.0
08/12/1983;7.5;1.0
09/12/1983;6.0;-4.0
10/12/1983;10.5;-3.5
11/12/1983;6.0;1.0
12/12/1983;7.6;0.0
13/12/1983;5.5;0.0
14/12/1983;6.0;-0.5
15/12/1983;7.0;-6.5
16/12/1983;10.0;-2.0
17/12/1983;10.0;2.5
18/12/1983;10.5;4.0
19/12/1983;13.0;7.0
20/12/1983;14.0;7.0
21/12/1983;12.0;8.0
22/12/1983;12.0;7.5
23/12/1983;10.0;4.0
24/12/1983;14.5;6.0
25/12/1983;12.0;5.0
26/12/1983;11.0;5.5
27/12/1983;12.5;6.3
28/12/1983;15.0;2.0
29/12/1983;16.5;-2.0
30/12/1983;15.5;-2.0
31/12/1983;15.6;1.0
01/01/1984;11.0;-1.5
02/01/1984;13.0;3.0
03/01/1984;12.0;3.0
04/01/1984;13.5;9.0
05/01/1984;14.5;-3.0
06/01/1984;9.0;-5.0
07/01/1984;7.0;-5.0
08/01/1984;12.0;-3.0
09/01/1984;3.5;1.5
10/01/1984;5.0;2.0
11/01/1984;7.0;0.5
12/01/1984;4.5;-7.0
13/01/1984;6.5;-7.0
14/01/1984;10.5;-4.0
15/01/1984;11.5;0.5
16/01/1984;16.5;-0.6
17/01/1984;16.0;-0.5
18/01/1984;11.0;7.5
19/01/1984;14.0;-2.0
20/01/1984;4.0;-1.0
21/01/1984;6.0;2.0
22/01/1984;7.5;4.0
23/01/1984;9.0;2.5
24/01/1984;10.5;3.5
25/01/1984;11.0;-3.5
26/01/1984;10.5;-6.0
27/01/1984;7.0;-2.3
28/01/1984;5.0;0.0
29/01/1984;8.5;2.0
30/01/1984;10.7;-1.0
31/01/1984;6.0;-1.0
01/02/1984;15.7;7.5
02/02/1984;7.5;-1.5
03/02/1984;9.5;-1.0
04/02/1984;14.7;0.0
05/02/1984;14.3;-1.0
06/02/1984;16.0;-0.5
07/02/1984;17.0;3.5
08/02/1984;10.7;4.0
09/02/1984;12.2;4.7
10/02/1984;12.0;4.0
11/02/1984;10.7;0.0
12/02/1984;10.0;1.0
13/02/1984;6.5;-0.7
14/02/1984;5.7;-0.5
15/02/1984;4.7;-1.5
16/02/1984;0.7;-2.5
17/02/1984;1.8;-1.5
18/02/1984;2.7;-1.5
19/02/1984;3.0;-1.0
20/02/1984;6.5;-7.0
21/02/1984;8.0;-4.5
22/02/1984;11.7;1.5
23/02/1984;8.0;2.0
24/02/1984;3.0;0.5
25/02/1984;5.5;1.8
26/02/1984;14.5;5.5
27/02/1984;14.5;4.5
28/02/1984;11.2;-0.5
29/02/1984;12.5;1.0
01/03/1984;8.0;4.5
02/03/1984;8.0;3.7
03/03/1984;13.8;3.0
04/03/1984;3.0;1.0
05/03/1984;7.5;2.5
06/03/1984;10.5;0.0
07/03/1984;13.5;2.0
08/03/1984;14.0;-0.5
09/03/1984;9.0;2.5
10/03/1984;5.5;2.5
11/03/1984;7.0;-0.5
12/03/1984;9.2;-3.0
13/03/1984;11.0;-4.5
14/03/1984;13.0;-4.5
15/03/1984;11.0;-3.0
16/03/1984;12.5;4.0
17/03/1984;14.0;6.0
18/03/1984;11.0;5.0
19/03/1984;14.0;1.0
20/03/1984;13.5;2.0
21/03/1984;12.0;2.0
22/03/1984;10.5;6.0
23/03/1984;15.0;-1.0
24/03/1984;15.5;-1.5
25/03/1984;12.0;6.0
26/03/1984;17.0;6.0
27/03/1984;17.6;9.0
28/03/1984;17.0;5.0
29/03/1984;16.5;9.8
30/03/1984;13.7;7.0
31/03/1984;8.7;-0.5
01/04/1984;14.8;8.0
02/04/1984;15.0;7.5
03/04/1984;12.5;4.5
04/04/1984;9.0;3.5
05/04/1984;12.3;3.5
06/04/1984;14.0;3.0
07/04/1984;15.0;7.5
08/04/1984;12.0;9.0
09/04/1984;15.0;5.5
10/04/1984;16.5;3.3
11/04/1984;18.0;7.0
12/04/1984;12.5;8.0
13/04/1984;17.8;6.3
14/04/1984;14.8;9.3
15/04/1984;19.5;3.5
16/04/1984;14.5;9.5
17/04/1984;14.5;9.0
18/04/1984;12.5;10.0
19/04/1984;16.0;2.5
20/04/1984;12.0;0.0
21/04/1984;18.5;0.0
22/04/1984;12.5;4.0
23/04/1984;24.7;5.0
24/04/1984;24.5;5.0
25/04/1984;25.0;9.5
26/04/1984;17.5;4.0
27/04/1984;25.0;3.5
28/04/1984;22.7;9.5
29/04/1984;19.5;7.0
30/04/1984;11.0;6.7
01/05/1984;9.3;3.0
02/05/1984;13.3;12.5
03/05/1984;20.5;9.5
04/05/1984;24.3;8.6
05/05/1984;22.0;11.0
06/05/1984;15.5;13.0
07/05/1984;21.0;7.5
08/05/1984;25.0;11.5
09/05/1984;22.5;11.5
10/05/1984;11.5;8.0
11/05/1984;11.7;9.8
12/05/1984;14.5;4.7
13/05/1984;18.0;10.0
14/05/1984;13.8;7.3
15/05/1984;20.0;5.5
16/05/1984;13.5;10.5
17/05/1984;19.0;10.3
18/05/1984;18.5;10.5
19/05/1984;20.7;12.5
20/05/1984;20.5;6.5
21/05/1984;22.5;12.5
22/05/1984;18.0;11.5
23/05/1984;17.0;9.0
24/05/1984;14.5;9.4
25/05/1984;20.5;10.3
26/05/1984;17.8;10.5
27/05/1984;19.0;12.5
28/05/1984;17.7;12.0
29/05/1984;18.0;10.0
30/05/1984;18.5;8.8
31/05/1984;21.7;7.0
01/06/1984;20.5;12.5
02/06/1984;24.0;8.3
03/06/1984;27.3;11.0
04/06/1984;27.5;12.0
05/06/1984;20.0;12.0
06/06/1984;16.0;10.5
07/06/1984;21.5;11.0
08/06/1984;20.0;10.5
09/06/1984;20.0;12.7
10/06/1984;23.0;9.5
11/06/1984;27.0;8.5
12/06/1984;25.5;11.3
13/06/1984;26.2;10.3
14/06/1984;28.0;11.0
15/06/1984;27.5;11.0
16/06/1984;27.0;12.3
17/06/1984;27.0;12.0
18/06/1984;28.0;12.8
19/06/1984;31.0;13.5
20/06/1984;30.3;14.0
21/06/1984;32.0;17.0
22/06/1984;29.5;18.7
23/06/1984;27.5;17.5
24/06/1984;26.0;13.5
25/06/1984;24.7;14.3
26/06/1984;27.8;12.0
27/06/1984;31.4;13.7
28/06/1984;32.2;11.7
29/06/1984;29.8;18.5
30/06/1984;28.0;16.0
01/07/1984;28.5;11.0
02/07/1984;29.5;14.5
03/07/1984;30.3;16.7
04/07/1984;29.5;12.0
05/07/1984;28.0;10.0
06/07/1984;28.0;11.0
07/07/1984;29.5;11.0
08/07/1984;30.5;12.0
09/07/1984;29.3;14.0
10/07/1984;33.0;12.0
11/07/1984;34.0;14.3
12/07/1984;36.5;14.5
13/07/1984;36.5;14.5
14/07/1984;35.0;10.0
15/07/1984;33.5;11.5
16/07/1984;30.5;17.0
17/07/1984;29.5;14.0
18/07/1984;26.0;10.0
19/07/1984;30.5;10.5
20/07/1984;31.5;11.0
21/07/1984;31.0;13.0
22/07/1984;34.5;13.5
23/07/1984;34.0;15.0
24/07/1984;33.5;17.5
25/07/1984;32.0;15.0
26/07/1984;33.3;19.5
27/07/1984;33.0;15.0
28/07/1984;30.0;13.5
29/07/1984;32.0;11.5
30/07/1984;34.5;12.7
31/07/1984;35.0;12.5
01/08/1984;36.5;14.5
02/08/1984;34.0;18.0
03/08/1984;34.2;16.5
04/08/1984;38.5;17.0
05/08/1984;38.0;16.0
06/08/1984;36.2;17.0
07/08/1984;34.0;15.5
08/08/1984;31.0;14.5
09/08/1984;30.0;16.5
10/08/1984;19.0;14.5
11/08/1984;21.5;15.5
12/08/1984;25.0;15.5
13/08/1984;28.0;15.5
14/08/1984;29.0;15.5
15/08/1984;26.0;16.5
16/08/1984;26.7;13.5
17/08/1984;28.5;15.5
18/08/1984;25.0;12.0
19/08/1984;28.3;12.0
20/08/1984;30.0;14.5
21/08/1984;28.0;11.0
22/08/1984;29.0;10.7
23/08/1984;29.7;12.5
24/08/1984;30.0;12.0
25/08/1984;25.0;16.7
26/08/1984;27.0;16.5
27/08/1984;27.5;13.0
28/08/1984;30.5;14.5
29/08/1984;27.0;12.0
30/08/1984;26.5;11.0
31/08/1984;27.0;12.0
01/09/1984;31.0;12.0
02/09/1984;31.0;13.0
03/09/1984;32.5;12.3
04/09/1984;31.5;13.0
05/09/1984;29.8;16.0
06/09/1984;27.5;15.5
07/09/1984;23.5;13.0
08/09/1984;22.5;9.5
09/09/1984;24.3;9.2
10/09/1984;25.5;11.0
11/09/1984;27.5;12.0
12/09/1984;27.0;9.0
13/09/1984;28.0;7.5
14/09/1984;28.5;7.0
15/09/1984;25.0;14.0
16/09/1984;21.0;12.5
17/09/1984;23.0;11.2
18/09/1984;24.5;12.5
19/09/1984;20.5;14.5
20/09/1984;18.5;15.5
21/09/1984;18.5;16.5
22/09/1984;23.0;14.5
23/09/1984;23.0;15.0
24/09/1984;19.0;14.2
25/09/1984;20.5;13.0
26/09/1984;17.0;7.5
27/09/1984;20.5;10.0
28/09/1984;19.0;11.3
29/09/1984;20.4;14.0
30/09/1984;25.5;15.0
01/10/1984;20.3;13.3
02/10/1984;22.7;14.0
03/10/1984;19.5;11.5
04/10/1984;16.0;12.3
05/10/1984;20.0;12.0
06/10/1984;16.0;12.5
07/10/1984;16.5;11.0
08/10/1984;12.2;11.0
09/10/1984;18.5;8.0
10/10/1984;24.0;6.5
11/10/1984;21.3;7.0
12/10/1984;21.0;11.0
13/10/1984;19.5;13.5
14/10/1984;21.0;8.0
15/10/1984;23.5;7.0
16/10/1984;23.0;9.0
17/10/1984;22.0;6.3
18/10/1984;22.4;7.7
19/10/1984;17.5;9.8
20/10/1984;20.7;12.8
21/10/1984;19.5;12.5
22/10/1984;20.0;9.0
23/10/1984;20.0;8.5
24/10/1984;20.0;10.5
25/10/1984;16.5;13.0
26/10/1984;15.0;11.0
27/10/1984;17.5;14.0
28/10/1984;16.0;11.5
29/10/1984;15.0;9.0
30/10/1984;17.3;4.6
31/10/1984;21.0;2.0
01/11/1984;20.2;2.0
02/11/1984;20.2;1.4
03/11/1984;21.7;1.3
04/11/1984;17.5;3.5
05/11/1984;18.5;8.8
06/11/1984;16.0;10.0
07/11/1984;15.0;7.3
08/11/1984;17.0;9.5
09/11/1984;17.5;4.5
10/11/1984;18.0;5.0
11/11/1984;20.0;4.0
12/11/1984;20.5;7.4
13/11/1984;14.0;11.5
14/11/1984;13.0;3.3
15/11/1984;11.2;6.5
16/11/1984;13.0;7.5
17/11/1984;12.3;9.0
18/11/1984;11.0;3.0
19/11/1984;8.5;7.2
20/11/1984;8.0;4.0
21/11/1984;11.5;0.5
22/11/1984;6.0;4.5
23/11/1984;13.5;6.0
24/11/1984;16.0;13.0
25/11/1984;17.0;2.0
26/11/1984;19.8;11.3
27/11/1984;15.2;10.5
28/11/1984;12.0;3.5
29/11/1984;12.5;-1.0
30/11/1984;14.0;-0.5
01/12/1984;14.0;1.0
02/12/1984;14.5;6.0
03/12/1984;12.5;9.3
04/12/1984;14.0;9.0
05/12/1984;10.5;3.3
06/12/1984;15.5;0.5
07/12/1984;11.5;2.3
08/12/1984;9.0;-2.0
09/12/1984;15.0;-3.0
10/12/1984;8.0;-2.5
11/12/1984;12.5;-2.0
12/12/1984;7.0;1.5
13/12/1984;11.5;8.5
14/12/1984;9.5;7.0
15/12/1984;12.5;0.0
16/12/1984;10.0;2.0
17/12/1984;13.8;5.0
18/12/1984;16.0;7.5
19/12/1984;14.5;10.0
20/12/1984;10.0;5.0
21/12/1984;10.0;2.5
22/12/1984;10.0;1.5
23/12/1984;10.0;2.5
24/12/1984;8.0;-2.0
25/12/1984;6.0;-2.0
26/12/1984;7.0;-6.0
27/12/1984;8.0;-4.0
28/12/1984;2.0;-2.3
29/12/1984;5.0;3.0
30/12/1984;5.2;4.0
31/12/1984;5.5;1.0
01/01/1985;2.0;-7.0
02/01/1985;7.5;-4.0
03/01/1985;2.0;-6.5
04/01/1985;6.0;-7.8
05/01/1985;6.0;-5.0
06/01/1985;-2.0;-12.0
07/01/1985;1.5;-12.0
08/01/1985;-4.0;-16.5
09/01/1985;-4.5;-7.6
10/01/1985;-2.0;-16.5
11/01/1985;-0.5;-22.0
12/01/1985;-2.5;-20.5
13/01/1985;0.0;-18.0
14/01/1985;1.0;-5.0
15/01/1985;2.5;-0.5
16/01/1985;3.0;0.0
17/01/1985;3.5;1.0
18/01/1985;5.5;-2.5
19/01/1985;2.5;0.0
20/01/1985;7.5;1.0
21/01/1985;6.5;1.5
22/01/1985;12.0;3.0
23/01/1985;13.5;9.5
24/01/1985;18.0;10.0
25/01/1985;11.5;-2.0
26/01/1985;6.5;-0.5
27/01/1985;10.0;6.5
28/01/1985;11.5;-2.5
29/01/1985;9.0;0.0
30/01/1985;7.0;-3.5
31/01/1985;13.0;-3.5
01/02/1985;15.0;0.5
02/02/1985;14.0;4.5
03/02/1985;13.5;7.0
04/02/1985;17.0;-0.5
05/02/1985;16.0;1.5
06/02/1985;11.0;5.5
07/02/1985;10.5;5.5
08/02/1985;12.0;7.5
09/02/1985;11.5;9.0
10/02/1985;13.5;11.0
11/02/1985;11.0;4.0
12/02/1985;5.0;-0.5
13/02/1985;3.5;-5.0
14/02/1985;6.5;-3.0
15/02/1985;9.0;1.0
16/02/1985;5.5;2.0
17/02/1985;7.0;1.0
18/02/1985;3.0;1.0
19/02/1985;2.5;-3.0
20/02/1985;4.5;-6.0
21/02/1985;8.5;-6.0
22/02/1985;11.0;-3.0
23/02/1985;7.0;-3.5
24/02/1985;8.5;-5.5
25/02/1985;14.0;-2.5
26/02/1985;18.5;-1.0
27/02/1985;14.0;2.0
28/02/1985;11.0;4.0
01/03/1985;11.5;7.5
02/03/1985;11.0;7.0
03/03/1985;11.0;5.5
04/03/1985;9.7;1.5
05/03/1985;11.2;3.0
06/03/1985;11.5;7.0
07/03/1985;14.0;5.0
08/03/1985;13.0;10.3
09/03/1985;15.5;7.5
10/03/1985;11.5;5.0
11/03/1985;11.3;3.0
12/03/1985;8.0;3.0
13/03/1985;8.0;1.7
14/03/1985;12.0;5.5
15/03/1985;9.0;6.0
16/03/1985;11.0;2.5
17/03/1985;10.0;2.0
18/03/1985;6.0;-1.5
19/03/1985;7.0;-3.0
20/03/1985;9.0;-3.5
21/03/1985;11.0;3.5
22/03/1985;11.5;7.0
23/03/1985;14.0;8.0
24/03/1985;11.5;6.0
25/03/1985;15.7;4.0
26/03/1985;18.5;0.5
27/03/1985;17.5;7.0
28/03/1985;18.5;4.0
29/03/1985;10.7;2.5
30/03/1985;15.5;-1.0
31/03/1985;17.0;3.0
01/04/1985;16.7;8.5
02/04/1985;21.0;9.0
03/04/1985;18.5;4.5
04/04/1985;20.0;3.0
05/04/1985;23.0;5.0
06/04/1985;18.5;12.0
07/04/1985;16.5;11.5
08/04/1985;20.0;10.5
09/04/1985;18.5;9.5
10/04/1985;22.5;12.5
11/04/1985;18.5;11.5
12/04/1985;18.0;10.0
13/04/1985;11.5;-0.5
14/04/1985;18.0;6.0
15/04/1985;18.4;1.5
16/04/1985;16.0;8.0
17/04/1985;14.5;8.5
18/04/1985;15.0;8.0
19/04/1985;13.5;9.0
20/04/1985;14.5;3.0
21/04/1985;21.5;3.0
22/04/1985;25.0;7.5
23/04/1985;22.0;6.5
24/04/1985;22.5;10.5
25/04/1985;17.5;5.3
26/04/1985;21.5;11.5
27/04/1985;13.0;11.0
28/04/1985;19.5;9.0
29/04/1985;19.0;1.5
30/04/1985;18.5;0.5
01/05/1985;25.5;8.0
02/05/1985;23.5;12.0
03/05/1985;22.3;5.3
04/05/1985;23.0;7.5
05/05/1985;14.0;8.0
06/05/1985;16.0;7.0
07/05/1985;15.5;9.5
08/05/1985;13.3;8.0
09/05/1985;14.0;10.0
10/05/1985;16.0;10.5
11/05/1985;20.5;9.5
12/05/1985;24.0;9.3
13/05/1985;19.5;12.0
14/05/1985;25.5;14.0
15/05/1985;23.8;8.0
16/05/1985;29.5;6.5
17/05/1985;27.5;8.5
18/05/1985;27.8;13.5
19/05/1985;24.0;10.5
20/05/1985;23.7;13.7
21/05/1985;19.5;13.5
22/05/1985;24.0;15.0
23/05/1985;22.5;10.5
24/05/1985;25.0;11.5
25/05/1985;21.5;12.5
26/05/1985;24.5;13.0
27/05/1985;26.5;11.2
28/05/1985;20.0;14.0
29/05/1985;19.0;14.7
30/05/1985;28.0;14.2
31/05/1985;25.7;11.5
01/06/1985;19.0;13.0
02/06/1985;30.0;15.5
03/06/1985;28.0;12.5
04/06/1985;31.0;14.0
05/06/1985;30.5;15.5
06/06/1985;31.0;13.0
07/06/1985;32.5;14.5
08/06/1985;29.0;17.0
09/06/1985;25.5;14.0
10/06/1985;27.0;12.0
11/06/1985;23.5;16.5
12/06/1985;23.5;8.5
13/06/1985;26.0;16.0
14/06/1985;25.5;13.7
15/06/1985;25.0;14.5
16/06/1985;28.0;13.0
17/06/1985;27.5;15.5
18/06/1985;20.5;8.0
19/06/1985;28.0;9.5
20/06/1985;23.0;14.0
21/06/1985;22.5;9.3
22/06/1985;29.0;9.5
23/06/1985;21.0;14.5
24/06/1985;24.5;15.0
25/06/1985;26.5;12.7
26/06/1985;28.3;10.7
27/06/1985;30.5;15.5
28/06/1985;26.5;14.5
29/06/1985;26.5;11.3
30/06/1985;31.5;12.0
01/07/1985;31.5;12.0
02/07/1985;30.5;11.5
03/07/1985;30.0;15.5
04/07/1985;34.5;17.0
05/07/1985;29.6;16.0
06/07/1985;31.0;18.0
07/07/1985;27.5;14.5
08/07/1985;33.5;15.0
09/07/1985;32.5;14.5
10/07/1985;31.0;17.5
11/07/1985;29.5;15.0
12/07/1985;30.5;15.0
13/07/1985;33.0;14.8
14/07/1985;34.5;15.7
15/07/1985;36.0;15.5
16/07/1985;35.0;16.0
17/07/1985;36.0;16.5
18/07/1985;36.0;16.0
19/07/1985;36.5;16.5
20/07/1985;36.0;16.5
21/07/1985;33.5;21.0
22/07/1985;34.5;20.5
23/07/1985;31.0;14.5
24/07/1985;36.0;14.5
25/07/1985;36.5;14.0
26/07/1985;37.5;17.0
27/07/1985;38.0;16.3
28/07/1985;34.5;16.5
29/07/1985;36.0;19.5
30/07/1985;35.5;23.5
31/07/1985;33.5;19.5
01/08/1985;30.0;14.0
02/08/1985;33.5;17.5
03/08/1985;29.8;13.0
04/08/1985;33.5;19.0
05/08/1985;32.0;15.0
06/08/1985;33.0;19.5
07/08/1985;25.5;14.0
08/08/1985;27.0;11.2
09/08/1985;29.5;10.5
10/08/1985;30.0;15.5
11/08/1985;30.0;14.5
12/08/1985;33.2;15.5
13/08/1985;36.0;16.5
14/08/1985;35.5;16.1
15/08/1985;39.0;15.7
16/08/1985;39.0;15.7
17/08/1985;37.5;14.0
18/08/1985;35.5;15.5
19/08/1985;32.5;16.5
20/08/1985;33.5;18.5
21/08/1985;34.0;16.3
22/08/1985;35.5;18.0
23/08/1985;37.4;17.0
24/08/1985;36.3;17.5
25/08/1985;35.5;17.0
26/08/1985;35.0;16.5
27/08/1985;25.5;12.0
28/08/1985;26.5;10.2
29/08/1985;26.0;10.5
30/08/1985;27.0;11.5
31/08/1985;30.3;12.0
01/09/1985;32.0;11.0
02/09/1985;31.5;11.0
03/09/1985;29.3;14.0
04/09/1985;26.0;16.5
05/09/1985;30.5;14.0
06/09/1985;32.7;13.5
07/09/1985;31.2;14.0
08/09/1985;27.0;11.8
09/09/1985;31.5;13.0
10/09/1985;31.5;11.5
11/09/1985;24.0;7.3
12/09/1985;29.7;7.2
13/09/1985;33.5;9.5
14/09/1985;33.0;11.5
15/09/1985;29.5;12.0
16/09/1985;30.5;13.0
17/09/1985;26.0;12.5
18/09/1985;31.0;11.0
19/09/1985;32.5;12.5
20/09/1985;32.0;18.0
21/09/1985;27.5;12.5
22/09/1985;32.0;12.0
23/09/1985;35.0;12.6
24/09/1985;35.5;12.5
25/09/1985;33.5;10.7
26/09/1985;32.0;11.0
27/09/1985;30.5;10.3
28/09/1985;27.8;10.5
29/09/1985;30.5;10.2
30/09/1985;31.5;10.5
01/10/1985;33.0;12.5
02/10/1985;32.0;10.5
03/10/1985;29.5;9.0
04/10/1985;30.0;10.5
05/10/1985;30.0;9.5
06/10/1985;29.5;8.0
07/10/1985;29.0;8.7
08/10/1985;31.0;6.5
09/10/1985;28.0;8.0
10/10/1985;24.7;9.0
11/10/1985;27.0;6.8
12/10/1985;29.5;7.5
13/10/1985;26.5;11.0
14/10/1985;23.5;7.0
15/10/1985;20.5;5.0
16/10/1985;23.0;5.3
17/10/1985;18.8;5.0
18/10/1985;17.5;-0.7
19/10/1985;23.0;0.0
20/10/1985;24.3;8.5
21/10/1985;18.0;10.0
22/10/1985;12.5;10.5
23/10/1985;14.5;12.1
24/10/1985;16.5;8.0
25/10/1985;13.0;8.5
26/10/1985;15.5;1.0
27/10/1985;17.5;1.0
28/10/1985;20.7;5.3
29/10/1985;16.5;10.5
30/10/1985;13.5;7.5
31/10/1985;14.0;10.5
01/11/1985;18.5;11.3
02/11/1985;14.3;11.0
03/11/1985;16.5;5.5
04/11/1985;16.0;5.5
05/11/1985;17.0;6.0
06/11/1985;16.7;8.7
07/11/1985;20.0;3.0
08/11/1985;20.0;4.0
09/11/1985;14.0;5.5
10/11/1985;20.0;11.7
11/11/1985;22.7;7.3
12/11/1985;18.0;8.5
13/11/1985;18.0;11.5
14/11/1985;14.0;7.0
15/11/1985;10.0;-0.1
16/11/1985;9.5;4.0
17/11/1985;9.0;2.0
18/11/1985;6.0;3.0
19/11/1985;4.0;2.0
20/11/1985;5.5;4.0
21/11/1985;6.5;5.0
22/11/1985;6.5;5.0
23/11/1985;8.0;6.0
24/11/1985;9.5;3.5
25/11/1985;10.5;-1.7
26/11/1985;12.0;4.0
27/11/1985;6.5;-1.0
28/11/1985;5.0;-1.5
29/11/1985;9.0;-1.0
30/11/1985;8.5;0.5
01/12/1985;10.0;8.0
02/12/1985;12.5;6.0
03/12/1985;12.0;7.7
04/12/1985;13.4;9.8
05/12/1985;13.5;8.5
06/12/1985;12.5;10.0
07/12/1985;15.5;11.0
08/12/1985;13.0;10.8
09/12/1985;12.9;7.0
10/12/1985;11.0;7.9
11/12/1985;11.0;8.0
12/12/1985;9.0;6.0
13/12/1985;9.5;2.8
14/12/1985;9.0;-1.5
15/12/1985;12.5;-2.5
16/12/1985;11.1;-2.4
17/12/1985;11.0;-1.5
18/12/1985;5.7;1.0
19/12/1985;8.5;6.0
20/12/1985;11.5;-3.5
21/12/1985;11.0;-1.5
22/12/1985;11.5;0.5
23/12/1985;5.0;2.7
24/12/1985;7.0;-0.5
25/12/1985;4.5;-0.5
26/12/1985;12.5;3.5
27/12/1985;15.0;8.5
28/12/1985;13.0;6.0
29/12/1985;14.0;11.0
30/12/1985;15.5;11.5
31/12/1985;13.5;5.0
01/01/1986;6.0;3.5
02/01/1986;5.3;0.0
03/01/1986;7.5;2.5
04/01/1986;12.0;4.0
05/01/1986;10.0;0.0
06/01/1986;8.5;0.0
07/01/1986;5.0;2.6
08/01/1986;10.0;-1.5
09/01/1986;5.0;1.0
10/01/1986;6.5;2.5
11/01/1986;12.0;1.0
12/01/1986;5.0;0.6
13/01/1986;8.0;-3.7
14/01/1986;6.0;-1.0
15/01/1986;10.8;3.3
16/01/1986;15.0;1.0
17/01/1986;11.0;-2.5
18/01/1986;11.7;-6.0
19/01/1986;8.0;-2.0
20/01/1986;11.5;7.0
21/01/1986;16.0;-0.7
22/01/1986;11.0;0.0
23/01/1986;9.5;5.5
24/01/1986;12.0;7.5
25/01/1986;11.5;0.5
26/01/1986;9.5;-4.5
27/01/1986;8.5;-7.5
28/01/1986;6.5;-7.0
29/01/1986;5.0;-2.5
30/01/1986;7.5;1.0
31/01/1986;8.5;2.7
01/02/1986;6.5;4.0
02/02/1986;7.0;2.5
03/02/1986;7.2;2.0
04/02/1986;10.0;2.5
05/02/1986;8.0;-1.5
06/02/1986;5.5;1.0
07/02/1986;4.0;-2.5
08/02/1986;8.0;-0.5
09/02/1986;7.0;-2.5
10/02/1986;-0.5;-3.5
11/02/1986;-0.5;-6.0
12/02/1986;2.5;-0.5
13/02/1986;6.0;-3.0
14/02/1986;6.0;-3.5
15/02/1986;5.3;-1.0
16/02/1986;6.0;1.7
17/02/1986;8.5;-3.0
18/02/1986;4.0;0.0
19/02/1986;10.5;4.0
20/02/1986;10.0;5.0
21/02/1986;9.0;5.5
22/02/1986;9.3;-1.0
23/02/1986;9.0;0.5
24/02/1986;11.0;4.5
25/02/1986;13.5;2.5
26/02/1986;6.0;-2.0
27/02/1986;4.0;-2.0
28/02/1986;1.0;-1.0
01/03/1986;2.0;0.5
02/03/1986;4.0;1.0
03/03/1986;8.0;4.0
04/03/1986;9.5;4.0
05/03/1986;12.6;-2.0
06/03/1986;7.5;0.5
07/03/1986;12.0;3.0
08/03/1986;8.3;6.0
09/03/1986;13.0;6.0
10/03/1986;13.0;7.0
11/03/1986;14.5;5.5
12/03/1986;13.5;5.0
13/03/1986;15.5;7.0
14/03/1986;8.5;3.0
15/03/1986;15.5;1.5
16/03/1986;14.5;1.5
17/03/1986;15.0;0.0
18/03/1986;11.0;-1.5
19/03/1986;12.5;-2.0
20/03/1986;12.5;-1.0
21/03/1986;14.5;2.5
22/03/1986;10.0;5.0
23/03/1986;11.2;-1.0
24/03/1986;13.5;7.5
25/03/1986;13.0;9.0
26/03/1986;14.0;7.0
27/03/1986;15.3;-1.0
28/03/1986;18.7;0.0
29/03/1986;22.0;7.5
30/03/1986;22.5;9.0
31/03/1986;18.5;11.0
01/04/1986;13.5;11.2
02/04/1986;17.5;3.5
03/04/1986;23.5;6.5
04/04/1986;21.5;5.7
05/04/1986;24.5;8.5
06/04/1986;20.0;7.0
07/04/1986;21.9;9.5
08/04/1986;22.0;10.0
09/04/1986;20.5;7.5
10/04/1986;12.5;6.7
11/04/1986;10.5;7.0
12/04/1986;12.0;8.7
13/04/1986;13.0;5.0
14/04/1986;7.0;-2.0
15/04/1986;14.5;5.0
16/04/1986;10.0;6.7
17/04/1986;18.0;9.5
18/04/1986;19.0;11.0
19/04/1986;15.2;5.0
20/04/1986;11.5;-0.5
21/04/1986;17.0;2.3
22/04/1986;13.5;9.0
23/04/1986;18.5;12.7
24/04/1986;20.5;6.5
25/04/1986;24.5;8.5
26/04/1986;21.5;5.5
27/04/1986;18.5;10.5
28/04/1986;19.0;11.0
29/04/1986;14.5;6.5
30/04/1986;14.5;9.0
01/05/1986;21.0;9.0
02/05/1986;24.0;9.3
03/05/1986;25.0;12.0
04/05/1986;25.3;11.4
05/05/1986;25.0;11.5
06/05/1986;23.5;10.5
07/05/1986;24.5;11.6
08/05/1986;26.0;11.5
09/05/1986;23.5;10.0
10/05/1986;23.0;6.5
11/05/1986;26.8;8.0
12/05/1986;28.0;8.5
13/05/1986;26.5;9.0
14/05/1986;28.7;8.7
15/05/1986;30.0;11.3
16/05/1986;28.0;16.5
17/05/1986;24.0;15.5
18/05/1986;28.7;12.0
19/05/1986;29.0;12.5
20/05/1986;31.5;12.2
21/05/1986;31.5;12.5
22/05/1986;30.7;15.0
23/05/1986;28.7;13.0
24/05/1986;32.0;14.5
25/05/1986;29.5;10.0
26/05/1986;27.5;8.5
27/05/1986;30.5;11.7
28/05/1986;32.0;13.8
29/05/1986;28.5;15.0
30/05/1986;23.0;14.0
31/05/1986;22.0;6.0
01/06/1986;20.0;8.5
02/06/1986;23.3;9.0
03/06/1986;24.5;10.0
04/06/1986;24.0;9.0
05/06/1986;20.0;10.5
06/06/1986;19.5;8.5
07/06/1986;20.0;6.5
08/06/1986;22.0;7.0
09/06/1986;24.5;8.0
10/06/1986;24.3;9.0
11/06/1986;25.0;9.0
12/06/1986;29.5;15.0
13/06/1986;21.0;16.0
14/06/1986;19.5;17.5
15/06/1986;22.3;13.5
16/06/1986;26.2;15.0
17/06/1986;21.5;15.0
18/06/1986;26.3;16.0
19/06/1986;23.5;15.0
20/06/1986;26.5;16.7
21/06/1986;27.0;15.0
22/06/1986;28.0;16.5
23/06/1986;29.5;15.0
24/06/1986;29.5;19.8
25/06/1986;28.5;16.5
26/06/1986;31.0;17.0
27/06/1986;31.0;17.0
28/06/1986;30.5;13.0
29/06/1986;33.0;15.8
30/06/1986;31.7;15.3
01/07/1986;28.5;13.0
02/07/1986;27.5;12.0
03/07/1986;30.2;14.0
04/07/1986;31.4;15.0
05/07/1986;31.5;15.0
06/07/1986;32.3;15.5
07/07/1986;29.3;15.5
08/07/1986;31.0;16.5
09/07/1986;31.0;18.5
10/07/1986;25.0;11.5
11/07/1986;31.3;13.5
12/07/1986;32.3;15.5
13/07/1986;29.0;19.0
14/07/1986;25.7;15.6
15/07/1986;21.5;17.0
16/07/1986;23.0;15.0
17/07/1986;25.5;17.8
18/07/1986;28.0;14.0
19/07/1986;29.5;17.5
20/07/1986;25.5;16.2
21/07/1986;23.6;16.0
22/07/1986;25.5;13.4
23/07/1986;31.2;14.0
24/07/1986;30.5;15.5
25/07/1986;29.5;12.5
26/07/1986;30.0;14.0
27/07/1986;29.5;15.5
28/07/1986;30.5;17.5
29/07/1986;30.8;17.0
30/07/1986;33.5;16.5
31/07/1986;34.0;15.5
01/08/1986;33.7;16.0
02/08/1986;33.0;16.5
03/08/1986;33.0;16.0
04/08/1986;34.5;18.0
05/08/1986;35.5;16.5
06/08/1986;33.3;18.5
07/08/1986;31.0;15.3
08/08/1986;31.0;15.2
09/08/1986;30.3;16.0
10/08/1986;33.5;16.0
11/08/1986;34.5;15.0
12/08/1986;35.5;19.0
13/08/1986;31.5;15.0
14/08/1986;31.0;14.5
15/08/1986;30.0;14.5
16/08/1986;30.5;14.3
17/08/1986;35.0;15.5
18/08/1986;34.8;15.0
19/08/1986;34.5;22.3
20/08/1986;29.5;19.5
21/08/1986;31.0;14.0
22/08/1986;30.5;15.5
23/08/1986;33.0;17.0
24/08/1986;30.5;17.0
25/08/1986;30.5;13.5
26/08/1986;29.0;10.5
27/08/1986;29.5;11.5
28/08/1986;25.0;16.0
29/08/1986;24.5;17.0
30/08/1986;26.0;12.0
31/08/1986;25.5;18.5
01/09/1986;27.0;11.7
02/09/1986;25.0;9.0
03/09/1986;28.0;10.5
04/09/1986;29.5;16.0
05/09/1986;25.0;12.0
06/09/1986;22.0;7.5
07/09/1986;29.0;10.0
08/09/1986;25.2;11.5
09/09/1986;26.0;16.0
10/09/1986;25.5;16.5
11/09/1986;25.5;13.3
12/09/1986;25.5;13.0
13/09/1986;26.5;14.0
14/09/1986;28.5;13.5
15/09/1986;28.0;13.0
16/09/1986;29.5;12.5
17/09/1986;29.5;16.5
18/09/1986;30.0;19.0
19/09/1986;31.3;16.5
20/09/1986;28.0;12.0
21/09/1986;22.0;9.0
22/09/1986;23.0;7.0
23/09/1986;26.7;4.0
24/09/1986;29.5;6.5
25/09/1986;27.5;12.0
26/09/1986;21.7;11.0
27/09/1986;22.0;11.0
28/09/1986;20.0;14.0
29/09/1986;20.0;15.0
30/09/1986;22.0;8.0
01/10/1986;23.5;8.5
02/10/1986;24.5;6.5
03/10/1986;29.0;8.3
04/10/1986;28.8;9.0
05/10/1986;28.5;10.5
06/10/1986;29.8;12.0
07/10/1986;29.8;12.0
08/10/1986;28.7;12.5
09/10/1986;23.0;11.5
10/10/1986;24.0;6.8
11/10/1986;23.5;5.0
12/10/1986;24.8;6.0
13/10/1986;22.5;6.5
14/10/1986;23.0;6.5
15/10/1986;24.0;7.5
16/10/1986;23.8;5.3
17/10/1986;20.5;4.0
18/10/1986;23.5;4.5
19/10/1986;22.0;6.5
20/10/1986;17.5;15.0
21/10/1986;18.5;15.0
22/10/1986;26.0;11.0
23/10/1986;19.5;15.0
24/10/1986;20.5;9.3
25/10/1986;15.5;3.0
26/10/1986;12.0;7.0
27/10/1986;11.5;7.0
28/10/1986;14.5;10.0
29/10/1986;12.0;2.0
30/10/1986;19.0;5.0
31/10/1986;17.0;4.5
01/11/1986;17.5;2.0
02/11/1986;17.0;5.0
03/11/1986;17.0;5.0
04/11/1986;10.0;5.0
05/11/1986;10.0;9.5
06/11/1986;17.5;-1.5
07/11/1986;14.5;-1.5
08/11/1986;16.0;1.0
09/11/1986;11.0;4.0
10/11/1986;10.5;7.5
11/11/1986;15.5;6.5
12/11/1986;12.0;6.5
13/11/1986;16.5;4.5
14/11/1986;14.5;3.3
15/11/1986;11.5;7.0
16/11/1986;16.5;8.0
17/11/1986;13.0;7.5
18/11/1986;14.5;5.5
19/11/1986;13.2;6.0
20/11/1986;15.0;2.5
21/11/1986;10.0;2.5
22/11/1986;13.0;6.5
23/11/1986;12.5;8.5
24/11/1986;12.5;6.5
25/11/1986;10.5;4.8
26/11/1986;14.8;1.0
27/11/1986;16.3;0.5
28/11/1986;14.0;5.0
29/11/1986;11.0;3.7
30/11/1986;10.0;-2.0
01/12/1986;12.3;0.0
02/12/1986;10.5;-1.0
03/12/1986;12.5;0.0
04/12/1986;8.0;-4.0
05/12/1986;10.0;1.5
06/12/1986;6.5;-0.5
07/12/1986;7.0;3.0
08/12/1986;8.0;6.0
09/12/1986;12.5;5.5
10/12/1986;10.0;-0.5
11/12/1986;11.0;-1.0
12/12/1986;11.5;-5.2
13/12/1986;9.0;-5.0
14/12/1986;5.5;0.5
15/12/1986;9.0;4.7
16/12/1986;7.0;4.0
17/12/1986;7.5;-2.0
18/12/1986;4.5;-2.5
19/12/1986;11.5;0.0
20/12/1986;14.0;-2.5
21/12/1986;9.5;-6.0
22/12/1986;6.0;-2.5
23/12/1986;7.5;-8.5
24/12/1986;4.5;-7.5
25/12/1986;4.5;-3.0
26/12/1986;1.5;-5.0
27/12/1986;4.5;-3.0
28/12/1986;9.0;-7.0
29/12/1986;6.0;-4.0
30/12/1986;6.5;0.0
31/12/1986;9.5;4.0
01/01/1987;10.0;7.0
02/01/1987;12.0;9.5
03/01/1987;15.0;4.2
04/01/1987;11.5;-4.0
05/01/1987;7.5;-6.0
06/01/1987;2.5;-4.0
07/01/1987;9.5;-1.0
08/01/1987;7.5;-1.5
09/01/1987;2.0;-11.0
10/01/1987;3.0;-8.0
11/01/1987;3.5;1.0
12/01/1987;2.0;-2.5
13/01/1987;1.0;-2.0
14/01/1987;1.0;-3.5
15/01/1987;5.0;1.5
16/01/1987;4.0;1.0
17/01/1987;4.5;-0.5
18/01/1987;5.0;3.0
19/01/1987;5.0;3.0
20/01/1987;5.5;3.5
21/01/1987;6.5;-0.5
22/01/1987;5.5;-5.0
23/01/1987;10.3;-6.0
24/01/1987;10.0;-3.0
25/01/1987;11.7;-4.5
26/01/1987;11.0;-0.5
27/01/1987;9.5;8.0
28/01/1987;10.5;7.0
29/01/1987;13.5;11.0
30/01/1987;12.5;2.0
31/01/1987;3.0;-4.5
01/02/1987;2.5;-8.5
02/02/1987;8.0;-9.5
03/02/1987;11.0;-4.5
04/02/1987;4.0;-1.5
05/02/1987;12.5;4.5
06/02/1987;10.5;-1.5
07/02/1987;15.0;-2.0
08/02/1987;15.0;-2.5
09/02/1987;14.0;0.5
10/02/1987;10.2;5.0
11/02/1987;10.5;8.0
12/02/1987;12.5;9.5
13/02/1987;10.5;7.0
14/02/1987;11.5;3.5
15/02/1987;11.0;4.5
16/02/1987;10.0;7.0
17/02/1987;9.0;6.0
18/02/1987;7.3;2.0
19/02/1987;9.0;4.0
20/02/1987;10.5;4.5
21/02/1987;11.0;1.5
22/02/1987;5.0;0.0
23/02/1987;9.0;0.5
24/02/1987;9.5;-0.5
25/02/1987;8.0;-4.0
26/02/1987;8.0;1.5
27/02/1987;9.5;4.5
28/02/1987;11.0;6.0
01/03/1987;14.5;1.5
02/03/1987;17.5;2.0
03/03/1987;11.0;5.0
04/03/1987;9.5;-4.0
05/03/1987;3.0;-3.5
06/03/1987;4.5;-5.0
07/03/1987;4.0;-9.5
08/03/1987;8.5;-8.0
09/03/1987;6.7;-8.5
10/03/1987;12.2;-2.0
11/03/1987;6.0;-2.0
12/03/1987;6.5;-7.0
13/03/1987;12.5;-7.0
14/03/1987;14.0;-3.0
15/03/1987;8.0;0.5
16/03/1987;7.5;-6.0
17/03/1987;2.5;-6.5
18/03/1987;8.5;-5.5
19/03/1987;9.0;-0.5
20/03/1987;13.5;8.5
21/03/1987;13.0;6.5
22/03/1987;11.0;-3.0
23/03/1987;6.0;1.5
24/03/1987;14.5;-3.0
25/03/1987;16.5;6.5
26/03/1987;18.5;9.5
27/03/1987;15.0;4.0
28/03/1987;13.5;6.0
29/03/1987;15.5;9.4
30/03/1987;14.0;4.5
31/03/1987;10.0;2.0
01/04/1987;10.2;1.2
02/04/1987;9.5;2.0
03/04/1987;10.5;6.5
04/04/1987;16.0;8.0
05/04/1987;17.5;5.0
06/04/1987;19.0;10.0
07/04/1987;21.5;5.5
08/04/1987;22.0;11.0
09/04/1987;17.5;11.5
10/04/1987;19.0;11.5
11/04/1987;12.3;9.0
12/04/1987;19.0;5.0
13/04/1987;10.5;8.0
14/04/1987;11.5;8.5
15/04/1987;14.5;4.5
16/04/1987;16.7;1.5
17/04/1987;19.5;2.0
18/04/1987;23.0;8.5
19/04/1987;22.0;4.5
20/04/1987;22.0;3.0
21/04/1987;18.0;7.5
22/04/1987;19.0;3.0
23/04/1987;20.8;1.5
24/04/1987;23.3;3.0
25/04/1987;25.5;3.5
26/04/1987;23.5;7.0
27/04/1987;25.0;8.0
28/04/1987;19.5;5.5
29/04/1987;20.0;2.0
30/04/1987;23.5;3.5
01/05/1987;23.5;9.5
02/05/1987;24.5;6.5
03/05/1987;25.0;6.0
04/05/1987;22.3;10.0
05/05/1987;12.5;4.5
06/05/1987;13.0;3.5
07/05/1987;16.0;7.5
08/05/1987;20.0;7.0
09/05/1987;21.5;6.0
10/05/1987;22.5;6.0
11/05/1987;23.0;10.5
12/05/1987;20.2;10.3
13/05/1987;18.5;12.0
14/05/1987;20.0;4.5
15/05/1987;21.0;4.5
16/05/1987;23.5;12.0
17/05/1987;20.0;5.5
18/05/1987;17.0;11.0
19/05/1987;22.0;10.5
20/05/1987;20.5;9.0
21/05/1987;14.0;10.0
22/05/1987;20.0;6.0
23/05/1987;21.7;4.5
24/05/1987;25.0;7.0
25/05/1987;23.0;12.5
26/05/1987;21.0;10.0
27/05/1987;22.0;9.5
28/05/1987;25.0;10.0
29/05/1987;24.5;14.0
30/05/1987;21.0;11.0
31/05/1987;23.5;8.0
01/06/1987;27.0;14.2
02/06/1987;19.0;8.3
03/06/1987;27.3;10.5
04/06/1987;24.0;15.0
05/06/1987;18.0;15.0
06/06/1987;24.5;9.0
07/06/1987;22.0;10.0
08/06/1987;28.5;13.0
09/06/1987;25.5;14.5
10/06/1987;25.0;12.0
11/06/1987;26.5;13.5
12/06/1987;30.0;16.0
13/06/1987;29.5;17.0
14/06/1987;31.0;16.0
15/06/1987;30.0;16.3
16/06/1987;26.5;14.5
17/06/1987;20.0;13.5
18/06/1987;23.5;14.0
19/06/1987;24.3;9.0
20/06/1987;22.0;12.5
21/06/1987;19.5;12.5
22/06/1987;29.8;11.2
23/06/1987;25.0;12.5
24/06/1987;29.3;12.0
25/06/1987;29.3;11.0
26/06/1987;29.5;13.5
27/06/1987;28.5;17.0
28/06/1987;25.5;13.5
29/06/1987;27.5;14.3
30/06/1987;28.6;14.0
01/07/1987;31.5;14.5
02/07/1987;33.0;17.5
03/07/1987;32.3;19.0
04/07/1987;32.5;18.0
05/07/1987;31.5;17.5
06/07/1987;30.2;15.5
07/07/1987;29.0;13.5
08/07/1987;31.0;16.5
09/07/1987;32.5;19.0
10/07/1987;27.0;15.5
11/07/1987;27.3;12.5
12/07/1987;28.8;12.3
13/07/1987;32.3;14.5
14/07/1987;32.5;15.5
15/07/1987;33.0;16.0
16/07/1987;34.0;16.0
17/07/1987;29.0;17.4
18/07/1987;30.0;18.5
19/07/1987;31.0;18.5
20/07/1987;31.0;12.5
21/07/1987;28.5;15.0
22/07/1987;28.5;14.0
23/07/1987;32.0;14.5
24/07/1987;34.0;18.0
25/07/1987;33.5;19.2
26/07/1987;33.5;20.0
27/07/1987;29.5;15.0
28/07/1987;29.0;13.5
29/07/1987;31.5;14.5
30/07/1987;32.5;15.0
31/07/1987;30.0;17.5
01/08/1987;24.5;15.0
02/08/1987;29.5;18.5
03/08/1987;30.5;15.5
04/08/1987;31.0;17.5
05/08/1987;30.3;19.0
06/08/1987;23.5;10.0
07/08/1987;28.0;16.0
08/08/1987;25.7;16.3
09/08/1987;31.0;14.0
10/08/1987;31.0;15.0
11/08/1987;30.0;16.0
12/08/1987;30.3;16.0
13/08/1987;31.5;16.5
14/08/1987;31.5;15.3
15/08/1987;32.5;18.0
16/08/1987;29.5;19.5
17/08/1987;31.0;16.0
18/08/1987;34.5;17.5
19/08/1987;28.5;18.0
20/08/1987;32.0;16.5
21/08/1987;34.0;16.0
22/08/1987;34.0;15.5
23/08/1987;33.5;17.0
24/08/1987;33.5;17.0
25/08/1987;30.5;21.0
26/08/1987;27.3;17.0
27/08/1987;25.7;11.5
28/08/1987;28.0;17.5
29/08/1987;27.0;14.7
30/08/1987;28.5;12.0
31/08/1987;32.6;12.7
01/09/1987;32.3;14.5
02/09/1987;32.0;17.0
03/09/1987;31.0;17.5
04/09/1987;30.0;17.2
05/09/1987;28.0;18.0
06/09/1987;28.0;16.5
07/09/1987;25.0;13.0
08/09/1987;26.5;11.5
09/09/1987;28.5;13.0
10/09/1987;29.0;15.7
11/09/1987;29.5;15.5
12/09/1987;29.0;14.0
13/09/1987;31.5;15.5
14/09/1987;31.3;15.0
15/09/1987;31.5;16.0
16/09/1987;33.0;16.5
17/09/1987;33.5;18.0
18/09/1987;34.0;15.0
19/09/1987;34.0;13.5
20/09/1987;33.0;14.0
21/09/1987;29.5;14.5
22/09/1987;30.5;10.5
23/09/1987;31.5;11.5
24/09/1987;31.0;16.0
25/09/1987;21.5;18.0
26/09/1987;27.5;18.5
27/09/1987;29.4;22.0
28/09/1987;26.7;17.5
29/09/1987;29.8;12.0
30/09/1987;18.5;7.5
01/10/1987;17.5;9.5
02/10/1987;17.5;4.5
03/10/1987;18.5;5.5
04/10/1987;19.0;8.0
05/10/1987;18.0;9.0
06/10/1987;20.0;14.5
07/10/1987;21.5;13.5
08/10/1987;23.0;11.5
09/10/1987;18.0;11.0
10/10/1987;21.8;11.5
11/10/1987;24.0;14.0
12/10/1987;17.0;12.5
13/10/1987;16.5;10.5
14/10/1987;19.5;10.5
15/10/1987;17.5;12.0
16/10/1987;19.5;16.0
17/10/1987;21.5;16.0
18/10/1987;23.0;12.0
19/10/1987;21.0;7.0
20/10/1987;20.5;8.5
21/10/1987;20.3;10.0
22/10/1987;19.5;13.5
23/10/1987;20.5;16.0
24/10/1987;19.5;13.5
25/10/1987;20.5;14.0
26/10/1987;21.0;14.5
27/10/1987;21.5;12.5
28/10/1987;20.0;12.0
29/10/1987;17.5;12.5
30/10/1987;13.5;10.5
31/10/1987;15.5;7.3
01/11/1987;19.5;9.2
02/11/1987;15.5;13.0
03/11/1987;15.0;10.5
04/11/1987;16.0;10.0
05/11/1987;14.3;6.7
06/11/1987;13.5;0.5
07/11/1987;15.2;2.0
08/11/1987;15.0;6.5
09/11/1987;15.0;9.0
10/11/1987;13.0;10.5
11/11/1987;16.0;6.0
12/11/1987;14.5;4.5
13/11/1987;17.5;6.5
14/11/1987;13.0;12.0
15/11/1987;15.0;8.5
16/11/1987;12.5;0.5
17/11/1987;14.0;6.5
18/11/1987;14.5;0.5
19/11/1987;13.5;-1.5
20/11/1987;11.5;2.5
21/11/1987;11.0;1.0
22/11/1987;12.5;-2.5
23/11/1987;12.5;2.5
24/11/1987;11.0;5.0
25/11/1987;11.0;6.5
26/11/1987;10.0;7.0
27/11/1987;10.5;7.0
28/11/1987;9.0;6.5
29/11/1987;10.0;6.0
30/11/1987;10.0;5.5
01/12/1987;7.8;3.0
02/12/1987;10.5;6.5
03/12/1987;9.0;1.5
04/12/1987;9.3;0.0
05/12/1987;9.0;5.0
06/12/1987;9.5;6.5
07/12/1987;12.5;8.0
08/12/1987;14.5;6.0
09/12/1987;9.2;5.5
10/12/1987;5.5;-2.5
11/12/1987;4.5;-6.0
12/12/1987;5.5;-3.5
13/12/1987;6.0;-1.0
14/12/1987;5.0;2.3
15/12/1987;7.0;5.0
16/12/1987;10.3;3.3
17/12/1987;8.0;4.6
18/12/1987;11.0;8.0
19/12/1987;12.0;10.0
20/12/1987;12.0;6.5
21/12/1987;8.0;4.0
22/12/1987;9.5;5.0
23/12/1987;9.0;3.0
24/12/1987;7.0;1.0
25/12/1987;6.0;0.0
26/12/1987;7.0;2.0
27/12/1987;9.0;7.0
28/12/1987;10.5;8.0
29/12/1987;12.0;6.0
30/12/1987;11.0;7.5
31/12/1987;8.0;7.0
01/01/1988;9.0;7.0
02/01/1988;11.5;0.5
03/01/1988;10.5;3.2
04/01/1988;12.5;5.0
05/01/1988;10.0;5.0
06/01/1988;12.0;6.0
07/01/1988;15.0;12.0
08/01/1988;13.0;1.7
09/01/1988;9.5;2.0
10/01/1988;9.0;0.5
11/01/1988;9.5;-5.0
12/01/1988;4.5;-2.5
13/01/1988;7.0;4.5
14/01/1988;10.0;5.0
15/01/1988;8.0;6.0
16/01/1988;11.0;7.0
17/01/1988;12.5;7.0
18/01/1988;11.5;7.5
19/01/1988;13.5;1.5
20/01/1988;10.0;4.3
21/01/1988;10.0;5.0
22/01/1988;9.0;5.3
23/01/1988;11.0;2.0
24/01/1988;9.5;-2.0
25/01/1988;8.5;0.0
26/01/1988;11.8;7.5
27/01/1988;13.5;4.0
28/01/1988;14.5;6.5
29/01/1988;14.0;9.3
30/01/1988;14.5;8.5
31/01/1988;11.0;2.0
01/02/1988;10.5;-3.0
02/02/1988;10.0;0.5
03/02/1988;13.0;5.0
04/02/1988;13.7;2.0
05/02/1988;10.0;3.0
06/02/1988;10.8;7.5
07/02/1988;14.5;11.0
08/02/1988;15.5;7.0
09/02/1988;10.0;4.0
10/02/1988;13.5;4.5
11/02/1988;14.5;0.5
12/02/1988;14.0;0.5
13/02/1988;10.5;5.0
14/02/1988;10.0;2.5
15/02/1988;9.0;1.5
16/02/1988;13.5;-0.5
17/02/1988;13.0;-3.5
18/02/1988;14.0;0.5
19/02/1988;13.5;0.0
20/02/1988;8.0;-3.0
21/02/1988;15.0;-1.0
22/02/1988;9.5;-6.0
23/02/1988;12.0;-1.0
24/02/1988;7.3;2.0
25/02/1988;4.0;-2.0
26/02/1988;8.0;-2.5
27/02/1988;7.0;-1.0
28/02/1988;8.0;-2.0
29/02/1988;12.0;-2.0
01/03/1988;9.5;-0.5
02/03/1988;9.0;-4.0
03/03/1988;11.0;-5.5
04/03/1988;12.5;0.0
05/03/1988;9.5;4.0
06/03/1988;6.0;4.5
07/03/1988;7.0;-0.5
08/03/1988;9.5;-1.0
09/03/1988;11.0;-2.0
10/03/1988;8.5;-4.5
11/03/1988;11.0;-5.5
12/03/1988;6.0;-0.5
13/03/1988;15.5;6.0
14/03/1988;12.5;6.5
15/03/1988;14.5;6.0
16/03/1988;16.5;9.5
17/03/1988;14.5;7.0
18/03/1988;16.5;4.5
19/03/1988;14.0;4.0
20/03/1988;17.5;3.5
21/03/1988;14.5;7.5
22/03/1988;15.0;8.0
23/03/1988;12.0;2.5
24/03/1988;18.5;4.0
25/03/1988;19.0;3.0
26/03/1988;14.3;7.5
27/03/1988;16.0;7.0
28/03/1988;14.7;-1.0
29/03/1988;18.0;2.5
30/03/1988;19.5;7.5
31/03/1988;13.0;8.0
01/04/1988;9.5;4.5
02/04/1988;15.3;5.0
03/04/1988;14.5;6.0
04/04/1988;12.5;7.0
05/04/1988;13.5;8.3
06/04/1988;14.7;9.5
07/04/1988;17.2;10.7
08/04/1988;15.0;9.0
09/04/1988;13.5;6.7
10/04/1988;15.7;9.5
11/04/1988;20.0;5.5
12/04/1988;23.0;8.0
13/04/1988;18.0;11.0
14/04/1988;15.0;5.5
15/04/1988;18.0;1.0
16/04/1988;19.0;3.0
17/04/1988;23.3;4.5
18/04/1988;22.5;5.5
19/04/1988;23.5;5.0
20/04/1988;25.3;8.5
21/04/1988;20.0;5.5
22/04/1988;23.0;8.5
23/04/1988;24.0;6.0
24/04/1988;22.0;12.5
25/04/1988;13.5;8.5
26/04/1988;15.5;10.5
27/04/1988;17.5;7.3
28/04/1988;20.5;11.5
29/04/1988;16.5;10.5
30/04/1988;17.5;12.0
01/05/1988;19.0;10.5
02/05/1988;21.0;9.0
03/05/1988;20.5;11.7
04/05/1988;21.5;13.5
05/05/1988;22.3;14.5
06/05/1988;24.0;11.5
07/05/1988;23.5;13.0
08/05/1988;27.0;16.0
09/05/1988;28.5;14.5
10/05/1988;25.0;15.5
11/05/1988;24.5;11.7
12/05/1988;24.0;16.2
13/05/1988;18.0;13.0
14/05/1988;18.5;13.5
15/05/1988;19.5;14.5
16/05/1988;19.0;13.0
17/05/1988;21.0;15.0
18/05/1988;22.5;15.0
19/05/1988;21.0;13.5
20/05/1988;21.5;12.3
21/05/1988;16.4;14.0
22/05/1988;21.0;8.0
23/05/1988;22.5;8.5
24/05/1988;25.0;8.5
25/05/1988;23.5;9.3
26/05/1988;21.5;9.0
27/05/1988;29.2;10.5
28/05/1988;21.0;12.5
29/05/1988;19.5;13.5
30/05/1988;21.2;15.0
31/05/1988;23.0;10.3
01/06/1988;23.5;15.5
02/06/1988;24.0;12.5
03/06/1988;28.0;10.5
04/06/1988;29.3;11.2
05/06/1988;25.0;15.0
06/06/1988;20.5;12.5
07/06/1988;17.5;12.5
08/06/1988;18.0;12.0
09/06/1988;23.5;10.7
10/06/1988;27.5;11.7
11/06/1988;26.5;11.5
12/06/1988;27.3;14.5
13/06/1988;26.0;14.2
14/06/1988;26.5;12.5
15/06/1988;27.0;14.3
16/06/1988;27.3;17.7
17/06/1988;28.5;16.0
18/06/1988;26.5;16.5
19/06/1988;21.5;15.0
20/06/1988;22.3;11.0
21/06/1988;28.0;14.2
22/06/1988;26.0;12.5
23/06/1988;30.0;14.5
24/06/1988;28.0;15.2
25/06/1988;26.3;17.5
26/06/1988;21.0;16.2
27/06/1988;24.5;12.5
28/06/1988;27.2;16.0
29/06/1988;26.0;17.5
30/06/1988;27.0;14.8
01/07/1988;29.0;16.3
02/07/1988;29.5;19.5
03/07/1988;26.0;14.0
04/07/1988;26.2;16.7
05/07/1988;30.5;16.8
06/07/1988;33.0;18.0
07/07/1988;32.5;15.0
08/07/1988;31.5;15.0
09/07/1988;32.5;14.5
10/07/1988;31.5;15.5
11/07/1988;32.5;17.0
12/07/1988;33.5;16.8
13/07/1988;34.0;17.5
14/07/1988;32.5;17.0
15/07/1988;31.5;14.0
16/07/1988;26.5;12.5
17/07/1988;25.0;10.5
18/07/1988;30.8;12.0
19/07/1988;30.8;12.5
20/07/1988;31.5;15.0
21/07/1988;35.0;18.0
22/07/1988;34.2;18.6
23/07/1988;35.5;17.5
24/07/1988;36.5;16.5
25/07/1988;35.5;16.7
26/07/1988;36.0;16.0
27/07/1988;37.0;16.5
28/07/1988;36.5;17.0
29/07/1988;36.5;16.0
30/07/1988;34.0;21.0
31/07/1988;33.0;18.3
01/08/1988;31.7;15.5
02/08/1988;36.0;15.7
03/08/1988;34.5;15.5
04/08/1988;36.0;18.0
05/08/1988;28.5;15.0
06/08/1988;28.0;13.5
07/08/1988;28.5;12.5
08/08/1988;30.5;14.0
09/08/1988;32.5;14.5
10/08/1988;35.3;16.5
11/08/1988;36.0;15.7
12/08/1988;35.2;16.0
13/08/1988;35.0;15.5
14/08/1988;35.5;17.5
15/08/1988;37.7;16.5
16/08/1988;34.0;17.0
17/08/1988;36.0;17.5
18/08/1988;32.5;16.2
19/08/1988;33.7;16.7
20/08/1988;36.0;17.5
21/08/1988;36.5;17.5
22/08/1988;30.0;17.0
23/08/1988;29.5;11.5
24/08/1988;24.5;10.0
25/08/1988;29.5;14.3
26/08/1988;24.0;13.5
27/08/1988;28.5;13.0
28/08/1988;30.5;14.0
29/08/1988;33.0;14.5
30/08/1988;26.0;17.5
31/08/1988;30.0;14.0
01/09/1988;31.2;13.0
02/09/1988;32.5;15.0
03/09/1988;24.5;17.0
04/09/1988;25.5;14.5
05/09/1988;27.5;15.0
06/09/1988;32.0;17.0
07/09/1988;30.3;16.5
08/09/1988;26.0;9.5
09/09/1988;24.8;8.0
10/09/1988;28.5;9.3
11/09/1988;29.5;9.5
12/09/1988;30.0;11.0
13/09/1988;27.0;15.5
14/09/1988;24.0;14.0
15/09/1988;22.0;13.0
16/09/1988;15.0;5.0
17/09/1988;20.5;10.5
18/09/1988;22.0;8.5
19/09/1988;21.5;8.0
20/09/1988;22.0;9.0
21/09/1988;22.5;7.8
22/09/1988;25.5;7.5
23/09/1988;26.7;11.5
24/09/1988;19.3;13.5
25/09/1988;26.0;13.0
26/09/1988;26.3;11.3
27/09/1988;28.3;12.0
28/09/1988;29.8;11.0
29/09/1988;29.5;9.8
30/09/1988;28.3;11.0
01/10/1988;28.4;12.0
02/10/1988;26.5;12.5
03/10/1988;28.5;10.2
04/10/1988;26.5;11.3
05/10/1988;24.0;12.5
06/10/1988;23.0;14.5
07/10/1988;22.7;16.0
08/10/1988;21.5;15.5
09/10/1988;23.5;7.0
10/10/1988;20.5;14.5
11/10/1988;24.0;12.5
12/10/1988;23.5;14.3
13/10/1988;22.7;14.5
14/10/1988;24.3;14.5
15/10/1988;18.0;13.5
16/10/1988;23.5;14.0
17/10/1988;26.0;13.5
18/10/1988;25.5;13.3
19/10/1988;24.0;15.0
20/10/1988;19.5;14.7
21/10/1988;21.3;12.3
22/10/1988;16.7;12.5
23/10/1988;17.5;7.0
24/10/1988;21.0;9.2
25/10/1988;20.5;9.7
26/10/1988;19.0;8.5
27/10/1988;19.5;6.5
28/10/1988;19.0;9.0
29/10/1988;17.0;11.0
30/10/1988;19.0;13.0
31/10/1988;15.5;9.5
01/11/1988;12.0;0.5
02/11/1988;15.5;-0.5
03/11/1988;10.5;4.0
04/11/1988;11.8;6.5
05/11/1988;8.0;2.0
06/11/1988;11.0;-5.0
07/11/1988;11.5;-5.5
08/11/1988;11.7;1.0
09/11/1988;13.7;-2.5
10/11/1988;13.0;-1.5
11/11/1988;13.3;3.2
12/11/1988;15.0;0.0
13/11/1988;15.5;3.0
14/11/1988;10.5;8.0
15/11/1988;13.0;2.3
16/11/1988;13.5;-0.5
17/11/1988;14.5;-2.0
18/11/1988;14.0;3.3
19/11/1988;12.0;7.7
20/11/1988;15.0;1.0
21/11/1988;7.5;1.0
22/11/1988;10.5;1.5
23/11/1988;3.0;0.5
24/11/1988;2.0;-1.7
25/11/1988;3.0;-2.0
26/11/1988;8.0;-4.0
27/11/1988;11.0;-4.5
28/11/1988;10.5;-4.0
29/11/1988;10.0;-1.5
30/11/1988;11.4;6.5
01/12/1988;13.0;9.5
02/12/1988;14.5;9.5
03/12/1988;10.5;8.5
04/12/1988;11.5;3.0
05/12/1988;12.5;4.5
06/12/1988;15.0;2.5
07/12/1988;14.5;0.5
08/12/1988;11.0;-1.0
09/12/1988;11.5;-1.5
10/12/1988;9.8;0.0
11/12/1988;11.5;-3.0
12/12/1988;10.8;-4.0
13/12/1988;10.5;-4.0
14/12/1988;11.0;-3.0
15/12/1988;7.0;-5.0
16/12/1988;8.0;-4.5
17/12/1988;9.0;-4.0
18/12/1988;6.0;-8.5
19/12/1988;8.0;-7.0
20/12/1988;8.5;-4.5
21/12/1988;9.5;1.5
22/12/1988;7.0;-4.5
23/12/1988;9.0;-4.5
24/12/1988;8.0;-2.5
25/12/1988;8.5;7.0
26/12/1988;12.5;1.5
27/12/1988;6.5;3.0
28/12/1988;5.0;0.0
29/12/1988;4.5;-2.0
30/12/1988;9.0;-3.5
31/12/1988;9.5;-2.0
01/01/1989;3.0;-3.5
02/01/1989;9.5;-2.5
03/01/1989;11.5;2.0
04/01/1989;7.5;-8.0
05/01/1989;5.5;-6.5
06/01/1989;5.0;-3.0
07/01/1989;4.5;2.5
08/01/1989;10.0;0.5
09/01/1989;5.5;2.0
10/01/1989;9.5;5.5
11/01/1989;10.0;7.5
12/01/1989;10.5;0.5
13/01/1989;7.0;0.6
14/01/1989;9.0;0.0
15/01/1989;5.0;0.2
16/01/1989;7.5;-2.5
17/01/1989;5.5;-2.6
18/01/1989;4.0;-1.0
19/01/1989;11.0;-3.0
20/01/1989;12.5;-4.5
21/01/1989;11.5;-4.0
22/01/1989;5.0;-1.0
23/01/1989;6.5;1.5
24/01/1989;10.5;-1.0
25/01/1989;10.5;-5.0
26/01/1989;13.5;-6.0
27/01/1989;14.0;-7.0
28/01/1989;13.0;-7.5
29/01/1989;11.0;-4.5
30/01/1989;13.0;-4.6
31/01/1989;14.5;-6.5
01/02/1989;18.5;-4.0
02/02/1989;18.6;-3.5
03/02/1989;17.0;-3.0
04/02/1989;12.0;-1.0
05/02/1989;10.5;0.0
06/02/1989;12.0;-1.0
07/02/1989;12.5;-4.5
08/02/1989;17.5;-3.0
09/02/1989;19.0;-3.5
10/02/1989;15.5;-3.0
11/02/1989;11.7;-4.5
12/02/1989;15.5;-4.6
13/02/1989;12.5;-2.5
14/02/1989;14.0;-5.0
15/02/1989;5.0;-3.0
16/02/1989;12.0;-5.0
17/02/1989;12.5;-1.0
18/02/1989;14.0;-0.5
19/02/1989;13.0;3.0
20/02/1989;15.5;0.5
21/02/1989;10.5;5.0
22/02/1989;15.3;8.0
23/02/1989;13.0;8.5
24/02/1989;12.0;9.0
25/02/1989;14.5;9.5
26/02/1989;10.5;8.5
27/02/1989;10.5;6.0
28/02/1989;12.0;8.5
01/03/1989;12.0;7.5
02/03/1989;9.5;0.0
03/03/1989;14.0;1.5
04/03/1989;11.0;2.5
05/03/1989;17.7;-0.5
06/03/1989;18.5;0.0
07/03/1989;17.5;0.0
08/03/1989;18.0;2.0
09/03/1989;11.0;4.5
10/03/1989;11.5;0.5
11/03/1989;16.5;0.0
12/03/1989;22.0;2.5
13/03/1989;19.8;6.0
14/03/1989;15.5;5.0
15/03/1989;9.5;1.0
16/03/1989;14.0;4.0
17/03/1989;17.5;8.5
18/03/1989;15.5;11.0
19/03/1989;16.0;10.3
20/03/1989;17.5;6.5
21/03/1989;16.5;6.5
22/03/1989;18.0;10.0
23/03/1989;17.5;1.5
24/03/1989;22.5;7.0
25/03/1989;14.0;-0.5
26/03/1989;26.0;2.5
27/03/1989;26.5;4.5
28/03/1989;26.0;3.5
29/03/1989;15.0;4.0
30/03/1989;25.5;4.0
31/03/1989;26.0;4.5
01/04/1989;23.0;7.3
02/04/1989;19.0;10.5
03/04/1989;16.5;9.5
04/04/1989;15.0;11.3
05/04/1989;17.0;7.5
06/04/1989;14.0;8.3
07/04/1989;14.5;7.5
08/04/1989;16.0;8.5
09/04/1989;17.5;8.6
10/04/1989;22.0;6.5
11/04/1989;26.0;10.3
12/04/1989;19.5;12.0
13/04/1989;17.8;10.0
14/04/1989;14.5;3.6
15/04/1989;16.5;5.0
16/04/1989;16.6;7.5
17/04/1989;20.0;8.0
18/04/1989;12.5;7.5
19/04/1989;16.0;7.0
20/04/1989;16.5;6.5
21/04/1989;19.5;10.5
22/04/1989;13.0;10.6
23/04/1989;15.5;4.5
24/04/1989;18.5;1.0
25/04/1989;23.0;7.0
26/04/1989;19.5;9.0
27/04/1989;17.0;11.5
28/04/1989;18.0;9.5
29/04/1989;13.5;8.0
30/04/1989;14.0;9.0
01/05/1989;16.5;5.5
02/05/1989;16.0;7.0
03/05/1989;22.7;9.0
04/05/1989;26.5;8.5
05/05/1989;21.5;6.0
06/05/1989;25.0;7.0
07/05/1989;25.5;9.0
08/05/1989;22.5;4.0
09/05/1989;25.5;5.0
10/05/1989;25.0;5.5
11/05/1989;24.5;7.0
12/05/1989;25.0;14.7
13/05/1989;26.3;11.0
14/05/1989;26.5;13.5
15/05/1989;24.5;12.0
16/05/1989;21.5;7.0
17/05/1989;23.0;6.5
18/05/1989;24.5;6.0
19/05/1989;22.0;12.0
20/05/1989;23.0;11.5
21/05/1989;25.0;10.5
22/05/1989;25.7;9.5
23/05/1989;26.0;12.5
24/05/1989;23.0;6.5
25/05/1989;22.5;7.0
26/05/1989;24.5;7.5
27/05/1989;26.0;7.0
28/05/1989;25.0;8.0
29/05/1989;28.0;9.5
30/05/1989;28.5;10.0
31/05/1989;25.5;15.0
01/06/1989;18.0;15.0
02/06/1989;21.0;14.5
03/06/1989;23.3;15.5
04/06/1989;19.0;12.0
05/06/1989;22.5;12.0
06/06/1989;21.0;9.0
07/06/1989;24.5;13.5
08/06/1989;22.0;14.5
09/06/1989;22.0;8.5
10/06/1989;25.8;10.5
11/06/1989;26.5;12.5
12/06/1989;28.0;11.5
13/06/1989;27.0;12.5
14/06/1989;26.0;11.5
15/06/1989;26.5;12.0
16/06/1989;29.0;13.0
17/06/1989;27.5;9.5
18/06/1989;;
19/06/1989;;
20/06/1989;;
21/06/1989;;
22/06/1989;;
23/06/1989;;
24/06/1989;;
25/06/1989;;
26/06/1989;;
27/06/1989;;
28/06/1989;;
29/06/1989;;
30/06/1989;;
01/07/1989;;
02/07/1989;;
03/07/1989;;
04/07/1989;;
05/07/1989;;
06/07/1989;;
07/07/1989;;
08/07/1989;;
09/07/1989;;
10/07/1989;;
11/07/1989;;
12/07/1989;;
13/07/1989;;
14/07/1989;;
15/07/1989;;
16/07/1989;;
17/07/1989;;
18/07/1989;;
19/07/1989;;
20/07/1989;;
21/07/1989;;
22/07/1989;;
23/07/1989;;
24/07/1989;;
25/07/1989;;
26/07/1989;;
27/07/1989;;
28/07/1989;;
29/07/1989;;
30/07/1989;;
31/07/1989;;
01/08/1989;;
02/08/1989;;
03/08/1989;;
04/08/1989;;
05/08/1989;;
06/08/1989;;
07/08/1989;;
08/08/1989;;
09/08/1989;;
10/08/1989;;
11/08/1989;;
12/08/1989;;
13/08/1989;;
14/08/1989;;
15/08/1989;;
16/08/1989;;
17/08/1989;;
18/08/1989;;
19/08/1989;;
20/08/1989;;
21/08/1989;;
22/08/1989;;
23/08/1989;;
24/08/1989;;
25/08/1989;;
26/08/1989;;
27/08/1989;;
28/08/1989;;
29/08/1989;;
30/08/1989;;
31/08/1989;;
01/09/1989;;
02/09/1989;;
03/09/1989;;
04/09/1989;;
05/09/1989;;
06/09/1989;;
07/09/1989;;
08/09/1989;;
09/09/1989;;
10/09/1989;;
11/09/1989;;
12/09/1989;;
13/09/1989;;
14/09/1989;;
15/09/1989;;
16/09/1989;;
17/09/1989;;
18/09/1989;;
19/09/1989;;
20/09/1989;;
21/09/1989;;
22/09/1989;;
23/09/1989;;
24/09/1989;;
25/09/1989;;
26/09/1989;;
27/09/1989;;
28/09/1989;;
29/09/1989;;
30/09/1989;;
01/10/1989;;
02/10/1989;;
03/10/1989;;
04/10/1989;;
05/10/1989;;
06/10/1989;;
07/10/1989;;
08/10/1989;;
09/10/1989;;
10/10/1989;;
11/10/1989;;
12/10/1989;;
13/10/1989;;
14/10/1989;;
15/10/1989;;
16/10/1989;;
17/10/1989;;
18/10/1989;;
19/10/1989;;
20/10/1989;;
21/10/1989;;
22/10/1989;;
23/10/1989;;
24/10/1989;;
25/10/1989;;
26/10/1989;;
27/10/1989;;
28/10/1989;;
29/10/1989;;
30/10/1989;;
31/10/1989;;
01/11/1989;;
02/11/1989;;
03/11/1989;;
04/11/1989;;
05/11/1989;;
06/11/1989;;
07/11/1989;;
08/11/1989;;
09/11/1989;;
10/11/1989;;
11/11/1989;;
12/11/1989;;
13/11/1989;;
14/11/1989;;
15/11/1989;;
16/11/1989;;
17/11/1989;;
18/11/1989;;
19/11/1989;;
20/11/1989;;
21/11/1989;;
22/11/1989;;
23/11/1989;;
24/11/1989;;
25/11/1989;;
26/11/1989;;
27/11/1989;;
28/11/1989;;
29/11/1989;;
30/11/1989;;
01/12/1989;;
02/12/1989;;
03/12/1989;;
04/12/1989;;
05/12/1989;;
06/12/1989;;
07/12/1989;;
08/12/1989;;
09/12/1989;;
10/12/1989;;
11/12/1989;;
12/12/1989;;
13/12/1989;;
14/12/1989;;
15/12/1989;;
16/12/1989;;
17/12/1989;;
18/12/1989;;
19/12/1989;;
20/12/1989;;
21/12/1989;;
22/12/1989;;
23/12/1989;;
24/12/1989;;
25/12/1989;;
26/12/1989;;
27/12/1989;;
28/12/1989;;
29/12/1989;;
30/12/1989;;
31/12/1989;;
01/01/2000;;
02/01/2000;;
03/01/2000;;
04/01/2000;;
05/01/2000;;
06/01/2000;;
07/01/2000;;
08/01/2000;;
09/01/2000;;
10/01/2000;;
11/01/2000;;
12/01/2000;;
13/01/2000;;
14/01/2000;;
15/01/2000;;
16/01/2000;;
17/01/2000;;
18/01/2000;;
19/01/2000;;
20/01/2000;12.4;-6.8
21/01/2000;9.9;-5.6
22/01/2000;10.6;1.3
23/01/2000;5.9;0.4
24/01/2000;7.4;-5.1
25/01/2000;5.8;-7.1
26/01/2000;1.9;-7.6
27/01/2000;6.1;-9.2
28/01/2000;7.6;-7.5
29/01/2000;3.0;0.8
30/01/2000;8.6;3.0
31/01/2000;13.2;3.3
01/02/2000;13.4;4.2
02/02/2000;11.2;7.7
03/02/2000;10.8;6.3
04/02/2000;16.0;0.4
05/02/2000;13.1;-2.5
06/02/2000;13.2;-1.3
07/02/2000;13.4;4.0
08/02/2000;9.0;6.4
09/02/2000;14.9;7.9
10/02/2000;15.8;-1.4
11/02/2000;12.3;-3.0
12/02/2000;12.9;-1.0
13/02/2000;11.2;-3.4
14/02/2000;15.9;-2.4
15/02/2000;15.5;-0.2
16/02/2000;12.6;7.2
17/02/2000;10.6;1.6
18/02/2000;11.7;-3.8
19/02/2000;11.6;-0.8
20/02/2000;14.2;-2.5
21/02/2000;13.8;-3.2
22/02/2000;13.6;-4.6
23/02/2000;12.0;-5.1
24/02/2000;12.5;-5.5
25/02/2000;13.2;-3.5
26/02/2000;9.2;-0.6
27/02/2000;12.9;5.7
28/02/2000;16.0;-2.7
29/02/2000;17.0;-2.0
01/03/2000;12.4;1.4
02/03/2000;11.4;5.1
03/03/2000;13.9;-2.4
04/03/2000;;
05/03/2000;;
06/03/2000;13.4;-2.8
07/03/2000;14.4;0.8
08/03/2000;11.6;1.5
09/03/2000;13.9;5.3
10/03/2000;11.1;9.0
11/03/2000;15.4;6.3
12/03/2000;13.1;8.8
13/03/2000;18.5;0.6
14/03/2000;18.9;2.5
15/03/2000;18.7;6.2
16/03/2000;13.9;1.8
17/03/2000;17.2;0.2
18/03/2000;16.2;2.3
19/03/2000;18.0;-0.6
20/03/2000;15.9;4.6
21/03/2000;12.1;-3.5
22/03/2000;;
23/03/2000;;
24/03/2000;;
25/03/2000;;
26/03/2000;;
27/03/2000;;
28/03/2000;12.9;5.9
29/03/2000;13.6;8.1
30/03/2000;10.4;6.4
31/03/2000;13.0;2.9
01/04/2000;16.8;7.0
02/04/2000;11.9;7.2
03/04/2000;17.3;8.7
04/04/2000;11.1;7.6
05/04/2000;14.9;5.5
06/04/2000;14.6;9.8
07/04/2000;15.0;7.8
08/04/2000;14.1;-0.9
09/04/2000;19.5;2.3
10/04/2000;15.4;7.3
11/04/2000;12.1;7.9
12/04/2000;12.5;8.3
13/04/2000;15.9;11.1
14/04/2000;17.6;11.1
15/04/2000;18.1;11.2
16/04/2000;21.1;7.2
17/04/2000;18.2;8.4
18/04/2000;18.8;9.6
19/04/2000;18.0;10.2
20/04/2000;19.3;6.5
21/04/2000;25.6;7.2
22/04/2000;27.8;7.8
23/04/2000;27.3;6.3
24/04/2000;25.2;9.3
25/04/2000;15.1;11.1
26/04/2000;19.6;6.9
27/04/2000;23.1;7.8
28/04/2000;23.0;8.4
29/04/2000;23.5;13.1
30/04/2000;18.9;11.2
01/05/2000;24.0;9.2
02/05/2000;24.5;9.2
03/05/2000;22.5;9.6
04/05/2000;25.1;6.3
05/05/2000;27.4;9.3
06/05/2000;22.5;9.1
07/05/2000;24.5;11.8
08/05/2000;20.8;13.8
09/05/2000;24.2;12.0
10/05/2000;25.4;11.8
11/05/2000;30.0;16.4
12/05/2000;28.1;13.9
13/05/2000;27.1;11.2
14/05/2000;25.6;13.4
15/05/2000;24.6;10.4
16/05/2000;25.8;7.9
17/05/2000;30.2;9.2
18/05/2000;28.5;9.4
19/05/2000;25.7;16.4
20/05/2000;23.1;11.1
21/05/2000;22.8;9.2
22/05/2000;23.6;14.6
23/05/2000;24.1;6.8
24/05/2000;27.1;9.2
25/05/2000;28.2;10.3
26/05/2000;29.5;12.2
27/05/2000;29.8;14.9
28/05/2000;28.1;15.8
29/05/2000;23.0;15.5
30/05/2000;22.1;12.5
31/05/2000;25.2;16.0
01/06/2000;24.6;11.2
02/06/2000;28.4;11.1
03/06/2000;30.8;12.6
04/06/2000;32.5;13.8
05/06/2000;32.0;13.5
06/06/2000;30.9;14.1
07/06/2000;29.2;16.7
08/06/2000;27.5;14.2
09/06/2000;29.1;13.9
10/06/2000;32.9;14.4
11/06/2000;31.0;15.1
12/06/2000;20.4;15.5
13/06/2000;25.1;17.7
14/06/2000;;
15/06/2000;;
16/06/2000;;
17/06/2000;28.6;16.1
18/06/2000;27.0;10.2
19/06/2000;25.9;9.4
20/06/2000;30.9;13.4
21/06/2000;31.8;12.6
22/06/2000;;
23/06/2000;;
24/06/2000;29.1;16.6
25/06/2000;29.5;16.2
26/06/2000;25.0;10.1
27/06/2000;27.7;12.2
28/06/2000;29.0;13.1
29/06/2000;23.0;14.9
30/06/2000;27.5;11.9
01/07/2000;30.3;14.3
02/07/2000;30.1;21.0
03/07/2000;33.1;16.1
04/07/2000;35.8;18.5
05/07/2000;32.8;19.2
06/07/2000;28.9;11.5
07/07/2000;32.1;13.3
08/07/2000;35.5;19.9
09/07/2000;27.8;13.5
10/07/2000;27.5;15.5
11/07/2000;26.8;16.6
12/07/2000;22.9;12.3
13/07/2000;21.5;9.1
14/07/2000;25.6;11.9
15/07/2000;21.4;13.6
16/07/2000;24.2;10.2
17/07/2000;23.5;8.6
18/07/2000;26.7;8.7
19/07/2000;28.5;11.6
20/07/2000;29.1;12.9
21/07/2000;27.9;10.6
22/07/2000;29.0;12.2
23/07/2000;30.0;13.2
24/07/2000;29.5;16.5
25/07/2000;28.1;21.0
26/07/2000;28.9;15.2
27/07/2000;30.9;16.2
28/07/2000;31.5;14.1
29/07/2000;29.2;13.2
30/07/2000;31.6;11.9
31/07/2000;30.2;11.2
01/08/2000;30.8;11.4
02/08/2000;32.4;12.2
03/08/2000;32.2;13.7
04/08/2000;31.9;16.2
05/08/2000;22.9;15.5
06/08/2000;24.6;14.4
07/08/2000;25.6;12.1
08/08/2000;29.3;11.6
09/08/2000;32.0;13.6
10/08/2000;31.8;14.2
11/08/2000;32.5;14.4
12/08/2000;;
13/08/2000;;
14/08/2000;;
15/08/2000;33.2;16.5
16/08/2000;34.7;14.2
17/08/2000;35.4;14.7
18/08/2000;34.5;16.0
19/08/2000;35.6;15.5
20/08/2000;36.8;13.4
21/08/2000;36.5;16.3
22/08/2000;37.0;15.9
23/08/2000;34.8;13.9
24/08/2000;36.3;15.9
25/08/2000;35.5;16.3
26/08/2000;38.0;12.8
27/08/2000;37.5;15.2
28/08/2000;32.2;20.0
29/08/2000;29.1;13.6
30/08/2000;31.1;11.8
31/08/2000;31.3;13.6
01/09/2000;23.8;15.4
02/09/2000;27.5;16.2
03/09/2000;26.4;13.8
04/09/2000;27.0;14.1
05/09/2000;27.0;10.2
06/09/2000;25.6;7.5
07/09/2000;26.4;13.0
08/09/2000;23.9;14.8
09/09/2000;23.0;12.1
10/09/2000;25.8;9.3
11/09/2000;27.9;7.6
12/09/2000;30.2;8.3
13/09/2000;31.6;9.1
14/09/2000;29.5;9.8
15/09/2000;28.4;14.3
16/09/2000;28.0;16.4
17/09/2000;26.2;19.4
18/09/2000;28.8;9.4
19/09/2000;27.4;14.1
20/09/2000;27.5;14.4
21/09/2000;29.4;14.6
22/09/2000;23.1;11.2
23/09/2000;26.8;7.4
24/09/2000;26.5;7.8
25/09/2000;25.8;8.8
26/09/2000;27.2;8.7
27/09/2000;28.4;9.3
28/09/2000;28.1;9.6
29/09/2000;27.5;9.6
30/09/2000;24.8;14.7
01/10/2000;18.1;14.5
02/10/2000;17.5;11.9
03/10/2000;19.6;12.1
04/10/2000;18.1;12.3
05/10/2000;19.0;12.9
06/10/2000;24.5;10.8
07/10/2000;22.6;13.1
08/10/2000;14.7;6.8
09/10/2000;13.7;11.1
10/10/2000;20.0;8.8
11/10/2000;18.8;12.0
12/10/2000;20.1;14.8
13/10/2000;24.5;10.4
14/10/2000;26.3;13.9
15/10/2000;24.0;14.5
16/10/2000;17.9;9.6
17/10/2000;20.5;11.4
18/10/2000;18.4;11.1
19/10/2000;21.0;9.8
20/10/2000;19.0;9.0
21/10/2000;22.0;6.5
22/10/2000;21.6;6.3
23/10/2000;21.6;6.2
24/10/2000;22.0;7.5
25/10/2000;20.1;6.9
26/10/2000;18.9;9.7
27/10/2000;16.9;12.7
28/10/2000;16.8;9.0
29/10/2000;21.3;8.9
30/10/2000;17.5;10.4
31/10/2000;19.0;12.3
01/11/2000;20.6;11.1
02/11/2000;16.9;8.9
03/11/2000;15.2;12.2
04/11/2000;17.1;12.4
05/11/2000;15.4;6.3
06/11/2000;13.5;6.9
07/11/2000;16.0;11.9
08/11/2000;16.0;8.2
09/11/2000;15.4;4.8
10/11/2000;13.1;5.1
11/11/2000;11.8;3.8
12/11/2000;10.1;3.0
13/11/2000;15.2;3.2
14/11/2000;20.1;16.3
15/11/2000;19.5;11.4
16/11/2000;13.4;11.8
17/11/2000;19.4;12.2
18/11/2000;16.7;9.0
19/11/2000;14.3;4.6
20/11/2000;14.4;8.2
21/11/2000;13.1;10.4
22/11/2000;11.3;7.1
23/11/2000;10.2;7.6
24/11/2000;12.3;8.9
25/11/2000;13.2;8.1
26/11/2000;13.2;5.5
27/11/2000;12.1;0.1
28/11/2000;11.7;-1.2
29/11/2000;13.4;-1.2
30/11/2000;13.4;0.0
01/12/2000;12.6;-1.0
02/12/2000;14.8;-0.4
03/12/2000;8.3;3.2
04/12/2000;10.1;2.8
05/12/2000;15.8;3.3
06/12/2000;13.2;3.2
07/12/2000;9.0;4.7
08/12/2000;12.8;7.6
09/12/2000;14.8;11.9
10/12/2000;15.6;9.7
11/12/2000;15.4;7.0
12/12/2000;15.6;5.8
13/12/2000;13.8;9.0
14/12/2000;13.7;9.1
15/12/2000;15.6;10.4
16/12/2000;14.3;-0.5
17/12/2000;7.7;-0.6
18/12/2000;8.0;-0.1
19/12/2000;12.3;-0.8
20/12/2000;5.8;-0.4
21/12/2000;9.4;3.9
22/12/2000;6.8;0.1
23/12/2000;7.1;-4.2
24/12/2000;8.3;-4.2
25/12/2000;12.7;-1.9
26/12/2000;12.6;6.6
27/12/2000;12.1;6.8
28/12/2000;8.8;5.7
29/12/2000;10.2;4.3
30/12/2000;7.3;0.6
31/12/2000;6.5;1.1
01/01/2001;;
02/01/2001;;
03/01/2001;11.6;4.8
04/01/2001;13.5;4.2
05/01/2001;10.1;1.1
06/01/2001;11.8;1.4
07/01/2001;16.2;11.4
08/01/2001;15.6;7.9
09/01/2001;9.8;3.1
10/01/2001;11.9;3.8
11/01/2001;11.6;7.6
12/01/2001;12.4;7.8
13/01/2001;9.7;6.5
14/01/2001;6.5;1.4
15/01/2001;2.6;-0.2
16/01/2001;1.1;-0.1
17/01/2001;3.0;0.3
18/01/2001;3.7;0.4
19/01/2001;8.3;0.2
20/01/2001;8.1;1.5
21/01/2001;9.4;3.6
22/01/2001;9.4;-1.5
23/01/2001;10.6;-0.1
24/01/2001;10.4;6.9
25/01/2001;13.8;7.8
26/01/2001;15.5;10.8
27/01/2001;13.3;3.0
28/01/2001;9.1;6.4
29/01/2001;13.2;3.2
30/01/2001;8.4;5.2
31/01/2001;6.2;4.6
01/02/2001;8.2;1.5
02/02/2001;6.9;-3.0
03/02/2001;7.8;-3.8
04/02/2001;3.3;-0.6
05/02/2001;11.9;3.5
06/02/2001;13.8;8.8
07/02/2001;15.5;9.2
08/02/2001;15.0;4.9
09/02/2001;13.9;6.7
10/02/2001;10.0;6.5
11/02/2001;10.5;5.7
12/02/2001;15.4;0.8
13/02/2001;18.4;-0.6
14/02/2001;15.3;0.9
15/02/2001;12.5;0.6
16/02/2001;13.9;-2.5
17/02/2001;15.2;-0.2
18/02/2001;12.7;-0.6
19/02/2001;13.8;-2.1
20/02/2001;16.2;-0.5
21/02/2001;15.9;-1.6
22/02/2001;13.8;0.0
23/02/2001;11.9;3.5
24/02/2001;;
25/02/2001;;
26/02/2001;;
27/02/2001;4.2;-6.1
28/02/2001;8.1;-4.3
01/03/2001;5.8;0.4
02/03/2001;8.2;2.7
03/03/2001;13.2;4.9
04/03/2001;14.9;11.6
05/03/2001;16.9;12.6
06/03/2001;17.0;4.6
07/03/2001;17.2;5.9
08/03/2001;14.6;7.9
09/03/2001;15.2;9.0
10/03/2001;15.2;7.3
11/03/2001;11.4;9.4
12/03/2001;15.8;10.6
13/03/2001;13.9;11.5
14/03/2001;14.8;10.7
15/03/2001;16.8;6.1
16/03/2001;16.1;5.4
17/03/2001;17.1;7.7
18/03/2001;12.6;7.9
19/03/2001;15.4;8.7
20/03/2001;15.1;11.5
21/03/2001;17.5;11.6
22/03/2001;17.3;13.9
23/03/2001;19.2;10.5
24/03/2001;21.5;6.6
25/03/2001;25.1;9.1
26/03/2001;21.8;13.0
27/03/2001;17.1;6.2
28/03/2001;16.9;9.9
29/03/2001;17.8;9.0
30/03/2001;15.2;7.6
31/03/2001;11.6;7.2
01/04/2001;15.8;7.3
02/04/2001;15.8;1.2
03/04/2001;18.5;1.2
04/04/2001;19.1;4.8
05/04/2001;16.2;4.4
06/04/2001;13.9;1.9
07/04/2001;19.8;6.6
08/04/2001;14.8;6.8
09/04/2001;16.4;2.3
10/04/2001;19.6;1.9
11/04/2001;20.4;7.7
12/04/2001;12.2;8.3
13/04/2001;14.8;2.7
14/04/2001;17.1;3.8
15/04/2001;9.4;-2.0
16/04/2001;12.8;6.4
17/04/2001;10.7;7.2
18/04/2001;13.6;0.3
19/04/2001;17.5;7.8
20/04/2001;16.6;6.9
21/04/2001;13.4;2.8
22/04/2001;12.4;1.8
23/04/2001;15.5;-0.2
24/04/2001;13.0;6.6
25/04/2001;18.9;5.6
26/04/2001;24.0;8.1
27/04/2001;20.9;5.8
28/04/2001;22.8;5.6
29/04/2001;23.6;4.8
30/04/2001;25.4;8.8
01/05/2001;25.4;8.4
02/05/2001;27.1;11.2
03/05/2001;27.5;12.8
04/05/2001;26.7;11.4
05/05/2001;18.9;11.9
06/05/2001;21.5;11.1
07/05/2001;16.3;11.9
08/05/2001;17.7;10.3
09/05/2001;24.6;10.9
10/05/2001;25.5;9.6
11/05/2001;24.7;9.1
12/05/2001;23.5;8.1
13/05/2001;24.1;10.8
14/05/2001;25.5;8.6
15/05/2001;25.2;10.9
16/05/2001;21.5;14.1
17/05/2001;25.0;11.9
18/05/2001;25.4;11.6
19/05/2001;25.6;10.6
20/05/2001;22.8;11.6
21/05/2001;22.5;12.6
22/05/2001;18.8;12.7
23/05/2001;22.4;13.7
24/05/2001;25.4;12.1
25/05/2001;26.2;12.5
26/05/2001;27.5;11.9
27/05/2001;26.8;9.1
28/05/2001;30.2;10.8
29/05/2001;28.7;10.8
30/05/2001;28.7;11.1
31/05/2001;30.1;12.9
01/06/2001;29.8;12.9
02/06/2001;;
03/06/2001;;
04/06/2001;;
05/06/2001;23.0;6.6
06/06/2001;25.5;8.2
07/06/2001;22.0;10.1
08/06/2001;27.5;9.4
09/06/2001;27.2;15.8
10/06/2001;27.4;16.3
11/06/2001;28.4;19.8
12/06/2001;24.3;8.3
13/06/2001;23.9;7.4
14/06/2001;23.9;7.4
15/06/2001;27.9;10.0
16/06/2001;27.0;11.6
17/06/2001;28.0;11.8
18/06/2001;30.6;19.2
19/06/2001;24.9;12.3
20/06/2001;24.2;10.8
21/06/2001;28.0;10.0
22/06/2001;28.2;10.7
23/06/2001;27.8;10.0
24/06/2001;29.5;12.6
25/06/2001;28.6;13.6
26/06/2001;32.2;13.6
27/06/2001;34.3;14.0
28/06/2001;33.7;16.4
29/06/2001;29.0;15.2
30/06/2001;28.7;15.5
01/07/2001;32.5;16.3
02/07/2001;30.5;16.5
03/07/2001;29.1;14.1
04/07/2001;30.1;14.1
05/07/2001;28.7;15.0
06/07/2001;31.3;14.1
07/07/2001;31.5;15.9
08/07/2001;29.0;17.2
09/07/2001;27.6;16.1
10/07/2001;28.8;14.9
11/07/2001;23.4;13.6
12/07/2001;29.2;17.7
13/07/2001;29.2;14.4
14/07/2001;29.0;13.8
15/07/2001;33.7;15.2
16/07/2001;34.8;19.1
17/07/2001;27.4;15.2
18/07/2001;27.4;15.8
19/07/2001;28.5;20.4
20/07/2001;30.0;15.2
21/07/2001;21.2;15.2
22/07/2001;28.9;12.4
23/07/2001;30.9;13.2
24/07/2001;31.0;13.4
25/07/2001;31.1;17.3
26/07/2001;29.4;15.3
27/07/2001;33.4;15.0
28/07/2001;34.0;15.5
29/07/2001;34.5;17.4
30/07/2001;32.3;17.8
31/07/2001;33.2;16.2
01/08/2001;33.8;15.5
02/08/2001;35.9;15.6
03/08/2001;37.4;17.2
04/08/2001;36.0;15.9
05/08/2001;32.9;19.6
06/08/2001;30.4;13.0
07/08/2001;30.8;14.9
08/08/2001;32.9;14.2
09/08/2001;30.8;15.8
10/08/2001;33.0;16.0
11/08/2001;33.8;14.9
12/08/2001;25.4;11.4
13/08/2001;27.0;9.6
14/08/2001;32.4;11.4
15/08/2001;34.8;13.6
16/08/2001;35.9;15.2
17/08/2001;36.0;14.6
18/08/2001;36.2;17.7
19/08/2001;31.4;15.2
20/08/2001;32.7;14.6
21/08/2001;31.0;16.6
22/08/2001;32.5;15.2
23/08/2001;30.5;14.4
24/08/2001;32.3;14.8
25/08/2001;32.5;15.1
26/08/2001;33.8;15.2
27/08/2001;35.0;14.1
28/08/2001;34.7;14.4
29/08/2001;32.8;19.2
30/08/2001;32.2;16.4
31/08/2001;32.0;17.6
01/09/2001;26.1;16.9
02/09/2001;24.6;12.2
03/09/2001;25.1;8.8
04/09/2001;29.1;10.1
05/09/2001;24.2;13.0
06/09/2001;;
07/09/2001;;
08/09/2001;;
09/09/2001;;
10/09/2001;;
11/09/2001;;
12/09/2001;;
13/09/2001;;
14/09/2001;24.0;14.9
15/09/2001;22.8;11.2
16/09/2001;21.5;7.4
17/09/2001;16.4;5.5
18/09/2001;20.0;5.2
19/09/2001;21.0;5.5
20/09/2001;20.0;7.3
21/09/2001;24.2;9.7
22/09/2001;23.5;8.2
23/09/2001;25.4;11.1
24/09/2001;19.8;14.2
25/09/2001;20.9;14.1
26/09/2001;22.6;12.6
27/09/2001;23.8;7.6
28/09/2001;23.5;6.9
29/09/2001;25.1;8.0
30/09/2001;23.5;10.6
01/10/2001;21.0;15.1
02/10/2001;23.5;13.3
03/10/2001;24.1;12.8
04/10/2001;;
05/10/2001;;
06/10/2001;;
07/10/2001;;
08/10/2001;;
09/10/2001;;
10/10/2001;;
11/10/2001;;
12/10/2001;;
13/10/2001;;
14/10/2001;;
15/10/2001;;
16/10/2001;;
17/10/2001;;
18/10/2001;;
19/10/2001;;
20/10/2001;;
21/10/2001;;
22/10/2001;;
23/10/2001;;
24/10/2001;;
25/10/2001;;
26/10/2001;;
27/10/2001;;
28/10/2001;;
29/10/2001;;
30/10/2001;;
31/10/2001;;
01/11/2001;;
02/11/2001;;
03/11/2001;;
04/11/2001;;
05/11/2001;;
06/11/2001;;
07/11/2001;;
08/11/2001;;
09/11/2001;;
10/11/2001;;
11/11/2001;;
12/11/2001;;
13/11/2001;;
14/11/2001;;
15/11/2001;;
16/11/2001;;
17/11/2001;;
18/11/2001;;
19/11/2001;;
20/11/2001;;
21/11/2001;;
22/11/2001;;
23/11/2001;;
24/11/2001;;
25/11/2001;;
26/11/2001;;
27/11/2001;;
28/11/2001;;
29/11/2001;;
30/11/2001;;
01/12/2001;;
02/12/2001;;
03/12/2001;;
04/12/2001;;
05/12/2001;;
06/12/2001;;
07/12/2001;;
08/12/2001;;
09/12/2001;;
10/12/2001;;
11/12/2001;;
12/12/2001;;
13/12/2001;;
14/12/2001;;
15/12/2001;;
16/12/2001;;
17/12/2001;;
18/12/2001;;
19/12/2001;;
20/12/2001;;
21/12/2001;;
22/12/2001;;
23/12/2001;;
24/12/2001;;
25/12/2001;;
26/12/2001;;
27/12/2001;;
28/12/2001;;
29/12/2001;;
30/12/2001;;
31/12/2001;;
01/01/2002;;
02/01/2002;5.8;-8.9
03/01/2002;5.1;-7.9
04/01/2002;;
05/01/2002;4.8;-9.0
06/01/2002;10.1;-7.8
07/01/2002;11.6;-7.7
08/01/2002;;
09/01/2002;10.1;-7.8
10/01/2002;11.4;-7.4
11/01/2002;9.9;-6.2
12/01/2002;9.6;-1.6
13/01/2002;12.3;-5.0
14/01/2002;8.3;-4.5
15/01/2002;7.1;-2.2
16/01/2002;3.4;-1.2
17/01/2002;6.7;-5.8
18/01/2002;8.9;-5.7
19/01/2002;9.9;-7.2
20/01/2002;9.2;-5.6
21/01/2002;11.6;-0.2
22/01/2002;7.9;3.5
23/01/2002;12.4;0.4
24/01/2002;10.8;2.2
25/01/2002;11.6;4.8
26/01/2002;15.3;0.9
27/01/2002;7.6;2.8
28/01/2002;11.4;6.6
29/01/2002;15.1;2.9
30/01/2002;13.1;3.5
31/01/2002;11.6;7.4
01/02/2002;11.9;7.7
02/02/2002;14.4;-1.2
03/02/2002;17.6;-2.1
04/02/2002;17.2;-2.2
05/02/2002;;
06/02/2002;;
07/02/2002;11.9;4.7
08/02/2002;14.1;0.4
09/02/2002;14.9;-0.3
10/02/2002;13.1;0.8
11/02/2002;15.4;3.3
12/02/2002;16.4;1.1
13/02/2002;14.4;2.8
14/02/2002;12.6;8.1
15/02/2002;14.2;8.1
16/02/2002;11.2;3.0
17/02/2002;14.0;2.4
18/02/2002;10.8;3.6
19/02/2002;10.2;3.2
20/02/2002;14.1;2.5
21/02/2002;12.2;6.2
22/02/2002;8.9;3.3
23/02/2002;10.6;-0.9
24/02/2002;11.5;1.1
25/02/2002;16.0;-3.0
26/02/2002;12.6;-0.2
27/02/2002;11.9;7.8
28/02/2002;16.1;11.2
01/03/2002;;
02/03/2002;14.6;7.6
03/03/2002;15.4;8.6
04/03/2002;15.5;-0.8
05/03/2002;15.9;3.0
06/03/2002;16.4;9.4
07/03/2002;17.0;5.6
08/03/2002;19.2;2.0
09/03/2002;18.9;4.7
10/03/2002;16.0;0.5
11/03/2002;18.3;1.1
12/03/2002;19.6;-0.5
13/03/2002;23.6;2.0
14/03/2002;21.4;0.9
15/03/2002;20.0;4.6
16/03/2002;15.4;2.7
17/03/2002;20.1;2.0
18/03/2002;21.6;4.0
19/03/2002;19.0;9.2
20/03/2002;14.9;12.2
21/03/2002;18.4;5.5
22/03/2002;23.3;4.7
23/03/2002;24.0;6.9
24/03/2002;15.3;-1.2
25/03/2002;12.2;-2.8
26/03/2002;12.5;-3.4
27/03/2002;14.8;-0.9
28/03/2002;11.4;1.4
29/03/2002;13.2;-3.2
30/03/2002;16.3;-2.3
31/03/2002;21.6;1.6
01/04/2002;17.2;0.0
02/04/2002;20.5;-0.2
03/04/2002;21.4;1.5
04/04/2002;20.4;10.9
05/04/2002;14.9;7.2
06/04/2002;18.9;1.0
07/04/2002;11.6;5.2
08/04/2002;15.8;6.9
09/04/2002;15.3;8.8
10/04/2002;9.6;5.6
11/04/2002;11.7;4.4
12/04/2002;10.7;8.0
13/04/2002;12.0;8.4
14/04/2002;16.1;7.9
15/04/2002;15.2;8.4
16/04/2002;18.3;9.1
17/04/2002;16.9;5.6
18/04/2002;16.8;2.6
19/04/2002;20.5;3.8
20/04/2002;21.4;4.9
21/04/2002;18.5;8.7
22/04/2002;17.0;7.2
23/04/2002;21.8;6.1
24/04/2002;21.5;3.4
25/04/2002;22.7;4.7
26/04/2002;20.8;5.8
27/04/2002;23.2;11.6
28/04/2002;19.9;8.0
29/04/2002;22.0;6.3
30/04/2002;20.0;5.6
01/05/2002;24.9;8.4
02/05/2002;25.0;7.8
03/05/2002;21.1;12.2
04/05/2002;17.3;11.8
05/05/2002;18.0;10.8
06/05/2002;18.4;4.9
07/05/2002;20.4;6.5
08/05/2002;21.0;15.0
09/05/2002;17.7;14.0
10/05/2002;18.2;10.8
11/05/2002;20.8;10.9
12/05/2002;22.4;11.4
13/05/2002;21.8;11.6
14/05/2002;21.1;9.1
15/05/2002;22.4;7.4
16/05/2002;27.8;11.8
17/05/2002;29.6;11.2
18/05/2002;28.2;7.9
19/05/2002;26.6;13.4
20/05/2002;23.6;10.6
21/05/2002;23.5;9.1
22/05/2002;27.5;10.0
23/05/2002;27.0;12.7
24/05/2002;23.2;15.1
25/05/2002;22.5;15.2
26/05/2002;26.0;12.4
27/05/2002;23.9;12.9
28/05/2002;22.3;10.4
29/05/2002;19.7;13.8
30/05/2002;23.5;9.8
31/05/2002;28.0;11.1
01/06/2002;28.8;10.6
02/06/2002;29.4;10.4
03/06/2002;28.5;11.0
04/06/2002;26.4;10.9
05/06/2002;26.7;15.4
06/06/2002;23.6;14.7
07/06/2002;26.2;13.1
08/06/2002;20.3;14.2
09/06/2002;21.0;13.4
10/06/2002;21.8;12.8
11/06/2002;23.1;9.3
12/06/2002;27.1;11.6
13/06/2002;27.6;13.4
14/06/2002;30.0;11.9
15/06/2002;31.1;12.6
16/06/2002;32.4;12.4
17/06/2002;31.6;14.2
18/06/2002;34.6;17.4
19/06/2002;35.5;15.6
20/06/2002;34.5;14.5
21/06/2002;35.1;16.8
22/06/2002;34.8;17.3
23/06/2002;34.8;15.9
24/06/2002;36.2;18.0
25/06/2002;36.5;19.9
26/06/2002;33.0;19.9
27/06/2002;29.0;12.3
28/06/2002;32.8;17.0
29/06/2002;29.9;18.0
30/06/2002;28.1;13.0
01/07/2002;25.8;11.6
02/07/2002;29.9;14.2
03/07/2002;32.0;17.0
04/07/2002;30.5;21.1
05/07/2002;29.4;13.1
06/07/2002;30.0;16.1
07/07/2002;28.2;14.0
08/07/2002;30.6;13.1
09/07/2002;33.0;13.1
10/07/2002;33.0;15.1
11/07/2002;33.0;14.8
12/07/2002;32.7;14.9
13/07/2002;34.8;14.1
14/07/2002;31.5;16.9
15/07/2002;24.1;16.1
16/07/2002;24.8;15.5
17/07/2002;22.1;16.0
18/07/2002;24.3;17.1
19/07/2002;28.5;16.3
20/07/2002;27.6;14.7
21/07/2002;31.0;13.6
22/07/2002;30.2;14.8
23/07/2002;31.8;14.8
24/07/2002;34.0;16.6
25/07/2002;30.2;19.8
26/07/2002;26.0;15.3
27/07/2002;26.5;11.8
28/07/2002;26.4;14.8
29/07/2002;28.5;14.6
30/07/2002;31.2;16.1
31/07/2002;30.9;16.0
01/08/2002;28.9;18.9
02/08/2002;29.7;17.6
03/08/2002;30.9;17.8
04/08/2002;32.2;17.8
05/08/2002;32.0;17.6
06/08/2002;30.2;15.8
07/08/2002;26.4;14.8
08/08/2002;29.0;14.8
09/08/2002;30.5;16.6
10/08/2002;24.4;15.8
11/08/2002;19.6;15.5
12/08/2002;;
13/08/2002;25.1;12.9
14/08/2002;28.5;15.2
15/08/2002;29.6;14.8
16/08/2002;30.6;15.2
17/08/2002;30.5;13.4
18/08/2002;30.5;13.8
19/08/2002;29.9;14.6
20/08/2002;30.4;14.4
21/08/2002;31.8;17.5
22/08/2002;29.3;15.1
23/08/2002;28.1;16.0
24/08/2002;29.4;15.2
25/08/2002;29.8;16.7
26/08/2002;29.1;18.0
27/08/2002;28.2;16.5
28/08/2002;27.5;15.4
29/08/2002;24.5;15.2
30/08/2002;24.5;13.4
31/08/2002;27.4;12.9
01/09/2002;27.7;14.0
02/09/2002;26.8;14.8
03/09/2002;27.3;12.5
04/09/2002;28.0;12.6
05/09/2002;26.8;16.0
06/09/2002;25.6;15.9
07/09/2002;20.8;14.4
08/09/2002;22.0;13.1
09/09/2002;27.2;14.4
10/09/2002;27.1;15.6
11/09/2002;28.5;15.1
12/09/2002;24.9;16.6
13/09/2002;24.1;11.0
14/09/2002;22.2;6.9
15/09/2002;23.0;7.2
16/09/2002;25.4;9.4
17/09/2002;24.7;12.4
18/09/2002;23.8;11.9
19/09/2002;26.4;13.1
20/09/2002;26.4;16.4
21/09/2002;26.7;16.4
22/09/2002;24.8;16.2
23/09/2002;17.8;13.8
24/09/2002;16.4;8.0
25/09/2002;17.5;9.6
26/09/2002;16.6;9.1
27/09/2002;20.1;8.0
28/09/2002;21.5;7.6
29/09/2002;18.8;4.2
30/09/2002;17.5;5.5
01/10/2002;20.2;3.3
02/10/2002;22.8;4.5
03/10/2002;23.4;6.4
04/10/2002;22.0;6.5
05/10/2002;20.3;8.4
06/10/2002;22.2;8.6
07/10/2002;19.4;9.1
08/10/2002;21.4;6.9
09/10/2002;16.3;10.6
10/10/2002;20.9;13.1
11/10/2002;16.8;13.7
12/10/2002;18.2;10.2
13/10/2002;12.8;10.1
14/10/2002;21.2;7.6
15/10/2002;19.9;8.7
16/10/2002;19.1;14.8
17/10/2002;21.4;15.9
18/10/2002;22.4;14.6
19/10/2002;19.6;11.9
20/10/2002;19.1;5.9
21/10/2002;19.1;7.4
22/10/2002;18.4;12.4
23/10/2002;21.5;16.1
24/10/2002;22.7;13.3
25/10/2002;20.0;10.8
26/10/2002;16.8;12.6
27/10/2002;22.1;11.6
28/10/2002;20.5;14.6
29/10/2002;23.6;2.5
30/10/2002;22.0;4.5
31/10/2002;14.5;8.1
01/11/2002;21.0;11.2
02/11/2002;19.0;11.7
03/11/2002;17.9;14.2
04/11/2002;16.1;10.4
05/11/2002;17.9;4.7
06/11/2002;17.5;3.2
07/11/2002;12.2;-1.4
08/11/2002;7.0;1.8
09/11/2002;11.8;-1.4
10/11/2002;9.9;0.9
11/11/2002;16.9;2.2
12/11/2002;11.6;5.2
13/11/2002;19.2;8.4
14/11/2002;15.9;10.9
15/11/2002;19.5;15.9
16/11/2002;21.2;18.1
17/11/2002;21.9;12.0
18/11/2002;17.3;11.0
19/11/2002;16.1;9.3
20/11/2002;13.4;9.1
21/11/2002;16.1;8.2
22/11/2002;11.6;8.7
23/11/2002;13.4;8.2
24/11/2002;13.9;8.6
25/11/2002;16.5;9.4
26/11/2002;19.9;13.4
27/11/2002;17.1;12.0
28/11/2002;19.5;12.4
29/11/2002;18.2;13.4
30/11/2002;15.1;7.6
01/12/2002;10.7;4.3
02/12/2002;13.4;0.4
03/12/2002;9.0;1.6
04/12/2002;8.6;5.1
05/12/2002;9.1;7.3
06/12/2002;;
07/12/2002;;
08/12/2002;9.8;7.4
09/12/2002;9.1;3.8
10/12/2002;5.2;1.2
11/12/2002;4.3;1.5
12/12/2002;4.7;2.7
13/12/2002;5.5;4.5
14/12/2002;11.8;0.8
15/12/2002;6.4;1.0
16/12/2002;6.7;4.8
17/12/2002;10.5;5.6
18/12/2002;11.6;5.3
19/12/2002;8.9;4.4
20/12/2002;9.9;-3.2
21/12/2002;8.7;-2.0
22/12/2002;6.5;2.8
23/12/2002;10.8;6.5
24/12/2002;12.3;9.9
25/12/2002;12.7;7.6
26/12/2002;10.5;6.2
27/12/2002;13.6;4.4
28/12/2002;13.1;6.6
29/12/2002;11.3;6.0
30/12/2002;11.4;6.2
31/12/2002;13.2;9.0
01/01/2003;10.8;6.7
02/01/2003;15.7;2.6
03/01/2003;14.7;9.2
04/01/2003;14.6;11.6
05/01/2003;14.6;6.9
06/01/2003;8.1;-1.1
07/01/2003;3.9;-0.2
08/01/2003;4.4;-0.2
09/01/2003;6.7;0.2
10/01/2003;2.6;-2.9
11/01/2003;3.0;-1.6
12/01/2003;3.0;-2.4
13/01/2003;1.9;-6.5
14/01/2003;7.2;-6.6
15/01/2003;8.8;-5.6
16/01/2003;11.0;0.1
17/01/2003;5.1;3.0
18/01/2003;9.9;-0.4
19/01/2003;10.4;-3.4
20/01/2003;13.3;-2.3
21/01/2003;8.2;2.6
22/01/2003;10.6;5.2
23/01/2003;12.3;5.7
24/01/2003;7.3;5.1
25/01/2003;12.1;6.3
26/01/2003;7.6;2.4
27/01/2003;7.5;2.2
28/01/2003;10.8;-3.3
29/01/2003;12.1;-2.1
30/01/2003;6.5;-2.7
31/01/2003;4.0;-1.6
01/02/2003;7.6;-0.2
02/02/2003;5.8;-5.0
03/02/2003;6.8;-6.6
04/02/2003;10.1;-3.8
05/02/2003;10.8;1.1
06/02/2003;9.0;-4.9
07/02/2003;9.6;-7.0
08/02/2003;10.4;-6.0
09/02/2003;8.3;-4.2
10/02/2003;7.1;-4.5
11/02/2003;5.5;-1.6
12/02/2003;6.8;-0.4
13/02/2003;3.7;-1.3
14/02/2003;4.4;-2.0
15/02/2003;4.7;-6.6
16/02/2003;8.2;-3.7
17/02/2003;3.7;0.1
18/02/2003;3.5;-1.3
19/02/2003;5.4;-4.5
20/02/2003;7.7;-5.7
21/02/2003;12.0;-5.8
22/02/2003;13.0;-2.7
23/02/2003;8.3;-4.6
24/02/2003;8.5;-7.0
25/02/2003;13.7;-3.8
26/02/2003;-2.0;-5.7
27/02/2003;15.1;-4.8
28/02/2003;14.2;-1.3
01/03/2003;15.0;3.4
02/03/2003;14.8;7.7
03/03/2003;10.2;4.0
04/03/2003;10.9;3.6
05/03/2003;14.8;-0.9
06/03/2003;18.7;0.1
07/03/2003;16.2;3.0
08/03/2003;11.8;0.8
09/03/2003;17.8;1.7
10/03/2003;18.5;0.9
11/03/2003;19.7;3.4
12/03/2003;15.2;5.5
13/03/2003;16.9;6.1
14/03/2003;17.0;3.0
15/03/2003;11.2;0.6
16/03/2003;8.4;4.0
17/03/2003;9.5;4.0
18/03/2003;14.1;-1.9
19/03/2003;15.9;-2.3
20/03/2003;16.2;-1.7
21/03/2003;19.5;-0.1
22/03/2003;18.4;2.1
23/03/2003;15.5;0.9
24/03/2003;12.3;-1.3
25/03/2003;21.8;-1.3
26/03/2003;19.5;0.0
27/03/2003;19.2;-0.8
28/03/2003;19.8;0.0
29/03/2003;21.2;1.8
30/03/2003;22.7;2.7
31/03/2003;22.8;6.9
01/04/2003;19.5;7.7
02/04/2003;19.8;3.3
03/04/2003;16.5;5.4
04/04/2003;8.0;5.9
05/04/2003;10.2;3.7
06/04/2003;16.9;1.1
07/04/2003;19.0;0.4
08/04/2003;8.7;-5.3
09/04/2003;11.6;-3.5
10/04/2003;13.1;3.4
11/04/2003;10.0;5.7
12/04/2003;11.6;7.6
13/04/2003;13.7;3.7
14/04/2003;18.1;2.6
15/04/2003;19.5;4.7
16/04/2003;17.1;9.4
17/04/2003;19.2;6.5
18/04/2003;20.1;8.8
19/04/2003;21.3;3.3
20/04/2003;21.6;6.6
21/04/2003;17.9;9.1
22/04/2003;15.4;4.0
23/04/2003;21.5;3.7
24/04/2003;23.4;5.3
25/04/2003;21.6;11.2
26/04/2003;23.2;6.2
27/04/2003;23.0;12.4
28/04/2003;21.1;9.1
29/04/2003;23.3;8.3
30/04/2003;26.3;10.0
01/05/2003;25.9;10.6
02/05/2003;28.1;12.4
03/05/2003;25.7;8.6
04/05/2003;28.5;10.5
05/05/2003;28.0;9.5
06/05/2003;31.6;10.2
07/05/2003;32.0;11.8
08/05/2003;30.5;13.6
09/05/2003;30.4;12.3
10/05/2003;26.7;12.3
11/05/2003;20.5;13.4
12/05/2003;27.0;12.0
13/05/2003;27.8;9.7
14/05/2003;25.6;10.5
15/05/2003;24.1;11.2
16/05/2003;20.9;4.7
17/05/2003;24.0;6.5
18/05/2003;24.5;14.0
19/05/2003;25.0;8.7
20/05/2003;23.2;10.5
21/05/2003;23.8;11.6
22/05/2003;21.4;5.5
23/05/2003;25.1;5.5
24/05/2003;26.2;7.4
25/05/2003;28.2;10.2
26/05/2003;28.5;9.6
27/05/2003;26.9;13.6
28/05/2003;27.5;13.2
29/05/2003;29.5;13.4
30/05/2003;29.6;13.7
31/05/2003;28.9;14.5
01/06/2003;30.0;14.5
02/06/2003;28.8;15.4
03/06/2003;27.7;15.4
04/06/2003;28.1;14.0
05/06/2003;30.5;13.1
06/06/2003;32.3;14.4
07/06/2003;31.6;14.1
08/06/2003;32.1;15.2
09/06/2003;33.4;14.9
10/06/2003;33.4;13.4
11/06/2003;34.4;14.7
12/06/2003;34.9;16.7
13/06/2003;36.3;17.7
14/06/2003;36.3;16.4
15/06/2003;36.9;19.0
16/06/2003;35.2;21.3
17/06/2003;34.5;17.0
18/06/2003;33.4;16.4
19/06/2003;29.2;16.6
20/06/2003;30.6;14.3
21/06/2003;32.8;15.5
22/06/2003;33.8;16.2
23/06/2003;34.7;15.5
24/06/2003;33.4;18.3
25/06/2003;34.5;16.8
26/06/2003;33.8;15.2
27/06/2003;33.4;19.5
28/06/2003;33.4;19.3
29/06/2003;33.2;19.8
30/06/2003;32.5;15.8
01/07/2003;33.8;19.7
02/07/2003;34.0;21.0
03/07/2003;28.4;17.7
04/07/2003;28.1;15.0
05/07/2003;27.9;12.4
06/07/2003;30.7;13.0
07/07/2003;32.4;12.6
08/07/2003;33.5;13.7
09/07/2003;33.8;13.7
10/07/2003;33.3;14.8
11/07/2003;34.8;15.0
12/07/2003;34.5;16.0
13/07/2003;35.5;15.5
14/07/2003;34.5;16.3
15/07/2003;32.4;17.7
16/07/2003;35.2;17.3
17/07/2003;36.5;22.0
18/07/2003;32.8;15.2
19/07/2003;34.5;16.5
20/07/2003;36.3;15.2
21/07/2003;37.3;16.6
22/07/2003;37.2;18.4
23/07/2003;38.4;17.8
24/07/2003;36.7;20.7
25/07/2003;34.7;21.1
26/07/2003;33.6;18.4
27/07/2003;33.6;18.0
28/07/2003;37.8;18.4
29/07/2003;35.3;17.7
30/07/2003;32.8;17.4
31/07/2003;32.6;15.1
01/08/2003;28.8;15.5
02/08/2003;30.2;17.4
03/08/2003;33.8;16.9
04/08/2003;36.0;15.9
05/08/2003;37.8;17.1
06/08/2003;39.7;18.1
07/08/2003;39.9;18.8
08/08/2003;38.5;17.9
09/08/2003;37.4;14.8
10/08/2003;38.8;16.9
11/08/2003;39.4;18.0
12/08/2003;36.7;20.0
13/08/2003;37.4;19.1
14/08/2003;39.2;19.7
15/08/2003;35.5;22.3
16/08/2003;34.8;20.0
17/08/2003;36.5;16.7
18/08/2003;37.0;19.8
19/08/2003;36.0;18.6
20/08/2003;36.7;15.3
21/08/2003;36.3;16.6
22/08/2003;36.3;18.2
23/08/2003;34.7;19.7
24/08/2003;34.8;18.4
25/08/2003;35.3;16.6
26/08/2003;35.2;17.9
27/08/2003;33.3;13.9
28/08/2003;33.9;20.5
29/08/2003;33.6;21.0
30/08/2003;31.5;23.8
31/08/2003;31.6;23.3
01/09/2003;28.8;14.0
02/09/2003;22.6;13.9
03/09/2003;26.6;17.3
04/09/2003;24.4;9.6
05/09/2003;25.4;7.1
06/09/2003;29.4;15.2
07/09/2003;29.4;14.1
08/09/2003;28.2;15.9
09/09/2003;26.6;15.9
10/09/2003;19.7;13.9
11/09/2003;26.3;9.4
12/09/2003;27.7;9.9
13/09/2003;29.1;7.9
14/09/2003;28.0;16.0
15/09/2003;21.3;14.8
16/09/2003;23.2;7.7
17/09/2003;26.6;7.2
18/09/2003;30.2;6.4
19/09/2003;31.7;7.7
20/09/2003;33.3;9.4
21/09/2003;33.2;10.1
22/09/2003;31.7;10.0
23/09/2003;29.9;12.3
24/09/2003;25.6;16.4
25/09/2003;27.8;15.2
26/09/2003;22.0;6.0
27/09/2003;24.1;5.8
28/09/2003;24.5;12.2
29/09/2003;23.0;14.7
30/09/2003;22.1;12.7
01/10/2003;26.1;11.5
02/10/2003;24.1;13.3
03/10/2003;26.6;16.9
04/10/2003;27.7;19.9
05/10/2003;23.8;15.2
06/10/2003;19.0;5.1
07/10/2003;21.5;5.8
08/10/2003;18.4;9.8
09/10/2003;21.5;4.2
10/10/2003;22.4;6.9
11/10/2003;24.5;11.3
12/10/2003;23.0;12.9
13/10/2003;22.3;11.2
14/10/2003;23.8;12.2
15/10/2003;22.2;13.1
16/10/2003;16.6;8.2
17/10/2003;16.1;6.7
18/10/2003;13.1;7.4
19/10/2003;10.1;6.4
20/10/2003;18.5;9.4
21/10/2003;19.7;13.8
22/10/2003;19.8;8.3
23/10/2003;15.2;7.6
24/10/2003;14.7;7.8
25/10/2003;15.0;0.6
26/10/2003;13.7;0.1
27/10/2003;11.2;1.0
28/10/2003;11.2;0.4
29/10/2003;12.1;4.3
30/10/2003;11.6;7.1
31/10/2003;14.2;9.6
01/11/2003;18.6;13.1
02/11/2003;14.4;9.7
03/11/2003;16.7;7.3
04/11/2003;16.9;5.2
05/11/2003;17.2;5.7
06/11/2003;18.0;4.8
07/11/2003;14.7;7.0
08/11/2003;10.4;6.4
09/11/2003;17.1;7.4
10/11/2003;20.3;4.7
11/11/2003;19.5;5.4
12/11/2003;10.9;6.5
13/11/2003;10.4;3.3
14/11/2003;13.2;-0.5
15/11/2003;14.4;0.6
16/11/2003;9.5;7.1
17/11/2003;12.5;9.4
18/11/2003;15.0;10.7
19/11/2003;16.4;9.8
20/11/2003;16.2;9.5
21/11/2003;13.7;8.0
22/11/2003;12.9;5.1
23/11/2003;17.1;5.7
24/11/2003;16.4;9.1
25/11/2003;13.6;9.6
26/11/2003;16.1;9.1
27/11/2003;11.8;8.8
28/11/2003;14.4;5.9
29/11/2003;13.9;5.2
30/11/2003;10.7;2.8
01/12/2003;4.7;3.0
02/12/2003;7.4;4.7
03/12/2003;10.5;6.5
04/12/2003;16.1;4.8
05/12/2003;12.8;6.2
06/12/2003;15.6;7.4
07/12/2003;14.5;6.6
08/12/2003;9.1;0.5
09/12/2003;6.4;1.2
10/12/2003;7.6;2.6
11/12/2003;7.2;3.4
12/12/2003;10.0;2.4
13/12/2003;14.6;0.4
14/12/2003;15.2;-0.1
15/12/2003;6.6;-1.5
16/12/2003;14.6;-3.7
17/12/2003;10.1;-6.0
18/12/2003;6.5;-5.2
19/12/2003;5.1;-2.0
20/12/2003;7.2;-2.6
21/12/2003;13.0;-1.6
22/12/2003;12.1;3.8
23/12/2003;10.5;1.8
24/12/2003;4.6;0.1
25/12/2003;3.7;-0.3
26/12/2003;7.3;-4.8
27/12/2003;13.8;-4.1
28/12/2003;7.4;0.0
29/12/2003;11.2;7.6
30/12/2003;10.2;6.2
31/12/2003;;
01/01/2004;;
02/01/2004;12.2;-0.3
03/01/2004;7.6;1.5
04/01/2004;5.4;-0.8
05/01/2004;6.3;-6.6
06/01/2004;6.2;-5.8
07/01/2004;7.6;-3.5
08/01/2004;5.2;0.3
09/01/2004;7.3;3.9
10/01/2004;8.2;5.3
11/01/2004;13.2;-3.5
12/01/2004;10.4;-2.0
13/01/2004;12.9;4.6
14/01/2004;14.1;13.0
15/01/2004;14.5;4.3
16/01/2004;12.6;-3.3
17/01/2004;11.1;-1.8
18/01/2004;11.2;6.9
19/01/2004;8.5;3.8
20/01/2004;7.6;-2.2
21/01/2004;8.2;-0.6
22/01/2004;9.1;-3.7
23/01/2004;6.8;-2.2
24/01/2004;6.6;-5.6
25/01/2004;7.4;-4.2
26/01/2004;1.8;-4.1
27/01/2004;3.0;-3.5
28/01/2004;1.9;-0.8
29/01/2004;5.0;-3.0
30/01/2004;1.7;-8.4
31/01/2004;6.7;-9.7
01/02/2004;3.5;-5.2
02/02/2004;4.4;1.2
03/02/2004;5.3;2.0
04/02/2004;10.8;2.1
05/02/2004;8.1;4.9
06/02/2004;10.4;6.2
07/02/2004;11.6;9.6
08/02/2004;10.8;7.3
09/02/2004;13.6;4.2
10/02/2004;16.0;-3.0
11/02/2004;15.6;-1.1
12/02/2004;11.4;-0.9
13/02/2004;12.9;-3.0
14/02/2004;10.6;-0.1
15/02/2004;8.1;0.9
16/02/2004;13.4;1.9
17/02/2004;15.1;-2.2
18/02/2004;13.5;-3.0
19/02/2004;4.6;-0.2
20/02/2004;6.2;2.1
21/02/2004;8.0;4.9
22/02/2004;10.1;6.2
23/02/2004;10.9;8.8
24/02/2004;13.7;4.3
25/02/2004;9.2;-3.8
26/02/2004;4.8;-1.8
27/02/2004;5.5;2.4
28/02/2004;9.2;0.3
29/02/2004;1.6;-0.8
01/03/2004;4.8;0.1
02/03/2004;5.2;-0.4
03/03/2004;6.3;-4.5
04/03/2004;13.4;-3.2
05/03/2004;14.4;0.7
06/03/2004;12.7;1.0
07/03/2004;6.5;1.4
08/03/2004;4.8;1.2
09/03/2004;5.3;1.2
10/03/2004;10.0;0.0
11/03/2004;10.7;2.1
12/03/2004;6.7;2.5
13/03/2004;12.1;0.1
14/03/2004;15.9;2.2
15/03/2004;18.2;4.9
16/03/2004;19.3;2.9
17/03/2004;23.0;1.1
18/03/2004;26.4;2.8
19/03/2004;25.0;4.5
20/03/2004;14.7;8.6
21/03/2004;14.9;9.9
22/03/2004;16.0;11.6
23/03/2004;17.0;6.2
24/03/2004;10.2;4.1
25/03/2004;10.8;5.2
26/03/2004;12.4;0.9
27/03/2004;13.6;0.4
28/03/2004;14.1;-0.1
29/03/2004;16.0;-0.2
30/03/2004;15.7;1.3
31/03/2004;16.5;8.3
01/04/2004;12.6;3.6
02/04/2004;20.4;2.8
03/04/2004;22.9;6.0
04/04/2004;20.6;7.3
05/04/2004;21.6;8.9
06/04/2004;16.0;11.5
07/04/2004;15.6;8.7
08/04/2004;12.6;2.0
09/04/2004;14.8;4.4
10/04/2004;10.8;6.3
11/04/2004;16.5;0.2
12/04/2004;18.3;7.3
13/04/2004;10.2;6.1
14/04/2004;13.6;6.1
15/04/2004;17.1;1.5
16/04/2004;15.4;7.1
17/04/2004;16.0;9.1
18/04/2004;15.1;10.1
19/04/2004;15.1;10.2
20/04/2004;14.5;5.4
21/04/2004;19.6;4.8
22/04/2004;23.1;4.3
23/04/2004;25.5;6.4
24/04/2004;25.7;6.7
25/04/2004;25.2;8.0
26/04/2004;16.2;6.8
27/04/2004;18.0;5.2
28/04/2004;22.5;5.9
29/04/2004;23.6;8.8
30/04/2004;21.6;11.9
01/05/2004;17.8;11.4
02/05/2004;21.2;6.6
03/05/2004;19.7;10.9
04/05/2004;23.5;12.4
05/05/2004;16.8;11.3
06/05/2004;14.1;8.5
07/05/2004;14.6;7.3
08/05/2004;16.4;5.1
09/05/2004;14.6;7.8
10/05/2004;15.3;8.9
11/05/2004;19.0;5.3
12/05/2004;21.3;7.8
13/05/2004;17.6;11.4
14/05/2004;17.1;8.1
15/05/2004;22.9;5.5
16/05/2004;22.0;4.8
17/05/2004;24.9;6.3
18/05/2004;21.8;8.3
19/05/2004;26.3;7.7
20/05/2004;25.6;8.0
21/05/2004;25.5;7.1
22/05/2004;25.2;7.8
23/05/2004;22.9;12.7
24/05/2004;23.3;10.4
25/05/2004;21.1;1.2
26/05/2004;24.9;5.9
27/05/2004;26.4;7.2
28/05/2004;24.7;5.8
29/05/2004;23.8;11.6
30/05/2004;20.0;6.2
31/05/2004;25.3;7.6
01/06/2004;24.9;13.9
02/06/2004;20.2;14.2
03/06/2004;25.0;12.6
04/06/2004;24.1;11.6
05/06/2004;24.3;12.4
06/06/2004;25.4;12.4
07/06/2004;23.7;9.1
08/06/2004;27.8;11.1
09/06/2004;30.2;13.4
10/06/2004;32.7;13.4
11/06/2004;32.5;11.4
12/06/2004;30.0;11.4
13/06/2004;28.5;16.9
14/06/2004;20.4;16.3
15/06/2004;22.5;10.9
16/06/2004;28.2;12.3
17/06/2004;27.3;11.9
18/06/2004;27.2;11.6
19/06/2004;30.2;13.0
20/06/2004;29.0;16.6
21/06/2004;25.1;15.4
22/06/2004;24.5;9.6
23/06/2004;26.3;11.5
24/06/2004;28.4;13.8
25/06/2004;27.9;12.8
26/06/2004;28.6;9.7
27/06/2004;30.6;13.6
28/06/2004;33.8;14.0
29/06/2004;33.2;16.5
30/06/2004;32.1;17.1
01/07/2004;33.7;16.5
02/07/2004;31.5;18.1
03/07/2004;30.6;12.0
04/07/2004;31.6;12.1
05/07/2004;32.1;11.3
06/07/2004;33.3;13.9
07/07/2004;33.4;15.2
08/07/2004;35.6;16.5
09/07/2004;34.8;21.9
10/07/2004;27.6;14.7
11/07/2004;27.1;12.8
12/07/2004;26.2;11.9
13/07/2004;24.0;8.0
14/07/2004;27.6;10.9
15/07/2004;29.5;10.8
16/07/2004;30.4;11.1
17/07/2004;31.6;12.3
18/07/2004;33.5;11.9
19/07/2004;33.5;12.9
20/07/2004;35.0;16.4
21/07/2004;35.3;14.8
22/07/2004;35.3;15.4
23/07/2004;36.7;15.8
24/07/2004;36.2;17.4
25/07/2004;31.9;19.4
26/07/2004;29.0;17.4
27/07/2004;30.4;15.1
28/07/2004;27.5;11.2
29/07/2004;30.0;12.6
30/07/2004;31.6;13.6
31/07/2004;33.1;15.6
01/08/2004;34.3;16.6
02/08/2004;34.5;18.9
03/08/2004;31.5;19.5
04/08/2004;31.6;19.9
05/08/2004;30.9;17.0
06/08/2004;31.5;17.9
07/08/2004;30.8;16.8
08/08/2004;32.4;16.3
09/08/2004;29.3;17.2
10/08/2004;30.9;17.5
11/08/2004;34.3;20.2
12/08/2004;33.8;20.5
13/08/2004;31.7;22.6
14/08/2004;29.8;19.5
15/08/2004;32.1;13.8
16/08/2004;32.3;12.4
17/08/2004;33.3;14.2
18/08/2004;33.2;14.9
19/08/2004;31.8;21.7
20/08/2004;33.5;23.4
21/08/2004;31.0;21.0
22/08/2004;25.5;12.9
23/08/2004;31.2;11.6
24/08/2004;31.4;12.0
25/08/2004;31.1;17.1
26/08/2004;30.6;18.0
27/08/2004;25.3;13.1
28/08/2004;30.8;10.2
29/08/2004;30.9;12.8
30/08/2004;30.0;13.9
31/08/2004;28.5;14.6
01/09/2004;28.9;12.8
02/09/2004;30.0;13.9
03/09/2004;31.8;14.2
04/09/2004;34.2;15.1
05/09/2004;35.1;14.9
06/09/2004;29.8;16.4
07/09/2004;27.0;13.2
08/09/2004;29.1;8.8
09/09/2004;29.5;9.8
10/09/2004;31.0;11.2
11/09/2004;29.4;10.9
12/09/2004;30.2;13.8
13/09/2004;26.2;12.8
14/09/2004;29.0;13.6
15/09/2004;27.8;15.4
16/09/2004;22.3;15.4
17/09/2004;20.2;15.3
18/09/2004;21.0;12.9
19/09/2004;26.2;9.7
20/09/2004;29.0;11.8
21/09/2004;29.9;13.4
22/09/2004;26.0;12.2
23/09/2004;27.9;15.1
24/09/2004;25.7;17.8
25/09/2004;22.8;11.1
26/09/2004;19.9;6.2
27/09/2004;20.4;9.0
28/09/2004;20.7;4.9
29/09/2004;24.1;6.2
30/09/2004;23.9;10.1
01/10/2004;22.2;13.4
02/10/2004;22.0;14.8
03/10/2004;23.0;13.4
04/10/2004;24.0;12.6
05/10/2004;25.2;11.9
06/10/2004;26.4;11.2
07/10/2004;26.0;11.9
08/10/2004;24.9;12.5
09/10/2004;23.9;16.2
10/10/2004;25.5;19.5
11/10/2004;21.6;13.5
12/10/2004;18.0;13.2
13/10/2004;15.5;10.8
14/10/2004;15.6;10.2
15/10/2004;17.0;11.6
16/10/2004;18.6;11.1
17/10/2004;17.6;10.5
18/10/2004;18.4;8.3
19/10/2004;17.1;10.4
20/10/2004;19.8;11.8
21/10/2004;20.6;16.1
22/10/2004;23.5;15.1
23/10/2004;23.5;13.9
24/10/2004;23.5;12.9
25/10/2004;20.8;12.3
26/10/2004;17.5;12.4
27/10/2004;20.2;12.9
28/10/2004;17.2;11.2
29/10/2004;18.8;12.4
30/10/2004;19.4;13.8
31/10/2004;18.4;14.1
01/11/2004;20.8;14.6
02/11/2004;22.7;12.5
03/11/2004;20.5;10.5
04/11/2004;24.0;11.1
05/11/2004;25.5;10.3
06/11/2004;21.5;10.5
07/11/2004;17.5;11.1
08/11/2004;15.4;6.7
09/11/2004;10.8;-0.8
10/11/2004;7.6;-0.2
11/11/2004;7.3;3.7
12/11/2004;10.6;4.9
13/11/2004;14.1;7.7
14/11/2004;18.2;7.4
15/11/2004;10.2;4.0
16/11/2004;11.5;3.0
17/11/2004;15.0;-1.7
18/11/2004;16.8;0.3
19/11/2004;13.9;3.5
20/11/2004;13.7;-2.0
21/11/2004;11.9;-5.3
22/11/2004;12.9;-4.2
23/11/2004;5.1;-1.0
24/11/2004;10.4;5.2
25/11/2004;11.1;-0.2
26/11/2004;14.4;0.3
27/11/2004;10.5;5.0
28/11/2004;13.1;2.5
29/11/2004;10.6;2.8
30/11/2004;14.4;8.4
01/12/2004;11.0;5.5
02/12/2004;8.4;5.8
03/12/2004;13.2;8.6
04/12/2004;16.8;6.9
05/12/2004;9.3;7.2
06/12/2004;9.9;8.0
07/12/2004;15.7;5.4
08/12/2004;15.9;4.6
09/12/2004;12.9;6.8
10/12/2004;12.4;4.8
11/12/2004;15.9;-1.8
12/12/2004;15.5;-3.5
13/12/2004;15.5;-2.0
14/12/2004;13.6;-0.8
15/12/2004;12.3;0.0
16/12/2004;5.8;1.1
17/12/2004;7.1;3.0
18/12/2004;10.4;5.3
19/12/2004;12.8;-3.8
20/12/2004;5.3;-2.5
21/12/2004;7.7;0.5
22/12/2004;5.8;-0.3
23/12/2004;6.3;-6.4
24/12/2004;6.9;-5.2
25/12/2004;8.4;3.3
26/12/2004;10.5;5.8
27/12/2004;8.9;5.8
28/12/2004;10.4;4.1
29/12/2004;9.4;4.6
30/12/2004;8.8;3.7
31/12/2004;8.6;0.3
01/01/2005;9.2;-3.7
02/01/2005;13.2;-3.4
03/01/2005;6.8;-2.0
04/01/2005;11.8;-4.7
05/01/2005;10.2;-3.2
06/01/2005;12.3;3.8
07/01/2005;12.1;1.8
08/01/2005;4.8;1.5
09/01/2005;11.9;3.2
10/01/2005;12.6;8.1
11/01/2005;10.1;7.2
12/01/2005;9.9;1.2
13/01/2005;10.9;1.6
14/01/2005;8.6;0.8
15/01/2005;2.3;-2.3
16/01/2005;8.8;-2.2
17/01/2005;-2.0;-4.8
18/01/2005;12.4;-5.3
19/01/2005;6.2;-2.4
20/01/2005;5.9;0.8
21/01/2005;11.8;-1.6
22/01/2005;10.1;0.6
23/01/2005;10.2;-5.2
24/01/2005;3.3;-3.2
25/01/2005;6.4;-0.3
26/01/2005;2.0;-1.4
27/01/2005;1.5;-0.3
28/01/2005;4.1;-2.3
29/01/2005;0.4;-3.0
30/01/2005;0.6;-2.2
31/01/2005;5.1;-4.9
01/02/2005;10.4;-5.3
02/02/2005;9.1;-4.7
03/02/2005;10.6;-6.8
04/02/2005;11.9;-5.6
05/02/2005;8.1;-4.7
06/02/2005;5.9;-7.2
07/02/2005;6.1;-7.7
08/02/2005;8.1;-5.2
09/02/2005;9.1;-3.1
10/02/2005;9.1;-7.3
11/02/2005;13.1;-5.2
12/02/2005;5.5;-3.0
13/02/2005;8.1;0.9
14/02/2005;14.9;0.9
15/02/2005;9.8;0.9
16/02/2005;7.9;-1.5
17/02/2005;5.7;-1.3
18/02/2005;5.0;-1.9
19/02/2005;7.8;-7.4
20/02/2005;8.7;-4.3
21/02/2005;5.4;0.2
22/02/2005;2.4;-0.4
23/02/2005;5.6;-2.2
24/02/2005;3.0;-0.6
25/02/2005;5.2;0.3
26/02/2005;8.9;-4.2
27/02/2005;5.8;-4.7
28/02/2005;6.4;-2.5
01/03/2005;1.1;-5.3
02/03/2005;0.7;-9.2
03/03/2005;7.0;-3.8
04/03/2005;0.6;-1.3
05/03/2005;5.9;-5.5
06/03/2005;8.6;-1.2
07/03/2005;8.4;-1.8
08/03/2005;6.1;-6.6
09/03/2005;11.6;-4.8
10/03/2005;13.1;-1.7
11/03/2005;15.2;-4.6
12/03/2005;12.8;0.3
13/03/2005;11.6;7.0
14/03/2005;11.7;3.6
15/03/2005;13.4;3.9
16/03/2005;18.1;0.2
17/03/2005;23.1;0.6
18/03/2005;22.1;0.1
19/03/2005;20.5;2.7
20/03/2005;12.9;4.2
21/03/2005;16.1;3.5
22/03/2005;17.1;6.8
23/03/2005;19.1;8.9
24/03/2005;18.6;4.3
25/03/2005;19.0;10.6
26/03/2005;16.6;11.4
27/03/2005;18.2;10.8
28/03/2005;14.4;10.2
29/03/2005;19.7;9.1
30/03/2005;15.0;7.5
31/03/2005;20.0;6.6
01/04/2005;18.4;5.3
02/04/2005;15.6;3.5
03/04/2005;15.8;-0.3
04/04/2005;19.0;0.6
05/04/2005;20.6;0.9
06/04/2005;21.5;0.9
07/04/2005;21.6;3.5
08/04/2005;18.4;5.6
09/04/2005;15.6;11.1
10/04/2005;13.3;8.2
11/04/2005;11.1;7.0
12/04/2005;9.2;8.0
13/04/2005;12.4;2.9
14/04/2005;19.6;3.2
15/04/2005;16.5;4.2
16/04/2005;20.1;4.9
17/04/2005;10.9;4.7
18/04/2005;14.7;3.9
19/04/2005;17.1;5.7
20/04/2005;16.1;9.9
21/04/2005;14.3;5.9
22/04/2005;17.4;5.3
23/04/2005;18.4;3.0
24/04/2005;17.6;9.4
25/04/2005;17.7;10.9
26/04/2005;18.6;12.2
27/04/2005;21.1;4.3
28/04/2005;24.0;5.7
29/04/2005;25.7;7.8
30/04/2005;26.7;7.2
01/05/2005;29.5;8.8
02/05/2005;27.7;7.8
03/05/2005;28.1;8.9
04/05/2005;24.5;10.8
05/05/2005;24.2;11.6
06/05/2005;21.5;8.6
07/05/2005;23.6;7.1
08/05/2005;24.5;7.3
09/05/2005;23.1;8.2
10/05/2005;21.0;4.8
11/05/2005;18.8;9.9
12/05/2005;19.4;8.1
13/05/2005;20.7;6.2
14/05/2005;25.5;9.8
15/05/2005;24.0;14.9
16/05/2005;23.6;8.2
17/05/2005;23.9;9.4
18/05/2005;17.4;11.2
19/05/2005;19.0;11.0
20/05/2005;22.8;7.2
21/05/2005;26.5;9.4
22/05/2005;27.7;9.5
23/05/2005;25.9;13.1
24/05/2005;25.8;10.6
25/05/2005;25.6;10.7
26/05/2005;27.2;9.9
27/05/2005;28.8;10.8
28/05/2005;31.1;11.9
29/05/2005;32.5;12.4
30/05/2005;32.7;14.2
31/05/2005;32.4;12.6
01/06/2005;31.0;15.6
02/06/2005;25.9;13.0
03/06/2005;28.0;12.2
04/06/2005;30.9;13.4
05/06/2005;27.9;15.6
06/06/2005;28.9;15.7
07/06/2005;24.3;9.4
08/06/2005;27.9;12.2
09/06/2005;21.0;5.9
10/06/2005;19.2;3.5
11/06/2005;23.9;5.2
12/06/2005;22.4;10.6
13/06/2005;21.9;11.0
14/06/2005;27.9;12.6
15/06/2005;21.0;15.1
16/06/2005;24.9;13.7
17/06/2005;28.5;14.3
18/06/2005;29.9;12.6
19/06/2005;31.4;15.2
20/06/2005;31.3;16.5
21/06/2005;30.1;13.1
22/06/2005;32.6;15.5
23/06/2005;33.2;16.8
24/06/2005;33.2;18.0
25/06/2005;33.5;15.9
26/06/2005;34.2;15.3
27/06/2005;34.4;17.2
28/06/2005;36.5;18.0
29/06/2005;36.2;17.4
30/06/2005;34.2;17.9
01/07/2005;31.9;18.9
02/07/2005;28.6;12.1
03/07/2005;31.5;11.6
04/07/2005;32.3;12.4
05/07/2005;33.2;18.4
06/07/2005;27.4;12.4
07/07/2005;30.5;14.3
08/07/2005;29.4;16.0
09/07/2005;28.4;16.9
10/07/2005;27.0;11.9
11/07/2005;25.4;13.9
12/07/2005;27.7;14.0
13/07/2005;29.1;15.4
14/07/2005;28.6;12.0
15/07/2005;32.3;13.2
16/07/2005;32.5;13.0
17/07/2005;32.4;13.4
18/07/2005;34.5;14.2
19/07/2005;33.2;19.1
20/07/2005;30.9;18.0
21/07/2005;33.0;15.9
22/07/2005;32.9;14.4
23/07/2005;31.8;17.1
24/07/2005;29.6;16.5
25/07/2005;30.0;15.2
26/07/2005;33.5;15.2
27/07/2005;35.0;16.3
28/07/2005;36.5;18.2
29/07/2005;38.5;17.2
30/07/2005;39.0;17.7
31/07/2005;35.0;17.0
01/08/2005;31.6;11.2
02/08/2005;33.1;13.9
03/08/2005;33.2;17.3
04/08/2005;26.4;16.6
05/08/2005;28.6;12.3
06/08/2005;29.1;10.9
07/08/2005;31.6;12.9
08/08/2005;29.2;13.4
09/08/2005;27.3;8.2
10/08/2005;30.4;12.6
11/08/2005;28.7;19.8
12/08/2005;27.4;18.1
13/08/2005;27.2;15.2
14/08/2005;30.8;14.1
15/08/2005;29.5;16.0
16/08/2005;25.5;8.7
17/08/2005;28.5;10.5
18/08/2005;30.5;12.7
19/08/2005;30.5;15.1
20/08/2005;31.4;15.6
21/08/2005;29.3;14.6
22/08/2005;23.2;14.3
23/08/2005;22.5;15.2
24/08/2005;26.4;14.8
25/08/2005;28.4;15.6
26/08/2005;27.0;14.4
27/08/2005;26.9;15.4
28/08/2005;28.9;18.3
29/08/2005;23.9;16.8
30/08/2005;28.2;15.3
31/08/2005;30.0;15.2
01/09/2005;29.4;14.9
02/09/2005;30.1;14.7
03/09/2005;32.8;16.1
04/09/2005;31.5;15.2
05/09/2005;29.0;12.8
06/09/2005;26.6;10.6
07/09/2005;28.2;14.7
08/09/2005;24.4;15.1
09/09/2005;24.4;17.0
10/09/2005;21.4;16.4
11/09/2005;25.5;13.7
12/09/2005;26.1;14.6
13/09/2005;25.8;10.2
14/09/2005;28.6;12.2
15/09/2005;27.9;11.9
16/09/2005;29.2;12.8
17/09/2005;24.5;14.4
18/09/2005;24.8;12.9
19/09/2005;16.5;13.0
20/09/2005;18.2;12.9
21/09/2005;21.4;13.4
22/09/2005;19.5;9.9
23/09/2005;21.0;10.5
24/09/2005;24.2;9.7
25/09/2005;24.3;10.6
26/09/2005;26.1;11.0
27/09/2005;26.4;10.8
28/09/2005;24.9;14.2
29/09/2005;23.9;14.1
30/09/2005;21.3;11.9
01/10/2005;22.0;5.4
02/10/2005;22.0;8.3
03/10/2005;17.5;10.1
04/10/2005;13.0;9.1
05/10/2005;19.6;11.1
06/10/2005;19.2;10.5
07/10/2005;21.1;11.6
08/10/2005;19.5;13.3
09/10/2005;15.8;13.9
10/10/2005;20.5;8.1
11/10/2005;19.5;11.2
12/10/2005;19.9;6.6
13/10/2005;20.4;5.2
14/10/2005;21.2;7.1
15/10/2005;23.6;8.4
16/10/2005;22.6;8.0
17/10/2005;22.8;8.8
18/10/2005;19.3;4.5
19/10/2005;19.4;6.8
20/10/2005;11.9;10.7
21/10/2005;14.9;11.8
22/10/2005;17.1;13.4
23/10/2005;21.6;12.2
24/10/2005;21.4;13.0
25/10/2005;21.4;12.2
26/10/2005;22.0;13.0
27/10/2005;21.2;11.6
28/10/2005;22.5;9.5
29/10/2005;21.5;8.1
30/10/2005;21.5;7.1
31/10/2005;21.0;7.6
01/11/2005;19.5;10.6
02/11/2005;17.0;12.8
03/11/2005;18.6;10.9
04/11/2005;19.1;10.6
05/11/2005;19.3;10.6
06/11/2005;18.8;12.2
07/11/2005;16.3;11.4
08/11/2005;17.9;10.2
09/11/2005;18.3;7.1
10/11/2005;18.8;6.4
11/11/2005;20.4;4.2
12/11/2005;21.2;4.5
13/11/2005;14.9;5.9
14/11/2005;15.9;2.1
15/11/2005;15.7;5.3
16/11/2005;11.6;7.2
17/11/2005;13.4;7.6
18/11/2005;11.1;1.5
19/11/2005;12.1;-1.0
20/11/2005;10.4;-3.2
21/11/2005;8.9;-2.8
22/11/2005;6.3;1.9
23/11/2005;8.0;2.1
24/11/2005;2.3;0.3
25/11/2005;4.8;-5.5
26/11/2005;7.4;-3.1
27/11/2005;11.2;3.7
28/11/2005;8.1;0.3
29/11/2005;3.0;0.3
30/11/2005;7.3;0.6
01/12/2005;6.3;2.7
02/12/2005;8.4;-1.3
03/12/2005;12.4;0.3
04/12/2005;13.6;7.6
05/12/2005;14.0;8.5
06/12/2005;12.8;5.7
07/12/2005;9.0;3.7
08/12/2005;11.2;-0.4
09/12/2005;3.9;-0.1
10/12/2005;8.1;4.2
11/12/2005;6.8;3.4
12/12/2005;5.4;3.0
13/12/2005;4.4;-0.7
14/12/2005;8.6;1.3
15/12/2005;8.7;3.3
16/12/2005;7.8;-3.5
17/12/2005;9.4;-2.3
18/12/2005;12.8;-4.2
19/12/2005;7.2;-7.2
20/12/2005;-0.7;-6.2
21/12/2005;7.8;-2.0
22/12/2005;10.3;-4.2
23/12/2005;2.5;-3.5
24/12/2005;5.7;-2.4
25/12/2005;3.5;-1.8
26/12/2005;5.8;3.6
27/12/2005;7.1;4.2
28/12/2005;6.4;-0.3
29/12/2005;5.9;-1.6
30/12/2005;2.2;-8.4
31/12/2005;-0.4;-8.4
01/01/2006;1.9;-0.9
02/01/2006;4.2;2.0
03/01/2006;9.0;1.1
04/01/2006;9.6;4.0
05/01/2006;5.6;2.9
06/01/2006;7.0;-4.2
07/01/2006;9.4;-3.2
08/01/2006;9.6;-1.3
09/01/2006;6.8;-0.2
10/01/2006;3.3;-5.0
11/01/2006;7.5;-5.7
12/01/2006;10.8;-5.9
13/01/2006;10.1;-4.1
14/01/2006;7.2;-6.6
15/01/2006;8.9;-6.4
16/01/2006;4.9;-4.6
17/01/2006;5.1;-1.2
18/01/2006;8.0;0.4
19/01/2006;8.3;3.6
20/01/2006;13.0;-3.8
21/01/2006;12.3;-2.5
22/01/2006;6.2;2.4
23/01/2006;9.1;0.0
24/01/2006;3.7;-2.0
25/01/2006;2.2;-4.8
26/01/2006;5.8;-7.3
27/01/2006;2.6;-3.7
28/01/2006;4.0;1.4
29/01/2006;8.6;2.0
30/01/2006;8.9;3.2
31/01/2006;11.1;5.6
01/02/2006;15.7;0.4
02/02/2006;18.1;-3.0
03/02/2006;17.5;-0.8
04/02/2006;10.5;1.0
05/02/2006;14.1;1.9
06/02/2006;6.3;-3.0
07/02/2006;4.4;-5.6
08/02/2006;8.9;-3.5
09/02/2006;3.4;-0.1
10/02/2006;10.8;-3.8
11/02/2006;10.5;-6.6
12/02/2006;9.7;-7.0
13/02/2006;10.9;-6.7
14/02/2006;11.4;-6.6
15/02/2006;11.6;-4.2
16/02/2006;9.7;4.2
17/02/2006;12.3;9.1
18/02/2006;14.2;7.6
19/02/2006;15.1;3.8
20/02/2006;14.8;6.5
21/02/2006;11.5;4.8
22/02/2006;8.6;5.1
23/02/2006;10.6;1.6
24/02/2006;10.3;3.5
25/02/2006;6.6;4.1
26/02/2006;7.3;2.5
27/02/2006;11.9;1.3
28/02/2006;9.5;0.4
01/03/2006;9.2;0.1
02/03/2006;6.3;0.6
03/03/2006;7.7;-2.0
04/03/2006;11.2;5.6
05/03/2006;13.7;11.1
06/03/2006;11.9;3.7
07/03/2006;7.4;-2.4
08/03/2006;9.4;-4.1
09/03/2006;11.2;-0.1
10/03/2006;10.9;4.7
11/03/2006;14.1;2.0
12/03/2006;9.4;-2.3
13/03/2006;8.4;1.1
14/03/2006;9.1;-2.0
15/03/2006;12.4;-1.8
16/03/2006;14.9;1.4
17/03/2006;9.6;4.0
18/03/2006;10.5;-2.0
19/03/2006;13.4;2.5
20/03/2006;10.6;1.0
21/03/2006;11.6;6.6
22/03/2006;13.0;8.9
23/03/2006;10.5;7.7
24/03/2006;14.6;2.2
25/03/2006;11.6;6.0
26/03/2006;14.9;5.3
27/03/2006;17.8;7.6
28/03/2006;18.6;9.1
29/03/2006;14.1;10.9
30/03/2006;16.5;8.4
31/03/2006;17.2;5.9
01/04/2006;18.0;5.7
02/04/2006;20.4;10.0
03/04/2006;22.5;9.2
04/04/2006;16.7;2.4
05/04/2006;21.2;5.1
06/04/2006;17.2;11.4
07/04/2006;17.5;3.8
08/04/2006;15.5;0.4
09/04/2006;17.8;4.3
10/04/2006;20.2;8.6
11/04/2006;21.1;9.5
12/04/2006;14.9;1.5
13/04/2006;16.6;1.2
14/04/2006;19.3;1.3
15/04/2006;21.3;8.7
16/04/2006;21.0;11.6
17/04/2006;17.9;7.1
18/04/2006;23.5;10.6
19/04/2006;16.1;11.9
20/04/2006;19.2;4.3
21/04/2006;23.8;6.9
22/04/2006;23.6;4.7
23/04/2006;25.2;4.4
24/04/2006;24.4;5.1
25/04/2006;27.5;7.4
26/04/2006;26.5;12.6
27/04/2006;22.0;10.1
28/04/2006;18.9;11.8
29/04/2006;20.2;9.6
30/04/2006;21.8;11.9
01/05/2006;15.9;10.4
02/05/2006;19.7;8.8
03/05/2006;22.6;6.9
04/05/2006;23.9;7.2
05/05/2006;23.9;9.9
06/05/2006;22.1;6.4
07/05/2006;23.9;5.3
08/05/2006;23.2;6.9
09/05/2006;22.2;10.8
10/05/2006;18.5;5.7
11/05/2006;21.3;10.2
12/05/2006;22.6;6.6
13/05/2006;24.9;7.8
14/05/2006;23.5;11.4
15/05/2006;20.3;9.9
16/05/2006;26.6;8.9
17/05/2006;26.7;9.9
18/05/2006;26.1;8.6
19/05/2006;28.2;13.6
20/05/2006;26.3;12.4
21/05/2006;22.2;14.9
22/05/2006;25.2;9.9
23/05/2006;29.9;11.9
24/05/2006;25.1;15.2
25/05/2006;23.0;9.4
26/05/2006;25.6;7.7
27/05/2006;28.1;10.2
28/05/2006;27.9;11.1
29/05/2006;28.0;12.8
30/05/2006;24.7;14.1
31/05/2006;16.2;4.0
01/06/2006;18.9;9.0
02/06/2006;19.0;6.8
03/06/2006;17.2;8.6
04/06/2006;18.0;7.8
05/06/2006;24.2;9.2
06/06/2006;23.5;13.0
07/06/2006;21.8;9.9
08/06/2006;20.7;6.4
09/06/2006;23.1;6.8
10/06/2006;22.6;6.2
11/06/2006;25.8;12.6
12/06/2006;23.4;9.5
13/06/2006;24.9;8.6
14/06/2006;29.2;10.8
15/06/2006;28.5;9.0
16/06/2006;29.8;10.8
17/06/2006;27.5;13.5
18/06/2006;30.1;12.8
19/06/2006;32.2;11.9
20/06/2006;30.9;15.0
21/06/2006;33.5;13.8
22/06/2006;31.4;15.6
23/06/2006;33.2;13.9
24/06/2006;32.3;15.6
25/06/2006;34.3;18.1
26/06/2006;35.8;16.7
27/06/2006;35.0;16.6
28/06/2006;34.3;17.5
29/06/2006;35.1;19.5
30/06/2006;34.2;16.5
01/07/2006;34.2;14.8
02/07/2006;33.6;18.4
03/07/2006;31.0;16.4
04/07/2006;30.1;17.1
05/07/2006;30.3;14.4
06/07/2006;32.0;17.5
07/07/2006;29.7;17.0
08/07/2006;28.2;16.1
09/07/2006;27.9;14.6
10/07/2006;31.8;15.2
11/07/2006;32.2;15.8
12/07/2006;33.3;16.9
13/07/2006;33.2;15.6
14/07/2006;33.2;15.9
15/07/2006;32.5;15.6
16/07/2006;32.7;15.6
17/07/2006;30.4;13.1
18/07/2006;30.4;12.6
19/07/2006;30.6;10.9
20/07/2006;35.0;11.6
21/07/2006;37.7;14.3
22/07/2006;37.5;15.1
23/07/2006;37.3;17.2
24/07/2006;37.0;18.4
25/07/2006;35.8;18.4
26/07/2006;36.6;18.2
27/07/2006;35.2;17.9
28/07/2006;35.7;18.0
29/07/2006;34.9;17.0
30/07/2006;32.0;16.2
31/07/2006;34.2;15.5
01/08/2006;36.8;19.1
02/08/2006;32.2;19.5
03/08/2006;31.9;17.0
04/08/2006;25.8;13.2
05/08/2006;28.4;9.8
06/08/2006;28.0;10.8
07/08/2006;31.0;12.9
08/08/2006;29.7;13.6
09/08/2006;31.2;13.9
10/08/2006;28.1;13.7
11/08/2006;29.3;13.1
12/08/2006;26.2;16.2
13/08/2006;18.1;13.4
14/08/2006;25.9;14.4
15/08/2006;24.0;10.8
16/08/2006;28.1;14.2
17/08/2006;29.4;18.0
18/08/2006;31.0;20.2
19/08/2006;29.5;15.7
20/08/2006;30.9;18.0
21/08/2006;27.2;17.5
22/08/2006;30.0;14.1
23/08/2006;30.9;11.8
24/08/2006;31.3;12.9
25/08/2006;26.6;17.0
26/08/2006;27.9;14.1
27/08/2006;27.8;14.6
28/08/2006;27.2;12.2
29/08/2006;26.9;15.6
30/08/2006;26.8;13.8
31/08/2006;24.6;8.2
01/09/2006;28.0;8.6
02/09/2006;28.4;8.7
03/09/2006;28.4;9.4
04/09/2006;29.0;12.1
05/09/2006;30.8;12.8
06/09/2006;32.8;14.3
07/09/2006;35.0;14.6
08/09/2006;35.1;14.4
09/09/2006;33.1;18.5
10/09/2006;27.1;9.3
11/09/2006;28.5;7.2
12/09/2006;30.7;10.5
13/09/2006;29.5;12.2
14/09/2006;31.1;13.7
15/09/2006;22.8;17.7
16/09/2006;27.5;13.8
17/09/2006;21.1;15.6
18/09/2006;19.1;15.5
19/09/2006;25.7;12.6
20/09/2006;26.8;14.2
21/09/2006;28.6;13.7
22/09/2006;29.6;12.4
23/09/2006;29.4;12.5
24/09/2006;25.5;10.5
25/09/2006;26.1;14.4
26/09/2006;18.4;15.2
27/09/2006;21.2;17.7
28/09/2006;25.0;10.2
29/09/2006;26.6;10.3
30/09/2006;25.0;10.8
01/10/2006;23.7;13.9
02/10/2006;24.0;17.2
03/10/2006;25.0;18.8
04/10/2006;24.5;19.5
05/10/2006;23.2;10.4
06/10/2006;23.8;7.7
07/10/2006;24.0;6.2
08/10/2006;15.2;8.9
09/10/2006;21.0;6.6
10/10/2006;22.3;5.1
11/10/2006;24.6;4.4
12/10/2006;25.5;7.3
13/10/2006;24.5;8.7
14/10/2006;23.5;10.1
15/10/2006;22.0;9.7
16/10/2006;19.9;4.2
17/10/2006;20.0;4.4
18/10/2006;20.2;2.7
19/10/2006;20.0;4.9
20/10/2006;18.1;10.8
21/10/2006;17.7;13.6
22/10/2006;16.4;14.4
23/10/2006;21.5;13.6
24/10/2006;21.0;15.9
25/10/2006;23.8;11.6
26/10/2006;24.0;10.8
27/10/2006;25.7;11.2
28/10/2006;25.8;10.6
29/10/2006;23.9;11.1
30/10/2006;23.7;10.1
31/10/2006;22.4;3.0
01/11/2006;20.4;6.2
02/11/2006;13.3;9.5
03/11/2006;14.1;-3.3
04/11/2006;13.6;-4.2
05/11/2006;14.2;-1.3
06/11/2006;15.2;1.0
07/11/2006;16.6;6.1
08/11/2006;17.6;7.2
09/11/2006;16.3;9.2
10/11/2006;17.8;9.4
11/11/2006;18.4;-1.5
12/11/2006;13.3;1.2
13/11/2006;14.4;6.2
14/11/2006;18.6;1.9
15/11/2006;15.4;6.3
16/11/2006;13.1;10.2
17/11/2006;13.1;9.4
18/11/2006;18.4;10.8
19/11/2006;19.5;8.5
20/11/2006;12.8;8.4
21/11/2006;16.6;5.6
22/11/2006;13.2;6.7
23/11/2006;11.2;2.2
24/11/2006;12.1;2.5
25/11/2006;12.1;9.3
26/11/2006;16.9;10.8
27/11/2006;19.3;6.7
28/11/2006;16.3;3.5
29/11/2006;15.3;4.0
30/11/2006;13.4;1.5
01/12/2006;14.1;0.6
02/12/2006;15.9;0.1
03/12/2006;8.7;1.2
04/12/2006;11.5;6.8
05/12/2006;14.2;11.4
06/12/2006;17.1;11.6
07/12/2006;17.4;9.4
08/12/2006;13.9;7.8
09/12/2006;14.9;9.7
10/12/2006;12.6;4.2
11/12/2006;10.8;0.7
12/12/2006;12.2;-1.2
13/12/2006;9.9;-0.8
14/12/2006;13.9;-1.8
15/12/2006;15.9;-0.8
16/12/2006;13.6;0.3
17/12/2006;10.5;2.2
18/12/2006;11.1;8.0
19/12/2006;10.8;6.4
20/12/2006;7.5;4.4
21/12/2006;6.2;2.5
22/12/2006;7.2;4.6
23/12/2006;8.2;2.9
24/12/2006;8.9;-3.0
25/12/2006;12.4;-1.0
26/12/2006;14.1;-1.0
27/12/2006;12.8;-5.3
28/12/2006;10.6;-4.4
29/12/2006;5.4;-0.6
30/12/2006;11.9;0.5
31/12/2006;9.6;2.8
01/01/2007;15.4;9.9
02/01/2007;13.8;9.6
03/01/2007;13.9;-2.8
04/01/2007;14.6;-3.0
05/01/2007;3.9;-1.4
06/01/2007;14.2;-2.0
07/01/2007;9.9;-0.8
08/01/2007;9.6;6.3
09/01/2007;12.8;9.1
10/01/2007;12.9;5.5
11/01/2007;10.4;5.8
12/01/2007;15.1;9.9
13/01/2007;16.8;4.2
14/01/2007;10.1;5.2
15/01/2007;10.5;2.5
16/01/2007;16.3;1.3
17/01/2007;7.8;4.8
18/01/2007;13.4;7.0
19/01/2007;13.1;11.1
20/01/2007;15.9;5.2
21/01/2007;14.8;7.7
22/01/2007;15.9;8.7
23/01/2007;15.2;12.5
24/01/2007;15.9;3.5
25/01/2007;5.3;1.7
26/01/2007;8.3;-0.2
27/01/2007;6.2;-2.2
28/01/2007;10.8;-3.7
29/01/2007;9.5;-3.0
30/01/2007;12.1;0.9
31/01/2007;10.1;-0.2
01/02/2007;11.1;0.9
02/02/2007;13.8;-0.9
03/02/2007;17.1;-2.3
04/02/2007;15.4;-2.5
05/02/2007;14.2;-5.2
06/02/2007;13.8;-2.8
07/02/2007;13.4;7.0
08/02/2007;11.1;7.0
09/02/2007;13.0;9.2
10/02/2007;12.6;4.3
11/02/2007;14.5;2.5
12/02/2007;13.7;5.1
13/02/2007;12.6;5.8
14/02/2007;16.2;5.8
15/02/2007;13.8;7.0
16/02/2007;11.6;0.6
17/02/2007;16.8;-0.3
18/02/2007;12.9;0.2
19/02/2007;11.2;2.6
20/02/2007;13.1;3.6
21/02/2007;14.6;1.4
22/02/2007;14.4;3.8
23/02/2007;13.6;3.2
24/02/2007;15.9;4.7
25/02/2007;14.4;7.3
26/02/2007;12.3;7.3
27/02/2007;16.4;1.6
28/02/2007;18.0;1.4
01/03/2007;12.7;4.2
02/03/2007;14.5;12.5
03/03/2007;15.7;12.2
04/03/2007;14.6;7.6
05/03/2007;22.7;3.4
06/03/2007;20.0;5.9
07/03/2007;13.9;8.4
08/03/2007;13.3;8.1
09/03/2007;14.5;9.0
10/03/2007;16.1;3.0
11/03/2007;15.3;8.4
12/03/2007;12.0;4.8
13/03/2007;16.5;0.2
14/03/2007;20.4;0.8
15/03/2007;19.8;1.5
16/03/2007;22.5;2.0
17/03/2007;22.7;2.2
18/03/2007;20.3;3.0
19/03/2007;18.8;8.1
20/03/2007;13.6;2.2
21/03/2007;7.0;2.3
22/03/2007;9.2;4.0
23/03/2007;10.7;-0.9
24/03/2007;13.1;-1.1
25/03/2007;12.8;2.2
26/03/2007;8.5;2.4
27/03/2007;10.6;5.8
28/03/2007;10.6;5.6
29/03/2007;12.6;0.3
30/03/2007;11.6;6.8
31/03/2007;11.8;4.3
01/04/2007;15.9;6.7
02/04/2007;19.0;3.9
03/04/2007;21.4;5.1
04/04/2007;20.9;4.1
05/04/2007;13.4;9.2
06/04/2007;17.5;0.1
07/04/2007;22.3;1.8
08/04/2007;21.8;2.1
09/04/2007;20.9;5.9
10/04/2007;21.1;3.3
11/04/2007;22.3;3.0
12/04/2007;25.6;4.8
13/04/2007;26.2;6.9
14/04/2007;25.3;7.9
15/04/2007;24.0;8.5
16/04/2007;25.0;5.1
17/04/2007;24.5;4.9
18/04/2007;23.9;2.8
19/04/2007;24.5;5.2
20/04/2007;25.5;7.3
21/04/2007;26.9;6.3
22/04/2007;28.3;4.8
23/04/2007;28.4;7.6
24/04/2007;28.1;7.6
25/04/2007;27.1;8.6
26/04/2007;25.8;9.1
27/04/2007;22.9;5.8
28/04/2007;25.0;4.7
29/04/2007;26.4;5.5
30/04/2007;25.0;7.7
01/05/2007;21.4;9.8
02/05/2007;22.8;9.7
03/05/2007;20.1;7.3
04/05/2007;18.0;12.3
05/05/2007;16.5;11.2
06/05/2007;19.8;9.5
07/05/2007;20.5;10.5
08/05/2007;25.0;6.8
09/05/2007;25.6;7.8
10/05/2007;26.0;8.9
11/05/2007;27.4;13.1
12/05/2007;25.5;11.9
13/05/2007;25.2;9.8
14/05/2007;28.8;11.1
15/05/2007;29.3;15.4
16/05/2007;20.0;10.9
17/05/2007;22.9;9.6
18/05/2007;22.6;8.3
19/05/2007;23.2;4.8
20/05/2007;26.5;7.1
21/05/2007;27.1;9.9
22/05/2007;29.1;11.7
23/05/2007;32.3;15.1
24/05/2007;31.4;12.9
25/05/2007;31.7;12.9
26/05/2007;32.6;14.2
27/05/2007;29.9;12.4
28/05/2007;24.5;14.2
29/05/2007;20.0;9.4
30/05/2007;18.9;10.2
31/05/2007;23.4;7.7
01/06/2007;23.2;12.4
02/06/2007;18.3;12.1
03/06/2007;21.9;12.4
04/06/2007;23.8;12.2
05/06/2007;27.0;14.6
06/06/2007;24.0;14.1
07/06/2007;22.2;16.1
08/06/2007;24.6;12.4
09/06/2007;26.6;13.1
10/06/2007;29.0;13.6
11/06/2007;29.0;15.0
12/06/2007;27.7;14.6
13/06/2007;27.5;13.6
14/06/2007;27.3;13.9
15/06/2007;30.4;16.0
16/06/2007;27.8;17.8
17/06/2007;27.1;15.7
18/06/2007;29.1;18.3
19/06/2007;29.4;16.9
20/06/2007;34.8;18.1
21/06/2007;34.8;17.1
22/06/2007;30.1;19.8
23/06/2007;29.1;18.5
24/06/2007;28.0;10.4
25/06/2007;31.7;15.7
26/06/2007;33.2;21.0
27/06/2007;25.3;15.2
28/06/2007;24.2;16.4
29/06/2007;26.6;10.2
30/06/2007;28.4;12.3
01/07/2007;30.3;14.1
02/07/2007;31.5;14.2
03/07/2007;27.6;14.1
04/07/2007;27.6;19.5
05/07/2007;25.2;10.5
06/07/2007;28.8;9.4
07/07/2007;29.9;9.8
08/07/2007;31.5;14.2
09/07/2007;33.6;15.1
10/07/2007;30.9;18.9
11/07/2007;26.4;10.6
12/07/2007;26.8;8.9
13/07/2007;29.0;9.2
14/07/2007;31.2;10.9
15/07/2007;34.2;12.1
16/07/2007;36.5;13.6
17/07/2007;37.4;13.6
18/07/2007;36.5;13.9
19/07/2007;38.3;14.6
20/07/2007;37.8;14.2
21/07/2007;37.0;15.4
22/07/2007;34.7;16.9
23/07/2007;31.5;15.5
24/07/2007;35.4;20.9
25/07/2007;29.4;13.4
26/07/2007;34.7;14.6
27/07/2007;34.4;15.2
28/07/2007;33.8;14.2
29/07/2007;32.9;16.7
30/07/2007;35.5;16.1
31/07/2007;34.2;18.9
01/08/2007;27.5;10.1
02/08/2007;31.6;11.8
03/08/2007;33.3;16.0
04/08/2007;27.8;14.7
05/08/2007;29.5;11.2
06/08/2007;30.4;10.5
07/08/2007;32.2;13.4
08/08/2007;32.3;15.6
09/08/2007;28.7;15.6
10/08/2007;26.0;13.6
11/08/2007;26.5;15.2
12/08/2007;27.5;16.5
13/08/2007;28.8;15.9
14/08/2007;28.2;14.9
15/08/2007;30.0;14.4
16/08/2007;30.9;14.4
17/08/2007;32.3;13.6
18/08/2007;30.6;11.9
19/08/2007;28.6;11.9
20/08/2007;29.5;16.1
21/08/2007;24.9;13.0
22/08/2007;24.5;16.1
23/08/2007;26.3;18.1
24/08/2007;23.0;14.1
25/08/2007;26.1;14.4
26/08/2007;31.3;15.2
27/08/2007;34.5;15.8
28/08/2007;34.5;15.2
29/08/2007;32.8;15.4
30/08/2007;32.0;17.2
31/08/2007;31.0;18.9
01/09/2007;27.6;14.8
02/09/2007;27.1;10.8
03/09/2007;28.1;10.9
04/09/2007;27.2;13.3
05/09/2007;20.8;6.8
06/09/2007;23.7;5.2
07/09/2007;23.1;7.1
08/09/2007;26.2;9.1
09/09/2007;27.8;10.1
10/09/2007;25.8;11.7
11/09/2007;27.2;18.2
12/09/2007;26.5;8.0
13/09/2007;27.6;7.2
14/09/2007;28.5;8.9
15/09/2007;27.6;11.7
16/09/2007;27.9;12.6
17/09/2007;28.9;17.1
18/09/2007;27.0;19.5
19/09/2007;24.8;14.4
20/09/2007;20.9;8.3
21/09/2007;21.9;6.5
22/09/2007;23.9;6.2
23/09/2007;26.8;5.9
24/09/2007;26.2;8.7
25/09/2007;27.6;11.4
26/09/2007;27.0;10.9
27/09/2007;22.1;10.2
28/09/2007;15.6;9.6
29/09/2007;16.6;9.7
30/09/2007;21.5;9.4
01/10/2007;25.9;10.2
02/10/2007;27.0;11.6
03/10/2007;28.2;10.8
04/10/2007;27.7;13.2
05/10/2007;25.1;11.8
06/10/2007;26.6;13.0
07/10/2007;22.0;14.4
08/10/2007;20.8;8.5
09/10/2007;22.8;5.8
10/10/2007;20.6;7.9
11/10/2007;20.7;9.6
12/10/2007;18.4;9.8
13/10/2007;22.4;7.2
14/10/2007;22.6;5.7
15/10/2007;18.6;5.0
16/10/2007;22.4;2.5
17/10/2007;21.8;3.8
18/10/2007;20.5;5.8
19/10/2007;18.9;3.3
20/10/2007;17.6;2.5
21/10/2007;11.6;3.7
22/10/2007;10.2;5.1
23/10/2007;10.4;6.6
24/10/2007;17.2;7.5
25/10/2007;11.4;8.0
26/10/2007;15.2;9.5
27/10/2007;14.6;9.6
28/10/2007;19.8;6.9
29/10/2007;19.6;7.2
30/10/2007;21.2;8.4
31/10/2007;13.2;10.8
01/11/2007;14.8;10.3
02/11/2007;14.2;6.7
03/11/2007;16.8;4.4
04/11/2007;18.5;3.0
05/11/2007;18.8;2.0
06/11/2007;17.7;5.7
07/11/2007;11.4;0.6
08/11/2007;17.3;3.5
09/11/2007;16.6;7.4
10/11/2007;15.6;-1.2
11/11/2007;14.1;1.8
12/11/2007;13.1;5.5
13/11/2007;16.2;-2.0
14/11/2007;12.9;0.1
15/11/2007;7.7;-1.8
16/11/2007;9.1;4.4
17/11/2007;7.4;3.5
18/11/2007;5.1;3.8
19/11/2007;2.3;-0.3
20/11/2007;11.9;-2.8
21/11/2007;11.9;-1.1
22/11/2007;7.2;3.0
23/11/2007;11.4;7.4
24/11/2007;12.3;9.2
25/11/2007;14.7;8.9
26/11/2007;13.8;5.6
27/11/2007;15.3;2.6
28/11/2007;13.0;1.4
29/11/2007;13.1;1.1
30/11/2007;11.4;-1.6
01/12/2007;10.6;-0.8
02/12/2007;7.5;2.4
03/12/2007;11.9;6.5
04/12/2007;14.8;-0.2
05/12/2007;14.4;-1.0
06/12/2007;12.1;-1.5
07/12/2007;13.3;-0.5
08/12/2007;7.1;0.8
09/12/2007;9.4;0.8
10/12/2007;5.8;2.2
11/12/2007;8.1;2.4
12/12/2007;12.9;-1.7
13/12/2007;11.6;-0.3
14/12/2007;11.1;-2.7
15/12/2007;9.6;-2.5
16/12/2007;3.9;0.6
17/12/2007;3.6;1.2
18/12/2007;4.2;0.9
19/12/2007;5.3;-1.1
20/12/2007;8.6;-5.3
21/12/2007;12.6;-6.2
22/12/2007;9.3;-5.3
23/12/2007;4.7;-3.0
24/12/2007;8.3;3.3
25/12/2007;9.2;-0.9
26/12/2007;10.4;-0.3
27/12/2007;9.3;-1.9
28/12/2007;8.9;-2.2
29/12/2007;10.4;-5.7
30/12/2007;11.0;-5.4
31/12/2007;5.4;-3.7
01/01/2008;10.3;-6.2
02/01/2008;9.3;-4.3
03/01/2008;6.2;-1.6
04/01/2008;1.7;0.2
05/01/2008;8.4;1.5
06/01/2008;10.8;3.5
07/01/2008;10.3;7.8
08/01/2008;10.6;5.1
09/01/2008;13.7;1.5
10/01/2008;7.2;3.0
11/01/2008;9.1;6.7
12/01/2008;13.0;8.0
13/01/2008;12.3;2.2
14/01/2008;9.1;2.3
15/01/2008;8.7;3.3
16/01/2008;8.0;3.7
17/01/2008;10.2;6.1
18/01/2008;10.0;2.4
19/01/2008;12.9;1.9
20/01/2008;11.2;2.6
21/01/2008;8.4;6.5
22/01/2008;11.3;8.0
23/01/2008;10.5;3.9
24/01/2008;9.8;0.5
25/01/2008;13.4;-3.2
26/01/2008;14.3;-1.9
27/01/2008;19.3;-2.9
28/01/2008;7.8;-1.6
29/01/2008;16.1;-1.0
30/01/2008;12.4;-0.3
31/01/2008;12.2;6.1
01/02/2008;10.5;1.6
02/02/2008;10.8;4.0
03/02/2008;12.2;5.6
04/02/2008;7.6;5.9
05/02/2008;13.0;3.4
06/02/2008;10.5;3.0
07/02/2008;12.0;3.1
08/02/2008;15.9;-1.1
09/02/2008;10.5;1.9
10/02/2008;10.8;1.2
11/02/2008;10.8;2.2
12/02/2008;8.0;-3.1
13/02/2008;10.2;-4.1
14/02/2008;12.9;-6.3
15/02/2008;13.6;-5.0
16/02/2008;13.4;-1.8
17/02/2008;6.5;-2.0
18/02/2008;7.6;-7.5
19/02/2008;9.3;-4.1
20/02/2008;8.8;0.8
21/02/2008;12.6;1.8
22/02/2008;16.6;-1.8
23/02/2008;17.5;-0.2
24/02/2008;12.5;4.0
25/02/2008;19.5;-0.4
26/02/2008;18.2;2.2
27/02/2008;14.7;6.4
28/02/2008;13.0;9.6
29/02/2008;15.9;8.3
01/03/2008;15.2;9.8
02/03/2008;13.4;8.3
03/03/2008;18.7;4.0
04/03/2008;17.3;9.3
05/03/2008;14.4;3.0
06/03/2008;5.7;2.4
07/03/2008;5.3;3.0
08/03/2008;6.9;4.5
09/03/2008;11.6;2.6
10/03/2008;11.7;5.5
11/03/2008;12.5;7.2
12/03/2008;15.3;4.0
13/03/2008;13.2;6.2
14/03/2008;18.4;2.4
15/03/2008;18.4;2.0
16/03/2008;15.0;6.8
17/03/2008;14.7;10.8
18/03/2008;15.9;6.8
19/03/2008;10.3;3.7
20/03/2008;14.7;3.3
21/03/2008;11.2;-3.3
22/03/2008;11.5;1.5
23/03/2008;13.4;3.8
24/03/2008;8.2;1.3
25/03/2008;7.0;0.4
26/03/2008;14.8;-1.2
27/03/2008;13.9;4.0
28/03/2008;13.2;6.5
29/03/2008;12.1;1.2
30/03/2008;20.5;1.8
31/03/2008;22.1;4.4
01/04/2008;20.7;2.9
02/04/2008;21.1;4.0
03/04/2008;20.3;1.8
04/04/2008;17.7;2.7
05/04/2008;15.8;-0.6
06/04/2008;17.4;0.7
07/04/2008;16.9;4.8
08/04/2008;18.9;9.6
09/04/2008;17.3;9.0
10/04/2008;18.3;11.2
11/04/2008;19.4;13.8
12/04/2008;20.3;10.5
13/04/2008;13.8;8.9
14/04/2008;16.5;7.0
15/04/2008;17.8;7.1
16/04/2008;13.9;2.1
17/04/2008;17.7;6.9
18/04/2008;16.9;9.1
19/04/2008;17.2;10.9
20/04/2008;20.1;5.9
21/04/2008;23.3;8.7
22/04/2008;15.2;9.9
23/04/2008;14.5;10.5
24/04/2008;18.6;7.3
25/04/2008;21.5;5.1
26/04/2008;23.6;5.6
27/04/2008;19.7;2.8
28/04/2008;21.5;4.2
29/04/2008;22.0;10.1
30/04/2008;14.1;7.0
01/05/2008;19.1;10.4
02/05/2008;21.6;3.3
03/05/2008;24.5;4.4
04/05/2008;25.9;5.3
05/05/2008;25.7;8.0
06/05/2008;18.3;4.1
07/05/2008;20.9;6.5
08/05/2008;23.6;3.7
09/05/2008;26.3;6.1
10/05/2008;26.6;5.5
11/05/2008;24.4;7.8
12/05/2008;23.4;7.6
13/05/2008;22.8;10.8
14/05/2008;22.7;11.9
15/05/2008;23.3;10.1
16/05/2008;23.4;12.2
17/05/2008;21.5;13.6
18/05/2008;24.1;13.8
19/05/2008;20.5;10.3
20/05/2008;22.9;13.7
21/05/2008;19.1;10.9
22/05/2008;22.5;12.6
23/05/2008;22.0;9.2
24/05/2008;23.5;10.6
25/05/2008;25.3;12.0
26/05/2008;25.2;11.7
27/05/2008;29.7;13.2
28/05/2008;33.2;14.1
29/05/2008;30.2;17.6
30/05/2008;24.8;15.5
31/05/2008;18.8;14.7
01/06/2008;24.7;12.5
02/06/2008;27.3;15.4
03/06/2008;25.5;13.0
04/06/2008;21.7;16.1
05/06/2008;23.6;14.5
06/06/2008;23.4;12.5
07/06/2008;24.3;15.2
08/06/2008;22.4;14.9
09/06/2008;23.7;13.6
10/06/2008;26.5;12.5
11/06/2008;28.8;13.0
12/06/2008;27.7;12.7
13/06/2008;22.7;15.6
14/06/2008;23.4;14.1
15/06/2008;18.8;6.9
16/06/2008;23.0;13.4
17/06/2008;24.2;12.7
18/06/2008;25.6;16.0
19/06/2008;28.3;13.6
20/06/2008;29.6;16.8
21/06/2008;31.8;15.3
22/06/2008;33.7;16.9
23/06/2008;34.5;15.8
24/06/2008;33.5;13.5
25/06/2008;33.1;15.6
26/06/2008;33.9;15.9
27/06/2008;34.6;14.6
28/06/2008;33.8;17.5
29/06/2008;32.3;18.3
30/06/2008;35.1;19.1
01/07/2008;33.8;17.8
02/07/2008;33.2;18.0
03/07/2008;33.6;16.9
04/07/2008;31.9;19.3
05/07/2008;31.1;14.4
06/07/2008;29.8;15.2
07/07/2008;31.3;16.6
08/07/2008;30.9;18.2
09/07/2008;27.1;14.1
10/07/2008;28.9;12.8
11/07/2008;32.0;13.4
12/07/2008;32.3;14.3
13/07/2008;34.0;14.0
14/07/2008;26.2;17.2
15/07/2008;26.5;12.0
16/07/2008;30.1;11.6
17/07/2008;31.3;11.3
18/07/2008;28.9;15.1
19/07/2008;30.9;13.4
20/07/2008;31.3;14.4
21/07/2008;28.8;21.6
22/07/2008;31.0;18.3
23/07/2008;26.2;9.8
24/07/2008;29.6;9.8
25/07/2008;30.7;11.6
26/07/2008;30.3;13.5
27/07/2008;32.7;17.7
28/07/2008;32.3;16.3
29/07/2008;32.6;15.7
30/07/2008;35.5;17.0
31/07/2008;35.9;18.0
01/08/2008;35.0;17.7
02/08/2008;35.2;16.6
03/08/2008;35.0;15.1
04/08/2008;35.4;15.4
05/08/2008;33.5;16.7
06/08/2008;32.8;18.4
07/08/2008;35.4;18.3
08/08/2008;35.4;17.1
09/08/2008;32.7;16.1
10/08/2008;31.4;11.5
11/08/2008;33.5;13.4
12/08/2008;33.1;14.6
13/08/2008;33.4;15.9
14/08/2008;33.1;19.0
15/08/2008;34.2;22.4
16/08/2008;29.2;14.6
17/08/2008;28.5;15.3
18/08/2008;27.5;12.1
19/08/2008;30.4;12.2
20/08/2008;32.5;13.4
21/08/2008;32.7;11.2
22/08/2008;34.1;12.3
23/08/2008;33.3;17.0
24/08/2008;27.1;14.4
25/08/2008;29.9;10.8
26/08/2008;31.2;13.1
27/08/2008;31.4;11.9
28/08/2008;31.1;11.5
29/08/2008;32.4;11.4
30/08/2008;34.3;13.4
31/08/2008;33.8;12.8
01/09/2008;34.2;14.0
02/09/2008;31.8;13.9
03/09/2008;31.7;14.6
04/09/2008;30.1;14.0
05/09/2008;30.0;19.5
06/09/2008;34.1;17.7
07/09/2008;34.0;21.6
08/09/2008;29.7;14.7
09/09/2008;29.1;9.4
10/09/2008;33.8;13.2
11/09/2008;36.0;17.9
12/09/2008;35.9;16.0
13/09/2008;31.9;18.4
14/09/2008;20.8;12.2
15/09/2008;21.6;11.9
16/09/2008;18.7;9.6
17/09/2008;21.6;5.6
18/09/2008;24.0;9.7
19/09/2008;24.5;11.3
20/09/2008;18.2;10.8
21/09/2008;20.2;6.6
22/09/2008;17.9;6.5
23/09/2008;21.1;4.3
24/09/2008;21.1;5.4
25/09/2008;20.6;5.1
26/09/2008;20.5;11.4
27/09/2008;18.0;10.6
28/09/2008;17.0;6.6
29/09/2008;19.3;2.5
30/09/2008;22.4;4.3
01/10/2008;20.5;8.3
02/10/2008;22.0;11.7
03/10/2008;19.0;15.2
04/10/2008;19.4;4.6
05/10/2008;19.1;0.7
06/10/2008;18.5;5.1
07/10/2008;19.2;10.7
08/10/2008;19.9;9.0
09/10/2008;23.4;7.8
10/10/2008;25.9;7.3
11/10/2008;25.5;8.3
12/10/2008;27.1;7.0
13/10/2008;26.5;5.5
14/10/2008;24.3;7.5
15/10/2008;25.1;8.5
16/10/2008;24.6;13.6
17/10/2008;21.8;18.0
18/10/2008;24.1;9.2
19/10/2008;22.4;8.3
20/10/2008;23.1;8.3
21/10/2008;22.0;10.6
22/10/2008;17.3;12.3
23/10/2008;23.8;9.9
24/10/2008;19.7;12.7
25/10/2008;21.4;14.0
26/10/2008;22.0;7.2
27/10/2008;24.3;7.0
28/10/2008;15.5;9.3
29/10/2008;18.7;14.6
30/10/2008;21.6;11.1
31/10/2008;16.3;9.5
01/11/2008;18.6;11.8
02/11/2008;20.5;10.9
03/11/2008;21.9;10.0
04/11/2008;18.2;12.5
05/11/2008;16.4;10.8
06/11/2008;21.3;7.2
07/11/2008;16.5;7.6
08/11/2008;15.6;8.8
09/11/2008;16.4;8.0
10/11/2008;17.7;6.4
11/11/2008;16.2;6.2
12/11/2008;12.1;8.0
13/11/2008;15.9;10.1
14/11/2008;12.1;8.7
15/11/2008;13.7;11.0
16/11/2008;15.1;4.4
17/11/2008;19.4;2.2
18/11/2008;15.9;1.3
19/11/2008;13.6;1.5
20/11/2008;15.2;1.2
21/11/2008;15.2;4.4
22/11/2008;13.9;3.0
23/11/2008;12.2;-3.3
24/11/2008;10.5;-2.0
25/11/2008;4.0;1.8
26/11/2008;7.6;2.9
27/11/2008;8.5;-2.0
28/11/2008;10.8;0.0
29/11/2008;6.5;4.8
30/11/2008;12.6;6.1
01/12/2008;13.4;6.5
02/12/2008;11.4;5.3
03/12/2008;6.9;1.9
04/12/2008;4.4;0.0
05/12/2008;10.8;0.1
06/12/2008;11.2;8.1
07/12/2008;12.8;2.2
08/12/2008;4.8;-2.9
09/12/2008;10.0;-3.3
10/12/2008;4.0;-2.7
11/12/2008;11.2;4.1
12/12/2008;10.1;6.7
13/12/2008;10.2;7.0
14/12/2008;10.8;5.5
15/12/2008;13.2;6.5
16/12/2008;10.5;7.2
17/12/2008;10.3;3.0
18/12/2008;5.9;0.4
19/12/2008;7.5;2.2
20/12/2008;9.4;-0.9
21/12/2008;11.7;-1.5
22/12/2008;11.6;-1.1
23/12/2008;6.5;-0.5
24/12/2008;3.7;0.2
25/12/2008;4.3;0.2
26/12/2008;8.8;3.3
27/12/2008;4.4;0.7
28/12/2008;1.9;0.7
29/12/2008;3.1;0.5
30/12/2008;6.8;-2.3
31/12/2008;7.9;-5.9
01/01/2009;7.2;-4.9
02/01/2009;6.5;-2.8
03/01/2009;8.0;-2.1
04/01/2009;4.6;-4.2
05/01/2009;7.6;-7.7
06/01/2009;7.5;-6.9
07/01/2009;5.5;-1.6
08/01/2009;3.4;0.3
09/01/2009;6.5;1.0
10/01/2009;5.8;-1.2
11/01/2009;11.1;0.6
12/01/2009;12.2;-2.5
13/01/2009;13.0;-1.3
14/01/2009;7.3;4.4
15/01/2009;6.9;4.5
16/01/2009;8.0;-0.4
17/01/2009;13.5;-1.1
18/01/2009;6.9;-0.1
19/01/2009;12.0;6.7
20/01/2009;12.8;9.4
21/01/2009;13.0;7.7
22/01/2009;10.9;3.7
23/01/2009;7.8;-1.3
24/01/2009;6.2;-1.3
25/01/2009;6.4;3.7
26/01/2009;8.7;0.3
27/01/2009;4.8;0.8
28/01/2009;9.6;1.8
29/01/2009;9.4;-1.5
30/01/2009;12.4;-0.5
31/01/2009;11.9;-2.3
01/02/2009;11.6;-1.3
02/02/2009;5.6;0.7
03/02/2009;7.2;2.8
04/02/2009;9.2;2.5
05/02/2009;9.7;2.8
06/02/2009;15.4;9.4
07/02/2009;14.5;8.4
08/02/2009;13.3;5.0
09/02/2009;7.9;4.9
10/02/2009;12.4;4.7
11/02/2009;12.3;2.4
12/02/2009;10.2;-1.1
13/02/2009;9.9;-2.0
14/02/2009;7.5;-6.6
15/02/2009;8.5;-6.3
16/02/2009;8.0;-6.7
17/02/2009;8.5;-4.2
18/02/2009;6.2;-0.1
19/02/2009;5.3;-6.3
20/02/2009;8.3;-7.4
21/02/2009;12.4;-4.1
22/02/2009;14.3;-4.2
23/02/2009;13.3;-1.3
24/02/2009;11.8;-2.1
25/02/2009;14.0;0.4
26/02/2009;10.8;-3.7
27/02/2009;12.5;-1.0
28/02/2009;15.1;-0.8
01/03/2009;16.6;1.6
02/03/2009;9.7;6.1
03/03/2009;13.5;8.1
04/03/2009;11.9;5.1
05/03/2009;12.0;6.8
06/03/2009;10.1;1.5
07/03/2009;12.2;0.9
08/03/2009;16.5;-1.0
09/03/2009;18.3;2.4
10/03/2009;16.8;-2.2
11/03/2009;15.1;2.2
12/03/2009;16.5;-1.1
13/03/2009;16.9;-1.2
14/03/2009;15.5;0.5
15/03/2009;18.6;3.3
16/03/2009;18.9;8.2
17/03/2009;16.8;-0.5
18/03/2009;20.2;0.5
19/03/2009;20.7;5.0
20/03/2009;16.9;4.8
21/03/2009;7.9;3.3
22/03/2009;7.9;1.2
23/03/2009;15.2;-2.6
24/03/2009;16.7;3.7
25/03/2009;11.2;-2.3
26/03/2009;15.1;3.0
27/03/2009;18.0;1.3
28/03/2009;15.2;4.8
29/03/2009;14.8;9.1
30/03/2009;16.6;9.7
31/03/2009;19.1;8.6
01/04/2009;14.8;8.0
02/04/2009;16.3;9.5
03/04/2009;18.0;6.2
04/04/2009;20.4;5.1
05/04/2009;17.7;5.0
06/04/2009;21.6;5.1
07/04/2009;23.4;8.7
08/04/2009;22.3;5.8
09/04/2009;20.9;5.1
10/04/2009;24.8;6.4
11/04/2009;24.4;9.1
12/04/2009;21.6;8.6
13/04/2009;21.1;8.0
14/04/2009;22.0;5.8
15/04/2009;24.0;5.1
16/04/2009;24.5;7.3
17/04/2009;18.8;10.8
18/04/2009;18.5;7.6
19/04/2009;16.8;10.0
20/04/2009;17.1;9.2
21/04/2009;19.2;12.0
22/04/2009;18.1;12.7
23/04/2009;21.1;5.0
24/04/2009;23.1;6.3
25/04/2009;18.4;3.3
26/04/2009;22.7;9.1
27/04/2009;13.9;10.8
28/04/2009;20.3;11.6
29/04/2009;19.6;12.5
30/04/2009;15.6;7.0
01/05/2009;16.4;6.7
02/05/2009;22.6;6.2
03/05/2009;25.9;7.1
04/05/2009;20.3;5.3
05/05/2009;24.5;11.1
06/05/2009;19.3;5.9
07/05/2009;22.0;6.3
08/05/2009;24.8;6.4
09/05/2009;25.0;8.4
10/05/2009;25.6;7.9
11/05/2009;26.7;7.9
12/05/2009;26.9;10.1
13/05/2009;27.3;12.6
14/05/2009;27.6;8.0
15/05/2009;26.6;12.6
16/05/2009;22.3;12.6
17/05/2009;27.5;12.3
18/05/2009;30.6;11.9
19/05/2009;29.1;9.0
20/05/2009;29.1;8.7
21/05/2009;31.3;11.5
22/05/2009;32.0;11.9
23/05/2009;28.5;12.4
24/05/2009;31.0;12.1
25/05/2009;33.7;13.2
26/05/2009;35.0;12.3
27/05/2009;34.0;13.5
28/05/2009;29.2;13.3
29/05/2009;24.5;8.0
30/05/2009;27.7;7.3
31/05/2009;25.2;13.8
01/06/2009;18.3;13.6
02/06/2009;19.4;14.2
03/06/2009;24.5;9.3
04/06/2009;26.5;13.7
05/06/2009;26.6;12.6
06/06/2009;25.6;14.8
07/06/2009;25.6;18.3
08/06/2009;23.8;11.5
09/06/2009;26.6;13.0
10/06/2009;26.3;13.2
11/06/2009;26.3;13.0
12/06/2009;26.6;15.8
13/06/2009;31.0;13.3
14/06/2009;32.2;13.4
15/06/2009;33.7;13.4
16/06/2009;33.2;13.4
17/06/2009;32.4;18.3
18/06/2009;29.6;12.9
19/06/2009;33.6;14.1
20/06/2009;32.5;16.7
21/06/2009;25.1;14.9
22/06/2009;23.0;10.5
23/06/2009;25.2;10.7
24/06/2009;24.5;9.8
25/06/2009;26.9;14.0
26/06/2009;27.6;16.7
27/06/2009;24.8;17.3
28/06/2009;23.5;16.2
29/06/2009;29.9;15.8
30/06/2009;29.5;18.0
01/07/2009;32.2;15.3
02/07/2009;33.1;15.5
03/07/2009;31.7;15.5
04/07/2009;32.4;17.0
05/07/2009;32.1;20.1
06/07/2009;31.9;19.6
07/07/2009;30.2;16.7
08/07/2009;30.5;21.5
09/07/2009;28.7;14.6
10/07/2009;29.7;13.6
11/07/2009;28.0;12.2
12/07/2009;28.3;12.3
13/07/2009;30.6;13.5
14/07/2009;31.6;15.9
15/07/2009;35.5;16.6
16/07/2009;35.1;15.5
17/07/2009;38.1;18.8
18/07/2009;36.1;19.1
19/07/2009;26.6;11.5
20/07/2009;30.2;11.2
21/07/2009;29.4;13.4
22/07/2009;32.4;13.3
23/07/2009;34.9;14.4
24/07/2009;37.5;15.9
25/07/2009;35.6;19.3
26/07/2009;32.7;14.5
27/07/2009;33.9;14.3
28/07/2009;35.3;14.1
29/07/2009;34.7;14.0
30/07/2009;36.9;16.7
31/07/2009;37.2;15.8
01/08/2009;36.7;15.7
02/08/2009;36.5;13.3
03/08/2009;34.1;18.0
04/08/2009;27.1;17.5
05/08/2009;28.4;13.2
06/08/2009;31.4;13.7
07/08/2009;33.7;14.8
08/08/2009;34.6;15.0
09/08/2009;34.0;19.2
10/08/2009;32.4;17.2
11/08/2009;32.5;19.3
12/08/2009;33.0;16.6
13/08/2009;35.6;17.7
14/08/2009;35.3;15.4
15/08/2009;34.9;16.4
16/08/2009;36.0;15.6
17/08/2009;36.5;16.9
18/08/2009;35.6;16.4
19/08/2009;37.8;17.2
20/08/2009;38.0;15.9
21/08/2009;38.7;16.4
22/08/2009;37.8;15.0
23/08/2009;35.0;19.3
24/08/2009;33.1;16.0
25/08/2009;33.8;16.4
26/08/2009;34.8;17.6
27/08/2009;34.6;18.7
28/08/2009;36.7;18.6
29/08/2009;36.2;15.9
30/08/2009;32.8;20.0
31/08/2009;26.6;14.1
01/09/2009;31.9;14.3
02/09/2009;34.1;16.8
03/09/2009;33.0;20.6
04/09/2009;30.4;22.3
05/09/2009;30.4;18.0
06/09/2009;31.7;16.0
07/09/2009;25.6;10.5
08/09/2009;26.6;8.6
09/09/2009;26.9;10.9
10/09/2009;25.7;10.9
11/09/2009;27.7;11.2
12/09/2009;27.7;13.4
13/09/2009;26.4;11.8
14/09/2009;27.7;12.5
15/09/2009;18.7;13.6
16/09/2009;23.4;15.5
17/09/2009;23.6;16.9
18/09/2009;25.2;16.3
19/09/2009;27.0;14.3
20/09/2009;28.4;14.5
21/09/2009;25.9;15.0
22/09/2009;24.1;13.9
23/09/2009;27.7;11.4
24/09/2009;27.8;10.4
25/09/2009;26.9;10.4
26/09/2009;26.9;12.3
27/09/2009;25.8;11.7
28/09/2009;26.6;10.9
29/09/2009;28.4;9.8
30/09/2009;27.3;9.9
01/10/2009;27.0;11.2
02/10/2009;24.8;13.4
03/10/2009;26.4;12.4
04/10/2009;23.9;7.2
05/10/2009;25.0;12.3
06/10/2009;25.2;12.5
07/10/2009;23.0;12.6
08/10/2009;26.2;11.6
09/10/2009;26.7;12.7
10/10/2009;22.8;14.7
11/10/2009;20.5;15.3
12/10/2009;26.2;12.2
13/10/2009;18.0;3.9
14/10/2009;20.5;1.2
15/10/2009;15.9;-1.6
16/10/2009;14.2;2.2
17/10/2009;15.1;3.3
18/10/2009;16.2;5.8
19/10/2009;15.1;7.7
20/10/2009;13.3;-2.0
21/10/2009;16.3;1.4
22/10/2009;14.8;5.5
23/10/2009;18.9;10.5
24/10/2009;13.9;11.4
25/10/2009;17.9;8.0
26/10/2009;20.8;5.1
27/10/2009;23.5;4.8
28/10/2009;21.3;4.2
29/10/2009;22.4;5.3
30/10/2009;18.7;5.1
31/10/2009;18.4;2.5
01/11/2009;15.9;0.2
02/11/2009;18.5;0.4
03/11/2009;13.9;4.1
04/11/2009;13.5;1.5
05/11/2009;13.4;4.9
06/11/2009;16.7;8.4
07/11/2009;14.3;3.0
08/11/2009;11.2;3.6
09/11/2009;8.5;5.5
10/11/2009;11.7;6.4
11/11/2009;12.1;1.7
12/11/2009;15.1;1.8
13/11/2009;13.3;3.1
14/11/2009;11.4;8.3
15/11/2009;15.3;10.1
16/11/2009;16.5;12.1
17/11/2009;17.7;9.2
18/11/2009;18.4;9.1
19/11/2009;15.9;8.0
20/11/2009;15.2;3.8
21/11/2009;15.6;3.7
22/11/2009;17.0;4.2
23/11/2009;14.5;8.7
24/11/2009;17.7;11.1
25/11/2009;16.7;8.5
26/11/2009;17.1;9.7
27/11/2009;16.6;11.2
28/11/2009;16.6;9.7
29/11/2009;16.5;7.0
30/11/2009;15.9;10.0
01/12/2009;16.7;5.6
02/12/2009;11.9;4.3
03/12/2009;11.8;0.6
04/12/2009;5.1;0.9
05/12/2009;8.4;4.3
06/12/2009;11.9;1.1
07/12/2009;7.6;2.2
08/12/2009;13.2;7.6
09/12/2009;14.5;-0.5
10/12/2009;14.2;-2.5
11/12/2009;14.4;-3.0
12/12/2009;14.3;-2.3
13/12/2009;10.1;-1.6
14/12/2009;7.6;2.4
15/12/2009;5.0;1.1
16/12/2009;2.3;-0.3
17/12/2009;5.3;-1.3
18/12/2009;1.7;-6.0
19/12/2009;4.1;-4.9
20/12/2009;0.0;-17.4
21/12/2009;-0.7;-16.0
22/12/2009;5.6;-4.4
23/12/2009;14.0;5.6
24/12/2009;16.9;12.0
25/12/2009;16.9;14.4
26/12/2009;16.9;2.2
27/12/2009;7.0;2.9
28/12/2009;11.4;-0.9
29/12/2009;6.5;1.2
30/12/2009;11.2;6.5
31/12/2009;16.4;11.2
01/01/2010;9.7;7.8
02/01/2010;13.0;1.9
03/01/2010;6.9;-2.5
04/01/2010;1.3;0.0
05/01/2010;1.9;0.1
06/01/2010;6.0;1.6
07/01/2010;10.5;1.8
08/01/2010;7.0;5.1
09/01/2010;7.4;4.1
10/01/2010;6.2;2.2
11/01/2010;5.8;0.8
12/01/2010;6.5;1.4
13/01/2010;7.8;1.5
14/01/2010;10.1;-0.9
15/01/2010;8.3;-0.3
16/01/2010;7.1;-0.5
17/01/2010;3.8;-0.2
18/01/2010;9.7;-2.1
19/01/2010;11.2;-3.9
20/01/2010;6.7;-5.1
21/01/2010;10.9;-2.4
22/01/2010;6.7;-4.9
23/01/2010;7.1;-3.9
24/01/2010;8.0;-6.1
25/01/2010;6.2;-0.5
26/01/2010;3.4;-1.2
27/01/2010;5.1;-1.7
28/01/2010;5.5;-5.6
29/01/2010;3.5;-5.8
30/01/2010;7.6;1.4
31/01/2010;3.7;-2.7
01/02/2010;7.5;-6.6
02/02/2010;9.0;-7.4
03/02/2010;5.3;-3.0
04/02/2010;11.2;2.2
05/02/2010;8.3;5.0
06/02/2010;6.9;3.7
07/02/2010;9.4;-0.4
08/02/2010;8.7;-2.6
09/02/2010;7.8;-3.3
10/02/2010;4.7;2.1
11/02/2010;5.0;-1.0
12/02/2010;3.7;-0.5
13/02/2010;9.9;-3.5
14/02/2010;8.5;-1.6
15/02/2010;11.4;-2.3
16/02/2010;7.8;2.6
17/02/2010;15.4;1.4
18/02/2010;15.4;8.0
19/02/2010;13.1;8.1
20/02/2010;11.2;1.8
21/02/2010;12.6;-1.5
22/02/2010;12.4;5.8
23/02/2010;14.1;6.9
24/02/2010;14.0;5.7
25/02/2010;15.5;6.0
26/02/2010;15.3;6.4
27/02/2010;16.5;2.3
28/02/2010;14.4;5.9
01/03/2010;15.9;8.5
02/03/2010;16.9;4.5
03/03/2010;8.2;3.3
04/03/2010;7.8;5.5
05/03/2010;7.6;1.4
06/03/2010;9.7;-2.1
07/03/2010;5.9;0.1
08/03/2010;3.6;0.1
09/03/2010;1.5;-0.2
10/03/2010;3.8;0.7
11/03/2010;5.8;-0.2
12/03/2010;8.2;-0.1
13/03/2010;14.4;-1.0
14/03/2010;16.1;-3.1
15/03/2010;14.9;-0.1
16/03/2010;15.3;-3.3
17/03/2010;15.6;-2.1
18/03/2010;16.2;0.0
19/03/2010;14.7;2.6
20/03/2010;13.3;5.8
21/03/2010;15.3;10.6
22/03/2010;16.7;9.1
23/03/2010;18.7;5.0
24/03/2010;20.2;5.1
25/03/2010;21.3;5.1
26/03/2010;17.3;9.0
27/03/2010;16.2;9.8
28/03/2010;17.2;0.0
29/03/2010;20.2;4.8
30/03/2010;15.9;6.5
31/03/2010;15.7;10.5
01/04/2010;16.3;5.4
02/04/2010;14.7;4.8
03/04/2010;16.2;4.6
04/04/2010;13.3;3.8
05/04/2010;14.4;3.0
06/04/2010;19.8;0.3
07/04/2010;22.7;1.4
08/04/2010;20.4;2.6
09/04/2010;21.4;2.0
10/04/2010;23.4;2.4
11/04/2010;12.1;6.1
12/04/2010;15.3;4.7
13/04/2010;14.1;4.7
14/04/2010;17.9;1.8
15/04/2010;20.2;0.4
16/04/2010;18.5;4.4
17/04/2010;14.4;6.0
18/04/2010;20.5;3.1
19/04/2010;20.5;3.2
20/04/2010;21.1;10.2
21/04/2010;18.3;8.3
22/04/2010;23.4;8.1
23/04/2010;13.9;10.9
24/04/2010;19.1;11.8
25/04/2010;22.9;11.4
26/04/2010;25.6;8.4
27/04/2010;24.1;8.7
28/04/2010;25.0;8.6
29/04/2010;27.5;5.9
30/04/2010;24.8;7.2
01/05/2010;23.8;7.2
02/05/2010;16.3;13.1
03/05/2010;22.1;11.4
04/05/2010;20.5;11.0
05/05/2010;19.2;8.7
06/05/2010;15.2;8.9
07/05/2010;16.6;9.1
08/05/2010;18.0;9.3
09/05/2010;20.5;8.3
10/05/2010;20.5;12.5
11/05/2010;17.8;13.0
12/05/2010;21.6;12.2
13/05/2010;20.4;11.2
14/05/2010;19.6;10.7
15/05/2010;14.0;10.6
16/05/2010;19.1;9.8
17/05/2010;22.3;10.8
18/05/2010;24.0;9.4
19/05/2010;18.4;6.8
20/05/2010;21.0;5.3
21/05/2010;23.1;6.8
22/05/2010;26.0;9.2
23/05/2010;27.2;8.1
24/05/2010;28.1;9.1
25/05/2010;26.6;8.7
26/05/2010;27.0;8.6
27/05/2010;24.3;9.1
28/05/2010;25.7;11.7
29/05/2010;27.3;9.8
30/05/2010;24.8;11.3
31/05/2010;26.6;9.1
01/06/2010;26.9;5.7
02/06/2010;23.4;12.4
03/06/2010;22.3;12.2
04/06/2010;28.4;11.8
05/06/2010;29.9;12.3
06/06/2010;30.3;13.2
07/06/2010;28.2;11.4
08/06/2010;29.3;12.9
09/06/2010;31.5;13.9
10/06/2010;31.8;14.9
11/06/2010;32.7;14.1
12/06/2010;30.2;14.1
13/06/2010;27.3;17.3
14/06/2010;28.1;14.4
15/06/2010;26.4;17.7
16/06/2010;24.4;14.8
17/06/2010;23.0;14.5
18/06/2010;24.8;15.4
19/06/2010;20.8;15.5
20/06/2010;19.8;14.0
21/06/2010;19.5;10.9
22/06/2010;26.6;9.8
23/06/2010;27.2;13.1
24/06/2010;28.2;11.6
25/06/2010;29.4;12.3
26/06/2010;30.6;13.7
27/06/2010;30.6;14.7
28/06/2010;31.9;13.9
29/06/2010;32.6;14.3
30/06/2010;32.1;14.9
01/07/2010;33.4;15.1
02/07/2010;34.1;16.2
03/07/2010;35.3;15.5
04/07/2010;32.1;9.9
05/07/2010;32.4;16.9
06/07/2010;31.2;18.4
07/07/2010;31.7;16.7
08/07/2010;31.7;15.5
09/07/2010;35.2;15.4
10/07/2010;36.0;18.1
11/07/2010;36.0;19.3
12/07/2010;34.7;19.7
13/07/2010;33.0;17.7
14/07/2010;35.4;16.8
15/07/2010;35.1;17.3
16/07/2010;37.4;17.3
17/07/2010;33.9;16.9
18/07/2010;32.0;19.3
19/07/2010;31.2;17.7
20/07/2010;33.8;15.9
21/07/2010;34.5;17.3
22/07/2010;35.1;16.8
23/07/2010;32.7;18.9
24/07/2010;31.7;16.3
25/07/2010;30.9;12.6
26/07/2010;27.7;13.4
27/07/2010;24.8;10.5
28/07/2010;30.2;10.7
29/07/2010;23.4;16.1
30/07/2010;26.9;13.4
31/07/2010;29.0;14.4
01/08/2010;32.4;11.6
02/08/2010;32.3;13.6
03/08/2010;29.1;14.4
04/08/2010;30.4;15.6
05/08/2010;24.3;13.6
06/08/2010;27.0;13.7
07/08/2010;29.1;13.2
08/08/2010;29.9;12.6
09/08/2010;28.8;12.9
10/08/2010;32.0;15.7
11/08/2010;31.7;17.3
12/08/2010;29.1;17.3
13/08/2010;23.8;16.9
14/08/2010;20.8;17.3
15/08/2010;27.7;16.2
16/08/2010;24.8;15.5
17/08/2010;25.2;15.2
18/08/2010;27.0;13.9
19/08/2010;28.5;16.8
20/08/2010;32.2;14.4
21/08/2010;31.7;19.7
22/08/2010;32.8;17.0
23/08/2010;32.7;14.9
24/08/2010;31.3;15.3
25/08/2010;31.3;16.6
26/08/2010;33.3;16.1
27/08/2010;31.3;15.9
28/08/2010;29.0;19.8
29/08/2010;27.7;14.5
30/08/2010;24.9;11.1
31/08/2010;28.0;9.7
01/09/2010;27.5;6.7
02/09/2010;28.0;7.8
03/09/2010;29.7;10.0
04/09/2010;29.5;11.0
05/09/2010;28.4;11.9
06/09/2010;28.4;11.7
07/09/2010;26.6;16.2
08/09/2010;24.0;17.0
09/09/2010;25.3;13.7
10/09/2010;23.9;12.2
11/09/2010;25.6;10.8
12/09/2010;27.6;9.1
13/09/2010;23.1;10.9
14/09/2010;26.0;12.2
15/09/2010;27.0;10.9
16/09/2010;25.8;12.0
17/09/2010;25.2;19.6
18/09/2010;25.9;17.7
19/09/2010;22.3;10.5
20/09/2010;25.4;8.1
21/09/2010;25.2;10.3
22/09/2010;26.6;10.7
23/09/2010;27.7;7.6
24/09/2010;24.6;10.2
25/09/2010;22.5;12.8
26/09/2010;22.4;10.1
27/09/2010;17.1;11.9
28/09/2010;18.2;8.5
29/09/2010;23.0;7.5
30/09/2010;22.3;7.3
01/10/2010;17.8;11.2
02/10/2010;23.8;11.4
03/10/2010;22.7;10.3
04/10/2010;20.9;12.5
05/10/2010;21.6;15.4
06/10/2010;24.4;13.1
07/10/2010;25.1;11.9
08/10/2010;21.5;10.3
09/10/2010;20.0;7.6
10/10/2010;20.1;4.7
11/10/2010;16.7;11.6
12/10/2010;19.3;8.9
13/10/2010;16.6;12.3
14/10/2010;17.5;10.1
15/10/2010;16.2;6.7
16/10/2010;18.3;9.4
17/10/2010;16.1;9.3
18/10/2010;14.2;8.1
19/10/2010;19.9;5.9
20/10/2010;17.7;4.3
21/10/2010;20.1;4.4
22/10/2010;20.2;3.0
23/10/2010;17.1;4.9
24/10/2010;18.0;9.3
25/10/2010;16.9;8.0
26/10/2010;11.2;8.6
27/10/2010;13.5;3.8
28/10/2010;16.5;1.5
29/10/2010;22.2;0.2
30/10/2010;13.6;2.1
31/10/2010;18.4;10.3
01/11/2010;17.9;11.9
02/11/2010;19.0;10.8
03/11/2010;17.0;9.2
04/11/2010;20.8;7.2
05/11/2010;19.5;6.9
06/11/2010;17.2;7.6
07/11/2010;18.2;7.0
08/11/2010;13.7;8.0
09/11/2010;12.0;8.3
10/11/2010;12.0;8.1
11/11/2010;16.4;5.4
12/11/2010;11.9;5.5
13/11/2010;15.5;10.5
14/11/2010;14.2;9.3
15/11/2010;15.9;11.9
16/11/2010;16.2;6.2
17/11/2010;15.9;4.6
18/11/2010;8.7;3.7
19/11/2010;11.9;7.8
20/11/2010;11.6;7.3
21/11/2010;12.3;7.6
22/11/2010;11.4;7.0
23/11/2010;10.8;6.7
24/11/2010;10.9;4.0
25/11/2010;8.6;2.8
26/11/2010;8.7;0.2
27/11/2010;6.0;-0.6
28/11/2010;4.6;-0.7
29/11/2010;11.4;3.5
30/11/2010;8.1;4.7
01/12/2010;10.3;4.0
02/12/2010;11.4;2.3
03/12/2010;9.0;2.0
04/12/2010;5.6;-0.9
05/12/2010;4.8;-2.3
06/12/2010;13.7;6.4
07/12/2010;16.7;11.7
08/12/2010;17.3;14.7
09/12/2010;16.0;5.6
10/12/2010;11.3;-1.3
11/12/2010;5.8;-3.3
12/12/2010;10.5;3.4
13/12/2010;11.3;-1.7
14/12/2010;6.5;-4.7
15/12/2010;4.2;-6.8
16/12/2010;2.1;-7.3
17/12/2010;-2.0;-8.3
18/12/2010;2.9;-11.2
19/12/2010;0.1;-11.5
20/12/2010;3.0;0.1
21/12/2010;4.1;0.9
22/12/2010;13.4;3.7
23/12/2010;16.9;9.9
24/12/2010;11.9;8.4
25/12/2010;9.8;6.3
26/12/2010;6.1;2.6
27/12/2010;4.3;-2.3
28/12/2010;4.5;-4.8
29/12/2010;4.3;-4.1
30/12/2010;5.5;2.3
31/12/2010;11.2;-0.9
01/01/2011;8.7;-2.1
02/01/2011;11.1;-0.6
03/01/2011;7.3;-2.3
04/01/2011;3.9;-4.9
05/01/2011;5.2;-1.7
06/01/2011;8.9;-0.2
07/01/2011;13.3;9.1
08/01/2011;14.4;6.6
09/01/2011;14.9;4.4
10/01/2011;13.4;4.0
11/01/2011;11.0;6.8
12/01/2011;14.1;2.1
13/01/2011;7.3;0.8
14/01/2011;11.5;2.5
15/01/2011;15.7;2.8
16/01/2011;14.7;1.1
17/01/2011;10.8;-1.0
18/01/2011;13.4;2.3
19/01/2011;7.8;0.9
20/01/2011;6.5;2.0
21/01/2011;4.0;1.2
22/01/2011;2.7;1.3
23/01/2011;4.7;-3.9
24/01/2011;9.0;-6.1
25/01/2011;3.6;-6.4
26/01/2011;9.1;-1.7
27/01/2011;9.2;-1.0
28/01/2011;7.0;3.4
29/01/2011;5.7;2.7
30/01/2011;4.3;-0.2
31/01/2011;8.9;-0.5
01/02/2011;9.7;-1.3
02/02/2011;11.9;-2.2
03/02/2011;11.2;1.2
04/02/2011;17.2;-2.4
05/02/2011;16.2;-3.5
06/02/2011;16.6;-4.8
07/02/2011;17.6;-3.3
08/02/2011;13.7;-4.1
09/02/2011;10.0;-1.3
10/02/2011;8.0;-1.3
11/02/2011;12.9;4.2
12/02/2011;10.0;7.9
13/02/2011;8.7;6.5
14/02/2011;12.0;5.2
15/02/2011;11.1;3.9
16/02/2011;8.3;5.8
17/02/2011;11.9;6.5
18/02/2011;13.0;3.1
19/02/2011;16.8;0.4
20/02/2011;8.2;1.2
21/02/2011;9.1;0.2
22/02/2011;11.2;-1.7
23/02/2011;6.3;-1.1
24/02/2011;8.5;-3.4
25/02/2011;10.2;-3.5
26/02/2011;10.0;-2.5
27/02/2011;2.9;-1.1
28/02/2011;9.4;1.3
01/03/2011;7.3;2.2
02/03/2011;5.5;1.6
03/03/2011;7.2;0.9
04/03/2011;10.4;-0.2
05/03/2011;9.7;3.7
06/03/2011;17.2;0.4
07/03/2011;7.9;-0.2
08/03/2011;8.8;-3.5
09/03/2011;11.7;-6.5
10/03/2011;13.4;-4.5
11/03/2011;12.3;-2.0
12/03/2011;13.3;0.5
13/03/2011;9.1;5.0
14/03/2011;16.6;9.1
15/03/2011;16.9;8.8
16/03/2011;14.7;9.0
17/03/2011;12.9;7.8
18/03/2011;18.9;6.4
19/03/2011;17.4;3.0
20/03/2011;12.8;4.7
21/03/2011;10.3;5.1
22/03/2011;15.5;4.1
23/03/2011;18.4;1.4
24/03/2011;22.6;0.4
25/03/2011;20.2;1.1
26/03/2011;18.0;4.7
27/03/2011;16.0;3.0
28/03/2011;14.7;10.1
29/03/2011;19.3;5.6
30/03/2011;20.8;2.2
31/03/2011;22.2;2.6
01/04/2011;26.3;3.3
02/04/2011;25.9;5.0
03/04/2011;24.1;5.4
04/04/2011;21.4;6.6
05/04/2011;19.8;6.5
06/04/2011;25.6;4.4
07/04/2011;28.4;6.5
08/04/2011;25.3;6.2
09/04/2011;28.7;6.8
10/04/2011;26.7;8.8
11/04/2011;27.3;5.1
12/04/2011;23.1;6.1
13/04/2011;17.4;4.8
14/04/2011;15.9;3.9
15/04/2011;13.7;5.9
16/04/2011;16.7;2.8
17/04/2011;18.3;2.5
18/04/2011;20.3;0.7
19/04/2011;20.8;1.3
20/04/2011;23.7;1.8
21/04/2011;23.8;3.4
22/04/2011;24.2;4.5
23/04/2011;19.5;11.0
24/04/2011;19.1;9.7
25/04/2011;22.6;7.5
26/04/2011;19.7;8.9
27/04/2011;20.4;7.5
28/04/2011;18.3;5.2
29/04/2011;21.3;6.3
30/04/2011;18.6;9.3
01/05/2011;23.6;9.5
02/05/2011;23.8;5.9
03/05/2011;24.8;11.1
04/05/2011;19.5;6.9
05/05/2011;22.0;3.8
06/05/2011;25.2;2.9
07/05/2011;25.6;4.7
08/05/2011;25.8;5.7
09/05/2011;21.0;9.9
10/05/2011;24.7;8.2
11/05/2011;27.9;4.8
12/05/2011;26.8;7.7
13/05/2011;26.5;8.7
14/05/2011;26.9;8.0
15/05/2011;16.7;9.8
16/05/2011;22.3;6.7
17/05/2011;24.1;5.3
18/05/2011;24.6;6.0
19/05/2011;27.5;7.0
20/05/2011;27.4;9.5
21/05/2011;29.1;10.1
22/05/2011;30.1;9.0
23/05/2011;29.5;10.8
24/05/2011;29.7;11.9
25/05/2011;30.2;12.0
26/05/2011;33.0;11.5
27/05/2011;28.0;12.4
28/05/2011;27.0;12.2
29/05/2011;26.6;8.6
30/05/2011;29.1;8.0
31/05/2011;27.7;10.9
01/06/2011;26.7;14.4
02/06/2011;27.2;13.3
03/06/2011;28.0;13.6
04/06/2011;29.8;13.3
05/06/2011;30.0;12.2
06/06/2011;25.7;14.5
07/06/2011;23.9;17.3
08/06/2011;20.9;15.6
09/06/2011;22.7;15.1
10/06/2011;24.5;15.1
11/06/2011;25.6;14.1
12/06/2011;25.8;16.3
13/06/2011;25.0;15.1
14/06/2011;27.6;13.6
15/06/2011;29.1;12.5
16/06/2011;30.6;12.5
17/06/2011;28.7;14.6
18/06/2011;30.1;17.8
19/06/2011;25.9;14.7
20/06/2011;30.2;12.2
21/06/2011;30.9;13.0
22/06/2011;32.0;13.0
23/06/2011;31.1;14.6
24/06/2011;29.3;15.2
25/06/2011;28.1;13.5
26/06/2011;32.3;12.1
27/06/2011;33.3;15.5
28/06/2011;33.4;16.3
29/06/2011;33.2;18.1
30/06/2011;31.5;18.4
01/07/2011;30.2;16.2
02/07/2011;24.5;12.3
03/07/2011;28.8;8.8
04/07/2011;28.2;14.9
05/07/2011;28.1;17.0
06/07/2011;30.9;14.9
07/07/2011;32.7;15.0
08/07/2011;33.8;15.9
09/07/2011;34.4;15.3
10/07/2011;34.7;17.7
11/07/2011;36.1;18.0
12/07/2011;37.7;18.6
13/07/2011;36.8;19.3
14/07/2011;32.4;22.0
15/07/2011;29.3;17.5
16/07/2011;28.6;14.7
17/07/2011;31.1;15.5
18/07/2011;26.5;16.2
19/07/2011;26.0;13.1
20/07/2011;25.2;15.4
21/07/2011;24.9;15.6
22/07/2011;27.7;15.2
23/07/2011;27.7;12.6
24/07/2011;24.4;12.4
25/07/2011;25.6;10.1
26/07/2011;27.5;12.2
27/07/2011;21.9;11.9
28/07/2011;27.3;15.7
29/07/2011;27.0;13.3
30/07/2011;28.9;12.8
31/07/2011;29.7;13.7
01/08/2011;31.2;13.7
02/08/2011;32.0;15.9
03/08/2011;30.6;13.9
04/08/2011;31.9;14.8
05/08/2011;35.4;15.5
06/08/2011;32.6;16.2
07/08/2011;30.9;19.0
08/08/2011;28.8;18.9
09/08/2011;30.4;14.4
10/08/2011;29.6;12.6
11/08/2011;32.0;9.4
12/08/2011;29.5;11.2
13/08/2011;31.3;11.3
14/08/2011;33.3;14.3
15/08/2011;30.8;15.5
16/08/2011;34.2;15.9
17/08/2011;35.9;15.9
18/08/2011;37.0;16.4
19/08/2011;35.8;15.8
20/08/2011;38.9;14.8
21/08/2011;40.0;16.9
22/08/2011;40.5;15.5
23/08/2011;38.1;16.4
24/08/2011;37.8;14.4
25/08/2011;37.8;13.3
26/08/2011;38.0;13.4
27/08/2011;29.8;14.2
28/08/2011;33.4;10.4
29/08/2011;32.4;12.6
30/08/2011;30.2;11.6
31/08/2011;29.9;14.8
01/09/2011;32.6;14.7
02/09/2011;33.7;15.0
03/09/2011;35.5;17.2
04/09/2011;28.9;18.2
05/09/2011;28.5;17.3
06/09/2011;30.7;15.9
07/09/2011;27.4;15.0
08/09/2011;30.6;13.0
09/09/2011;33.4;15.2
10/09/2011;32.7;14.1
11/09/2011;32.7;16.7
12/09/2011;32.0;16.1
13/09/2011;35.5;14.3
14/09/2011;34.2;14.8
15/09/2011;33.7;12.3
16/09/2011;32.7;11.7
17/09/2011;31.3;9.9
18/09/2011;26.5;13.7
19/09/2011;22.4;10.9
20/09/2011;23.2;11.1
21/09/2011;28.9;9.2
22/09/2011;29.9;11.0
23/09/2011;28.8;11.4
24/09/2011;29.7;10.7
25/09/2011;29.7;13.3
26/09/2011;28.9;11.2
27/09/2011;28.8;10.6
28/09/2011;27.0;10.8
29/09/2011;27.2;9.4
30/09/2011;27.8;9.0
01/10/2011;30.3;8.2
02/10/2011;30.6;9.3
03/10/2011;31.5;8.3
04/10/2011;30.6;8.2
05/10/2011;31.0;8.7
06/10/2011;27.0;8.9
07/10/2011;23.1;7.2
08/10/2011;21.6;3.4
09/10/2011;19.5;3.7
10/10/2011;23.1;2.6
11/10/2011;27.3;4.8
12/10/2011;25.6;7.3
13/10/2011;23.2;11.9
14/10/2011;17.6;11.8
15/10/2011;15.2;5.9
16/10/2011;17.2;5.6
17/10/2011;20.8;1.0
18/10/2011;20.4;0.3
19/10/2011;21.6;8.5
20/10/2011;17.5;9.4
21/10/2011;14.1;4.4
22/10/2011;14.6;1.9
23/10/2011;16.0;-0.5
24/10/2011;14.8;4.3
25/10/2011;18.4;9.4
26/10/2011;20.2;10.4
27/10/2011;15.6;8.0
28/10/2011;20.6;6.2
29/10/2011;21.7;5.8
30/10/2011;19.3;5.7
31/10/2011;18.4;3.2
01/11/2011;18.4;5.5
02/11/2011;19.6;5.8
03/11/2011;18.1;6.3
04/11/2011;16.1;10.5
05/11/2011;19.9;13.0
06/11/2011;16.2;10.5
07/11/2011;12.5;9.1
08/11/2011;19.3;7.8
09/11/2011;19.4;7.3
10/11/2011;19.5;4.4
11/11/2011;16.6;3.3
12/11/2011;14.1;7.0
13/11/2011;15.6;0.4
14/11/2011;17.3;-2.0
15/11/2011;16.3;-3.0
16/11/2011;17.1;-3.2
17/11/2011;16.7;-2.6
18/11/2011;13.9;-1.2
19/11/2011;10.7;-2.0
20/11/2011;14.4;-2.7
21/11/2011;13.1;-0.7
22/11/2011;11.8;1.6
23/11/2011;14.0;6.2
24/11/2011;15.2;2.0
25/11/2011;17.4;0.0
26/11/2011;16.7;-2.0
27/11/2011;15.9;-1.8
28/11/2011;16.2;-0.1
29/11/2011;14.6;-0.4
30/11/2011;13.6;-1.2
01/12/2011;9.7;-0.3
02/12/2011;17.3;7.2
03/12/2011;16.7;9.7
04/12/2011;13.7;10.3
05/12/2011;14.5;9.9
06/12/2011;13.4;2.8
07/12/2011;13.4;2.0
08/12/2011;17.0;4.5
09/12/2011;12.6;4.7
10/12/2011;13.0;10.2
11/12/2011;13.6;9.7
12/12/2011;11.9;7.3
13/12/2011;12.2;4.7
14/12/2011;14.5;9.8
15/12/2011;14.7;9.5
16/12/2011;14.8;11.2
17/12/2011;13.6;0.0
18/12/2011;7.5;-2.3
19/12/2011;8.0;-1.4
20/12/2011;5.9;-4.9
21/12/2011;9.6;-3.0
22/12/2011;11.6;-4.2
23/12/2011;10.8;-4.4
24/12/2011;7.4;-3.0
25/12/2011;10.8;1.7
26/12/2011;11.2;1.2
27/12/2011;13.6;-1.4
28/12/2011;11.9;-4.1
29/12/2011;9.8;-2.9
30/12/2011;9.8;-1.6
31/12/2011;11.2;-4.8
01/01/2012;11.9;-3.2
02/01/2012;12.9;0.8
03/01/2012;12.6;0.9
04/01/2012;6.6;0.1
05/01/2012;9.4;-0.5
06/01/2012;11.3;1.8
07/01/2012;12.9;-3.5
08/01/2012;11.5;-4.8
09/01/2012;14.4;-3.2
10/01/2012;11.9;-4.5
11/01/2012;12.6;-5.2
12/01/2012;9.4;-5.2
13/01/2012;13.3;4.4
14/01/2012;13.2;-3.4
15/01/2012;10.7;-7.3
16/01/2012;9.4;-7.8
17/01/2012;9.3;-8.0
18/01/2012;10.4;-7.0
19/01/2012;9.2;-4.1
20/01/2012;11.4;1.0
21/01/2012;13.8;-1.6
22/01/2012;13.5;1.1
23/01/2012;13.8;4.8
24/01/2012;14.1;-0.2
25/01/2012;11.0;-4.9
26/01/2012;11.2;-7.7
27/01/2012;12.2;-4.3
28/01/2012;11.9;-3.4
29/01/2012;9.2;-2.5
30/01/2012;3.6;0.1
31/01/2012;2.7;-1.0
01/02/2012;-0.1;-1.6
02/02/2012;0.2;-2.5
03/02/2012;-2.5;-6.0
04/02/2012;-2.3;-4.8
05/02/2012;-1.2;-4.6
06/02/2012;-0.2;-5.1
07/02/2012;0.4;-3.3
08/02/2012;2.4;-0.5
09/02/2012;7.3;-5.8
10/02/2012;1.1;-3.7
11/02/2012;-0.8;-4.2
12/02/2012;-0.3;-4.5
13/02/2012;2.9;-7.7
14/02/2012;6.8;-9.5
15/02/2012;3.5;-8.8
16/02/2012;14.5;-4.1
17/02/2012;12.5;-4.5
18/02/2012;10.7;4.1
19/02/2012;8.0;4.7
20/02/2012;6.1;3.0
21/02/2012;9.8;0.5
22/02/2012;11.3;0.6
23/02/2012;18.7;-0.5
24/02/2012;20.4;0.0
25/02/2012;12.8;0.1
26/02/2012;14.8;1.2
27/02/2012;15.8;-2.0
28/02/2012;16.6;-1.3
29/02/2012;15.6;2.9
01/03/2012;24.1;1.5
02/03/2012;21.2;0.5
03/03/2012;17.8;3.3
04/03/2012;17.0;5.5
05/03/2012;15.0;5.6
06/03/2012;8.7;6.3
07/03/2012;14.0;0.4
08/03/2012;15.2;-1.5
09/03/2012;12.1;1.5
10/03/2012;13.4;1.8
11/03/2012;16.1;1.8
12/03/2012;22.4;-1.1
13/03/2012;20.6;0.0
14/03/2012;22.8;-0.5
15/03/2012;22.7;0.1
16/03/2012;19.7;3.0
17/03/2012;20.5;-0.2
18/03/2012;18.0;7.3
19/03/2012;17.5;2.8
20/03/2012;18.5;0.8
21/03/2012;22.5;3.8
22/03/2012;25.1;2.2
23/03/2012;22.5;4.0
24/03/2012;23.8;5.1
25/03/2012;21.4;2.6
26/03/2012;23.6;2.8
27/03/2012;23.8;1.0
28/03/2012;25.6;1.5
29/03/2012;23.7;2.1
30/03/2012;21.6;4.9
31/03/2012;21.3;3.4
01/04/2012;21.1;8.0
02/04/2012;21.2;6.0
03/04/2012;16.4;9.7
04/04/2012;21.9;8.0
05/04/2012;20.5;10.1
06/04/2012;19.2;10.3
07/04/2012;15.5;11.4
08/04/2012;11.7;4.2
09/04/2012;15.9;-0.1
10/04/2012;18.4;-0.2
11/04/2012;13.8;7.9
12/04/2012;16.8;6.6
13/04/2012;15.9;6.0
14/04/2012;12.6;9.0
15/04/2012;17.1;8.4
16/04/2012;12.6;6.4
17/04/2012;18.6;6.9
18/04/2012;14.1;7.6
19/04/2012;15.1;9.0
20/04/2012;13.1;7.3
21/04/2012;17.6;7.0
22/04/2012;18.0;6.8
23/04/2012;16.9;6.9
24/04/2012;16.3;9.9
25/04/2012;18.7;8.3
26/04/2012;23.9;3.7
27/04/2012;29.1;6.6
28/04/2012;31.5;8.7
29/04/2012;21.1;11.7
30/04/2012;23.4;10.6
01/05/2012;20.9;12.3
02/05/2012;21.9;8.9
03/05/2012;20.5;7.9
04/05/2012;20.3;6.5
05/05/2012;21.7;4.3
06/05/2012;16.9;12.6
07/05/2012;21.5;12.0
08/05/2012;22.6;11.2
09/05/2012;23.4;10.6
10/05/2012;29.4;7.7
11/05/2012;31.2;9.3
12/05/2012;29.5;10.7
13/05/2012;16.2;9.7
14/05/2012;16.7;5.1
15/05/2012;22.2;4.3
16/05/2012;19.3;4.8
17/05/2012;22.1;2.0
18/05/2012;23.8;2.7
19/05/2012;25.2;4.2
20/05/2012;17.7;9.2
21/05/2012;19.9;10.5
22/05/2012;21.5;9.8
23/05/2012;26.5;12.8
24/05/2012;28.8;13.2
25/05/2012;26.2;11.8
26/05/2012;24.6;9.8
27/05/2012;25.2;8.2
28/05/2012;22.3;11.1
29/05/2012;24.5;11.8
30/05/2012;26.3;11.4
31/05/2012;27.2;12.9
01/06/2012;23.1;13.8
02/06/2012;26.0;16.2
03/06/2012;28.1;15.5
04/06/2012;21.6;12.3
05/06/2012;27.0;11.9
06/06/2012;26.2;10.8
07/06/2012;27.7;12.0
08/06/2012;29.8;13.7
09/06/2012;29.5;14.7
10/06/2012;24.7;14.4
11/06/2012;25.0;16.2
12/06/2012;23.4;15.2
13/06/2012;23.3;12.2
14/06/2012;26.6;11.6
15/06/2012;30.2;8.0
16/06/2012;33.3;10.2
17/06/2012;34.9;12.0
18/06/2012;35.6;14.9
19/06/2012;35.6;15.5
20/06/2012;34.6;16.8
21/06/2012;32.0;16.2
22/06/2012;31.3;18.4
23/06/2012;31.8;16.5
24/06/2012;33.0;14.7
25/06/2012;31.7;14.7
26/06/2012;31.9;14.7
27/06/2012;34.0;16.2
28/06/2012;34.8;17.2
29/06/2012;34.6;16.2
30/06/2012;35.4;16.6
01/07/2012;37.4;17.5
02/07/2012;35.9;19.0
03/07/2012;30.2;16.3
04/07/2012;32.9;13.0
05/07/2012;34.7;14.5
06/07/2012;33.1;15.9
07/07/2012;32.1;15.2
08/07/2012;34.9;12.6
09/07/2012;34.2;18.4
10/07/2012;33.4;15.6
11/07/2012;33.0;15.5
12/07/2012;32.7;16.6
13/07/2012;29.3;13.3
14/07/2012;32.7;21.0
15/07/2012;27.9;15.2
16/07/2012;30.1;14.1
17/07/2012;34.2;11.1
18/07/2012;35.9;12.6
19/07/2012;34.3;13.4
20/07/2012;34.5;13.4
21/07/2012;31.7;16.9
22/07/2012;27.3;19.7
23/07/2012;22.7;17.9
24/07/2012;27.1;19.2
25/07/2012;33.7;15.5
26/07/2012;33.3;15.9
27/07/2012;36.6;15.5
28/07/2012;38.2;15.5
29/07/2012;33.2;17.6
30/07/2012;33.7;16.1
31/07/2012;35.5;13.9
01/08/2012;36.3;16.3
02/08/2012;36.6;15.3
03/08/2012;35.2;14.2
04/08/2012;37.4;14.4
05/08/2012;36.2;15.1
06/08/2012;33.6;20.2
07/08/2012;34.2;15.1
08/08/2012;36.9;11.0
09/08/2012;37.0;15.6
10/08/2012;32.8;18.0
11/08/2012;33.2;13.7
12/08/2012;33.7;13.4
13/08/2012;33.8;15.0
14/08/2012;33.8;17.6
15/08/2012;35.5;16.2
16/08/2012;33.6;15.0
17/08/2012;36.1;16.5
18/08/2012;37.8;16.2
19/08/2012;39.2;15.6
20/08/2012;39.0;15.7
21/08/2012;38.7;16.8
22/08/2012;37.7;18.8
23/08/2012;37.8;17.0
24/08/2012;36.7;16.4
25/08/2012;35.6;16.8
26/08/2012;28.9;18.2
27/08/2012;31.6;13.4
28/08/2012;34.5;10.2
29/08/2012;34.0;12.3
30/08/2012;33.4;15.2
31/08/2012;27.3;15.0
01/09/2012;21.1;12.1
02/09/2012;24.5;13.4
03/09/2012;24.5;15.1
04/09/2012;23.7;13.9
05/09/2012;26.6;16.8
06/09/2012;29.1;15.5
07/09/2012;31.5;13.4
08/09/2012;31.8;13.0
09/09/2012;32.4;9.8
10/09/2012;31.0;12.6
11/09/2012;29.6;14.1
12/09/2012;27.0;14.3
13/09/2012;21.1;13.8
14/09/2012;22.3;15.2
15/09/2012;24.1;11.8
16/09/2012;25.9;9.8
17/09/2012;28.0;7.8
18/09/2012;29.1;10.4
19/09/2012;17.7;14.8
20/09/2012;22.7;7.4
21/09/2012;25.7;4.8
22/09/2012;23.1;7.5
23/09/2012;28.7;16.9
24/09/2012;28.1;18.7
25/09/2012;26.5;18.9
26/09/2012;27.2;20.2
27/09/2012;25.0;15.7
28/09/2012;27.7;14.7
29/09/2012;23.0;16.1
30/09/2012;25.2;16.0
01/10/2012;24.4;14.8
02/10/2012;23.0;14.4
03/10/2012;21.8;12.5
04/10/2012;23.5;13.3
05/10/2012;25.2;13.2
06/10/2012;25.2;12.8
07/10/2012;23.1;14.2
08/10/2012;26.9;13.9
09/10/2012;19.8;15.5
10/10/2012;22.6;14.4
11/10/2012;24.8;13.8
12/10/2012;22.5;15.9
13/10/2012;23.3;14.8
14/10/2012;21.9;12.6
15/10/2012;19.8;11.5
16/10/2012;19.1;10.3
17/10/2012;22.6;10.1
18/10/2012;23.4;9.6
19/10/2012;25.2;9.5
20/10/2012;26.1;9.1
21/10/2012;26.2;10.3
22/10/2012;26.4;10.8
23/10/2012;24.8;7.8
24/10/2012;24.7;6.5
25/10/2012;23.4;8.1
26/10/2012;15.9;11.4
27/10/2012;17.7;14.7
28/10/2012;14.5;5.4
29/10/2012;10.6;0.4
30/10/2012;12.2;-0.3
31/10/2012;11.1;3.9
01/11/2012;16.6;9.5
02/11/2012;18.6;10.4
03/11/2012;14.8;7.0
04/11/2012;20.5;12.5
05/11/2012;20.3;13.5
06/11/2012;16.8;8.7
07/11/2012;17.3;3.3
08/11/2012;16.7;2.3
09/11/2012;14.1;3.1
10/11/2012;18.4;8.4
11/11/2012;18.9;13.9
12/11/2012;14.0;11.9
13/11/2012;16.0;11.1
14/11/2012;16.8;11.3
15/11/2012;13.8;3.7
16/11/2012;14.3;0.9
17/11/2012;16.0;0.6
18/11/2012;11.9;3.0
19/11/2012;11.5;5.3
20/11/2012;15.4;8.1
21/11/2012;16.2;3.5
22/11/2012;12.9;2.5
23/11/2012;13.7;5.6
24/11/2012;14.9;7.2
25/11/2012;11.7;8.2
26/11/2012;14.4;9.0
27/11/2012;15.2;9.9
28/11/2012;15.7;10.7
29/11/2012;11.6;6.4
30/11/2012;10.5;5.2
01/12/2012;11.6;3.7
02/12/2012;9.6;4.2
03/12/2012;10.8;-0.6
04/12/2012;9.1;0.0
05/12/2012;3.2;-0.2
06/12/2012;1.2;-1.2
07/12/2012;1.2;-2.2
08/12/2012;2.6;-5.0
09/12/2012;7.8;-4.8
10/12/2012;1.4;-5.5
11/12/2012;8.0;-5.5
12/12/2012;8.0;-6.2
13/12/2012;0.3;-6.2
14/12/2012;4.2;0.1
15/12/2012;14.0;4.8
16/12/2012;13.8;7.9
17/12/2012;11.7;3.8
18/12/2012;3.7;1.4
19/12/2012;9.9;-1.5
20/12/2012;2.3;-3.5
21/12/2012;4.0;0.6
22/12/2012;6.6;-1.3
23/12/2012;5.0;-0.2
24/12/2012;10.9;5.1
25/12/2012;12.3;8.0
26/12/2012;10.8;8.8
27/12/2012;11.6;7.3
28/12/2012;16.8;0.5
29/12/2012;12.9;-1.6
30/12/2012;10.8;-3.4
31/12/2012;14.1;-4.0
01/01/2013;3.0;-4.5
02/01/2013;6.5;0.8
03/01/2013;14.1;1.1
04/01/2013;4.4;0.8
05/01/2013;7.6;1.9
06/01/2013;6.2;3.6
07/01/2013;6.9;0.8
08/01/2013;6.9;-0.9
09/01/2013;10.2;4.3
10/01/2013;11.0;6.2
11/01/2013;9.0;0.7
12/01/2013;8.2;-1.0
13/01/2013;6.0;3.6
14/01/2013;6.9;2.3
15/01/2013;8.9;1.5
16/01/2013;6.2;1.2
17/01/2013;5.9;0.9
18/01/2013;8.3;-1.8
19/01/2013;1.5;-3.3
20/01/2013;9.7;1.5
21/01/2013;11.7;6.2
22/01/2013;8.1;3.8
23/01/2013;7.4;1.6
24/01/2013;8.0;0.7
25/01/2013;6.9;2.2
26/01/2013;6.4;-2.3
27/01/2013;10.3;-4.8
28/01/2013;5.2;0.4
29/01/2013;12.1;-0.9
30/01/2013;10.6;5.0
31/01/2013;15.9;6.5
01/02/2013;14.4;7.3
02/02/2013;13.4;3.7
03/02/2013;9.4;-0.9
04/02/2013;12.4;-2.1
05/02/2013;10.5;-0.1
06/02/2013;12.6;3.0
07/02/2013;6.0;2.6
08/02/2013;7.7;0.8
09/02/2013;7.2;-2.3
10/02/2013;7.0;-5.6
11/02/2013;2.0;-2.6
12/02/2013;7.1;-0.3
13/02/2013;6.0;-0.7
14/02/2013;9.8;-0.9
15/02/2013;13.1;-2.3
16/02/2013;11.1;-2.3
17/02/2013;10.2;-1.3
18/02/2013;7.6;-1.8
19/02/2013;12.3;-4.1
20/02/2013;5.3;-0.7
21/02/2013;4.1;0.2
22/02/2013;4.4;-0.6
23/02/2013;1.4;-3.1
24/02/2013;5.7;0.2
25/02/2013;7.0;-0.5
26/02/2013;10.8;-2.6
27/02/2013;6.4;-3.1
28/02/2013;12.3;-2.5
01/03/2013;10.7;-2.1
02/03/2013;9.7;0.2
03/03/2013;18.1;-3.4
04/03/2013;18.9;-3.3
05/03/2013;10.8;-1.6
06/03/2013;8.2;6.2
07/03/2013;13.0;7.3
08/03/2013;14.2;10.4
09/03/2013;14.5;10.4
10/03/2013;13.5;8.5
11/03/2013;12.4;7.4
12/03/2013;13.9;6.3
13/03/2013;7.6;3.8
14/03/2013;8.4;3.5
15/03/2013;7.5;-1.3
16/03/2013;11.4;-3.5
17/03/2013;9.4;0.4
18/03/2013;13.4;5.5
19/03/2013;14.4;3.5
20/03/2013;12.1;2.6
21/03/2013;17.0;3.5
22/03/2013;14.1;1.0
23/03/2013;15.8;4.4
24/03/2013;14.7;8.1
25/03/2013;8.7;4.4
26/03/2013;6.2;3.2
27/03/2013;12.8;0.0
28/03/2013;15.8;3.9
29/03/2013;14.6;11.2
30/03/2013;14.7;7.9
31/03/2013;14.3;7.4
01/04/2013;16.6;7.1
02/04/2013;12.3;7.2
03/04/2013;17.2;6.5
04/04/2013;14.7;4.4
05/04/2013;11.9;8.7
06/04/2013;19.0;8.4
07/04/2013;13.0;3.9
08/04/2013;11.6;1.6
09/04/2013;16.4;7.6
10/04/2013;17.6;8.7
11/04/2013;19.1;5.5
12/04/2013;18.7;11.0
13/04/2013;19.8;7.3
14/04/2013;25.5;3.7
15/04/2013;27.0;6.7
16/04/2013;26.8;6.5
17/04/2013;28.0;8.7
18/04/2013;28.1;8.9
19/04/2013;27.1;8.8
20/04/2013;20.6;10.1
21/04/2013;19.0;7.0
22/04/2013;17.7;6.7
23/04/2013;18.2;6.2
24/04/2013;23.8;3.9
25/04/2013;24.5;7.7
26/04/2013;24.7;12.0
27/04/2013;20.5;12.4
28/04/2013;22.2;12.5
29/04/2013;28.9;12.1
30/04/2013;26.9;15.0
01/05/2013;28.5;13.4
02/05/2013;18.5;14.1
03/05/2013;25.6;12.2
04/05/2013;26.2;11.0
05/05/2013;19.5;12.1
06/05/2013;21.6;10.8
07/05/2013;21.4;13.5
08/05/2013;24.8;10.5
09/05/2013;27.8;12.0
10/05/2013;22.2;13.4
11/05/2013;22.7;14.3
12/05/2013;23.1;10.3
13/05/2013;23.4;8.7
14/05/2013;25.2;7.7
15/05/2013;23.7;9.1
16/05/2013;19.7;13.4
17/05/2013;18.7;11.8
18/05/2013;24.0;11.2
19/05/2013;19.5;12.0
20/05/2013;18.4;10.0
21/05/2013;19.9;7.1
22/05/2013;22.7;7.3
23/05/2013;21.7;11.2
24/05/2013;16.2;9.2
25/05/2013;10.4;7.6
26/05/2013;18.4;7.6
27/05/2013;20.2;8.2
28/05/2013;18.4;9.5
29/05/2013;19.1;10.6
30/05/2013;13.6;9.2
31/05/2013;19.2;9.7
01/06/2013;23.4;10.1
02/06/2013;24.8;12.3
03/06/2013;22.4;10.3
04/06/2013;24.6;8.7
05/06/2013;25.0;12.5
06/06/2013;26.0;12.4
07/06/2013;27.8;11.9
08/06/2013;28.6;12.9
09/06/2013;22.2;12.7
10/06/2013;21.9;13.3
11/06/2013;25.6;13.4
12/06/2013;29.1;12.9
13/06/2013;29.4;12.4
14/06/2013;29.5;11.9
15/06/2013;29.0;15.4
16/06/2013;31.0;13.1
17/06/2013;33.8;13.3
18/06/2013;36.0;16.2
19/06/2013;34.6;19.0
20/06/2013;33.8;15.9
21/06/2013;29.4;15.5
22/06/2013;27.0;12.3
23/06/2013;26.8;14.1
24/06/2013;25.3;13.8
25/06/2013;26.5;13.3
26/06/2013;25.1;12.4
27/06/2013;25.5;10.4
28/06/2013;20.9;11.0
29/06/2013;24.8;8.6
30/06/2013;29.3;9.1
01/07/2013;30.2;11.4
02/07/2013;30.2;10.5
03/07/2013;28.9;11.6
04/07/2013;28.5;15.8
05/07/2013;31.9;13.6
06/07/2013;31.5;16.6
07/07/2013;30.2;16.3
08/07/2013;30.4;15.7
09/07/2013;32.3;15.9
10/07/2013;32.0;15.8
11/07/2013;28.4;16.9
12/07/2013;30.2;16.9
13/07/2013;30.2;16.8
14/07/2013;30.2;16.6
15/07/2013;33.0;14.6
16/07/2013;33.2;15.3
17/07/2013;32.0;16.6
18/07/2013;32.7;15.0
19/07/2013;32.0;15.3
20/07/2013;33.0;14.8
21/07/2013;32.7;15.6
22/07/2013;33.3;15.5
23/07/2013;35.3;15.7
24/07/2013;32.8;16.6
25/07/2013;32.5;15.2
26/07/2013;35.6;17.9
27/07/2013;36.0;16.9
28/07/2013;37.4;15.6
29/07/2013;30.6;17.8
30/07/2013;31.1;16.1
31/07/2013;31.6;13.4
01/08/2013;33.3;13.8
02/08/2013;36.9;14.0
03/08/2013;36.9;16.2
04/08/2013;36.0;16.0
05/08/2013;38.1;15.3
06/08/2013;37.4;15.7
07/08/2013;38.0;14.9
08/08/2013;36.3;16.9
09/08/2013;33.4;18.1
10/08/2013;30.2;17.4
11/08/2013;32.1;15.0
12/08/2013;34.5;13.4
13/08/2013;33.5;14.2
14/08/2013;30.6;15.6
15/08/2013;29.2;16.6
16/08/2013;32.0;12.9
17/08/2013;34.1;13.4
18/08/2013;33.1;13.4
19/08/2013;31.7;13.6
20/08/2013;21.3;16.7
21/08/2013;27.1;16.2
22/08/2013;30.9;13.0
23/08/2013;31.5;14.0
24/08/2013;30.3;15.5
25/08/2013;27.6;15.4
26/08/2013;27.3;15.9
27/08/2013;27.9;15.2
28/08/2013;26.8;15.0
29/08/2013;28.8;13.8
30/08/2013;27.7;12.4
31/08/2013;30.0;10.0
01/09/2013;30.5;10.7
02/09/2013;28.6;13.3
03/09/2013;33.1;12.2
04/09/2013;34.1;12.6
05/09/2013;33.2;14.1
06/09/2013;32.9;14.8
07/09/2013;33.2;14.8
08/09/2013;28.5;15.7
09/09/2013;27.1;15.3
10/09/2013;23.7;15.2
11/09/2013;24.7;15.2
12/09/2013;25.6;12.2
13/09/2013;25.9;9.9
14/09/2013;25.3;9.4
15/09/2013;22.2;12.4
16/09/2013;23.0;14.4
17/09/2013;24.2;14.3
18/09/2013;22.4;11.5
19/09/2013;27.2;13.4
20/09/2013;28.5;10.6
21/09/2013;27.8;11.6
22/09/2013;25.9;10.3
23/09/2013;28.4;8.2
24/09/2013;25.9;9.2
25/09/2013;25.5;9.2
26/09/2013;24.2;13.8
27/09/2013;22.8;13.7
28/09/2013;25.1;16.3
29/09/2013;18.7;15.5
30/09/2013;18.8;11.2
01/10/2013;24.2;9.2
02/10/2013;22.9;10.8
03/10/2013;21.2;7.8
04/10/2013;20.2;11.3
05/10/2013;15.2;13.0
06/10/2013;20.0;13.0
07/10/2013;18.2;13.0
08/10/2013;20.2;11.7
09/10/2013;22.2;12.4
10/10/2013;19.6;14.1
11/10/2013;19.4;10.8
12/10/2013;19.1;9.0
13/10/2013;19.9;7.1
14/10/2013;16.2;10.0
15/10/2013;19.9;13.5
16/10/2013;24.9;11.2
17/10/2013;23.8;9.8
18/10/2013;23.0;9.9
19/10/2013;22.1;11.8
20/10/2013;20.0;12.3
21/10/2013;16.1;14.0
22/10/2013;24.2;14.4
23/10/2013;22.1;14.5
24/10/2013;20.4;15.5
25/10/2013;22.8;15.2
26/10/2013;22.8;13.7
27/10/2013;22.4;13.6
28/10/2013;24.0;15.2
29/10/2013;23.4;15.0
30/10/2013;22.5;12.4
31/10/2013;19.4;9.1
01/11/2013;21.2;6.5
02/11/2013;19.0;10.8
03/11/2013;21.2;14.7
04/11/2013;17.2;12.3
05/11/2013;19.3;11.6
06/11/2013;19.8;10.5
07/11/2013;21.5;11.7
08/11/2013;19.5;12.5
09/11/2013;20.2;13.9
10/11/2013;16.6;10.3
11/11/2013;11.1;6.9
12/11/2013;15.8;10.3
13/11/2013;17.3;8.5
14/11/2013;15.2;10.9
15/11/2013;13.3;10.8
16/11/2013;13.2;8.8
17/11/2013;14.1;6.6
18/11/2013;16.0;6.7
19/11/2013;14.4;7.5
20/11/2013;12.6;6.9
21/11/2013;8.5;2.8
22/11/2013;9.3;1.5
23/11/2013;8.3;2.9
24/11/2013;11.1;1.9
25/11/2013;10.5;-0.8
26/11/2013;7.1;-2.9
27/11/2013;4.0;-0.3
28/11/2013;8.6;-1.6
29/11/2013;11.5;-3.9
30/11/2013;8.5;-2.9
01/12/2013;8.3;5.3
02/12/2013;9.0;6.5
03/12/2013;12.4;-1.4
04/12/2013;13.2;-4.2
05/12/2013;10.7;-5.4
06/12/2013;10.3;-0.4
07/12/2013;9.2;-0.5
08/12/2013;4.7;-0.2
09/12/2013;3.7;0.0
10/12/2013;5.5;0.8
11/12/2013;10.8;-1.0
12/12/2013;13.0;-0.6
13/12/2013;4.3;0.9
14/12/2013;7.9;4.2
15/12/2013;14.4;-0.5
16/12/2013;14.3;-3.1
17/12/2013;13.0;-4.8
18/12/2013;7.7;-5.8
19/12/2013;6.2;-3.9
20/12/2013;9.4;1.7
21/12/2013;11.7;6.7
22/12/2013;10.5;6.1
23/12/2013;10.5;7.4
24/12/2013;11.9;6.3
25/12/2013;14.3;10.1
26/12/2013;13.2;3.4
27/12/2013;10.5;2.0
28/12/2013;10.7;1.5
29/12/2013;12.9;6.0
30/12/2013;10.1;4.0
31/12/2013;9.9;1.0
01/01/2014;10.7;-2.3
02/01/2014;7.0;1.6
03/01/2014;10.7;7.1
04/01/2014;14.9;9.9
05/01/2014;14.8;3.9
06/01/2014;16.6;1.3
07/01/2014;7.2;3.2
08/01/2014;8.0;4.7
09/01/2014;11.9;6.9
10/01/2014;11.4;9.1
11/01/2014;13.0;5.6
12/01/2014;11.5;2.4
13/01/2014;6.5;2.0
14/01/2014;11.2;6.5
15/01/2014;10.5;4.4
16/01/2014;10.5;4.2
17/01/2014;12.3;9.8
18/01/2014;14.4;10.8
19/01/2014;16.2;9.2
20/01/2014;14.7;6.6
21/01/2014;12.9;6.5
22/01/2014;12.1;3.8
23/01/2014;7.7;2.2
24/01/2014;7.7;4.7
25/01/2014;11.3;0.0
26/01/2014;11.9;-1.6
27/01/2014;4.0;-0.8
28/01/2014;4.8;-1.1
29/01/2014;7.6;-2.8
30/01/2014;9.6;3.8
31/01/2014;10.5;7.9
01/02/2014;12.3;6.5
02/02/2014;10.8;5.6
03/02/2014;14.0;6.8
04/02/2014;10.8;7.2
05/02/2014;10.5;6.5
06/02/2014;12.1;5.5
07/02/2014;14.1;3.2
08/02/2014;12.6;6.5
09/02/2014;13.6;8.3
10/02/2014;11.8;6.1
11/02/2014;11.5;6.0
12/02/2014;13.4;2.3
13/02/2014;13.9;3.8
14/02/2014;16.6;4.7
15/02/2014;14.1;5.1
16/02/2014;16.7;11.9
17/02/2014;14.9;7.2
18/02/2014;18.8;4.8
19/02/2014;16.6;9.0
20/02/2014;10.8;7.5
21/02/2014;15.0;5.3
22/02/2014;12.3;3.8
23/02/2014;13.4;1.7
24/02/2014;14.8;0.0
25/02/2014;15.2;-0.9
26/02/2014;10.7;4.0
27/02/2014;11.9;3.1
28/02/2014;10.9;4.6
01/03/2014;10.8;4.4
02/03/2014;14.4;1.4
03/03/2014;12.6;1.3
04/03/2014;9.8;6.1
05/03/2014;11.6;6.0
06/03/2014;13.6;5.1
07/03/2014;16.6;4.4
08/03/2014;14.1;5.1
09/03/2014;16.0;2.3
10/03/2014;12.4;3.4
11/03/2014;12.6;1.8
12/03/2014;17.5;-0.8
13/03/2014;21.4;0.0
14/03/2014;21.9;0.4
15/03/2014;19.1;0.5
16/03/2014;20.9;3.1
17/03/2014;18.4;4.0
18/03/2014;20.4;3.4
19/03/2014;18.7;7.0
20/03/2014;24.4;4.4
21/03/2014;21.4;6.2
22/03/2014;16.1;9.9
23/03/2014;14.1;5.5
24/03/2014;9.8;1.9
25/03/2014;13.7;-0.4
26/03/2014;13.4;5.4
27/03/2014;12.1;8.1
28/03/2014;17.8;5.4
29/03/2014;20.2;2.1
30/03/2014;22.8;3.6
31/03/2014;21.3;3.9
01/04/2014;18.5;5.1
02/04/2014;18.4;4.5
03/04/2014;20.2;6.4
04/04/2014;14.2;10.5
05/04/2014;15.9;9.0
06/04/2014;20.2;8.5
07/04/2014;24.8;5.7
08/04/2014;20.9;6.7
09/04/2014;19.2;6.8
10/04/2014;21.5;4.3
11/04/2014;22.2;8.5
12/04/2014;20.7;5.7
13/04/2014;19.4;7.8
14/04/2014;21.8;7.1
15/04/2014;16.1;6.8
16/04/2014;14.8;3.5
17/04/2014;16.6;0.3
18/04/2014;18.8;0.5
19/04/2014;13.5;5.4
20/04/2014;19.5;4.7
21/04/2014;18.5;8.8
22/04/2014;20.7;9.4
23/04/2014;22.1;7.9
24/04/2014;23.4;7.1
25/04/2014;24.1;7.1
26/04/2014;24.7;9.0
27/04/2014;17.6;10.3
28/04/2014;13.7;9.9
29/04/2014;19.2;9.4
30/04/2014;19.4;10.5
01/05/2014;20.8;10.1
02/05/2014;18.6;11.0
03/05/2014;17.0;10.3
04/05/2014;19.1;6.5
05/05/2014;22.3;3.5
06/05/2014;22.7;5.7
07/05/2014;19.7;7.1
08/05/2014;23.7;8.7
09/05/2014;25.9;7.8
10/05/2014;25.5;8.0
11/05/2014;21.1;13.3
12/05/2014;21.7;10.1
13/05/2014;21.0;7.5
14/05/2014;22.9;7.5
15/05/2014;21.1;4.3
16/05/2014;22.3;6.7
17/05/2014;22.5;7.9
18/05/2014;22.9;5.4
19/05/2014;22.2;6.4
20/05/2014;25.2;12.2
21/05/2014;28.4;9.6
22/05/2014;27.9;11.5
23/05/2014;21.8;10.1
24/05/2014;24.4;7.3
25/05/2014;26.9;5.5
26/05/2014;24.3;12.6
27/05/2014;20.0;13.3
28/05/2014;21.8;9.2
29/05/2014;23.0;7.4
30/05/2014;21.1;9.5
31/05/2014;21.6;10.2
01/06/2014;24.6;5.6
02/06/2014;26.8;6.5
03/06/2014;25.6;11.5
04/06/2014;25.1;9.0
05/06/2014;26.3;13.1
06/06/2014;29.4;9.6
07/06/2014;32.2;12.5
08/06/2014;33.6;14.1
09/06/2014;33.3;13.2
10/06/2014;34.4;12.6
11/06/2014;34.6;15.9
12/06/2014;33.6;15.0
13/06/2014;32.0;17.3
14/06/2014;28.6;16.9
15/06/2014;20.6;14.8
16/06/2014;20.2;13.2
17/06/2014;22.1;13.3
18/06/2014;24.7;10.6
19/06/2014;27.4;10.2
20/06/2014;25.6;11.9
21/06/2014;28.4;11.9
22/06/2014;29.1;12.1
23/06/2014;29.2;14.4
24/06/2014;31.5;13.5
25/06/2014;26.1;18.0
26/06/2014;24.6;15.3
27/06/2014;29.1;14.7
28/06/2014;28.5;16.3
29/06/2014;29.6;13.9
30/06/2014;26.9;16.0
01/07/2014;28.0;14.6
02/07/2014;29.0;14.4
03/07/2014;29.8;15.0
04/07/2014;31.7;15.8
05/07/2014;28.1;17.6
06/07/2014;30.5;15.8
07/07/2014;30.6;15.2
08/07/2014;23.9;14.4
09/07/2014;23.8;13.5
10/07/2014;23.8;12.7
11/07/2014;25.7;11.9
12/07/2014;28.7;15.1
13/07/2014;25.5;15.9
14/07/2014;25.8;16.2
15/07/2014;27.9;13.9
16/07/2014;30.4;14.3
17/07/2014;31.9;15.1
18/07/2014;33.3;16.5
19/07/2014;34.0;15.4
20/07/2014;32.9;15.7
21/07/2014;22.4;16.0
22/07/2014;27.9;16.1
23/07/2014;28.8;17.0
24/07/2014;24.5;15.5
25/07/2014;28.6;17.9
26/07/2014;27.9;18.6
27/07/2014;26.5;17.6
28/07/2014;29.2;15.4
29/07/2014;23.8;17.7
30/07/2014;22.1;15.6
31/07/2014;28.7;16.4
01/08/2014;29.9;17.4
02/08/2014;29.4;17.7
03/08/2014;27.6;17.3
04/08/2014;28.9;17.9
05/08/2014;28.1;17.0
06/08/2014;29.0;14.7
07/08/2014;30.8;13.2
08/08/2014;31.2;13.9
09/08/2014;29.7;15.2
10/08/2014;31.8;16.3
11/08/2014;31.1;16.6
12/08/2014;30.9;19.1
13/08/2014;29.6;20.2
14/08/2014;25.2;15.2
15/08/2014;25.2;15.0
16/08/2014;23.4;11.8
17/08/2014;27.8;9.2
18/08/2014;26.5;9.3
19/08/2014;27.5;12.9
20/08/2014;28.4;15.5
21/08/2014;26.1;12.9
22/08/2014;26.6;9.7
23/08/2014;22.0;15.8
24/08/2014;26.3;13.8
25/08/2014;26.7;12.4
26/08/2014;27.5;13.4
27/08/2014;27.6;15.9
28/08/2014;28.3;14.8
29/08/2014;30.6;13.4
30/08/2014;30.4;13.6
31/08/2014;29.3;14.5
01/09/2014;21.6;14.5
02/09/2014;23.6;11.2
03/09/2014;20.8;15.2
04/09/2014;22.9;15.2
05/09/2014;25.1;17.0
06/09/2014;27.1;14.2
07/09/2014;28.7;13.2
08/09/2014;29.1;15.2
09/09/2014;28.1;15.3
10/09/2014;22.7;16.2
11/09/2014;24.4;13.7
12/09/2014;21.5;11.8
13/09/2014;25.6;10.2
14/09/2014;26.5;11.6
15/09/2014;25.6;10.9
16/09/2014;26.1;13.1
17/09/2014;26.2;12.4
18/09/2014;26.8;12.9
19/09/2014;24.2;16.2
20/09/2014;28.2;16.8
21/09/2014;25.9;16.5
22/09/2014;26.2;15.5
23/09/2014;22.4;7.8
24/09/2014;20.7;5.0
25/09/2014;22.8;10.6
26/09/2014;24.0;8.1
27/09/2014;27.6;9.1
28/09/2014;25.3;9.1
29/09/2014;26.3;9.0
30/09/2014;25.0;9.0
01/10/2014;21.1;13.9
02/10/2014;22.7;13.4
03/10/2014;23.4;10.8
04/10/2014;22.8;9.1
05/10/2014;22.1;7.8
06/10/2014;23.5;7.6
07/10/2014;23.0;8.6
08/10/2014;25.1;14.4
09/10/2014;24.4;12.7
10/10/2014;26.5;15.6
11/10/2014;26.6;15.6
12/10/2014;25.6;14.1
13/10/2014;25.0;16.1
14/10/2014;22.7;14.6
15/10/2014;22.1;15.4
16/10/2014;22.7;15.8
17/10/2014;23.5;18.9
18/10/2014;24.2;15.3
19/10/2014;25.6;12.8
20/10/2014;20.2;13.0
21/10/2014;20.0;16.7
22/10/2014;20.1;10.6
23/10/2014;19.4;3.8
24/10/2014;21.5;5.7
25/10/2014;17.4;4.1
26/10/2014;16.2;4.7
27/10/2014;15.4;6.6
28/10/2014;13.4;3.7
29/10/2014;17.7;2.5
30/10/2014;19.5;3.0
31/10/2014;19.7;0.6
01/11/2014;21.7;1.3
02/11/2014;19.5;1.2
03/11/2014;18.0;5.5
04/11/2014;20.6;13.3
05/11/2014;18.0;14.3
06/11/2014;15.2;12.5
07/11/2014;16.4;11.5
08/11/2014;18.0;11.7
09/11/2014;18.7;10.0
10/11/2014;15.3;12.2
11/11/2014;17.7;11.3
12/11/2014;16.5;11.1
13/11/2014;16.0;11.1
14/11/2014;17.0;9.0
15/11/2014;15.3;9.2
16/11/2014;15.9;9.2
17/11/2014;10.9;7.9
18/11/2014;13.9;9.3
19/11/2014;15.4;4.8
20/11/2014;13.0;2.5
21/11/2014;10.3;2.1
22/11/2014;12.0;9.1
23/11/2014;16.9;9.4
24/11/2014;11.1;8.9
25/11/2014;13.3;9.2
26/11/2014;13.0;10.4
27/11/2014;14.4;10.4
28/11/2014;13.0;9.5
29/11/2014;15.0;7.7
30/11/2014;15.4;10.8
01/12/2014;17.8;9.7
02/12/2014;15.1;8.8
03/12/2014;12.9;8.4
04/12/2014;11.3;8.3
05/12/2014;12.0;7.6
06/12/2014;12.2;6.9
07/12/2014;10.1;6.9
08/12/2014;13.0;1.5
09/12/2014;9.9;0.7
10/12/2014;11.4;-0.3
11/12/2014;11.3;-1.7
12/12/2014;11.0;-3.5
13/12/2014;11.0;7.1
14/12/2014;12.8;6.9
15/12/2014;12.4;6.9
16/12/2014;11.0;8.3
17/12/2014;14.4;6.4
18/12/2014;12.6;5.2
19/12/2014;10.8;5.5
20/12/2014;14.8;8.8
21/12/2014;17.6;1.4
22/12/2014;9.1;-0.3
23/12/2014;13.0;9.3
24/12/2014;13.0;11.0
25/12/2014;14.3;6.6
26/12/2014;10.2;-2.0
27/12/2014;4.2;-4.3
28/12/2014;5.1;-1.0
29/12/2014;6.5;-4.2
30/12/2014;3.2;-4.8
31/12/2014;0.8;-1.5
01/01/2015;6.5;-4.0
02/01/2015;12.9;-2.5
03/01/2015;8.8;-0.3
04/01/2015;18.2;3.1
05/01/2015;12.8;-2.7
06/01/2015;12.0;-4.6
07/01/2015;8.7;0.4
08/01/2015;12.7;2.6
09/01/2015;11.6;5.6
10/01/2015;12.0;10.1
11/01/2015;13.0;2.9
12/01/2015;13.4;-1.8
13/01/2015;13.9;-0.9
14/01/2015;11.1;3.8
15/01/2015;14.8;6.0
16/01/2015;12.1;6.8
17/01/2015;13.5;7.9
18/01/2015;12.7;-0.7
19/01/2015;8.8;-2.0
20/01/2015;10.9;-0.2
21/01/2015;9.8;3.8
22/01/2015;9.8;5.2
23/01/2015;9.3;7.1
24/01/2015;10.9;3.2
25/01/2015;8.5;1.5
26/01/2015;8.5;-2.9
27/01/2015;7.6;-4.8
28/01/2015;9.3;-6.0
29/01/2015;8.3;-4.9
30/01/2015;9.6;-1.3
31/01/2015;6.8;-1.5
01/02/2015;8.9;-0.5
02/02/2015;6.3;-1.2
03/02/2015;5.7;0.4
04/02/2015;7.9;5.0
05/02/2015;5.4;3.2
06/02/2015;5.2;0.6
07/02/2015;6.3;-1.3
08/02/2015;10.1;-3.3
09/02/2015;9.2;-2.8
10/02/2015;15.0;-4.3
11/02/2015;17.6;-2.9
12/02/2015;16.8;-2.5
13/02/2015;11.8;-3.0
14/02/2015;11.7;3.8
15/02/2015;10.0;5.2
16/02/2015;11.2;4.5
17/02/2015;13.0;4.7
18/02/2015;10.2;-0.7
19/02/2015;14.5;-3.9
20/02/2015;12.9;-4.6
21/02/2015;9.7;1.7
22/02/2015;9.2;4.9
23/02/2015;14.4;6.6
24/02/2015;9.7;4.3
25/02/2015;9.7;5.1
26/02/2015;10.0;6.5
27/02/2015;13.9;0.7
28/02/2015;15.2;-0.7
01/03/2015;13.0;-1.4
02/03/2015;13.5;7.6
03/03/2015;19.1;6.8
04/03/2015;10.5;6.6
05/03/2015;8.6;3.9
06/03/2015;10.5;4.7
07/03/2015;11.6;3.1
08/03/2015;10.8;1.5
09/03/2015;11.4;0.2
10/03/2015;15.9;-2.2
11/03/2015;15.4;-0.8
12/03/2015;12.7;0.6
13/03/2015;16.2;-2.7
14/03/2015;15.0;-0.1
15/03/2015;12.3;1.6
16/03/2015;9.6;6.7
17/03/2015;13.2;6.4
18/03/2015;16.2;1.9
19/03/2015;19.7;0.2
20/03/2015;19.4;0.5
21/03/2015;15.2;1.3
22/03/2015;14.4;6.6
23/03/2015;16.4;4.9
24/03/2015;16.6;3.6
25/03/2015;13.7;8.6
26/03/2015;15.4;8.0
27/03/2015;11.4;4.9
28/03/2015;18.3;3.1
29/03/2015;19.7;0.8
30/03/2015;14.8;7.1
31/03/2015;18.9;7.4
01/04/2015;20.6;3.5
02/04/2015;19.6;0.0
03/04/2015;18.3;1.9
04/04/2015;12.0;6.4
05/04/2015;8.8;6.0
06/04/2015;11.1;0.0
07/04/2015;12.1;-1.0
08/04/2015;18.6;-3.0
09/04/2015;21.6;-0.1
10/04/2015;21.9;1.6
11/04/2015;18.1;2.8
12/04/2015;22.1;3.0
13/04/2015;24.8;3.4
14/04/2015;24.1;4.6
15/04/2015;25.2;6.5
16/04/2015;23.9;4.6
17/04/2015;19.6;10.8
18/04/2015;18.0;9.3
19/04/2015;14.1;5.5
20/04/2015;21.4;1.0
21/04/2015;25.1;1.7
22/04/2015;24.6;2.9
23/04/2015;21.6;4.6
24/04/2015;22.5;7.7
25/04/2015;20.8;5.7
26/04/2015;21.7;10.6
27/04/2015;16.6;11.2
28/04/2015;15.5;10.4
29/04/2015;21.6;10.0
30/04/2015;19.2;9.5
01/05/2015;18.3;9.1
02/05/2015;20.5;13.3
03/05/2015;22.2;13.4
04/05/2015;27.3;14.0
05/05/2015;29.4;12.3
06/05/2015;26.7;11.9
07/05/2015;27.3;9.5
08/05/2015;24.8;8.5
09/05/2015;26.3;7.3
10/05/2015;26.8;10.3
11/05/2015;29.4;8.2
12/05/2015;29.5;9.7
13/05/2015;25.4;9.0
14/05/2015;25.4;11.4
15/05/2015;21.4;12.0
16/05/2015;19.3;10.5
17/05/2015;26.0;13.1
18/05/2015;30.1;10.0
19/05/2015;25.4;10.7
20/05/2015;20.9;10.3
21/05/2015;17.6;9.7
22/05/2015;13.9;9.8
23/05/2015;15.6;11.3
24/05/2015;20.3;9.6
25/05/2015;23.8;8.2
26/05/2015;21.6;11.5
27/05/2015;19.5;8.1
28/05/2015;23.9;6.9
29/05/2015;25.2;7.7
30/05/2015;24.4;8.0
31/05/2015;26.7;8.8
01/06/2015;28.1;9.5
02/06/2015;28.6;10.1
03/06/2015;30.8;10.8
04/06/2015;31.0;13.4
05/06/2015;31.4;14.4
06/06/2015;33.3;13.5
07/06/2015;31.9;14.8
08/06/2015;30.8;14.7
09/06/2015;27.9;14.6
10/06/2015;30.3;14.1
11/06/2015;31.1;13.9
12/06/2015;29.9;15.9
13/06/2015;31.8;13.6
14/06/2015;25.1;14.9
15/06/2015;26.9;16.4
16/06/2015;27.2;14.0
17/06/2015;21.6;13.6
18/06/2015;26.5;11.6
19/06/2015;26.7;12.5
20/06/2015;27.4;13.0
21/06/2015;27.1;10.4
22/06/2015;27.6;11.0
23/06/2015;28.3;19.4
24/06/2015;23.9;11.0
25/06/2015;27.4;8.8
26/06/2015;29.9;11.1
27/06/2015;30.2;13.0
28/06/2015;31.1;14.8
29/06/2015;30.7;14.6
30/06/2015;30.9;16.7
01/07/2015;33.7;14.7
02/07/2015;34.7;16.7
03/07/2015;34.6;18.0
04/07/2015;35.4;16.7
05/07/2015;36.9;18.5
06/07/2015;35.6;18.7
07/07/2015;36.0;17.4
08/07/2015;33.4;18.4
09/07/2015;28.5;19.0
10/07/2015;30.1;16.4
11/07/2015;33.5;13.0
12/07/2015;34.4;15.8
13/07/2015;32.1;16.8
14/07/2015;36.0;16.5
15/07/2015;36.7;17.4
16/07/2015;37.2;17.6
17/07/2015;36.5;16.2
18/07/2015;36.8;17.7
19/07/2015;36.3;15.5
20/07/2015;36.1;15.7
21/07/2015;38.2;17.1
22/07/2015;38.5;18.6
23/07/2015;36.9;17.3
24/07/2015;35.0;18.7
25/07/2015;28.3;17.2
26/07/2015;33.0;17.7
27/07/2015;30.2;20.6
28/07/2015;30.7;17.6
29/07/2015;30.5;18.7
30/07/2015;32.7;19.3
31/07/2015;29.5;18.4
01/08/2015;31.8;15.6
02/08/2015;31.9;17.9
03/08/2015;32.9;16.4
04/08/2015;35.7;16.5
05/08/2015;34.6;18.1
06/08/2015;35.3;17.0
07/08/2015;35.5;17.5
08/08/2015;36.9;17.6
09/08/2015;36.6;18.2
10/08/2015;25.3;18.7
11/08/2015;32.1;17.9
12/08/2015;34.2;16.4
13/08/2015;36.7;15.6
14/08/2015;33.7;16.2
15/08/2015;30.0;17.5
16/08/2015;26.5;15.8
17/08/2015;27.2;13.8
18/08/2015;28.7;15.2
19/08/2015;25.2;14.7
20/08/2015;28.7;14.0
21/08/2015;27.6;13.1
22/08/2015;28.4;12.3
23/08/2015;29.2;12.9
24/08/2015;25.9;16.9
25/08/2015;28.6;14.5
26/08/2015;31.0;12.1
27/08/2015;32.6;13.7
28/08/2015;33.4;14.6
29/08/2015;35.9;14.6
30/08/2015;34.9;16.1
31/08/2015;34.3;14.2
01/09/2015;32.2;12.3
02/09/2015;30.0;13.7
03/09/2015;28.5;13.3
04/09/2015;28.2;17.0
05/09/2015;25.6;14.1
06/09/2015;27.0;11.2
07/09/2015;27.2;8.7
08/09/2015;25.0;8.9
09/09/2015;23.9;7.5
10/09/2015;25.4;8.7
11/09/2015;27.3;9.0
12/09/2015;27.9;9.0
13/09/2015;21.1;11.5
14/09/2015;27.0;16.6
15/09/2015;26.7;19.0
16/09/2015;29.2;18.9
17/09/2015;32.1;21.1
18/09/2015;27.4;12.7
19/09/2015;24.9;10.6
20/09/2015;24.4;10.2
21/09/2015;26.5;9.8
22/09/2015;24.7;8.4
23/09/2015;20.7;12.2
24/09/2015;17.1;11.2
25/09/2015;20.8;11.4
26/09/2015;21.7;9.6
27/09/2015;22.1;9.2
28/09/2015;18.4;14.6
29/09/2015;18.5;11.3
30/09/2015;16.8;12.8
01/10/2015;14.8;11.6
02/10/2015;20.0;14.8
03/10/2015;22.2;12.9
04/10/2015;21.5;12.5
05/10/2015;24.2;16.0
06/10/2015;22.5;16.8
07/10/2015;24.6;14.7
08/10/2015;22.7;10.6
09/10/2015;22.2;9.1
10/10/2015;17.0;13.5
11/10/2015;21.6;8.7
12/10/2015;19.5;7.6
13/10/2015;17.8;14.4
14/10/2015;18.2;14.9
15/10/2015;15.4;10.7
16/10/2015;16.3;7.8
17/10/2015;15.8;8.2
18/10/2015;15.3;8.8
19/10/2015;19.5;7.2
20/10/2015;17.0;4.3
21/10/2015;15.5;6.5
22/10/2015;15.7;9.3
23/10/2015;17.2;7.9
24/10/2015;23.1;5.3
25/10/2015;18.1;4.7
26/10/2015;19.3;7.1
27/10/2015;16.7;6.6
28/10/2015;15.7;11.1
29/10/2015;19.0;8.9
30/10/2015;18.0;9.0
31/10/2015;17.0;8.7
01/11/2015;16.7;5.6
02/11/2015;17.6;4.8
03/11/2015;20.2;4.0
04/11/2015;20.4;9.8
05/11/2015;21.4;10.2
06/11/2015;22.5;8.6
07/11/2015;25.0;6.5
08/11/2015;23.6;4.4
09/11/2015;15.5;5.0
10/11/2015;20.0;8.1
11/11/2015;15.2;9.9
12/11/2015;18.7;5.9
13/11/2015;12.9;6.5
14/11/2015;19.4;8.0
15/11/2015;15.3;9.5
16/11/2015;19.3;6.6
17/11/2015;16.7;8.1
18/11/2015;16.4;10.3
19/11/2015;16.2;11.8
20/11/2015;16.6;12.0
21/11/2015;16.1;5.0
22/11/2015;9.8;-0.5
23/11/2015;7.7;-0.4
24/11/2015;8.7;-1.2
25/11/2015;9.2;-2.6
26/11/2015;8.2;0.3
27/11/2015;9.6;0.7
28/11/2015;11.1;-3.1
29/11/2015;10.3;-1.8
30/11/2015;12.8;1.5
01/12/2015;13.5;10.2
02/12/2015;14.9;5.2
03/12/2015;10.3;7.5
04/12/2015;11.6;6.7
05/12/2015;12.7;2.6
06/12/2015;7.4;1.3
07/12/2015;5.9;1.4
08/12/2015;11.2;3.2
09/12/2015;14.5;2.2
10/12/2015;14.7;-0.7
11/12/2015;13.0;-3.6
12/12/2015;13.1;2.4
13/12/2015;9.5;7.2
14/12/2015;12.2;3.1
15/12/2015;7.1;3.8
16/12/2015;9.5;3.4
17/12/2015;8.1;1.6
18/12/2015;8.2;0.0
19/12/2015;14.7;2.8
20/12/2015;5.9;3.4
21/12/2015;8.7;1.7
22/12/2015;9.5;6.9
23/12/2015;13.3;8.3
24/12/2015;12.5;8.0
25/12/2015;9.8;6.3
26/12/2015;7.3;2.4
27/12/2015;4.7;1.1
28/12/2015;3.3;0.4
29/12/2015;9.4;1.9
30/12/2015;10.6;2.5
31/12/2015;8.7;-0.1
01/01/2016;10.8;-2.3
02/01/2016;6.4;1.6
03/01/2016;8.0;1.4
04/01/2016;7.6;2.1
05/01/2016;10.5;4.1
06/01/2016;6.8;3.5
07/01/2016;7.5;3.0
08/01/2016;10.1;7.1
09/01/2016;16.0;9.3
10/01/2016;15.4;12.6
11/01/2016;15.3;12.0
12/01/2016;12.6;9.1
13/01/2016;14.7;0.4
14/01/2016;6.5;-0.7
15/01/2016;11.8;-1.9
16/01/2016;7.9;-3.0
17/01/2016;7.8;-4.2
18/01/2016;6.2;-6.5
19/01/2016;8.4;-7.9
20/01/2016;6.2;-7.0
21/01/2016;10.7;-4.2
22/01/2016;10.5;-5.5
23/01/2016;6.8;-4.7
24/01/2016;11.5;-4.8
25/01/2016;6.3;-2.2
26/01/2016;13.7;2.4
27/01/2016;11.6;9.1
28/01/2016;12.7;9.5
29/01/2016;12.8;9.2
30/01/2016;13.3;9.1
31/01/2016;11.9;10.3
01/02/2016;16.6;4.8
02/02/2016;14.1;4.5
03/02/2016;12.8;4.9
04/02/2016;12.8;-1.1
05/02/2016;14.7;-3.2
06/02/2016;10.5;-1.1
07/02/2016;13.3;9.0
08/02/2016;13.3;10.2
09/02/2016;14.7;11.0
10/02/2016;13.3;3.2
11/02/2016;13.0;-0.3
12/02/2016;11.4;3.8
13/02/2016;12.0;4.7
14/02/2016;12.8;8.4
15/02/2016;9.7;4.3
16/02/2016;11.5;5.7
17/02/2016;7.8;4.0
18/02/2016;13.9;4.9
19/02/2016;12.9;4.2
20/02/2016;14.0;0.4
21/02/2016;11.8;7.1
22/02/2016;16.4;6.7
23/02/2016;13.9;8.8
24/02/2016;15.4;8.8
25/02/2016;12.8;6.4
26/02/2016;9.4;4.4
27/02/2016;8.4;4.9
28/02/2016;12.2;8.0
29/02/2016;10.8;5.7
01/03/2016;14.2;2.3
02/03/2016;15.8;1.3
03/03/2016;10.7;3.4
04/03/2016;13.8;-0.4
05/03/2016;13.4;4.7
06/03/2016;11.4;4.1
07/03/2016;10.2;1.0
08/03/2016;7.9;1.2
09/03/2016;8.5;0.7
10/03/2016;12.1;3.7
11/03/2016;11.7;6.6
12/03/2016;12.9;9.1
13/03/2016;10.2;8.5
14/03/2016;12.1;5.5
15/03/2016;15.6;-0.8
16/03/2016;10.2;5.6
17/03/2016;11.3;3.7
18/03/2016;19.0;0.0
19/03/2016;18.2;0.1
20/03/2016;16.0;2.0
21/03/2016;13.7;5.9
22/03/2016;15.5;5.4
23/03/2016;11.8;6.3
24/03/2016;15.1;1.4
25/03/2016;16.1;-1.2
26/03/2016;19.5;0.4
27/03/2016;17.6;0.1
28/03/2016;15.4;8.7
29/03/2016;18.2;6.2
30/03/2016;19.9;9.0
31/03/2016;21.7;7.1
01/04/2016;21.2;7.0
02/04/2016;21.8;7.7
03/04/2016;24.4;5.4
04/04/2016;24.2;7.8
05/04/2016;24.1;6.2
06/04/2016;27.9;5.5
07/04/2016;27.1;5.5
08/04/2016;15.5;9.1
09/04/2016;15.7;7.3
10/04/2016;20.6;6.2
11/04/2016;21.5;3.9
12/04/2016;22.5;5.2
13/04/2016;21.8;7.2
14/04/2016;20.8;7.3
15/04/2016;21.9;3.5
16/04/2016;23.7;5.1
17/04/2016;22.3;9.7
18/04/2016;21.7;7.2
19/04/2016;20.3;6.4
20/04/2016;21.9;3.4
21/04/2016;24.3;2.6
22/04/2016;19.7;9.5
23/04/2016;14.1;9.9
24/04/2016;14.8;7.9
25/04/2016;16.1;3.3
26/04/2016;14.9;2.1
27/04/2016;17.0;6.1
28/04/2016;17.8;6.3
29/04/2016;20.5;4.8
30/04/2016;22.6;3.6
01/05/2016;18.1;9.3
02/05/2016;16.2;10.5
03/05/2016;22.5;8.0
04/05/2016;23.3;8.3
05/05/2016;19.9;8.1
06/05/2016;23.5;5.0
07/05/2016;23.7;5.9
08/05/2016;21.1;9.7
09/05/2016;23.5;12.6
10/05/2016;23.3;13.7
11/05/2016;18.2;12.9
12/05/2016;18.9;13.6
13/05/2016;18.8;13.2
14/05/2016;22.5;12.2
15/05/2016;20.7;9.9
16/05/2016;19.2;8.8
17/05/2016;21.8;8.5
18/05/2016;22.6;5.9
19/05/2016;18.0;9.9
20/05/2016;22.1;8.7
21/05/2016;27.1;6.4
22/05/2016;27.6;8.1
23/05/2016;18.2;8.9
24/05/2016;21.4;7.6
25/05/2016;22.9;10.0
26/05/2016;26.2;7.5
27/05/2016;29.8;10.2
28/05/2016;30.2;11.3
29/05/2016;20.7;14.4
30/05/2016;22.4;12.2
31/05/2016;21.7;10.5
01/06/2016;21.6;12.3
02/06/2016;19.1;13.7
03/06/2016;21.6;14.2
04/06/2016;22.4;15.2
05/06/2016;25.0;13.2
06/06/2016;25.4;11.2
07/06/2016;28.1;14.2
08/06/2016;27.2;13.6
09/06/2016;20.0;15.2
10/06/2016;25.8;15.7
11/06/2016;25.0;15.0
12/06/2016;24.9;15.6
13/06/2016;25.5;13.9
14/06/2016;22.8;14.2
15/06/2016;16.3;16.3
16/06/2016;21.6;12.2
17/06/2016;23.9;12.0
18/06/2016;25.4;9.2
19/06/2016;22.8;13.7
20/06/2016;24.6;11.5
21/06/2016;29.2;10.7
22/06/2016;30.5;12.8
23/06/2016;32.6;14.5
24/06/2016;34.8;15.9
25/06/2016;32.8;18.2
26/06/2016;31.8;15.7
27/06/2016;28.5;13.1
28/06/2016;30.5;13.8
29/06/2016;31.8;14.3
30/06/2016;31.4;16.5
01/07/2016;32.3;15.4
02/07/2016;31.3;15.2
03/07/2016;31.2;15.6
04/07/2016;30.9;13.5
05/07/2016;33.6;15.4
06/07/2016;32.4;19.0
07/07/2016;34.2;17.4
08/07/2016;32.7;16.9
09/07/2016;32.6;16.1
10/07/2016;35.2;16.8
11/07/2016;35.0;16.5
12/07/2016;33.7;17.0
13/07/2016;30.2;17.1
14/07/2016;26.9;13.2
15/07/2016;21.5;14.3
16/07/2016;27.9;10.9
17/07/2016;29.9;10.2
18/07/2016;31.6;12.0
19/07/2016;33.9;12.8
20/07/2016;34.6;14.4
21/07/2016;32.0;13.6
22/07/2016;34.1;12.6
23/07/2016;30.4;17.4
24/07/2016;32.1;18.2
25/07/2016;32.0;17.3
26/07/2016;32.4;18.1
27/07/2016;33.3;16.5
28/07/2016;32.6;16.7
29/07/2016;33.2;16.3
30/07/2016;32.4;15.0
31/07/2016;33.2;16.2
01/08/2016;31.5;18.3
02/08/2016;31.9;15.7
03/08/2016;34.6;15.7
04/08/2016;34.7;17.1
05/08/2016;28.0;16.3
06/08/2016;27.0;14.3
07/08/2016;28.4;14.6
08/08/2016;31.0;13.6
09/08/2016;33.3;11.9
10/08/2016;29.4;13.8
11/08/2016;26.0;12.3
12/08/2016;26.8;9.4
13/08/2016;30.2;9.5
14/08/2016;34.6;11.1
15/08/2016;33.7;13.3
16/08/2016;31.6;13.1
17/08/2016;29.3;15.2
18/08/2016;29.9;18.7
19/08/2016;30.0;18.9
20/08/2016;32.8;16.1
21/08/2016;31.3;17.7
22/08/2016;28.4;14.0
23/08/2016;29.7;10.6
24/08/2016;30.9;15.0
25/08/2016;30.8;13.7
26/08/2016;32.0;13.0
27/08/2016;34.5;11.4
28/08/2016;32.8;12.2
29/08/2016;32.0;14.0
30/08/2016;30.5;16.8
31/08/2016;30.3;16.3
01/09/2016;33.3;14.2
02/09/2016;34.2;13.2
03/09/2016;33.7;13.9
04/09/2016;31.8;14.4
05/09/2016;32.0;17.4
06/09/2016;28.6;12.0
07/09/2016;24.1;18.0
08/09/2016;29.0;15.5
09/09/2016;29.9;13.4
10/09/2016;30.2;13.9
11/09/2016;30.0;14.8
12/09/2016;31.1;14.5
13/09/2016;31.7;13.5
14/09/2016;32.2;12.9
15/09/2016;25.2;15.1
16/09/2016;19.0;16.6
17/09/2016;23.4;14.9
18/09/2016;22.2;13.9
19/09/2016;26.5;13.0
20/09/2016;26.5;12.0
21/09/2016;24.6;13.3
22/09/2016;24.3;10.8
23/09/2016;25.3;7.5
24/09/2016;26.0;10.3
25/09/2016;26.3;7.8
26/09/2016;26.2;7.7
27/09/2016;25.9;7.5
28/09/2016;25.9;7.8
29/09/2016;26.4;7.9
30/09/2016;24.8;11.5
01/10/2016;25.0;9.8
02/10/2016;23.9;15.9
03/10/2016;24.6;9.4
04/10/2016;23.4;6.6
05/10/2016;22.5;6.2
06/10/2016;17.9;10.1
07/10/2016;18.7;7.6
08/10/2016;12.9;6.6
09/10/2016;18.6;9.8
10/10/2016;14.7;5.1
11/10/2016;12.2;4.2
12/10/2016;18.4;3.0
13/10/2016;12.9;5.0
14/10/2016;18.8;10.1
15/10/2016;14.0;13.6
16/10/2016;;
17/10/2016;;
18/10/2016;14.4;14.3
19/10/2016;18.2;13.6
20/10/2016;16.0;11.7
21/10/2016;18.4;5.9
22/10/2016;19.5;5.4
23/10/2016;16.7;6.9
24/10/2016;19.4;13.3
25/10/2016;19.5;15.1
26/10/2016;22.5;15.2
27/10/2016;18.1;10.7
28/10/2016;17.8;6.6
29/10/2016;22.7;3.1
30/10/2016;24.0;3.6
31/10/2016;20.0;3.5
01/11/2016;20.3;5.7
02/11/2016;16.8;12.2
03/11/2016;17.3;7.7
04/11/2016;16.5;5.7
05/11/2016;18.1;11.0
06/11/2016;18.8;12.6
07/11/2016;15.1;4.2
08/11/2016;11.7;2.6
09/11/2016;13.3;0.3
10/11/2016;12.4;4.3
11/11/2016;14.1;4.6
12/11/2016;13.4;0.4
13/11/2016;8.5;-0.3
14/11/2016;10.8;0.2
15/11/2016;10.1;-0.9
16/11/2016;13.3;-1.9
17/11/2016;11.6;3.5
18/11/2016;15.8;9.3
19/11/2016;15.9;11.6
20/11/2016;17.9;10.3
21/11/2016;16.3;11.8
22/11/2016;16.5;10.9
23/11/2016;15.4;9.5
24/11/2016;11.5;9.3
25/11/2016;16.2;9.1
26/11/2016;14.2;6.0
27/11/2016;12.8;5.0
28/11/2016;13.0;4.2
29/11/2016;6.4;-1.0
30/11/2016;12.2;-3.4
01/12/2016;7.5;-2.6
02/12/2016;13.7;2.8
03/12/2016;8.3;1.3
04/12/2016;13.8;3.1
05/12/2016;11.3;1.6
06/12/2016;15.4;0.7
07/12/2016;14.5;-1.3
08/12/2016;15.3;-3.5
09/12/2016;7.3;-3.7
10/12/2016;12.4;-1.3
11/12/2016;14.4;1.8
12/12/2016;15.5;-1.2
13/12/2016;13.7;-4.0
14/12/2016;5.3;-2.4
15/12/2016;7.3;-0.9
16/12/2016;8.0;-2.8
17/12/2016;9.0;-3.4
18/12/2016;9.5;-6.3
19/12/2016;7.5;-5.5
20/12/2016;11.5;5.6
21/12/2016;13.3;1.0
22/12/2016;15.0;-1.4
23/12/2016;15.4;-3.1
24/12/2016;10.9;-4.5
25/12/2016;13.0;0.7
26/12/2016;5.4;0.6
27/12/2016;6.0;-1.4
28/12/2016;7.6;-3.8
29/12/2016;8.7;-3.3
30/12/2016;8.6;-3.6
31/12/2016;13.5;-5.9
01/01/2017;9.1;-7.4
02/01/2017;10.4;1.1
03/01/2017;9.3;-1.4
04/01/2017;10.1;-4.3
05/01/2017;7.5;-1.5
06/01/2017;2.5;-4.7
07/01/2017;3.5;-8.3
08/01/2017;3.4;-7.4
09/01/2017;7.2;-8.2
10/01/2017;3.3;-7.4
11/01/2017;5.8;-5.0
12/01/2017;4.3;-1.4
13/01/2017;12.0;-2.2
14/01/2017;1.3;-4.0
15/01/2017;4.2;-4.3
16/01/2017;2.8;-0.1
17/01/2017;2.2;-0.1
18/01/2017;3.9;1.7
19/01/2017;4.1;0.3
20/01/2017;6.8;-3.6
21/01/2017;6.3;-4.2
22/01/2017;8.4;-0.8
23/01/2017;9.7;2.4
24/01/2017;11.8;0.1
25/01/2017;10.0;-3.5
26/01/2017;10.4;-5.7
27/01/2017;12.5;-6.1
28/01/2017;12.3;-4.8
29/01/2017;15.4;-5.2
30/01/2017;5.5;-4.4
31/01/2017;10.7;3.2
01/02/2017;12.3;9.0
02/02/2017;12.1;8.6
03/02/2017;14.9;9.5
04/02/2017;12.8;8.0
05/02/2017;12.8;8.8
06/02/2017;9.5;6.2
07/02/2017;12.5;1.6
08/02/2017;10.2;0.6
09/02/2017;6.2;4.9
10/02/2017;8.7;0.3
11/02/2017;13.6;-1.5
12/02/2017;16.4;3.8
13/02/2017;14.0;1.6
14/02/2017;14.2;-0.5
15/02/2017;18.5;-3.4
16/02/2017;16.1;-3.0
17/02/2017;12.5;7.7
18/02/2017;14.2;-0.1
19/02/2017;14.6;-3.4
20/02/2017;15.0;-2.8
21/02/2017;11.5;-1.2
22/02/2017;13.1;6.2
23/02/2017;12.9;9.5
24/02/2017;12.9;8.4
25/02/2017;11.9;2.0
26/02/2017;16.8;-0.8
27/02/2017;14.9;-2.4
28/02/2017;14.3;8.7
01/03/2017;15.6;6.5
02/03/2017;13.3;8.8
03/03/2017;16.0;4.8
04/03/2017;13.5;4.0
05/03/2017;11.4;6.3
06/03/2017;13.1;7.2
07/03/2017;15.3;4.3
08/03/2017;15.7;2.0
09/03/2017;20.6;-1.0
10/03/2017;19.5;0.1
11/03/2017;15.7;-0.2
12/03/2017;18.3;-0.5
13/03/2017;15.2;-0.7
14/03/2017;20.1;0.0
15/03/2017;20.0;-0.2
16/03/2017;22.3;0.1
17/03/2017;18.9;0.2
18/03/2017;16.5;9.7
19/03/2017;18.2;9.5
20/03/2017;19.0;7.0
21/03/2017;19.4;5.1
22/03/2017;17.4;11.6
23/03/2017;17.8;10.0
24/03/2017;22.4;7.4
25/03/2017;24.2;6.9
26/03/2017;16.5;7.4
27/03/2017;14.1;1.5
28/03/2017;19.3;-1.5
29/03/2017;22.7;-0.6
30/03/2017;24.6;1.7
31/03/2017;25.4;2.9
01/04/2017;21.5;2.9
02/04/2017;18.9;7.0
03/04/2017;22.3;7.7
04/04/2017;25.0;5.0
05/04/2017;19.3;6.8
06/04/2017;17.9;4.5
07/04/2017;22.3;2.9
08/04/2017;24.7;4.0
09/04/2017;26.0;4.5
10/04/2017;24.7;5.0
11/04/2017;22.8;6.8
12/04/2017;26.0;5.5
13/04/2017;21.6;7.7
14/04/2017;22.6;5.3
15/04/2017;17.2;12.2
16/04/2017;22.5;9.8
17/04/2017;21.0;6.7
18/04/2017;17.9;3.2
19/04/2017;14.9;0.0
20/04/2017;15.6;-1.6
21/04/2017;17.1;-2.0
22/04/2017;17.4;-0.9
23/04/2017;17.4;5.3
24/04/2017;21.2;3.7
25/04/2017;19.1;8.9
26/04/2017;18.1;12.7
27/04/2017;19.0;11.2
28/04/2017;15.5;3.8
29/04/2017;17.3;1.7
30/04/2017;19.7;0.5
01/05/2017;18.8;3.0
02/05/2017;19.0;7.3
03/05/2017;19.0;8.8
04/05/2017;19.0;9.3
05/05/2017;22.6;9.1
06/05/2017;16.8;7.7
07/05/2017;16.5;10.1
08/05/2017;19.7;10.2
09/05/2017;19.1;7.2
10/05/2017;24.0;5.2
11/05/2017;23.8;9.7
12/05/2017;23.8;12.0
13/05/2017;22.7;12.9
14/05/2017;23.5;9.0
15/05/2017;24.5;11.5
16/05/2017;25.7;10.1
17/05/2017;26.7;7.8
18/05/2017;28.2;8.5
19/05/2017;24.7;10.1
20/05/2017;22.5;11.7
21/05/2017;25.4;11.2
22/05/2017;28.5;8.2
23/05/2017;28.3;9.9
24/05/2017;27.4;9.2
25/05/2017;26.8;10.5
26/05/2017;27.0;10.5
27/05/2017;28.9;8.7
28/05/2017;30.7;9.3
29/05/2017;31.2;10.4
30/05/2017;29.8;13.0
31/05/2017;29.5;11.3
01/06/2017;29.3;10.4
02/06/2017;29.1;9.9
03/06/2017;29.9;10.8
04/06/2017;27.9;11.3
05/06/2017;30.0;10.9
06/06/2017;24.4;15.7
07/06/2017;25.4;12.0
08/06/2017;27.7;10.9
09/06/2017;30.5;9.4
10/06/2017;31.4;11.8
11/06/2017;31.9;12.4
12/06/2017;33.2;12.4
13/06/2017;32.7;14.7
14/06/2017;31.1;15.5
15/06/2017;32.1;15.7
16/06/2017;33.2;17.5
17/06/2017;32.0;17.2
18/06/2017;28.4;13.6
19/06/2017;32.3;10.3
20/06/2017;33.0;13.6
21/06/2017;32.4;13.2
22/06/2017;33.7;14.4
23/06/2017;32.2;15.7
24/06/2017;31.1;17.2
25/06/2017;29.6;17.6
26/06/2017;34.6;16.6
27/06/2017;34.8;18.5
28/06/2017;28.3;16.4
29/06/2017;26.9;16.8
30/06/2017;23.7;15.1
01/07/2017;25.9;13.7
02/07/2017;28.0;10.8
03/07/2017;32.0;12.5
04/07/2017;33.2;13.3
05/07/2017;33.9;13.5
06/07/2017;35.0;12.1
07/07/2017;34.7;11.6
08/07/2017;36.5;13.0
09/07/2017;37.3;17.6
10/07/2017;32.0;15.1
11/07/2017;32.7;19.9
12/07/2017;32.5;16.7
13/07/2017;34.9;16.9
14/07/2017;29.5;18.7
15/07/2017;31.3;15.5
16/07/2017;28.2;13.7
17/07/2017;30.0;10.5
18/07/2017;34.5;10.1
19/07/2017;33.7;12.3
20/07/2017;33.4;13.5
21/07/2017;35.4;17.2
22/07/2017;34.1;17.2
23/07/2017;33.0;16.9
24/07/2017;30.3;20.1
25/07/2017;29.0;14.2
26/07/2017;29.3;12.0
27/07/2017;31.9;13.7
28/07/2017;32.0;14.4
29/07/2017;34.2;14.8
30/07/2017;35.0;17.0
31/07/2017;38.8;16.3
01/08/2017;41.0;18.4
02/08/2017;39.8;17.3
03/08/2017;39.5;17.4
04/08/2017;38.9;16.2
05/08/2017;39.8;15.2
06/08/2017;36.9;16.3
07/08/2017;34.8;19.4
08/08/2017;37.3;17.6
09/08/2017;36.6;18.1
10/08/2017;31.6;17.4
11/08/2017;26.0;15.5
12/08/2017;28.8;14.6
13/08/2017;31.7;11.6
14/08/2017;34.1;12.5
15/08/2017;35.0;14.3
16/08/2017;35.1;13.4
17/08/2017;35.2;15.0
18/08/2017;37.6;16.1
19/08/2017;32.8;17.0
20/08/2017;28.7;16.1
21/08/2017;28.5;13.3
22/08/2017;30.0;10.2
23/08/2017;33.0;11.3
24/08/2017;33.1;12.5
25/08/2017;34.1;14.3
26/08/2017;35.5;15.2
27/08/2017;37.1;14.6
28/08/2017;35.9;16.5
29/08/2017;34.3;15.7
30/08/2017;35.6;14.9
31/08/2017;34.4;15.5
01/09/2017;29.0;19.5
02/09/2017;26.7;13.5
03/09/2017;24.9;10.9
04/09/2017;26.9;7.5
05/09/2017;29.1;11.4
06/09/2017;23.7;12.5
07/09/2017;29.5;15.0
08/09/2017;28.1;14.7
09/09/2017;23.7;15.4
10/09/2017;19.4;15.9
11/09/2017;23.8;16.1
12/09/2017;23.1;15.1
13/09/2017;25.0;14.1
14/09/2017;25.5;14.8
15/09/2017;24.7;16.1
16/09/2017;22.6;14.5
17/09/2017;20.0;11.7
18/09/2017;18.1;13.8
19/09/2017;16.7;9.6
20/09/2017;23.8;9.0
21/09/2017;22.9;7.1
22/09/2017;22.8;6.5
23/09/2017;24.0;8.5
24/09/2017;17.9;10.6
25/09/2017;21.8;10.3
26/09/2017;22.3;8.4
27/09/2017;23.2;9.1
28/09/2017;23.8;8.8
29/09/2017;23.4;8.5
30/09/2017;23.9;8.2
01/10/2017;17.2;10.9
02/10/2017;23.7;10.9
03/10/2017;21.3;9.9
04/10/2017;26.3;12.3
05/10/2017;23.0;9.9
06/10/2017;24.1;10.5
07/10/2017;22.3;5.4
08/10/2017;20.4;5.2
09/10/2017;23.4;6.7
10/10/2017;22.9;7.6
11/10/2017;24.0;7.2
12/10/2017;20.7;7.0
13/10/2017;24.1;9.3
14/10/2017;25.5;8.4
15/10/2017;26.4;6.3
16/10/2017;26.2;3.8
17/10/2017;24.4;2.5
18/10/2017;23.9;3.3
19/10/2017;23.6;3.5
20/10/2017;23.8;3.2
21/10/2017;21.7;6.6
22/10/2017;20.3;10.0
23/10/2017;20.6;2.8
24/10/2017;22.3;0.1
25/10/2017;21.9;0.3
26/10/2017;23.1;1.6
27/10/2017;17.7;3.5
28/10/2017;19.7;4.0
29/10/2017;18.2;3.8
30/10/2017;19.3;5.0
31/10/2017;18.5;2.2
01/11/2017;19.8;0.9
02/11/2017;12.7;-0.1
03/11/2017;16.5;10.7
04/11/2017;19.0;9.9
05/11/2017;14.5;8.7
06/11/2017;14.6;8.1
07/11/2017;11.4;6.0
08/11/2017;16.1;3.6
09/11/2017;13.8;6.7
10/11/2017;14.9;3.5
11/11/2017;14.3;3.4
12/11/2017;14.9;5.8
13/11/2017;13.1;2.1
14/11/2017;9.7;5.1
15/11/2017;9.5;7.1
16/11/2017;13.0;2.4
17/11/2017;14.0;0.6
18/11/2017;14.0;0.3
19/11/2017;12.7;-0.9
20/11/2017;12.0;-0.6
21/11/2017;10.8;2.4
22/11/2017;12.0;2.9
23/11/2017;12.6;5.6
24/11/2017;12.5;7.4
25/11/2017;16.8;8.3
26/11/2017;13.6;4.5
27/11/2017;9.6;-2.5
28/11/2017;3.0;-4.4
29/11/2017;8.5;3.2
30/11/2017;9.7;-1.1
01/12/2017;3.8;-0.7
02/12/2017;7.1;-0.7
03/12/2017;7.1;-2.3
04/12/2017;11.1;-4.6
05/12/2017;10.7;-5.4
06/12/2017;6.3;-0.8
07/12/2017;9.6;-0.2
08/12/2017;11.5;9.2
09/12/2017;9.8;-3.8
10/12/2017;12.9;-5.8
11/12/2017;15.7;12.5
12/12/2017;15.5;7.8
13/12/2017;11.3;4.4
14/12/2017;12.8;7.6
15/12/2017;12.9;6.4
16/12/2017;6.3;1.3
17/12/2017;9.7;-2.2
18/12/2017;6.4;-5.0
19/12/2017;7.4;-5.3
20/12/2017;7.0;-3.4
21/12/2017;10.3;-4.6
22/12/2017;14.5;-4.2
23/12/2017;13.2;-4.0
24/12/2017;6.5;-5.0
25/12/2017;11.1;6.0
26/12/2017;10.9;7.5
27/12/2017;11.0;6.7
28/12/2017;8.1;2.6
29/12/2017;9.9;-1.4
30/12/2017;6.9;-1.0
31/12/2017;11.8;5.2
01/01/2018;11.5;4.5
02/01/2018;14.4;-0.7
03/01/2018;8.7;-1.9
04/01/2018;8.1;0.7
05/01/2018;11.5;8.1
06/01/2018;13.1;6.5
07/01/2018;7.9;5.4
08/01/2018;11.4;3.9
09/01/2018;12.9;6.4
10/01/2018;10.1;3.3
11/01/2018;9.3;5.1
12/01/2018;9.2;6.4
13/01/2018;9.6;4.2
14/01/2018;9.7;1.0
15/01/2018;10.9;-2.3
16/01/2018;12.2;7.0
17/01/2018;14.2;0.1
18/01/2018;8.7;-4.1
19/01/2018;14.0;6.5
20/01/2018;10.1;4.5
21/01/2018;16.6;1.9
22/01/2018;7.2;-1.6
23/01/2018;13.7;-0.9
24/01/2018;11.9;-2.6
25/01/2018;11.7;5.2
26/01/2018;11.2;3.2
27/01/2018;15.8;2.8
28/01/2018;15.5;1.7
29/01/2018;10.8;1.8
30/01/2018;12.2;7.0
31/01/2018;10.4;6.8
01/02/2018;12.1;7.7
02/02/2018;8.8;4.3
03/02/2018;4.4;1.0
04/02/2018;7.2;-1.3
05/02/2018;11.7;-1.6
06/02/2018;8.0;0.8
07/02/2018;6.2;2.2
08/02/2018;10.5;0.9
09/02/2018;11.7;-1.3
10/02/2018;8.3;-2.8
11/02/2018;10.5;-1.6
12/02/2018;6.1;1.4
13/02/2018;6.3;-3.1
14/02/2018;7.2;-3.5
15/02/2018;10.8;-5.4
16/02/2018;6.9;-2.7
17/02/2018;8.0;4.7
18/02/2018;7.1;4.1
19/02/2018;5.6;3.2
20/02/2018;5.6;-1.2
21/02/2018;5.1;2.5
22/02/2018;6.4;2.4
23/02/2018;6.3;2.6
24/02/2018;9.6;5.1
25/02/2018;6.3;-2.1
26/02/2018;-1.9;-4.9
27/02/2018;-0.5;-8.0
28/02/2018;3.1;-10.4
01/03/2018;0.5;-2.5
02/03/2018;5.2;0.2
03/03/2018;6.3;2.1
04/03/2018;9.9;1.9
05/03/2018;7.9;3.5
06/03/2018;11.9;3.7
07/03/2018;13.3;5.6
08/03/2018;14.0;3.3
09/03/2018;16.2;2.7
10/03/2018;11.9;4.2
11/03/2018;14.2;9.5
12/03/2018;14.2;7.8
13/03/2018;12.6;7.5
14/03/2018;15.9;3.9
15/03/2018;11.7;1.4
16/03/2018;16.2;7.8
17/03/2018;12.5;7.4
18/03/2018;11.4;5.4
19/03/2018;6.3;3.6
20/03/2018;8.9;2.1
21/03/2018;6.2;2.5
22/03/2018;7.5;2.0
23/03/2018;11.2;0.0
24/03/2018;12.6;-1.8
25/03/2018;11.3;-2.1
26/03/2018;15.3;-0.9
27/03/2018;17.8;1.3
28/03/2018;15.9;3.5
29/03/2018;18.0;11.6
30/03/2018;20.0;12.8
31/03/2018;13.9;6.6
01/04/2018;16.6;5.9
02/04/2018;18.4;8.1
03/04/2018;18.5;6.7
04/04/2018;13.5;7.4
05/04/2018;18.6;8.6
06/04/2018;22.7;5.6
07/04/2018;23.3;3.0
08/04/2018;23.7;4.4
09/04/2018;13.0;10.0
10/04/2018;16.5;9.6
11/04/2018;16.4;8.4
12/04/2018;17.6;10.1
13/04/2018;18.7;5.9
14/04/2018;20.7;3.9
15/04/2018;18.6;9.4
16/04/2018;24.5;6.4
17/04/2018;23.4;8.7
18/04/2018;21.7;9.2
19/04/2018;23.5;6.6
20/04/2018;25.2;7.1
21/04/2018;27.0;7.0
22/04/2018;28.0;5.5
23/04/2018;25.5;6.7
24/04/2018;25.8;6.4
25/04/2018;26.0;7.2
26/04/2018;26.2;7.7
27/04/2018;25.4;8.2
28/04/2018;28.0;10.0
29/04/2018;25.6;11.0
30/04/2018;19.8;10.6
01/05/2018;16.2;8.1
02/05/2018;19.7;11.4
03/05/2018;19.0;12.2
04/05/2018;19.5;14.6
05/05/2018;23.2;10.0
06/05/2018;22.7;12.6
07/05/2018;25.3;11.0
08/05/2018;26.1;10.7
09/05/2018;22.9;12.7
10/05/2018;21.4;12.4
11/05/2018;24.3;13.1
12/05/2018;23.1;12.4
13/05/2018;24.0;12.4
14/05/2018;17.8;7.1
15/05/2018;17.1;6.7
16/05/2018;18.4;9.6
17/05/2018;20.8;10.5
18/05/2018;24.6;10.0
19/05/2018;25.5;7.1
20/05/2018;25.0;8.3
21/05/2018;24.8;11.1
22/05/2018;20.2;14.5
23/05/2018;22.5;12.7
24/05/2018;25.7;11.9
25/05/2018;28.8;12.6
26/05/2018;30.0;14.3
27/05/2018;30.4;14.0
28/05/2018;28.9;16.4
29/05/2018;29.1;16.9
30/05/2018;27.0;16.4
31/05/2018;27.7;15.2
01/06/2018;26.3;14.5
02/06/2018;27.1;12.2
03/06/2018;30.3;12.2
04/06/2018;27.7;16.5
05/06/2018;26.6;14.6
06/06/2018;27.3;16.5
07/06/2018;29.0;15.1
08/06/2018;25.7;15.5
09/06/2018;26.2;16.1
10/06/2018;28.3;14.0
11/06/2018;30.0;13.8
12/06/2018;28.0;16.0
13/06/2018;23.7;17.3
14/06/2018;24.1;14.9
15/06/2018;24.8;12.7
16/06/2018;27.5;12.0
17/06/2018;29.3;12.5
18/06/2018;28.3;13.8
19/06/2018;28.6;14.0
20/06/2018;29.7;13.1
21/06/2018;31.6;13.7
22/06/2018;24.0;15.5
23/06/2018;24.7;12.3
24/06/2018;27.5;8.6
25/06/2018;23.0;11.4
26/06/2018;24.5;11.4
27/06/2018;27.8;9.0
28/06/2018;28.2;12.0
29/06/2018;29.5;13.3
30/06/2018;32.2;14.2
01/07/2018;32.5;13.0
02/07/2018;32.5;13.5
03/07/2018;31.8;16.2
04/07/2018;31.1;18.6
05/07/2018;32.1;15.9
06/07/2018;27.9;17.2
07/07/2018;29.8;15.4
08/07/2018;31.2;15.0
09/07/2018;31.0;13.7
10/07/2018;31.0;16.1
11/07/2018;30.8;18.9
12/07/2018;29.6;16.4
13/07/2018;32.5;14.8
14/07/2018;33.9;13.2
15/07/2018;34.0;16.4
16/07/2018;28.1;17.7
17/07/2018;30.7;16.0
18/07/2018;33.1;16.5
19/07/2018;32.3;13.9
20/07/2018;31.4;14.5
21/07/2018;30.6;15.6
22/07/2018;28.4;18.3
23/07/2018;29.2;17.1
24/07/2018;31.5;14.1
25/07/2018;32.8;16.0
26/07/2018;31.8;16.0
27/07/2018;32.5;16.2
28/07/2018;31.3;15.9
29/07/2018;33.1;18.4
30/07/2018;34.2;18.8
31/07/2018;35.8;17.3
01/08/2018;35.7;18.6
02/08/2018;33.4;19.0
03/08/2018;31.3;20.0
04/08/2018;32.8;18.8
05/08/2018;34.1;17.1
06/08/2018;35.8;16.7
07/08/2018;36.0;17.5
08/08/2018;32.9;18.2
09/08/2018;34.0;16.2
10/08/2018;31.8;18.0
11/08/2018;31.9;17.1
12/08/2018;33.0;14.5
13/08/2018;30.5;13.8
14/08/2018;28.0;17.3
15/08/2018;27.5;15.7
16/08/2018;29.8;13.7
17/08/2018;32.4;12.1
18/08/2018;32.3;13.7
19/08/2018;32.0;15.6
20/08/2018;32.6;15.7
21/08/2018;33.4;15.2
22/08/2018;33.7;14.8
23/08/2018;33.1;14.9
24/08/2018;32.6;15.5
25/08/2018;29.8;17.6
26/08/2018;21.9;12.2
27/08/2018;26.3;9.8
28/08/2018;29.6;10.0
29/08/2018;32.4;10.8
30/08/2018;30.3;13.4
31/08/2018;27.6;15.0
01/09/2018;26.4;15.1
02/09/2018;24.7;14.2
03/09/2018;24.7;13.9
04/09/2018;27.3;13.7
05/09/2018;29.6;14.4
06/09/2018;30.1;13.2
07/09/2018;27.7;14.1
08/09/2018;28.7;14.4
09/09/2018;31.0;12.4
10/09/2018;31.7;13.3
11/09/2018;33.3;12.9
12/09/2018;33.2;13.7
13/09/2018;24.6;14.0
14/09/2018;30.4;13.9
15/09/2018;30.7;14.5
16/09/2018;31.2;15.2
17/09/2018;29.2;14.6
18/09/2018;28.5;14.7
19/09/2018;28.9;16.2
20/09/2018;29.3;14.2
21/09/2018;31.3;13.7
22/09/2018;29.8;14.1
23/09/2018;29.5;15.3
24/09/2018;28.1;15.2
25/09/2018;20.3;12.9
26/09/2018;18.6;5.1
27/09/2018;27.4;2.2
28/09/2018;29.6;3.9
29/09/2018;25.7;6.7
30/09/2018;25.7;7.2
01/10/2018;17.5;8.8
02/10/2018;17.3;7.7
03/10/2018;22.5;4.2
04/10/2018;24.0;9.1
05/10/2018;21.4;8.7
06/10/2018;19.6;10.1
07/10/2018;22.3;12.3
08/10/2018;24.0;12.0
09/10/2018;24.3;10.1
10/10/2018;25.5;9.9
11/10/2018;22.2;12.5
12/10/2018;24.1;11.2
13/10/2018;24.5;8.2
14/10/2018;23.8;6.2
15/10/2018;23.1;8.0
16/10/2018;22.0;11.6
17/10/2018;20.6;13.1
18/10/2018;22.9;12.1
19/10/2018;25.2;9.7
20/10/2018;24.7;7.7
21/10/2018;22.4;6.6
22/10/2018;15.7;7.6
23/10/2018;20.2;4.7
24/10/2018;21.8;3.5
25/10/2018;22.4;7.3
26/10/2018;19.8;12.3
27/10/2018;23.7;17.2
28/10/2018;20.3;14.0
29/10/2018;22.7;13.2
30/10/2018;15.2;10.2
31/10/2018;16.9;8.8
01/11/2018;17.8;10.9
02/11/2018;17.2;11.1
03/11/2018;19.4;11.1
04/11/2018;18.9;12.7
05/11/2018;17.2;11.5
06/11/2018;17.6;12.3
07/11/2018;17.2;10.8
08/11/2018;19.2;8.4
09/11/2018;16.8;8.3
10/11/2018;18.2;7.8
11/11/2018;12.4;8.5
12/11/2018;13.8;10.6
13/11/2018;13.0;9.1
14/11/2018;15.2;10.8
15/11/2018;16.8;6.5
16/11/2018;13.2;6.8
17/11/2018;9.4;7.2
18/11/2018;8.7;1.2
19/11/2018;8.4;-1.1
20/11/2018;6.4;3.0
21/11/2018;12.1;1.3
22/11/2018;13.8;8.1
23/11/2018;10.8;7.7
24/11/2018;15.5;10.7
25/11/2018;11.7;8.8
26/11/2018;11.1;5.7
27/11/2018;11.8;4.7
28/11/2018;11.2;4.6
29/11/2018;12.7;-1.0
30/11/2018;8.4;-2.2
01/12/2018;10.1;2.0
02/12/2018;6.7;-0.8
03/12/2018;11.9;6.7
04/12/2018;16.8;5.6
05/12/2018;14.0;2.2
06/12/2018;9.5;3.3
07/12/2018;12.4;1.9
08/12/2018;16.1;-0.4
09/12/2018;14.0;-0.9
10/12/2018;15.4;-0.9
11/12/2018;12.3;-3.6
12/12/2018;4.1;-6.1
13/12/2018;5.6;1.6
14/12/2018;4.1;2.3
15/12/2018;5.7;-4.7
16/12/2018;2.4;-5.2
17/12/2018;4.5;-0.3
18/12/2018;11.9;-3.9
19/12/2018;3.4;-3.6
20/12/2018;7.2;1.9
21/12/2018;12.2;2.9
22/12/2018;12.2;9.8
23/12/2018;15.9;9.1
24/12/2018;13.2;4.4
25/12/2018;14.5;-0.9
26/12/2018;10.7;-2.7
27/12/2018;11.0;-0.7
28/12/2018;7.3;0.5
29/12/2018;5.8;2.4
30/12/2018;6.3;-1.5
31/12/2018;11.8;-3.0
01/01/2019;13.2;-3.3
02/01/2019;10.9;-1.5
03/01/2019;7.6;-6.2
04/01/2019;7.5;-9.1
05/01/2019;4.2;-6.9
06/01/2019;10.0;-6.2
07/01/2019;9.7;-4.6
08/01/2019;2.5;-5.9
09/01/2019;7.5;-3.2
10/01/2019;8.7;-5.6
11/01/2019;7.0;-6.5
12/01/2019;8.6;-7.9
13/01/2019;11.1;-3.4
14/01/2019;16.6;3.0
15/01/2019;13.8;-3.0
16/01/2019;12.6;-0.6
17/01/2019;9.9;6.9
18/01/2019;11.3;1.3
19/01/2019;7.6;1.1
20/01/2019;6.8;0.1
21/01/2019;5.1;0.0
22/01/2019;3.8;0.3
23/01/2019;3.6;0.1
24/01/2019;4.1;2.1
25/01/2019;6.3;1.9
26/01/2019;11.1;-3.9
27/01/2019;10.9;-4.0
28/01/2019;10.6;1.4
29/01/2019;8.3;-1.7
30/01/2019;4.4;-3.0
31/01/2019;1.6;-1.7
01/02/2019;14.7;1.5
02/02/2019;12.1;6.5
03/02/2019;11.1;4.6
04/02/2019;9.7;2.4
05/02/2019;11.0;1.4
06/02/2019;12.7;0.4
07/02/2019;14.6;-3.4
08/02/2019;14.3;-1.4
09/02/2019;10.4;-2.6
10/02/2019;13.8;6.4
11/02/2019;12.3;3.5
12/02/2019;15.6;-2.0
13/02/2019;13.3;-4.2
14/02/2019;19.2;-3.6
15/02/2019;19.1;-3.2
16/02/2019;17.4;-1.4
17/02/2019;17.2;-3.2
18/02/2019;13.3;-1.6
19/02/2019;11.7;0.4
20/02/2019;15.3;-1.7
21/02/2019;17.1;-2.0
22/02/2019;18.5;2.6
23/02/2019;8.7;0.7
24/02/2019;9.1;2.9
25/02/2019;16.3;-0.7
26/02/2019;20.3;1.3
27/02/2019;22.9;-1.0
28/02/2019;14.5;-1.8
01/03/2019;13.0;3.6
02/03/2019;18.3;0.8
03/03/2019;18.9;-1.4
04/03/2019;16.9;1.1
05/03/2019;16.2;6.1
06/03/2019;17.9;2.6
07/03/2019;17.4;11.5
08/03/2019;16.9;3.7
09/03/2019;15.4;2.1
10/03/2019;13.2;10.1
11/03/2019;17.8;3.3
12/03/2019;14.2;-1.7
13/03/2019;7.8;-0.7
14/03/2019;15.6;-0.9
15/03/2019;17.7;7.3
16/03/2019;20.7;6.2
17/03/2019;17.7;11.1
18/03/2019;11.7;6.8
19/03/2019;8.5;2.5
20/03/2019;12.1;2.3
21/03/2019;14.6;2.9
22/03/2019;18.6;2.1
23/03/2019;22.3;0.5
24/03/2019;25.1;0.8
25/03/2019;19.8;0.9
26/03/2019;11.5;3.9
27/03/2019;12.8;5.1
28/03/2019;13.7;3.3
29/03/2019;16.2;1.8
30/03/2019;21.7;-1.6
31/03/2019;23.0;-0.5
01/04/2019;22.6;0.7
02/04/2019;21.5;2.8
03/04/2019;16.3;9.2
04/04/2019;18.1;5.5
05/04/2019;11.6;2.5
06/04/2019;17.9;0.2
07/04/2019;14.0;5.6
08/04/2019;15.7;5.5
09/04/2019;19.4;5.8
10/04/2019;18.9;3.2
11/04/2019;16.6;8.2
12/04/2019;15.0;6.5
13/04/2019;12.6;3.4
14/04/2019;13.1;1.2
15/04/2019;16.0;3.6
16/04/2019;19.9;0.5
17/04/2019;21.6;2.9
18/04/2019;20.8;1.6
19/04/2019;20.7;3.4
20/04/2019;22.1;1.5
21/04/2019;21.6;3.7
22/04/2019;19.2;9.4
23/04/2019;17.4;11.8
24/04/2019;21.4;8.9
25/04/2019;25.0;8.7
26/04/2019;19.9;9.9
27/04/2019;19.5;7.7
28/04/2019;15.1;6.0
29/04/2019;13.1;6.0
30/04/2019;18.8;5.0
01/05/2019;21.7;6.1
02/05/2019;20.1;3.9
03/05/2019;15.7;11.2
04/05/2019;18.4;10.7
05/05/2019;14.2;5.7
06/05/2019;14.6;3.1
07/05/2019;18.9;0.4
08/05/2019;17.7;4.5
09/05/2019;20.3;9.6
10/05/2019;20.7;8.2
11/05/2019;20.5;6.6
12/05/2019;16.0;7.6
13/05/2019;13.8;10.6
14/05/2019;16.0;7.0
15/05/2019;12.9;5.0
16/05/2019;20.6;3.8
17/05/2019;21.9;4.5
18/05/2019;18.0;12.2
19/05/2019;15.6;11.4
20/05/2019;18.4;11.5
21/05/2019;20.4;9.9
22/05/2019;21.2;8.1
23/05/2019;22.0;10.8
24/05/2019;23.6;9.8
25/05/2019;25.3;8.0
26/05/2019;18.1;14.3
27/05/2019;20.7;14.1
28/05/2019;18.1;13.0
29/05/2019;19.0;12.1
30/05/2019;20.6;11.4
31/05/2019;22.9;7.8
01/06/2019;25.9;6.6
02/06/2019;28.9;9.3
03/06/2019;27.6;10.9
04/06/2019;27.5;11.6
05/06/2019;28.7;9.6
06/06/2019;25.1;10.2
07/06/2019;29.1;8.9
08/06/2019;29.1;12.0
09/06/2019;32.0;14.1
10/06/2019;33.4;17.5
11/06/2019;30.8;14.5
12/06/2019;28.6;13.6
13/06/2019;29.6;9.9
14/06/2019;34.5;11.6
15/06/2019;28.2;17.0
16/06/2019;28.9;16.1
17/06/2019;30.0;13.3
18/06/2019;31.7;12.8
19/06/2019;31.5;14.0
20/06/2019;31.0;10.7
21/06/2019;31.9;12.7
22/06/2019;28.5;17.3
23/06/2019;30.6;15.7
24/06/2019;31.4;14.9
25/06/2019;32.4;15.1
26/06/2019;33.5;15.9
27/06/2019;37.7;15.6
28/06/2019;35.2;18.4
29/06/2019;32.1;18.9
30/06/2019;34.8;14.1
01/07/2019;35.0;14.7
02/07/2019;35.5;15.2
03/07/2019;35.9;18.1
04/07/2019;32.0;15.9
05/07/2019;34.7;16.0
06/07/2019;33.5;17.0
07/07/2019;29.7;16.8
08/07/2019;31.7;20.7
09/07/2019;31.5;18.7
10/07/2019;26.2;15.0
11/07/2019;28.9;12.0
12/07/2019;30.9;16.7
13/07/2019;30.1;17.8
14/07/2019;30.3;12.6
15/07/2019;20.3;16.1
16/07/2019;27.7;13.0
17/07/2019;31.5;10.3
18/07/2019;30.3;12.0
19/07/2019;31.9;12.6
20/07/2019;32.8;13.1
21/07/2019;33.3;13.2
22/07/2019;34.5;15.3
23/07/2019;36.4;17.2
24/07/2019;37.8;16.4
25/07/2019;38.9;18.6
26/07/2019;36.1;19.2
27/07/2019;31.2;17.0
28/07/2019;24.9;17.5
29/07/2019;29.0;17.5
30/07/2019;31.5;15.1
31/07/2019;30.2;17.0
01/08/2019;33.2;15.7
02/08/2019;32.0;15.3
03/08/2019;32.7;13.9
04/08/2019;33.2;13.5
05/08/2019;32.7;13.6
06/08/2019;33.2;15.3
07/08/2019;32.2;15.3
08/08/2019;32.8;19.5
09/08/2019;35.5;17.7
10/08/2019;35.1;16.3
11/08/2019;37.1;14.4
12/08/2019;35.8;17.0
13/08/2019;33.1;16.3
14/08/2019;29.9;14.6
15/08/2019;31.3;13.1
16/08/2019;30.2;15.0
17/08/2019;31.7;12.7
18/08/2019;33.0;14.5
19/08/2019;34.2;13.6
20/08/2019;36.2;13.1
21/08/2019;36.0;15.7
22/08/2019;31.5;19.9
23/08/2019;29.4;19.0
24/08/2019;30.5;18.3
25/08/2019;31.9;17.3
26/08/2019;31.9;16.4
27/08/2019;34.0;17.6
28/08/2019;32.0;17.6
29/08/2019;34.1;15.3
30/08/2019;33.5;16.2
31/08/2019;32.1;16.1
01/09/2019;33.1;17.7
02/09/2019;30.6;16.4
03/09/2019;26.9;14.3
04/09/2019;27.5;11.6
05/09/2019;31.0;8.4
06/09/2019;23.5;14.6
07/09/2019;25.3;12.7
08/09/2019;24.1;11.1
09/09/2019;25.9;11.5
10/09/2019;27.2;8.4
11/09/2019;27.8;11.5
12/09/2019;28.8;10.0
13/09/2019;29.9;10.1
14/09/2019;29.6;11.1
15/09/2019;30.6;11.3
16/09/2019;31.2;12.2
17/09/2019;28.8;11.5
18/09/2019;28.4;13.2
19/09/2019;22.8;15.2
20/09/2019;22.5;9.2
21/09/2019;26.0;5.0
22/09/2019;19.5;13.3
23/09/2019;20.4;15.0
24/09/2019;24.9;13.0
25/09/2019;19.5;14.4
26/09/2019;26.3;14.1
27/09/2019;23.7;13.6
28/09/2019;25.2;13.9
29/09/2019;24.5;11.8
30/09/2019;26.3;14.3
01/10/2019;26.3;13.1
02/10/2019;21.8;12.7
03/10/2019;16.8;6.2
04/10/2019;20.3;4.5
05/10/2019;22.6;10.5
06/10/2019;23.5;10.0
07/10/2019;18.9;8.8
08/10/2019;23.9;5.8
09/10/2019;21.5;6.1
10/10/2019;22.9;8.1
11/10/2019;24.2;6.7
12/10/2019;23.3;8.4
13/10/2019;22.2;10.8
14/10/2019;24.2;11.8
15/10/2019;21.9;15.5
16/10/2019;20.5;11.2
17/10/2019;20.1;9.8
18/10/2019;21.9;9.2
19/10/2019;20.2;11.9
20/10/2019;21.7;10.1
21/10/2019;25.8;13.5
22/10/2019;27.9;11.8
23/10/2019;26.6;10.9
24/10/2019;15.6;10.8
25/10/2019;21.3;11.0
26/10/2019;26.6;8.7
27/10/2019;24.8;9.5
28/10/2019;18.2;9.9
29/10/2019;19.4;12.2
30/10/2019;18.1;13.1
31/10/2019;15.5;11.2
01/11/2019;16.3;9.8
02/11/2019;16.0;11.4
03/11/2019;19.8;14.4
04/11/2019;17.4;12.8
05/11/2019;18.6;12.8
06/11/2019;14.1;8.5
07/11/2019;15.7;7.4
08/11/2019;13.6;7.3
09/11/2019;11.5;4.7
10/11/2019;14.6;3.1
11/11/2019;13.1;8.0
12/11/2019;13.2;8.0
13/11/2019;13.4;7.0
14/11/2019;13.0;5.4
15/11/2019;14.3;9.2
16/11/2019;11.9;7.1
17/11/2019;14.5;5.4
18/11/2019;13.5;4.7
19/11/2019;12.8;9.0
20/11/2019;16.7;7.2
21/11/2019;13.9;6.6
22/11/2019;10.9;6.4
23/11/2019;15.3;7.8
24/11/2019;16.7;10.3
25/11/2019;17.8;5.9
26/11/2019;14.2;5.0
27/11/2019;14.4;8.1
28/11/2019;15.1;11.2
29/11/2019;14.8;9.9
30/11/2019;15.1;5.6
01/12/2019;12.5;6.3
02/12/2019;14.5;8.7
03/12/2019;11.4;6.2
04/12/2019;9.3;1.9
05/12/2019;11.1;-0.7
06/12/2019;8.7;1.1
07/12/2019;14.4;7.1
08/12/2019;15.3;9.0
09/12/2019;13.3;7.0
10/12/2019;13.1;4.1
11/12/2019;9.8;-1.8
12/12/2019;2.5;-1.9
13/12/2019;6.8;-2.3
14/12/2019;6.7;-3.2
15/12/2019;15.2;6.2
16/12/2019;15.6;10.2
17/12/2019;13.7;8.3
18/12/2019;12.6;6.3
19/12/2019;15.1;6.5
20/12/2019;13.8;6.1
21/12/2019;14.9;11.3
22/12/2019;12.1;5.5
23/12/2019;15.1;1.0
24/12/2019;13.3;-1.3
25/12/2019;13.9;1.8
26/12/2019;13.6;-1.3
27/12/2019;10.7;-1.7
28/12/2019;11.0;-1.3
29/12/2019;8.5;-3.4
30/12/2019;7.6;-3.0
31/12/2019;11.5;-4.9
01/01/2020;12.4;-4.4
02/01/2020;13.7;-4.6
03/01/2020;8.1;-2.6
04/01/2020;12.7;1.6
05/01/2020;10.7;-2.1
06/01/2020;11.2;-4.4
07/01/2020;8.0;-5.1
08/01/2020;15.4;-3.0
09/01/2020;12.8;-4.8
10/01/2020;10.3;-0.7
11/01/2020;13.4;1.8
12/01/2020;13.8;-2.2
13/01/2020;11.1;-5.5
14/01/2020;8.9;-4.0
15/01/2020;10.9;4.5
16/01/2020;13.5;-0.8
17/01/2020;9.9;-1.8
18/01/2020;8.3;5.5
19/01/2020;9.6;5.4
20/01/2020;8.5;4.7
21/01/2020;8.6;0.5
22/01/2020;14.2;-1.5
23/01/2020;15.9;-1.8
24/01/2020;10.8;-3.2
25/01/2020;9.1;5.5
26/01/2020;12.5;3.0
27/01/2020;10.9;4.2
28/01/2020;14.2;9.6
29/01/2020;14.5;7.3
30/01/2020;13.4;6.6
31/01/2020;11.6;8.0
01/02/2020;13.2;10.6
02/02/2020;14.3;11.3
03/02/2020;;
04/02/2020;;
05/02/2020;12.8;3.3
06/02/2020;11.9;-2.6
07/02/2020;12.9;-5.1
08/02/2020;13.6;-2.6
09/02/2020;11.6;-2.0
10/02/2020;14.0;9.4
11/02/2020;15.0;12.0
12/02/2020;16.1;2.6
13/02/2020;13.2;0.9
14/02/2020;17.9;1.5
15/02/2020;18.1;-1.9
16/02/2020;16.1;-1.5
17/02/2020;14.0;0.8
18/02/2020;12.7;6.0
19/02/2020;15.0;4.4
20/02/2020;16.2;0.7
21/02/2020;15.4;-2.1
22/02/2020;19.1;1.0
23/02/2020;15.3;1.0
24/02/2020;13.1;5.0
25/02/2020;17.0;5.6
26/02/2020;12.3;0.5
27/02/2020;11.4;-3.3
28/02/2020;14.6;-0.2
29/02/2020;13.1;-1.7
01/03/2020;13.6;10.2
02/03/2020;13.9;9.1
03/03/2020;10.8;2.0
04/03/2020;11.0;0.4
05/03/2020;11.3;-0.8
06/03/2020;14.2;7.1
07/03/2020;11.5;2.5
08/03/2020;14.6;0.5
09/03/2020;13.0;-0.1
10/03/2020;16.6;0.4
11/03/2020;18.8;0.6
12/03/2020;12.7;2.7
13/03/2020;14.7;10.6
14/03/2020;14.3;5.4
15/03/2020;14.0;1.5
16/03/2020;19.3;-1.7
17/03/2020;20.7;-0.3
18/03/2020;20.0;0.1
19/03/2020;23.3;1.8
20/03/2020;20.2;2.6
21/03/2020;20.2;1.8
22/03/2020;14.0;5.2
23/03/2020;7.1;-0.3
24/03/2020;8.3;-3.4
25/03/2020;5.7;0.6
26/03/2020;6.3;2.8
27/03/2020;9.0;5.6
28/03/2020;16.6;3.1
29/03/2020;20.0;0.1
30/03/2020;17.1;3.2
31/03/2020;9.2;1.3
01/04/2020;10.0;-1.8
02/04/2020;16.1;-4.2
03/04/2020;16.8;-1.9
04/04/2020;17.3;-1.0
05/04/2020;17.4;4.0
06/04/2020;19.9;3.0
07/04/2020;20.8;0.9
08/04/2020;22.2;0.3
09/04/2020;23.5;-1.1
10/04/2020;25.7;0.0
11/04/2020;25.1;1.2
12/04/2020;23.3;1.2
13/04/2020;21.5;3.1
14/04/2020;21.6;7.0
15/04/2020;16.8;2.4
16/04/2020;21.3;-0.7
17/04/2020;21.4;1.1
18/04/2020;21.9;7.0
19/04/2020;23.8;9.0
20/04/2020;16.1;12.4
21/04/2020;13.2;11.1
22/04/2020;18.3;5.8
23/04/2020;20.4;3.0
24/04/2020;23.5;1.4
25/04/2020;21.8;4.8
26/04/2020;22.7;3.8
27/04/2020;23.1;4.5
28/04/2020;17.6;9.3
29/04/2020;20.0;12.6
30/04/2020;20.0;12.8
01/05/2020;18.6;13.1
02/05/2020;23.3;11.7
03/05/2020;21.8;7.2
04/05/2020;25.4;3.9
05/05/2020;22.7;5.8
06/05/2020;21.9;9.9
07/05/2020;24.9;4.8
08/05/2020;26.7;4.4
09/05/2020;25.6;5.8
10/05/2020;25.6;12.9
11/05/2020;22.4;11.5
12/05/2020;21.5;12.4
13/05/2020;24.8;10.3
14/05/2020;25.5;15.3
15/05/2020;20.1;14.4
16/05/2020;21.1;11.8
17/05/2020;26.4;14.5
18/05/2020;23.9;13.5
19/05/2020;23.1;14.8
20/05/2020;20.6;14.0
21/05/2020;25.2;9.3
22/05/2020;27.4;8.5
23/05/2020;27.1;9.9
24/05/2020;25.0;11.2
25/05/2020;26.7;7.9
26/05/2020;24.1;9.4
27/05/2020;23.0;6.6
28/05/2020;24.8;5.1
29/05/2020;18.1;10.1
30/05/2020;22.5;8.3
31/05/2020;22.8;9.2
01/06/2020;25.2;8.5
02/06/2020;27.5;8.0
03/06/2020;25.6;10.5
04/06/2020;21.1;12.6
05/06/2020;24.1;15.0
06/06/2020;24.5;12.5
07/06/2020;24.5;12.9
08/06/2020;23.7;12.4
09/06/2020;24.7;11.5
10/06/2020;20.5;11.3
11/06/2020;22.5;11.4
12/06/2020;25.5;10.5
13/06/2020;26.3;10.9
14/06/2020;23.4;12.8
15/06/2020;23.4;15.4
16/06/2020;24.5;15.2
17/06/2020;23.5;16.4
18/06/2020;25.1;13.3
19/06/2020;26.4;11.1
20/06/2020;27.7;10.3
21/06/2020;28.7;11.8
22/06/2020;30.6;12.7
23/06/2020;31.5;12.7
24/06/2020;31.6;12.8
25/06/2020;30.2;13.1
26/06/2020;31.4;12.4
27/06/2020;31.7;13.2
28/06/2020;32.7;13.8
29/06/2020;28.9;13.2
30/06/2020;31.2;16.2
01/07/2020;31.6;13.7
02/07/2020;32.8;15.7
03/07/2020;31.6;19.6
04/07/2020;29.2;17.4
05/07/2020;31.3;13.9
06/07/2020;33.9;13.6
07/07/2020;25.3;13.5
08/07/2020;30.9;9.2
09/07/2020;33.6;12.7
10/07/2020;33.2;14.6
11/07/2020;31.6;13.8
12/07/2020;27.4;15.1
13/07/2020;27.1;12.4
14/07/2020;27.5;10.0
15/07/2020;28.9;12.1
16/07/2020;29.7;15.3
17/07/2020;27.4;14.8
18/07/2020;27.5;13.4
19/07/2020;30.0;12.2
20/07/2020;31.7;13.1
21/07/2020;32.6;14.3
22/07/2020;33.0;16.0
23/07/2020;33.3;18.4
24/07/2020;27.7;15.1
25/07/2020;30.9;14.3
26/07/2020;31.2;13.9
27/07/2020;32.7;14.5
28/07/2020;35.4;15.0
29/07/2020;34.9;17.5
30/07/2020;36.0;17.0
31/07/2020;36.5;18.8
01/08/2020;37.6;17.6
02/08/2020;35.8;18.8
03/08/2020;30.3;19.5
04/08/2020;25.2;17.1
05/08/2020;24.9;15.4
06/08/2020;27.9;14.3
07/08/2020;30.5;14.5
08/08/2020;32.2;14.6
09/08/2020;35.2;14.5
10/08/2020;36.6;14.0
11/08/2020;35.4;16.2
12/08/2020;35.7;16.5
13/08/2020;35.5;15.3
14/08/2020;34.2;16.2
15/08/2020;34.5;18.0
16/08/2020;33.7;15.4
17/08/2020;30.5;14.6
18/08/2020;28.5;17.3
19/08/2020;31.7;16.9
20/08/2020;34.2;13.3
21/08/2020;36.2;14.3
22/08/2020;34.9;14.4
23/08/2020;34.3;15.8
24/08/2020;31.0;18.0
25/08/2020;31.9;16.0
26/08/2020;30.9;16.3
27/08/2020;32.0;18.8
28/08/2020;31.6;15.4
29/08/2020;33.7;20.7
30/08/2020;25.7;16.5
31/08/2020;19.0;13.3
01/09/2020;26.0;12.6
02/09/2020;26.3;11.9
03/09/2020;27.9;13.1
04/09/2020;31.0;11.2
05/09/2020;31.9;11.6
06/09/2020;28.8;12.0
07/09/2020;29.7;11.8
08/09/2020;28.3;16.1
09/09/2020;32.0;13.8
10/09/2020;29.8;15.0
11/09/2020;29.6;17.5
12/09/2020;29.7;14.1
13/09/2020;30.8;13.3
14/09/2020;29.8;13.1
15/09/2020;29.7;14.4
16/09/2020;31.4;13.5
17/09/2020;30.5;13.3
18/09/2020;28.8;15.0
19/09/2020;29.3;13.5
20/09/2020;28.0;12.8
21/09/2020;27.3;14.5
22/09/2020;23.7;15.5
23/09/2020;21.3;15.6
24/09/2020;23.1;16.4
25/09/2020;23.1;9.3
26/09/2020;21.9;8.2
27/09/2020;13.5;6.5
28/09/2020;19.0;7.4
29/09/2020;21.3;6.8
30/09/2020;23.5;9.6
01/10/2020;20.3;9.2
02/10/2020;21.5;14.2
03/10/2020;20.6;12.5
04/10/2020;20.2;12.8
05/10/2020;20.0;10.7
06/10/2020;19.0;8.7
07/10/2020;23.3;8.9
08/10/2020;23.2;8.5
09/10/2020;22.4;7.4
10/10/2020;17.8;9.2
11/10/2020;13.3;9.6
12/10/2020;12.9;6.9
13/10/2020;17.7;3.1
14/10/2020;17.0;7.1
15/10/2020;15.8;10.1
16/10/2020;16.3;5.9
17/10/2020;18.0;5.5
18/10/2020;19.3;5.7
19/10/2020;18.8;5.4
20/10/2020;19.1;5.2
21/10/2020;19.6;6.3
22/10/2020;17.4;6.8
23/10/2020;18.7;10.6
24/10/2020;19.6;10.8
25/10/2020;18.8;10.0
26/10/2020;20.6;9.3
27/10/2020;16.1;5.1
28/10/2020;16.7;4.9
29/10/2020;15.9;6.5
30/10/2020;16.8;9.9
31/10/2020;17.9;10.4
01/11/2020;15.7;12.7
02/11/2020;17.6;12.8
03/11/2020;15.6;13.4
04/11/2020;17.5;12.5
05/11/2020;15.4;8.8
06/11/2020;19.1;5.9
07/11/2020;22.3;3.3
08/11/2020;19.9;4.3
09/11/2020;19.2;5.6
10/11/2020;20.5;5.4
11/11/2020;19.0;6.3
12/11/2020;14.4;10.3
13/11/2020;15.5;10.2
14/11/2020;15.4;8.2
15/11/2020;16.9;10.2
16/11/2020;14.7;10.8
17/11/2020;15.1;6.3
18/11/2020;18.8;3.2
19/11/2020;17.7;0.0
20/11/2020;11.5;5.5
21/11/2020;10.2;4.7
22/11/2020;10.6;-2.0
23/11/2020;14.1;-3.8
24/11/2020;11.0;-1.2
25/11/2020;15.0;-2.3
26/11/2020;15.2;-0.3
27/11/2020;16.9;3.6
28/11/2020;12.6;6.0
29/11/2020;12.5;6.1
30/11/2020;13.8;-1.0
01/12/2020;8.3;-2.1
02/12/2020;6.5;3.3
03/12/2020;7.3;1.9
04/12/2020;12.4;1.9
05/12/2020;16.0;9.3
06/12/2020;12.2;4.4
07/12/2020;11.6;3.0
08/12/2020;8.9;3.9
09/12/2020;7.0;4.9
10/12/2020;6.9;4.5
11/12/2020;7.5;1.4
12/12/2020;7.9;4.5
13/12/2020;13.8;-0.4
14/12/2020;12.6;-2.5
15/12/2020;8.6;-1.1
16/12/2020;10.1;0.8
17/12/2020;9.9;7.2
18/12/2020;14.0;4.8
19/12/2020;9.9;4.9
20/12/2020;14.9;5.6
21/12/2020;9.1;3.7
22/12/2020;13.5;7.4
23/12/2020;12.6;10.5
24/12/2020;13.9;11.9
25/12/2020;12.4;4.3
26/12/2020;7.1;3.8
27/12/2020;8.1;-1.2
28/12/2020;9.5;0.4
29/12/2020;10.9;5.1
30/12/2020;5.3;2.2
31/12/2020;3.8;0.9
01/01/2021;6.7;2.9
02/01/2021;9.2;3.0
03/01/2021;10.3;4.7
04/01/2021;7.8;3.6
05/01/2021;5.8;2.6
06/01/2021;4.0;1.5
07/01/2021;6.6;1.0
08/01/2021;7.2;-1.3
09/01/2021;4.7;-1.8
10/01/2021;4.6;2.6
11/01/2021;3.1;1.6
12/01/2021;8.9;-3.2
13/01/2021;10.7;-4.7
14/01/2021;11.9;-0.6
15/01/2021;8.4;-0.7
16/01/2021;8.0;-2.9
17/01/2021;3.3;-2.9
18/01/2021;9.6;-4.7
19/01/2021;4.8;-4.3
20/01/2021;11.1;2.7
21/01/2021;14.2;7.3
22/01/2021;14.0;11.4
23/01/2021;11.3;6.6
24/01/2021;10.8;-1.7
25/01/2021;9.9;-2.0
26/01/2021;11.0;-4.3
27/01/2021;5.0;-6.2
28/01/2021;3.5;-2.7
29/01/2021;10.0;3.5
30/01/2021;13.7;5.7
31/01/2021;10.9;3.2
01/02/2021;7.0;1.3
02/02/2021;13.7;1.7
03/02/2021;14.6;6.3
04/02/2021;14.3;9.3
05/02/2021;15.8;5.8
06/02/2021;13.5;5.1
07/02/2021;11.9;7.8
08/02/2021;11.4;8.7
09/02/2021;11.5;8.3
10/02/2021;14.5;7.8
11/02/2021;14.1;4.1
12/02/2021;6.5;1.9
13/02/2021;2.6;-1.3
14/02/2021;4.4;-3.6
15/02/2021;9.1;-7.0
16/02/2021;5.2;-2.8
17/02/2021;8.5;5.2
18/02/2021;11.7;6.9
19/02/2021;13.2;5.8
20/02/2021;15.5;2.6
21/02/2021;18.9;1.0
22/02/2021;18.9;1.1
23/02/2021;22.1;1.6
24/02/2021;23.8;0.6
25/02/2021;24.0;-0.2
26/02/2021;22.8;-0.3
27/02/2021;19.3;-0.2
28/02/2021;13.3;1.3
01/03/2021;15.5;-2.5
02/03/2021;18.3;-1.5
03/03/2021;19.1;-3.1
04/03/2021;16.1;-2.3
05/03/2021;16.0;6.0
06/03/2021;10.0;-0.1
07/03/2021;15.5;-2.9
08/03/2021;16.1;-1.0
09/03/2021;11.2;2.5
10/03/2021;14.2;0.2
11/03/2021;13.5;-2.1
12/03/2021;17.7;9.4
13/03/2021;16.4;5.1
14/03/2021;12.1;1.3
15/03/2021;14.4;-1.5
16/03/2021;14.8;-1.0
17/03/2021;14.8;-3.5
18/03/2021;11.0;-1.4
19/03/2021;10.1;-3.7
20/03/2021;10.2;-1.0
21/03/2021;8.7;2.1
22/03/2021;13.3;1.3
23/03/2021;12.6;-1.2
24/03/2021;17.7;-4.0
25/03/2021;18.6;0.0
26/03/2021;15.9;4.2
27/03/2021;17.1;5.3
28/03/2021;20.0;5.9
29/03/2021;23.5;2.3
30/03/2021;25.6;2.6
31/03/2021;26.4;3.2
01/04/2021;24.2;3.7
02/04/2021;22.3;2.8
03/04/2021;19.8;3.1
04/04/2021;14.3;1.8
05/04/2021;18.0;-1.4
06/04/2021;11.3;3.0
07/04/2021;11.2;-2.3
08/04/2021;14.7;-5.5
09/04/2021;16.7;4.4
10/04/2021;11.6;4.6
11/04/2021;13.9;8.3
12/04/2021;13.7;8.3
13/04/2021;10.9;2.3
14/04/2021;13.2;-0.7
15/04/2021;12.3;-0.1
16/04/2021;14.2;-0.5
17/04/2021;14.1;0.7
18/04/2021;14.0;-0.8
19/04/2021;14.9;0.3
20/04/2021;17.8;-0.2
21/04/2021;18.3;1.6
22/04/2021;18.7;5.3
23/04/2021;19.6;1.9
24/04/2021;22.1;1.6
25/04/2021;23.8;2.5
26/04/2021;21.3;4.8
27/04/2021;14.8;10.6
28/04/2021;15.5;10.4
29/04/2021;16.4;13.2
30/04/2021;22.2;12.5
01/05/2021;23.4;12.6
02/05/2021;17.9;12.0
03/05/2021;19.6;6.2
04/05/2021;19.5;2.8
05/05/2021;19.3;9.4
06/05/2021;19.8;12.0
07/05/2021;18.9;13.3
08/05/2021;23.6;8.2
09/05/2021;27.2;7.7
10/05/2021;27.4;9.1
11/05/2021;20.5;11.6
12/05/2021;16.5;10.7
13/05/2021;18.8;9.9
14/05/2021;19.1;9.6
15/05/2021;19.3;9.2
16/05/2021;16.5;13.7
17/05/2021;20.2;9.7
18/05/2021;21.4;7.9
19/05/2021;20.3;8.6
20/05/2021;21.6;6.2
21/05/2021;23.0;6.0
22/05/2021;20.0;13.1
23/05/2021;24.6;14.2
24/05/2021;19.6;12.5
25/05/2021;20.9;8.8
26/05/2021;23.2;7.0
27/05/2021;23.5;6.6
28/05/2021;28.0;7.4
29/05/2021;27.3;9.5
30/05/2021;22.9;8.8
31/05/2021;23.9;7.4
01/06/2021;26.3;7.0
02/06/2021;26.8;9.0
03/06/2021;29.0;9.4
04/06/2021;29.5;9.9
05/06/2021;25.4;13.8
06/06/2021;27.9;16.0
07/06/2021;26.6;15.7
08/06/2021;24.8;15.0
09/06/2021;28.1;13.6
10/06/2021;28.9;12.4
11/06/2021;27.2;12.5
12/06/2021;31.0;11.7
13/06/2021;30.5;12.7
14/06/2021;31.1;16.1
15/06/2021;31.1;15.2
16/06/2021;29.6;15.2
17/06/2021;32.2;15.8
18/06/2021;31.5;14.5
19/06/2021;30.1;14.8
20/06/2021;31.1;15.8
21/06/2021;31.4;15.9
22/06/2021;32.4;18.0
23/06/2021;34.2;14.3
24/06/2021;31.5;15.8
25/06/2021;29.6;13.3
26/06/2021;31.6;11.1
27/06/2021;33.7;12.7
28/06/2021;35.5;14.6
29/06/2021;32.0;14.5
30/06/2021;27.6;16.8
01/07/2021;28.2;15.7
02/07/2021;30.2;13.4
03/07/2021;30.7;14.3
04/07/2021;27.9;15.6
05/07/2021;31.5;16.6
06/07/2021;33.2;14.2
07/07/2021;36.2;14.8
08/07/2021;33.6;18.4
09/07/2021;30.8;13.9
10/07/2021;32.7;10.9
11/07/2021;29.8;13.7
12/07/2021;32.5;16.6
13/07/2021;28.1;16.1
14/07/2021;25.0;13.6
15/07/2021;28.4;11.7
16/07/2021;25.9;17.0
17/07/2021;26.3;15.3
18/07/2021;30.1;14.8
19/07/2021;30.5;16.8
20/07/2021;33.8;14.4
21/07/2021;34.1;15.1
22/07/2021;34.0;15.7
23/07/2021;33.2;17.3
24/07/2021;32.1;17.0
25/07/2021;32.6;17.3
26/07/2021;33.2;18.1
27/07/2021;33.2;19.3
28/07/2021;32.6;17.1
29/07/2021;34.1;16.8
30/07/2021;34.6;14.7
31/07/2021;35.0;16.2
01/08/2021;29.6;21.1
02/08/2021;28.2;14.5
03/08/2021;29.3;11.8
04/08/2021;31.0;15.0
05/08/2021;26.8;19.0
06/08/2021;28.9;16.4
07/08/2021;33.4;13.5
08/08/2021;31.8;17.7
09/08/2021;33.8;13.0
10/08/2021;35.7;17.0
11/08/2021;36.8;18.4
12/08/2021;38.8;15.3
13/08/2021;38.5;18.2
14/08/2021;38.8;15.8
15/08/2021;37.0;16.8
16/08/2021;35.1;17.8
17/08/2021;31.9;17.5
18/08/2021;30.7;13.0
19/08/2021;32.9;12.3
20/08/2021;33.4;14.7
21/08/2021;34.1;13.9
22/08/2021;31.5;14.0
23/08/2021;31.7;17.4
24/08/2021;28.6;16.3
25/08/2021;28.3;13.3
26/08/2021;30.7;11.5
27/08/2021;25.5;17.7
28/08/2021;24.0;12.3
29/08/2021;25.6;10.9
30/08/2021;26.9;8.7
31/08/2021;28.0;11.1
01/09/2021;29.1;11.1
02/09/2021;29.4;10.4
03/09/2021;29.8;9.9
04/09/2021;21.7;12.6
05/09/2021;28.7;11.2
06/09/2021;28.7;9.4
07/09/2021;28.6;8.8
08/09/2021;29.4;9.1
09/09/2021;30.7;9.3
10/09/2021;30.3;10.3
11/09/2021;30.1;10.7
12/09/2021;30.8;10.5
13/09/2021;32.2;9.8
14/09/2021;30.8;10.9
15/09/2021;28.4;13.5
16/09/2021;25.6;15.2
17/09/2021;24.8;17.6
18/09/2021;26.9;15.8
19/09/2021;22.6;14.7
20/09/2021;24.9;12.5
21/09/2021;23.8;12.3
22/09/2021;25.1;8.3
23/09/2021;27.0;8.4
24/09/2021;27.1;7.8
25/09/2021;28.0;13.3
26/09/2021;26.5;15.4
27/09/2021;26.8;15.9
28/09/2021;28.4;13.3
29/09/2021;27.3;11.2
30/09/2021;25.2;13.0
01/10/2021;26.0;10.1
02/10/2021;26.3;10.0
03/10/2021;26.1;11.0
04/10/2021;25.3;12.9
05/10/2021;21.8;15.7
06/10/2021;21.2;13.1
07/10/2021;14.4;11.8
08/10/2021;16.2;13.0
09/10/2021;16.2;11.3
10/10/2021;15.0;8.7
11/10/2021;16.9;6.7
12/10/2021;20.6;4.0
13/10/2021;18.6;3.0
14/10/2021;15.8;3.3
15/10/2021;18.6;1.0
16/10/2021;18.7;3.3
17/10/2021;20.6;2.2
18/10/2021;21.1;1.0
19/10/2021;20.8;1.6
20/10/2021;20.7;5.6
21/10/2021;20.1;11.2
22/10/2021;20.8;9.1
23/10/2021;19.9;9.4
24/10/2021;16.6;8.7
25/10/2021;16.7;5.8
26/10/2021;17.3;5.9
27/10/2021;18.3;5.9
28/10/2021;19.4;3.0
29/10/2021;20.3;1.4
30/10/2021;18.6;3.7
31/10/2021;20.8;4.9
01/11/2021;16.6;11.2
02/11/2021;17.3;11.6
03/11/2021;17.7;9.6
04/11/2021;16.7;6.7
05/11/2021;14.5;4.5
06/11/2021;14.1;10.2
07/11/2021;14.9;8.4
08/11/2021;15.2;7.0
09/11/2021;13.5;10.0
10/11/2021;17.8;8.8
11/11/2021;18.5;7.9
12/11/2021;18.6;5.9
13/11/2021;18.0;8.1
14/11/2021;12.2;10.2
15/11/2021;16.9;10.6
16/11/2021;13.5;9.2
17/11/2021;16.3;5.3
18/11/2021;17.6;4.7
19/11/2021;19.3;3.0
20/11/2021;15.8;4.9
21/11/2021;14.9;7.0
22/11/2021;15.3;10.0
23/11/2021;12.1;6.9
24/11/2021;13.1;2.0
25/11/2021;8.9;2.3
26/11/2021;11.2;6.5
27/11/2021;11.5;7.5
28/11/2021;11.0;-0.2
29/11/2021;8.6;-1.4
30/11/2021;9.7;-4.2
01/12/2021;11.5;6.6
02/12/2021;11.6;3.5
03/12/2021;9.3;-0.8
04/12/2021;9.9;-1.7
05/12/2021;11.4;-0.7
06/12/2021;8.5;-2.2
07/12/2021;12.3;-4.0
08/12/2021;7.3;-3.2
09/12/2021;5.5;2.2
10/12/2021;5.1;-0.7
11/12/2021;10.2;-0.6
12/12/2021;12.3;-3.5
13/12/2021;10.9;-3.9
14/12/2021;10.9;-3.6
15/12/2021;16.2;-3.2
16/12/2021;13.2;0.0
17/12/2021;17.2;-1.4
18/12/2021;13.9;-4.1
19/12/2021;12.2;-4.9
20/12/2021;7.1;0.2
21/12/2021;8.3;1.2
23/12/2021;5.7;-1.5
24/12/2021;13.1;5.7
25/12/2021;13.3;11.0
26/12/2021;12.2;9.4
27/12/2021;12.2;9.1
28/12/2021;11.8;8.3
29/12/2021;13.7;6.8
30/12/2021;9.3;5.3
31/12/2021;13.1;2.2
01/01/2022;9.8;5.6
02/01/2022;10.9;7.5
03/01/2022;12.5;9.4
04/01/2022;13.6;11.3
05/01/2022;13.9;5.5
06/01/2022;6.4;4.2
07/01/2022;8.6;-1.3
08/01/2022;9.5;-4.0
09/01/2022;3.7;-2.1
10/01/2022;7.9;2.0
11/01/2022;8.7;4.8
12/01/2022;7.8;-1.2
13/01/2022;9.6;-2.1
14/01/2022;16.7;-3.6
15/01/2022;14.5;-3.9
16/01/2022;9.0;-2.7
17/01/2022;11.3;-0.8
18/01/2022;12.8;-2.0
19/01/2022;12.3;-5.1
20/01/2022;10.1;2.7
21/01/2022;8.4;-2.3
22/01/2022;10.3;-5.0
23/01/2022;11.2;-5.5
24/01/2022;12.1;-2.6
25/01/2022;12.0;-3.9
26/01/2022;10.1;-2.4
27/01/2022;10.1;-0.6
28/01/2022;15.2;-1.0
29/01/2022;12.7;-4.6
30/01/2022;11.1;3.4
31/01/2022;9.1;2.9
01/02/2022;13.8;-2.4
02/02/2022;15.3;-4.8
03/02/2022;15.9;-1.7
04/02/2022;9.5;6.6
05/02/2022;12.7;1.5
06/02/2022;12.7;1.1
07/02/2022;13.9;-1.5
08/02/2022;15.3;-5.5
09/02/2022;14.1;-3.9
10/02/2022;14.4;1.1
11/02/2022;12.7;-1.2
12/02/2022;10.0;-0.7
13/02/2022;12.8;-3.9
14/02/2022;9.7;4.6
15/02/2022;10.1;5.5
16/02/2022;13.7;2.0
17/02/2022;12.4;3.0
18/02/2022;13.5;1.9
19/02/2022;14.3;10.4
20/02/2022;17.9;6.0
21/02/2022;13.1;1.8
22/02/2022;15.9;-0.5
23/02/2022;19.5;-2.8
24/02/2022;17.8;-1.9
25/02/2022;12.5;3.0
26/02/2022;9.8;3.3
27/02/2022;8.1;5.1
28/02/2022;12.6;0.0
01/03/2022;8.7;-2.6
02/03/2022;13.8;-5.7
03/03/2022;13.5;-0.6
04/03/2022;11.4;0.2
05/03/2022;7.7;0.3
06/03/2022;6.7;-2.1
07/03/2022;8.5;-2.8
08/03/2022;8.9;-4.3
09/03/2022;14.3;-6.7
10/03/2022;17.4;-4.8
11/03/2022;14.3;-4.1
12/03/2022;10.9;-3.3
13/03/2022;15.4;-4.9
14/03/2022;18.2;2.6
15/03/2022;16.9;0.1
16/03/2022;13.7;4.2
17/03/2022;16.5;2.9
18/03/2022;13.2;8.1
19/03/2022;13.9;4.4
20/03/2022;13.6;0.2
21/03/2022;14.2;-0.9
22/03/2022;15.1;-4.3
23/03/2022;19.3;-3.7
24/03/2022;22.2;-3.2
25/03/2022;21.0;-2.6
26/03/2022;21.9;-1.0
27/03/2022;21.6;1.7
28/03/2022;23.0;0.5
29/03/2022;19.1;0.7
30/03/2022;11.3;6.3
31/03/2022;11.1;8.5
01/04/2022;13.6;4.4
02/04/2022;7.8;0.2
03/04/2022;11.7;-0.3
04/04/2022;14.3;2.2
05/04/2022;17.9;-0.7
06/04/2022;18.1;-0.6
07/04/2022;14.0;7.1
08/04/2022;19.3;12.5
09/04/2022;16.5;5.2
10/04/2022;16.5;0.6
11/04/2022;18.8;-1.1
12/04/2022;20.2;-0.1
13/04/2022;22.7;2.1
14/04/2022;23.9;2.1
15/04/2022;25.6;3.3
16/04/2022;22.5;4.8
17/04/2022;14.5;7.1
18/04/2022;17.9;1.3
19/04/2022;18.8;0.2
20/04/2022;18.0;10.2
21/04/2022;16.2;10.5
22/04/2022;14.2;9.1
23/04/2022;20.0;10.4
24/04/2022;15.5;8.9
25/04/2022;17.0;8.5
26/04/2022;20.9;7.3
27/04/2022;22.9;4.0
28/04/2022;20.0;3.2
29/04/2022;20.3;5.6
30/04/2022;22.3;2.6
01/05/2022;20.5;7.3
02/05/2022;19.8;6.4
03/05/2022;23.7;4.2
04/05/2022;23.7;5.0
05/05/2022;15.2;6.4
06/05/2022;16.8;12.1
07/05/2022;17.3;12.5
08/05/2022;21.3;9.7
09/05/2022;23.3;9.7
10/05/2022;27.3;7.5
12/05/2022;25.4;8.4
13/05/2022;25.7;6.7
14/05/2022;27.4;7.9
15/05/2022;28.0;9.6
16/05/2022;27.8;8.6
17/05/2022;28.8;9.6
18/05/2022;28.2;10.2
19/05/2022;29.3;8.8
20/05/2022;28.7;10.6
21/05/2022;27.5;9.1
22/05/2022;26.9;14.1
23/05/2022;30.6;11.4
24/05/2022;27.1;12.9
25/05/2022;29.4;13.9
26/05/2022;29.1;15.0
27/05/2022;33.8;16.1
28/05/2022;32.8;14.2
29/05/2022;22.2;14.6
30/05/2022;26.6;14.7
31/05/2022;28.1;13.3
01/06/2022;29.7;12.9
02/06/2022;33.1;12.0
03/06/2022;28.3;16.0
04/06/2022;34.3;15.0
05/06/2022;32.4;17.0
06/06/2022;29.4;15.0
07/06/2022;28.4;13.8
08/06/2022;29.3;12.8
09/06/2022;24.5;16.8
10/06/2022;26.2;14.4
11/06/2022;29.3;11.7
12/06/2022;31.5;11.3
13/06/2022;32.6;11.6
14/06/2022;32.5;12.7
15/06/2022;34.0;15.8
16/06/2022;33.6;15.3
17/06/2022;32.4;16.1
18/06/2022;32.0;15.4
19/06/2022;33.9;12.8
20/06/2022;32.5;14.7
21/06/2022;33.2;14.9
22/06/2022;33.7;16.1
23/06/2022;29.4;18.0
24/06/2022;32.2;17.5
25/06/2022;31.4;17.0
26/06/2022;36.0;13.8
27/06/2022;38.8;17.1
28/06/2022;28.5;18.1
29/06/2022;30.0;17.1
30/06/2022;33.7;13.3
01/07/2022;33.9;11.4
02/07/2022;35.2;13.5
03/07/2022;38.0;16.4
04/07/2022;37.5;17.3
05/07/2022;34.3;15.6
06/07/2022;32.8;18.5
07/07/2022;34.5;15.7
08/07/2022;29.4;14.0
09/07/2022;29.4;11.6
10/07/2022;33.3;11.0
11/07/2022;33.9;13.0
12/07/2022;32.4;15.5
13/07/2022;33.3;15.2
14/07/2022;37.0;11.9
15/07/2022;35.4;13.9
16/07/2022;35.9;14.9
17/07/2022;35.5;14.5
18/07/2022;35.3;17.2
19/07/2022;36.2;15.2
20/07/2022;37.0;14.1
21/07/2022;37.8;16.6
22/07/2022;38.1;16.0
23/07/2022;36.4;16.1
24/07/2022;35.8;19.6
25/07/2022;36.9;18.3
26/07/2022;35.2;19.5
27/07/2022;33.8;18.9
28/07/2022;35.6;16.7
29/07/2022;35.1;17.8
30/07/2022;33.1;18.7
31/07/2022;35.3;14.4
01/08/2022;37.5;14.3
02/08/2022;33.0;16.5
03/08/2022;35.4;16.7
04/08/2022;37.5;14.4
05/08/2022;37.6;16.6
06/08/2022;38.2;16.1
07/08/2022;32.2;20.6
08/08/2022;32.7;18.6
09/08/2022;31.7;19.1
10/08/2022;32.5;17.7
11/08/2022;31.6;16.1
12/08/2022;30.8;14.4
13/08/2022;30.0;15.7
14/08/2022;32.8;12.3
15/08/2022;32.5;14.5
16/08/2022;33.5;15.5
17/08/2022;34.4;15.7
18/08/2022;29.7;18.5
19/08/2022;25.0;18.3
20/08/2022;32.1;16.9
21/08/2022;32.5;16.1
22/08/2022;32.1;15.7
23/08/2022;31.6;13.7
24/08/2022;29.8;14.3
25/08/2022;31.6;15.0
26/08/2022;31.6;15.9
27/08/2022;32.4;16.5
28/08/2022;30.5;15.7
29/08/2022;33.5;14.9
30/08/2022;33.1;16.1
31/08/2022;30.1;19.0
01/09/2022;27.3;17.3
02/09/2022;29.5;14.0
03/09/2022;25.0;15.1
04/09/2022;30.5;16.2
05/09/2022;32.8;14.9
06/09/2022;33.1;14.5
07/09/2022;32.5;15.6
08/09/2022;30.4;19.4
09/09/2022;29.3;16.5
10/09/2022;27.7;17.0
11/09/2022;28.9;14.7
12/09/2022;30.7;11.1
13/09/2022;30.6;11.0
14/09/2022;29.4;15.8
15/09/2022;26.4;19.2
16/09/2022;28.3;18.9
17/09/2022;20.7;7.3
18/09/2022;24.1;6.8
19/09/2022;25.1;10.2
20/09/2022;25.4;6.4
21/09/2022;20.9;6.8
22/09/2022;21.1;4.7
23/09/2022;23.8;3.8
24/09/2022;17.8;6.7
25/09/2022;21.1;14.9
26/09/2022;22.9;13.5
27/09/2022;21.7;11.9
28/09/2022;18.8;10.2
29/09/2022;19.8;14.0
30/09/2022;16.8;12.1
01/10/2022;21.2;13.0
02/10/2022;21.1;15.4
03/10/2022;26.2;11.6
04/10/2022;25.0;10.9
05/10/2022;26.2;10.0
06/10/2022;26.1;9.5
07/10/2022;26.6;10.3
08/10/2022;23.6;10.5
09/10/2022;24.5;10.0
10/10/2022;21.8;14.0
11/10/2022;22.9;10.9
12/10/2022;24.7;8.7
13/10/2022;22.9;10.1
14/10/2022;24.4;7.9
15/10/2022;20.6;10.0
16/10/2022;24.5;11.5
17/10/2022;26.6;11.1
18/10/2022;25.0;10.6
19/10/2022;26.9;11.0
20/10/2022;25.8;10.3
21/10/2022;16.9;9.3
22/10/2022;24.7;14.4
23/10/2022;22.7;16.0
24/10/2022;24.0;16.3
25/10/2022;24.8;14.1
26/10/2022;24.6;11.7
27/10/2022;24.8;10.8
28/10/2022;26.4;9.9
29/10/2022;26.7;8.1
30/10/2022;26.5;5.5
31/10/2022;24.3;4.9
01/11/2022;20.0;6.2
02/11/2022;20.4;7.8
03/11/2022;18.8;10.1
04/11/2022;19.2;7.9
05/11/2022;17.2;6.4
06/11/2022;16.5;3.3
07/11/2022;18.7;1.1
08/11/2022;18.6;5.6
09/11/2022;19.7;11.4
10/11/2022;16.1;10.4
11/11/2022;18.4;7.2
12/11/2022;15.5;4.7
13/11/2022;15.1;7.1
14/11/2022;15.4;3.5
15/11/2022;9.3;2.4
16/11/2022;15.7;9.2
17/11/2022;16.6;9.0
18/11/2022;17.8;9.4
19/11/2022;11.2;8.5
20/11/2022;14.3;2.3
21/11/2022;9.0;2.3
22/11/2022;9.2;5.4
23/11/2022;13.2;2.8
24/11/2022;7.7;3.1
25/11/2022;10.6;4.4
26/11/2022;12.7;5.1
27/11/2022;13.1;0.7
28/11/2022;6.9;-1.2
29/11/2022;9.1;4.0
30/11/2022;7.4;-0.6
01/12/2022;9.3;0.6
02/12/2022;7.2;-1.0
03/12/2022;8.3;4.9
04/12/2022;13.9;7.3
05/12/2022;15.1;9.3
06/12/2022;12.5;9.5
07/12/2022;13.0;3.3
08/12/2022;8.7;4.2
09/12/2022;15.2;8.7
10/12/2022;13.4;8.7
11/12/2022;9.0;0.4
12/12/2022;3.4;-1.5
13/12/2022;5.6;0.1
14/12/2022;6.1;3.5
15/12/2022;14.5;5.1
16/12/2022;13.4;10.0
17/12/2022;15.4;3.5
18/12/2022;11.7;-0.3
19/12/2022;6.1;-0.6
20/12/2022;9.3;6.0
21/12/2022;10.6;8.4
22/12/2022;10.5;8.1
23/12/2022;12.4;9.6
24/12/2022;13.2;11.2
25/12/2022;17.4;10.5
26/12/2022;15.3;11.2
27/12/2022;14.8;9.6
28/12/2022;15.5;7.7
29/12/2022;16.3;9.5
30/12/2022;15.4;11.8
31/12/2022;15.8;11.8
01/01/2023;15.1;10.7
02/01/2023;13.5;9.7
03/01/2023;14.1;8.1
04/01/2023;10.0;7.3
05/01/2023;14.6;6.4
06/01/2023;15.3;7.1
07/01/2023;11.3;8.9
08/01/2023;14.0;8.3
09/01/2023;14.3;3.3
10/01/2023;15.4;-1.0
11/01/2023;9.6;-3.2
12/01/2023;14.9;1.2
13/01/2023;7.4;2.1
14/01/2023;13.5;3.4
15/01/2023;12.5;3.9
16/01/2023;11.7;5.8
17/01/2023;9.0;5.9
18/01/2023;7.8;3.6
19/01/2023;7.9;1.6
20/01/2023;5.2;-0.1
21/01/2023;4.9;2.0
22/01/2023;6.9;1.2
23/01/2023;6.1;1.1
24/01/2023;10.6;-1.2
25/01/2023;7.6;5.8
26/01/2023;6.1;2.8
27/01/2023;4.9;1.1
28/01/2023;6.1;-0.1
29/01/2023;8.1;-2.8
30/01/2023;10.1;-5.4
31/01/2023;14.1;-2.4
01/02/2023;10.5;-0.9
02/02/2023;14.3;1.6
03/02/2023;11.0;3.7
04/02/2023;16.7;4.1
05/02/2023;9.6;-2.2
06/02/2023;6.3;0.5
07/02/2023;6.6;-2.0
08/02/2023;4.7;-4.5
09/02/2023;4.8;-4.3
10/02/2023;9.4;-7.6
11/02/2023;14.5;-6.8
12/02/2023;17.0;-6.2
13/02/2023;14.7;-2.8
14/02/2023;18.1;-4.8
15/02/2023;20.7;-4.3
16/02/2023;8.2;-2.2
17/02/2023;14.1;1.9
18/02/2023;13.0;2.6
19/02/2023;13.7;10.1
20/02/2023;18.9;5.0
21/02/2023;12.5;6.4
22/02/2023;12.6;8.3
23/02/2023;15.0;5.6
24/02/2023;11.8;5.9
25/02/2023;12.6;10.2
26/02/2023;11.3;2.7
27/02/2023;7.8;3.3
28/02/2023;6.6;3.9
01/03/2023;5.7;-0.2
02/03/2023;9.4;0.2
03/03/2023;13.5;2.3
04/03/2023;14.8;-0.5
05/03/2023;14.3;-3.6
06/03/2023;9.4;7.0
07/03/2023;12.3;2.7
08/03/2023;14.9;7.2
09/03/2023;17.1;10.5
10/03/2023;16.5;11.0
11/03/2023;17.2;10.6
12/03/2023;20.8;5.7
13/03/2023;20.3;2.3
14/03/2023;14.8;9.3
15/03/2023;16.1;1.0
16/03/2023;14.6;-1.5
17/03/2023;19.1;-2.0
18/03/2023;18.7;-0.4
19/03/2023;12.7;7.3
20/03/2023;14.6;6.6
21/03/2023;20.4;5.5
22/03/2023;21.5;4.2
23/03/2023;18.5;4.6
24/03/2023;18.7;6.8
25/03/2023;19.0;11.1
26/03/2023;19.3;11.4
27/03/2023;18.8;7.2
28/03/2023;17.6;2.3
29/03/2023;14.8;0.1
30/03/2023;18.8;10.2
31/03/2023;15.4;8.8
01/04/2023;19.3;8.6
02/04/2023;17.0;5.6
03/04/2023;14.9;4.6
04/04/2023;10.4;3.5
05/04/2023;11.2;-0.4
06/04/2023;16.6;-3.4
07/04/2023;16.8;-1.9
08/04/2023;15.9;4.2
09/04/2023;16.1;1.7
10/04/2023;16.9;3.5
11/04/2023;16.8;0.9
12/04/2023;18.6;8.8
13/04/2023;16.8;8.1
14/04/2023;15.6;5.4
15/04/2023;18.1;7.4
16/04/2023;17.2;8.7
17/04/2023;16.3;7.3
18/04/2023;19.0;6.5
19/04/2023;21.9;5.3
20/04/2023;20.5;5.1
21/04/2023;20.8;6.2
22/04/2023;23.7;6.5
23/04/2023;23.5;5.4
24/04/2023;20.2;12.5
25/04/2023;17.5;5.6
26/04/2023;22.2;4.3
27/04/2023;23.7;3.0
28/04/2023;22.1;4.4
29/04/2023;19.3;12.5
30/04/2023;20.2;10.1
01/05/2023;16.9;11.5
02/05/2023;15.7;12.0
03/05/2023;18.3;9.9
04/05/2023;23.9;7.7
05/05/2023;26.4;7.7
06/05/2023;26.2;6.9
07/05/2023;26.5;7.6
08/05/2023;22.3;8.4
09/05/2023;25.3;8.7
10/05/2023;16.2;11.0
11/05/2023;18.6;9.5
12/05/2023;19.2;10.0
13/05/2023;19.6;10.2
14/05/2023;16.7;11.3
15/05/2023;20.3;11.1
16/05/2023;15.4;12.4
17/05/2023;17.4;12.6
18/05/2023;19.1;12.7
19/05/2023;17.3;11.7
20/05/2023;17.7;12.9
21/05/2023;25.2;13.0
22/05/2023;27.0;11.4
23/05/2023;28.9;10.4
24/05/2023;27.7;12.5
25/05/2023;24.7;12.6
26/05/2023;28.2;10.5
27/05/2023;26.0;12.1
28/05/2023;26.9;9.9
29/05/2023;26.5;11.3
30/05/2023;26.1;10.3
31/05/2023;25.4;12.2
01/06/2023;27.6;11.3
02/06/2023;26.6;13.6
03/06/2023;26.4;14.1
04/06/2023;26.3;14.5
05/06/2023;22.5;15.6
06/06/2023;23.8;15.3
07/06/2023;25.3;14.5
08/06/2023;28.1;13.7
09/06/2023;28.1;12.5
10/06/2023;26.2;18.1
11/06/2023;27.9;16.6
12/06/2023;27.8;14.4
13/06/2023;25.7;14.4
14/06/2023;24.8;16.3
15/06/2023;26.7;14.5
16/06/2023;28.7;12.1
17/06/2023;29.8;13.7
18/06/2023;30.7;12.9
19/06/2023;31.0;14.7
20/06/2023;31.6;13.3
21/06/2023;32.0;16.8
22/06/2023;34.8;17.2
23/06/2023;29.8;17.0
24/06/2023;28.8;16.5
25/06/2023;29.8;14.9
26/06/2023;33.6;13.1
27/06/2023;33.7;15.0
28/06/2023;28.8;16.5
29/06/2023;30.8;14.0
30/06/2023;25.4;16.2
01/07/2023;27.1;17.4
02/07/2023;30.4;18.7
03/07/2023;31.5;15.5
04/07/2023;31.6;18.1
05/07/2023;28.8;15.6
06/07/2023;30.4;15.7
07/07/2023;31.0;15.4
08/07/2023;33.2;14.3
09/07/2023;35.4;16.3
10/07/2023;36.9;18.3
11/07/2023;36.7;17.8
12/07/2023;35.2;19.6
13/07/2023;31.5;20.3
14/07/2023;34.8;18.3
15/07/2023;35.9;16.9
16/07/2023;36.8;18.1
17/07/2023;36.3;18.4
18/07/2023;36.0;16.7
19/07/2023;36.2;16.8
20/07/2023;34.9;19.1
21/07/2023;33.6;17.7
22/07/2023;33.3;18.3
23/07/2023;34.0;16.3
24/07/2023;35.1;15.8
25/07/2023;31.1;20.6
26/07/2023;29.6;16.3
27/07/2023;31.2;13.5
28/07/2023;28.9;12.2
29/07/2023;31.4;18.5
30/07/2023;30.5;16.6
31/07/2023;34.1;16.1
01/08/2023;29.6;15.5
02/08/2023;30.6;19.0
03/08/2023;30.5;23.4
04/08/2023;26.5;15.3
05/08/2023;22.1;13.7
06/08/2023;28.4;12.8
07/08/2023;28.6;11.2
08/08/2023;30.6;8.1
09/08/2023;30.3;11.3
10/08/2023;32.8;11.4
11/08/2023;33.0;15.5
12/08/2023;35.3;12.9
13/08/2023;36.0;15.6
14/08/2023;34.9;16.5
15/08/2023;36.0;14.9
16/08/2023;35.4;17.5
17/08/2023;36.3;17.1
18/08/2023;36.2;17.2
19/08/2023;36.1;16.8
20/08/2023;35.0;17.8
21/08/2023;36.0;18.0
22/08/2023;36.7;16.5
23/08/2023;38.0;16.0
24/08/2023;39.8;16.3
25/08/2023;38.5;16.6
26/08/2023;34.7;15.4
27/08/2023;34.9;16.4
28/08/2023;27.5;17.2
29/08/2023;22.3;15.8
30/08/2023;25.3;15.4
31/08/2023;27.0;15.1
01/09/2023;28.3;13.5
02/09/2023;32.3;11.9
03/09/2023;33.8;14.0
04/09/2023;29.4;15.9
05/09/2023;26.5;17.0
06/09/2023;28.9;12.3
07/09/2023;29.7;13.1
08/09/2023;31.1;13.9
09/09/2023;31.5;11.8
10/09/2023;32.8;10.4
11/09/2023;33.8;11.3
12/09/2023;31.3;10.4
13/09/2023;27.5;12.4
14/09/2023;30.2;13.9
15/09/2023;28.2;15.7
16/09/2023;29.4;15.1
17/09/2023;29.7;15.2
18/09/2023;30.1;16.3
19/09/2023;29.5;14.5
20/09/2023;26.4;13.1
21/09/2023;27.9;14.7
22/09/2023;26.5;17.8
23/09/2023;24.9;13.0
24/09/2023;22.0;11.3
25/09/2023;24.8;11.6
26/09/2023;26.1;12.6
27/09/2023;27.3;11.8
28/09/2023;28.7;9.2
29/09/2023;29.4;8.4
30/09/2023;31.0;7.6
01/10/2023;31.8;8.0
02/10/2023;33.1;8.8
03/10/2023;28.8;8.7
04/10/2023;28.6;9.9
05/10/2023;29.1;12.2
06/10/2023;28.1;11.4
07/10/2023;29.5;9.2
08/10/2023;30.7;10.4
09/10/2023;28.4;10.2
10/10/2023;26.7;10.4
11/10/2023;27.4;12.2
12/10/2023;26.7;13.5
13/10/2023;25.8;11.5
14/10/2023;25.6;10.2
15/10/2023;23.8;12.4
16/10/2023;19.1;11.9
17/10/2023;21.9;9.1
18/10/2023;15.6;13.5
19/10/2023;23.0;15.7
20/10/2023;25.9;16.1
21/10/2023;21.3;13.4
22/10/2023;21.0;10.0
23/10/2023;20.6;10.3
24/10/2023;21.0;15.7
25/10/2023;18.8;14.6
26/10/2023;20.4;16.2
27/10/2023;20.9;17.2
28/10/2023;21.7;11.2
29/10/2023;23.0;8.4
30/10/2023;22.6;15.3
31/10/2023;19.2;14.0
01/11/2023;16.7;9.9
02/11/2023;19.5;10.7
03/11/2023;16.6;9.4
04/11/2023;15.7;7.1
05/11/2023;18.0;14.9
06/11/2023;19.3;11.7
07/11/2023;17.5;8.9
08/11/2023;16.2;6.6
09/11/2023;15.7;5.7
10/11/2023;14.1;8.5
11/11/2023;15.2;6.0
12/11/2023;11.1;6.3
13/11/2023;16.2;8.5
14/11/2023;19.0;14.7
15/11/2023;21.8;5.1
16/11/2023;15.3;4.5
17/11/2023;19.0;3.3
18/11/2023;16.9;-0.1
19/11/2023;9.6;1.8
20/11/2023;16.4;9.6
21/11/2023;13.9;9.9
22/11/2023;12.4;10.3
23/11/2023;14.6;2.5
24/11/2023;14.6;-0.5
25/11/2023;10.2;-2.0
26/11/2023;12.6;-5.8
27/11/2023;6.4;-2.2
02/12/2023;16.7;7.6
03/12/2023;10.1;-0.1
04/12/2023;4.5;-2.6
05/12/2023;5.9;3.6
06/12/2023;4.8;2.8
07/12/2023;3.0;0.9
08/12/2023;3.7;0.0
09/12/2023;11.3;1.3
10/12/2023;16.2;4.2
11/12/2023;11.9;5.4
12/12/2023;15.2;11.7
13/12/2023;15.1;10.8
14/12/2023;11.2;2.4
15/12/2023;13.8;0.2
16/12/2023;11.4;5.3
17/12/2023;14.4;-0.4
18/12/2023;16.6;-2.0
19/12/2023;15.6;-1.8
20/12/2023;5.5;-1.7
21/12/2023;11.9;-1.5
22/12/2023;15.0;5.9
23/12/2023;14.2;8.6
24/12/2023;13.3;9.1
25/12/2023;12.9;10.1
26/12/2023;11.8;5.6
27/12/2023;11.2;5.1
28/12/2023;12.1;6.4
29/12/2023;11.8;8.5
30/12/2023;10.3;9.0
31/12/2023;13.6;9.3
01/01/2024;13.2;3.9
02/01/2024;11.7;3.8
03/01/2024;14.2;11.0
04/01/2024;16.2;8.9
05/01/2024;13.6;7.4
06/01/2024;13.4;8.0
07/01/2024;8.5;7.2
08/01/2024;9.2;5.7
09/01/2024;7.7;2.3
10/01/2024;6.3;0.2
11/01/2024;8.2;-1.3
12/01/2024;10.4;-3.5
13/01/2024;9.4;-5.6
14/01/2024;9.1;2.2
15/01/2024;11.3;5.0
16/01/2024;12.6;3.8
17/01/2024;14.9;7.7
18/01/2024;16.4;13.5
19/01/2024;15.1;5.0
20/01/2024;5.9;1.9
21/01/2024;10.9;-3.7
22/01/2024;11.0;-6.8
23/01/2024;11.6;2.7
24/01/2024;7.7;1.0
25/01/2024;12.5;3.5
26/01/2024;9.1;5.8
27/01/2024;15.2;0.5
28/01/2024;17.3;-2.3
29/01/2024;16.8;-4.0
30/01/2024;15.6;-4.4
31/01/2024;14.3;-3.5
01/02/2024;6.8;-1.6
02/02/2024;17.3;-1.5
03/02/2024;15.3;-1.6
04/02/2024;12.9;2.9
05/02/2024;12.9;8.7
06/02/2024;14.2;6.9
07/02/2024;13.6;7.1
08/02/2024;12.9;9.6
09/02/2024;14.9;12.1
10/02/2024;11.8;9.7
11/02/2024;12.8;7.5
12/02/2024;15.2;5.1
13/02/2024;16.9;2.6
14/02/2024;17.7;0.5
15/02/2024;17.9;0.5
16/02/2024;18.1;2.5
17/02/2024;21.2;4.0
18/02/2024;20.7;0.3
19/02/2024;19.2;4.2
20/02/2024;17.5;2.7
21/02/2024;18.4;-0.6
22/02/2024;14.1;2.3
23/02/2024;14.7;7.0
24/02/2024;12.8;5.7
25/02/2024;13.8;2.2
26/02/2024;8.4;1.6
27/02/2024;14.3;7.6
28/02/2024;15.3;7.9
29/02/2024;13.9;12.1
01/03/2024;12.9;9.2
02/03/2024;13.5;5.5
03/03/2024;14.4;5.3
04/03/2024;11.4;5.1
05/03/2024;15.6;5.3
06/03/2024;12.5;3.0
07/03/2024;11.3;0.5
08/03/2024;15.5;0.1
09/03/2024;15.8;6.9
10/03/2024;15.0;8.1
11/03/2024;15.4;5.5
12/03/2024;17.0;4.9
13/03/2024;17.1;3.8
14/03/2024;18.1;2.0
15/03/2024;13.4;3.5
16/03/2024;16.7;7.8
17/03/2024;18.8;6.2
18/03/2024;12.4;7.6
19/03/2024;20.7;6.7
20/03/2024;22.5;3.6
21/03/2024;18.3;3.4
22/03/2024;21.7;6.8
23/03/2024;16.4;3.6
24/03/2024;17.4;3.9
25/03/2024;17.2;3.4
26/03/2024;10.6;4.7
27/03/2024;14.1;8.4
28/03/2024;17.3;9.2
29/03/2024;22.4;9.4
30/03/2024;23.4;7.4
31/03/2024;21.9;12.0
01/04/2024;17.3;10.8
02/04/2024;18.0;6.5
03/04/2024;18.2;6.2
04/04/2024;19.3;8.2
05/04/2024;22.6;4.9
06/04/2024;24.3;5.7
07/04/2024;25.9;4.2
08/04/2024;27.7;6.4
09/04/2024;25.5;8.7
10/04/2024;19.8;10.0
11/04/2024;22.6;11.3
12/04/2024;26.0;7.8
13/04/2024;28.4;7.7
14/04/2024;29.5;7.0
15/04/2024;24.2;7.0
16/04/2024;19.6;8.6
17/04/2024;17.2;6.8
18/04/2024;14.9;4.9
19/04/2024;18.3;6.5
20/04/2024;15.7;5.0
21/04/2024;15.8;1.2
22/04/2024;12.2;4.9
23/04/2024;10.8;3.7
24/04/2024;14.3;5.7
25/04/2024;16.1;3.7
26/04/2024;16.0;3.4
27/04/2024;15.3;7.8
28/04/2024;25.5;8.4
29/04/2024;23.6;8.0
30/04/2024;26.7;6.3
01/05/2024;17.8;12.0
02/05/2024;16.0;7.7
03/05/2024;19.0;6.7
04/05/2024;19.1;11.5
05/05/2024;22.3;9.0
06/05/2024;22.1;6.5
07/05/2024;16.6;11.1
08/05/2024;22.4;11.5
09/05/2024;23.1;11.7
10/05/2024;23.5;8.6
11/05/2024;25.3;6.2
12/05/2024;27.5;7.2
13/05/2024;24.4;9.9
14/05/2024;25.4;10.9
15/05/2024;23.2;13.4
16/05/2024;24.2;13.0
17/05/2024;23.3;10.9
18/05/2024;27.2;7.9
19/05/2024;27.0;9.9
20/05/2024;24.3;15.2
21/05/2024;22.3;15.6
22/05/2024;22.0;15.0
23/05/2024;23.5;11.1
24/05/2024;25.1;10.8
25/05/2024;25.2;10.3
26/05/2024;26.3;8.3
27/05/2024;28.3;9.3
28/05/2024;26.4;14.4
29/05/2024;26.8;12.0
30/05/2024;24.1;13.0
31/05/2024;23.5;12.0
01/06/2024;25.7;8.3
02/06/2024;24.8;10.6
03/06/2024;20.7;12.7
04/06/2024;26.7;12.3
05/06/2024;26.8;12.9
06/06/2024;25.8;14.7
07/06/2024;28.2;11.7
08/06/2024;29.7;12.9
09/06/2024;28.0;15.3
10/06/2024;26.5;17.1
11/06/2024;26.8;16.2
12/06/2024;26.6;14.1
13/06/2024;23.8;11.3
14/06/2024;24.6;10.7
15/06/2024;27.6;10.6
16/06/2024;27.0;12.2
17/06/2024;29.8;9.4
18/06/2024;33.5;11.8
19/06/2024;30.4;15.8
20/06/2024;30.2;17.0
21/06/2024;31.6;18.4
22/06/2024;27.2;14.5
23/06/2024;24.5;17.0
24/06/2024;18.1;15.7
25/06/2024;25.3;15.8
26/06/2024;26.4;15.8
27/06/2024;27.6;16.1
28/06/2024;32.1;14.2
29/06/2024;34.1;17.4
30/06/2024;29.2;18.6
01/07/2024;29.5;15.9
02/07/2024;29.0;17.1
03/07/2024;26.8;14.6
04/07/2024;28.4;16.2
05/07/2024;30.9;14.4
06/07/2024;31.2;14.7
07/07/2024;29.7;16.2
08/07/2024;32.5;16.9
09/07/2024;34.1;14.4
10/07/2024;35.0;18.0
11/07/2024;34.2;16.5
12/07/2024;34.9;16.4
13/07/2024;32.9;17.7
14/07/2024;34.0;15.2
15/07/2024;35.7;14.9
16/07/2024;34.5;15.3
17/07/2024;35.0;15.3
18/07/2024;36.4;15.1
19/07/2024;35.8;18.5
20/07/2024;32.7;20.3
21/07/2024;34.4;17.3
22/07/2024;33.2;19.9
23/07/2024;33.5;17.2
24/07/2024;34.2;18.1
25/07/2024;33.9;17.5
26/07/2024;35.8;17.5
27/07/2024;36.1;16.8
28/07/2024;37.0;15.6
29/07/2024;35.1;17.7
30/07/2024;35.9;18.7
31/07/2024;38.0;17.2
01/08/2024;36.1;17.8
02/08/2024;35.9;16.0
03/08/2024;31.3;18.9
04/08/2024;34.6;16.3
05/08/2024;36.3;17.0
06/08/2024;35.9;18.2
07/08/2024;35.2;18.7
08/08/2024;36.5;16.3
09/08/2024;37.7;18.5
10/08/2024;38.1;19.4
11/08/2024;38.6;19.1
12/08/2024;40.1;18.7
14/08/2024;37.4;17.9
15/08/2024;36.2;19.2
16/08/2024;35.3;20.2
17/08/2024;33.1;20.2
18/08/2024;29.5;17.6
19/08/2024;25.7;16.2
20/08/2024;29.0;17.2
21/08/2024;34.4;16.4
22/08/2024;35.6;15.9
23/08/2024;34.7;17.7
24/08/2024;35.4;16.3
25/08/2024;35.0;14.1
26/08/2024;35.1;15.9
27/08/2024;32.8;18.1
28/08/2024;33.6;17.8
29/08/2024;36.3;18.3
30/08/2024;36.5;16.5
31/08/2024;35.9;16.2
01/09/2024;35.0;15.4
02/09/2024;31.8;16.1
03/09/2024;34.5;16.1
04/09/2024;32.2;17.7
05/09/2024;22.7;18.0
06/09/2024;29.4;16.9
07/09/2024;32.6;13.9
08/09/2024;24.1;19.5
09/09/2024;26.3;16.8
10/09/2024;30.8;16.1
11/09/2024;29.3;15.2
12/09/2024;21.3;13.9
13/09/2024;16.6;8.9
14/09/2024;23.6;6.3
15/09/2024;24.7;6.9
16/09/2024;25.1;11.2
17/09/2024;17.5;14.1
18/09/2024;18.9;13.9
19/09/2024;19.1;12.9
20/09/2024;21.1;12.5
21/09/2024;25.2;10.6
22/09/2024;26.0;11.7
23/09/2024;23.3;15.2
24/09/2024;23.2;15.0
25/09/2024;24.4;12.7
26/09/2024;25.8;15.0
27/09/2024;26.0;18.1
28/09/2024;22.2;12.8
29/09/2024;23.7;10.4
30/09/2024;22.5;8.4
01/10/2024;16.5;12.1
02/10/2024;23.5;15.8
03/10/2024;15.9;11.8
04/10/2024;17.5;10.5
05/10/2024;16.5;7.4
06/10/2024;19.5;6.3
07/10/2024;16.8;12.2
08/10/2024;20.9;15.1
09/10/2024;23.8;16.0
10/10/2024;21.1;15.8
11/10/2024;20.9;10.5
12/10/2024;22.2;10.4
13/10/2024;19.8;11.9
14/10/2024;22.4;12.7
15/10/2024;24.0;13.0
16/10/2024;17.3;13.7
17/10/2024;18.3;15.2
18/10/2024;22.4;14.5
19/10/2024;19.6;14.5
20/10/2024;21.7;14.5
21/10/2024;23.8;11.7
22/10/2024;22.5;12.3
23/10/2024;17.9;15.4
24/10/2024;18.3;15.4
25/10/2024;17.9;14.8
26/10/2024;22.5;15.3
27/10/2024;22.7;13.2
28/10/2024;23.9;12.6
29/10/2024;24.0;10.6
30/10/2024;24.7;8.7
31/10/2024;24.3;5.7
01/11/2024;22.4;6.2
02/11/2024;21.6;4.9
03/11/2024;21.8;4.9
04/11/2024;22.6;5.0
05/11/2024;17.9;4.4
06/11/2024;20.6;3.2
07/11/2024;20.0;0.4
08/11/2024;18.3;1.2
09/11/2024;17.0;4.9
10/11/2024;18.8;2.0
11/11/2024;16.4;0.0
12/11/2024;14.1;2.9
13/11/2024;13.0;1.3
14/11/2024;10.9;2.0
15/11/2024;15.5;-0.4
16/11/2024;16.9;-2.3
17/11/2024;10.2;3.3
18/11/2024;16.1;8.2
19/11/2024;15.2;8.5
20/11/2024;14.7;2.2
21/11/2024;13.2;-1.5
22/11/2024;15.2;-0.4
23/11/2024;13.1;-4.0
24/11/2024;9.5;1.3
25/11/2024;10.4;4.1
26/11/2024;17.5;8.1
27/11/2024;14.7;10.4
28/11/2024;13.9;9.0
29/11/2024;13.3;2.4
30/11/2024;11.5;0.4
01/12/2024;12.6;2.7
02/12/2024;15.3;-0.7
03/12/2024;5.9;-1.6
04/12/2024;8.7;3.9
05/12/2024;10.2;-0.9
06/12/2024;4.7;-1.1
07/12/2024;4.9;0.1
08/12/2024;6.6;2.8
09/12/2024;6.4;2.8
10/12/2024;9.0;2.8
11/12/2024;11.7;-0.7
12/12/2024;11.9;-2.7
13/12/2024;9.6;-2.5
14/12/2024;8.0;4.6
15/12/2024;7.2;0.2
16/12/2024;12.0;-1.9
17/12/2024;13.7;-1.6
18/12/2024;11.0;6.6
19/12/2024;12.9;8.9
20/12/2024;13.0;0.6
21/12/2024;10.7;-2.4
22/12/2024;5.2;-2.9
23/12/2024;8.6;-3.0
24/12/2024;11.1;-5.5
25/12/2024;10.4;3.3
26/12/2024;11.0;3.3
27/12/2024;13.2;-0.5
28/12/2024;18.6;-2.8
29/12/2024;15.2;-3.6
30/12/2024;13.3;-4.2
31/12/2024;11.1;-4.3
01/01/2025;11.4;1.2
02/01/2025;12.0;5.0
03/01/2025;11.9;-0.5
04/01/2025;6.4;-2.4
05/01/2025;11.5;-1.3
06/01/2025;14.6;11.3
07/01/2025;13.9;8.5
08/01/2025;13.4;9.1
09/01/2025;14.3;11.4
10/01/2025;13.6;6.2
11/01/2025;9.0;1.7
12/01/2025;6.8;0.9
13/01/2025;5.1;3.4
14/01/2025;6.3;-2.8
15/01/2025;9.9;-4.8
16/01/2025;8.1;1.2
17/01/2025;8.1;0.1
18/01/2025;8.5;1.5
19/01/2025;10.8;1.8
20/01/2025;9.9;4.7
21/01/2025;9.7;6.1
22/01/2025;8.3;5.9
23/01/2025;15.0;8.3
24/01/2025;14.0;4.3
25/01/2025;14.7;6.1
26/01/2025;13.2;4.4
27/01/2025;15.4;8.0
28/01/2025;15.1;8.8
29/01/2025;13.7;2.2
30/01/2025;10.5;2.1
31/01/2025;8.3;1.2
01/02/2025;13.1;3.2
02/02/2025;12.7;3.0
03/02/2025;13.7;0.7
04/02/2025;14.7;-2.3
05/02/2025;15.8;-2.8
06/02/2025;13.9;-1.7
07/02/2025;12.1;-2.9
08/02/2025;10.0;3.4
09/02/2025;14.7;3.0
10/02/2025;13.9;3.0
11/02/2025;10.8;7.4
12/02/2025;10.8;7.6
13/02/2025;13.4;8.3
14/02/2025;8.6;4.4
15/02/2025;8.2;-0.6
16/02/2025;13.2;-3.1
17/02/2025;9.3;-0.5
18/02/2025;9.7;-2.9
19/02/2025;6.8;3.9
20/02/2025;14.1;2.7
21/02/2025;17.7;-0.5
22/02/2025;9.9;3.1
23/02/2025;13.8;8.4
24/02/2025;11.8;9.3
25/02/2025;15.0;9.8
26/02/2025;14.6;6.8
27/02/2025;15.6;3.8
28/02/2025;13.3;2.5
01/03/2025;12.6;7.4
02/03/2025;11.5;3.2
03/03/2025;15.1;-0.8
04/03/2025;16.5;-2.8
05/03/2025;19.6;-2.0
06/03/2025;20.6;-1.2
07/03/2025;19.0;-1.1
08/03/2025;20.5;1.8
09/03/2025;16.2;5.9
10/03/2025;16.8;8.4
11/03/2025;18.0;8.0
12/03/2025;12.8;8.9
13/03/2025;15.6;9.1
14/03/2025;14.1;10.0
15/03/2025;16.9;10.1
16/03/2025;13.2;3.6
17/03/2025;15.6;0.4
18/03/2025;9.3;2.6
19/03/2025;16.0;-2.0
20/03/2025;17.5;-2.0
21/03/2025;15.4;4.6
22/03/2025;11.2;8.9
23/03/2025;19.0;8.0
24/03/2025;19.1;5.8
25/03/2025;18.1;7.6
26/03/2025;17.9;5.3
27/03/2025;13.7;10.6
28/03/2025;14.7;9.6
29/03/2025;13.7;9.7
30/03/2025;18.8;7.0
31/03/2025;17.4;4.6
01/04/2025;12.0;7.6
02/04/2025;16.8;5.3
03/04/2025;21.4;2.3
04/04/2025;22.0;2.1
05/04/2025;23.0;1.8
06/04/2025;19.6;3.2
07/04/2025;17.7;-0.7
08/04/2025;18.0;0.9
09/04/2025;18.2;0.5
10/04/2025;21.7;6.9
11/04/2025;21.5;3.6
12/04/2025;22.5;3.4
13/04/2025;13.5;10.2
14/04/2025;13.8;10.8
15/04/2025;19.9;12.6
16/04/2025;21.1;10.9
17/04/2025;15.1;10.7
18/04/2025;13.5;7.0
19/04/2025;19.5;5.6
20/04/2025;20.9;7.2
21/04/2025;22.5;10.4
22/04/2025;25.2;9.2
23/04/2025;23.1;11.9
24/04/2025;23.2;11.2
25/04/2025;21.1;10.0
26/04/2025;19.0;6.5
27/04/2025;21.3;6.4
28/04/2025;23.7;8.9
29/04/2025;25.3;6.9
30/04/2025;26.2;6.3
01/05/2025;28.5;3.9
02/05/2025;29.8;7.2
03/05/2025;25.7;8.2
04/05/2025;22.4;9.4
05/05/2025;17.8;12.7
06/05/2025;21.0;8.4
07/05/2025;18.3;7.2
08/05/2025;20.2;9.0
09/05/2025;20.5;7.2
10/05/2025;23.4;7.4
11/05/2025;23.6;8.8
12/05/2025;25.3;10.7
13/05/2025;23.2;11.1
14/05/2025;26.4;9.2
15/05/2025;26.0;7.7
16/05/2025;19.0;9.1
17/05/2025;21.9;7.8
18/05/2025;20.3;4.8
19/05/2025;25.2;10.9
20/05/2025;20.3;11.4
21/05/2025;22.2;12.6
23/05/2025;19.7;8.4
24/05/2025;22.2;5.7
25/05/2025;25.0;5.2
26/05/2025;22.5;9.5
27/05/2025;24.6;10.3
28/05/2025;27.5;9.4
29/05/2025;28.8;11.8
30/05/2025;30.2;10.5
31/05/2025;31.6;11.7
01/06/2025;30.8;11.4
02/06/2025;29.9;12.2
03/06/2025;29.4;14.9
04/06/2025;29.0;12.6
05/06/2025;27.2;12.3
06/06/2025;29.0;15.6
07/06/2025;30.8;13.2
08/06/2025;28.3;13.5
09/06/2025;30.2;11.0
10/06/2025;31.8;13.6
11/06/2025;32.7;14.2
12/06/2025;34.3;14.4
13/06/2025;33.9;16.2
14/06/2025;36.0;16.9
15/06/2025;36.3;19.2
16/06/2025;32.8;15.6
17/06/2025;23.9;15.7
18/06/2025;30.7;13.9
19/06/2025;35.1;14.7
20/06/2025;35.2;16.8
21/06/2025;33.5;18.3
22/06/2025;32.6;19.8
23/06/2025;33.5;16.6
24/06/2025;32.7;15.3
25/06/2025;35.1;17.0
26/06/2025;35.4;19.0
27/06/2025;34.2;17.3
28/06/2025;34.6;16.5
29/06/2025;34.0;17.6
30/06/2025;37.1;15.4
01/07/2025;36.3;18.2
02/07/2025;35.9;18.6
03/07/2025;36.5;18.0
04/07/2025;36.9;18.4
05/07/2025;35.9;17.9
06/07/2025;29.7;17.4
07/07/2025;28.3;21.2
08/07/2025;29.4;13.9
09/07/2025;28.2;12.4
10/07/2025;30.0;9.3
11/07/2025;31.8;10.6
12/07/2025;30.4;11.6
13/07/2025;27.3;16.6
14/07/2025;31.1;14.1
15/07/2025;34.7;16.3
16/07/2025;33.8;16.3
17/07/2025;32.1;17.7
18/07/2025;34.9;14.3
19/07/2025;32.4;17.5
20/07/2025;33.5;18.7
21/07/2025;33.2;21.8
22/07/2025;31.0;17.6
23/07/2025;31.6;15.2
24/07/2025;32.7;17.4
25/07/2025;27.4;18.2
26/07/2025;29.5;15.2
27/07/2025;31.5;14.3
28/07/2025;21.2;17.0
29/07/2025;27.3;13.9
30/07/2025;30.4;11.0
31/07/2025;31.0;13.5
01/08/2025;31.4;13.7
02/08/2025;27.5;16.5
03/08/2025;26.4;14.4
04/08/2025;29.5;11.7
05/08/2025;32.7;13.2
06/08/2025;32.0;14.9
07/08/2025;34.7;17.4
08/08/2025;36.8;15.8
09/08/2025;37.5;17.3
10/08/2025;38.3;16.9
11/08/2025;36.7;17.0
12/08/2025;36.8;17.2
13/08/2025;36.9;17.8
14/08/2025;37.2;17.5
15/08/2025;35.6;15.5
16/08/2025;36.1;14.8
17/08/2025;34.7;18.2
18/08/2025;33.5;18.1
19/08/2025;33.1;17.5
20/08/2025;28.7;18.8
21/08/2025;27.9;16.8
22/08/2025;28.0;16.6
23/08/2025;27.8;15.6
24/08/2025;27.7;15.8
25/08/2025;30.3;16.5
26/08/2025;31.3;17.8
27/08/2025;30.6;15.8
28/08/2025;31.7;18.3
29/08/2025;29.0;18.1
30/08/2025;23.7;14.2
31/08/2025;28.6;14.2
01/09/2025;28.6;12.4
02/09/2025;26.4;17.8
03/09/2025;28.5;15.1
04/09/2025;31.1;12.9
05/09/2025;29.1;13.7
06/09/2025;29.7;12.7
07/09/2025;30.3;10.8
08/09/2025;29.6;11.5
09/09/2025;23.7;14.9
10/09/2025;21.4;18.3
11/09/2025;26.0;15.5
12/09/2025;27.8;15.1
13/09/2025;25.4;14.5
14/09/2025;24.3;15.3
15/09/2025;27.1;14.7
16/09/2025;26.4;14.6
17/09/2025;26.9;14.5
18/09/2025;30.6;12.4
19/09/2025;32.8;12.5
20/09/2025;32.7;14.5
21/09/2025;30.9;13.6
22/09/2025;26.4;14.0
23/09/2025;23.5;16.8
24/09/2025;23.6;12.0
25/09/2025;16.9;9.6
26/09/2025;19.1;11.1
27/09/2025;21.2;10.9
28/09/2025;21.3;9.3
29/09/2025;24.4;7.4
30/09/2025;24.5;8.3
01/10/2025;18.3;9.8
02/10/2025;16.6;5.6
03/10/2025;18.5;3.3
04/10/2025;19.9;1.6
05/10/2025;16.5;4.5
06/10/2025;22.2;4.3
07/10/2025;22.9;3.4
08/10/2025;24.2;5.4
09/10/2025;25.2;6.8
10/10/2025;25.7;7.8
11/10/2025;25.8;7.6
12/10/2025;25.4;9.3
13/10/2025;24.4;8.8
14/10/2025;23.6;8.1
15/10/2025;20.7;7.2
16/10/2025;19.8;6.7
17/10/2025;18.5;4.7
18/10/2025;20.6;3.0
19/10/2025;21.4;1.8
20/10/2025;16.7;6.0
21/10/2025;18.5;11.5
22/10/2025;18.1;13.6
23/10/2025;19.7;10.7
24/10/2025;19.7;10.1
25/10/2025;17.8;13.1
26/10/2025;17.9;11.7
27/10/2025;14.9;7.4
28/10/2025;20.5;8.3
29/10/2025;20.0;9.3
30/10/2025;20.1;15.6
31/10/2025;19.9;12.4
01/11/2025;19.6;12.6
02/11/2025;19.1;12.7
03/11/2025;19.2;5.2
04/11/2025;19.6;2.7
05/11/2025;20.0;2.5
06/11/2025;19.5;0.9
07/11/2025;14.8;2.3
08/11/2025;17.1;2.7
09/11/2025;15.4;0.8
10/11/2025;19.5;1.1
11/11/2025;15.2;1.1
12/11/2025;18.8;8.5
13/11/2025;18.8;8.7
14/11/2025;17.1;10.4
15/11/2025;16.9;11.6
16/11/2025;18.9;13.3
17/11/2025;17.0;10.8
18/11/2025;11.8;2.6
19/11/2025;10.6;-0.5
20/11/2025;12.4;6.1
21/11/2025;10.7;3.9
22/11/2025;6.0;1.8
23/11/2025;6.8;-2.6
24/11/2025;11.6;4.5
04/12/2025;12.8;2.9
05/12/2025;12.4;1.4
06/12/2025;13.1;-0.4
07/12/2025;12.4;2.1
08/12/2025;14.6;0.1
09/12/2025;11.1;0.4
10/12/2025;12.5;5.0
11/12/2025;13.4;5.0
12/12/2025;11.3;0.8
13/12/2025;17.7;-1.1
14/12/2025;12.1;-2.2
15/12/2025;5.5;0.6
16/12/2025;8.4;4.9
17/12/2025;9.9;7.0
18/12/2025;12.5;9.1
19/12/2025;12.5;7.7
20/12/2025;14.4;3.4
21/12/2025;12.2;1.8
22/12/2025;13.7;0.9
23/12/2025;11.8;8.0
24/12/2025;11.8;7.3
25/12/2025;8.6;6.8
26/12/2025;9.5;3.5
27/12/2025;13.1;-1.6
28/12/2025;12.2;-4.2
29/12/2025;12.8;-5.9
30/12/2025;13.1;-0.2
31/12/2025;9.2;-4.1
01/01/2026;1.8;-6.8
02/01/2026;11.8;1.9
03/01/2026;12.8;4.9
04/01/2026;8.6;3.3
05/01/2026;4.8;2.9
06/01/2026;3.1;0.4
07/01/2026;3.0;-6.2
08/01/2026;3.3;-8.4
09/01/2026;11.7;0.4
10/01/2026;12.3;-2.0
11/01/2026;10.9;-5.1
12/01/2026;5.3;-6.6
13/01/2026;8.9;3.3
14/01/2026;12.6;7.3
15/01/2026;10.8;8.1
16/01/2026;12.4;2.2
17/01/2026;13.2;-0.5
18/01/2026;13.4;1.4
19/01/2026;9.1;6.1
20/01/2026;8.4;4.5
21/01/2026;7.3;-1.2
22/01/2026;12.1;-4.2
23/01/2026;5.6;-1.4
24/01/2026;8.8;5.5
25/01/2026;8.0;4.8
26/01/2026;11.1;-1.3
27/01/2026;8.8;-1.3
28/01/2026;11.9;7.3
29/01/2026;8.9;1.5
30/01/2026;9.9;2.1
31/01/2026;11.3;1.1
01/02/2026;10.5;-1.0
02/02/2026;7.3;-2.9
03/02/2026;12.6;5.3
04/02/2026;8.3;6.2
05/02/2026;11.8;6.0
06/02/2026;10.4;5.3
07/02/2026;12.0;6.7
08/02/2026;11.0;6.3
09/02/2026;12.3;6.3
10/02/2026;12.3;4.6
11/02/2026;13.7;8.8
12/02/2026;14.5;7.4
13/02/2026;14.9;6.9
14/02/2026;10.4;7.4
15/02/2026;14.7;3.5
16/02/2026;9.6;3.6
17/02/2026;16.4;-0.8
18/02/2026;14.8;-1.9
19/02/2026;12.9;7.8
20/02/2026;15.7;2.5
21/02/2026;18.1;0.9
22/02/2026;18.7;-0.8
23/02/2026;13.3;2.8
24/02/2026;14.2;3.9
25/02/2026;19.1;2.6
26/02/2026;20.2;3.0
27/02/2026;13.8;3.8
28/02/2026;16.1;3.3
01/03/2026;15.7;2.0
02/03/2026;16.6;5.4
03/03/2026;16.4;3.3
04/03/2026;16.4;2.6
05/03/2026;16.9;1.3
06/03/2026;16.5;3.8
07/03/2026;18.5;0.0
08/03/2026;17.3;3.7
09/03/2026;20.1;3.3
10/03/2026;19.3;2.0
11/03/2026;17.1;8.7
12/03/2026;15.2;8.9
13/03/2026;17.9;5.9
14/03/2026;15.1;4.2
15/03/2026;17.0;8.5
16/03/2026;19.4;4.9
17/03/2026;16.0;3.1
18/03/2026;10.7;5.7
19/03/2026;14.8;5.1
20/03/2026;14.9;0.5
21/03/2026;14.9;-1.6
22/03/2026;14.3;-1.1
23/03/2026;15.4;1.4
24/03/2026;17.7;-0.8
25/03/2026;16.5;-0.5
26/03/2026;12.7;2.3
27/03/2026;11.1;-0.3
28/03/2026;17.6;-1.5
29/03/2026;16.2;-1.2
30/03/2026;16.6;-0.6
31/03/2026;12.9;2.0
01/04/2026;10.4;8.0
02/04/2026;12.7;9.0
03/04/2026;19.7;3.4
04/04/2026;24.5;0.2
05/04/2026;24.2;1.9
06/04/2026;22.0;1.7
07/04/2026;22.8;4.3
08/04/2026;24.0;2.3
09/04/2026;24.9;3.5
10/04/2026;22.5;4.7
11/04/2026;25.0;4.2
12/04/2026;22.6;7.1
13/04/2026;20.0;12.7
14/04/2026;16.3;12.2
15/04/2026;18.4;11.0
16/04/2026;24.6;8.1
17/04/2026;24.7;7.4
18/04/2026;26.4;5.9
19/04/2026;24.9;6.1
20/04/2026;23.1;5.7
21/04/2026;19.1;10.9
22/04/2026;17.3;4.6
23/04/2026;20.7;1.0
24/04/2026;24.4;-0.2
25/04/2026;23.7;2.5
26/04/2026;24.4;2.3
27/04/2026;26.2;4.6
28/04/2026;26.4;4.0
29/04/2026;26.7;5.7
30/04/2026;18.7;5.6
01/05/2026;19.4;3.6
02/05/2026;24.5;1.3
03/05/2026;24.3;3.4
04/05/2026;23.8;4.0
05/05/2026;17.5;11.5
06/05/2026;20.3;11.8
07/05/2026;22.9;8.6
08/05/2026;20.6;6.5
09/05/2026;25.9;7.7
10/05/2026;18.9;12.7
11/05/2026;20.2;14.4
12/05/2026;21.2;14.0
13/05/2026;17.8;9.5
14/05/2026;20.3;10.7
15/05/2026;14.8;10.6
16/05/2026;17.3;6.7
17/05/2026;23.1;5.6
18/05/2026;22.7;3.9
19/05/2026;20.7;8.4
20/05/2026;25.9;8.6
21/05/2026;27.7;8.8
22/05/2026;27.2;8.6
23/05/2026;27.3;8.8
24/05/2026;28.6;9.6
25/05/2026;31.0;10.4
26/05/2026;33.0;12.4
27/05/2026;33.4;14.3
28/05/2026;23.2;15.5
29/05/2026;28.6;15.2
30/05/2026;32.0;12.6
31/05/2026;30.6;12.2
01/06/2026;26.9;13.3
02/06/2026;28.4;16.9
03/06/2026;28.7;14.4
04/06/2026;28.3;16.0
05/06/2026;26.6;11.7
06/06/2026;25.9;9.4
07/06/2026;30.1;11.2
08/06/2026;30.8;12.1
09/06/2026;29.3;11.8
10/06/2026;27.8;12.3
11/06/2026;26.5;9.7
12/06/2026;29.4;9.8
13/06/2026;31.5;11.2
14/06/2026;30.0;10.4
15/06/2026;31.1;10.1
16/06/2026;32.7;13.4
17/06/2026;33.6;15.5
18/06/2026;35.8;14.0
19/06/2026;36.9;14.8
20/06/2026;36.8;14.7
21/06/2026;35.7;16.4
22/06/2026;34.9;18.7
23/06/2026;36.5;17.2
24/06/2026;36.2;19.6
25/06/2026;36.0;16.8
26/06/2026;36.1;16.4
27/06/2026;36.7;15.9
28/06/2026;38.6;17.1
29/06/2026;37.8;19.5
30/06/2026;36.6;20.1
01/07/2026;34.9;18.3
02/07/2026;29.1;17.7
03/07/2026;32.6;15.7
04/07/2026;34.3;14.7
05/07/2026;34.8;15.7
06/07/2026;34.4;15.2
07/07/2026;35.4;15.0
08/07/2026;33.5;15.2
09/07/2026;36.9;15.7
10/07/2026;36.6;17.2
11/07/2026;36.4;17.7
12/07/2026;36.7;19.6
13/07/2026;37.5;17.2
14/07/2026;37.7;17.3
15/07/2026;38.4;20.2
16/07/2026;37.8;18.8
17/07/2026;38.0;20.4
18/07/2026;35.6;21.5
19/07/2026;35.7;19.8
20/07/2026;36.5;19.5
21/07/2026;36.3;19.9
22/07/2026;32.0;16.8
23/07/2026;32.2;13.7
24/07/2026;31.2;13.1
25/07/2026;34.6;9.8
26/07/2026;31.0;17.1
27/07/2026;33.9;17.6
28/07/2026;34.6;17.7
29/07/2026;37.1;16.8
30/07/2026;37.4;18.5
31/07/2026;39.0;18.7
01/08/2026;36.0;18.9
02/08/2026;38.7;15.7
03/08/2026;37.9;19.2
04/08/2026;38.6;17.8
05/08/2026;39.0;16.9
06/08/2026;38.9;17.9
07/08/2026;38.6;18.5
08/08/2026;37.3;18.3
09/08/2026;38.1;18.1
10/08/2026;37.6;18.4
11/08/2026;38.8;18.6
12/08/2026;38.0;18.8
13/08/2026;37.8;17.1
14/08/2026;37.7;16.2
15/08/2026;38.5;15.3
16/08/2026;36.5;16.0
17/08/2026;28.8;17.5
18/08/2026;34.7;15.9
19/08/2026;35.0;15.3
20/08/2026;35.1;20.3
21/08/2026;27.7;18.6
22/08/2026;30.6;14.6
23/08/2026;33.3;11.4
24/08/2026;34.4;16.1
25/08/2026;30.4;17.6
26/08/2026;33.4;17.7
27/08/2026;35.0;18.5
28/08/2026;36.2;21.6
29/08/2026;32.0;15.7
30/08/2026;33.8;12.1
31/08/2026;31.9;12.7
01/09/2026;32.5;16.7
02/09/2026;33.0;14.1
03/09/2026;34.3;15.4
04/09/2026;35.9;15.1
05/09/2026;33.1;13.3
06/09/2026;36.1;16.1
07/09/2026;36.5;16.7
08/09/2026;34.5;17.9
09/09/2026;26.0;17.4
10/09/2026;24.0;18.4
11/09/2026;28.0;16.3
12/09/2026;28.3;14.6
13/09/2026;29.5;11.8
14/09/2026;30.0;12.7
15/09/2026;30.6;11.9
16/09/2026;29.0;13.1
17/09/2026;25.8;15.7
18/09/2026;25.0;15.8
19/09/2026;28.3;15.6
20/09/2026;30.5;13.9
21/09/2026;29.7;13.0
22/09/2026;26.6;11.6
23/09/2026;25.3;7.8
24/09/2026;25.2;8.0
25/09/2026;24.2;9.9
26/09/2026;25.5;7.3
27/09/2026;28.5;7.6
